Season,Matchday,Date,HomeTeam_norm,AwayTeam_norm,pred_key,pred_key_match,y_true,y_pred,proba_H,proba_D,proba_A,conf_maxprob,entropy,margin_top12,B365H,B365D,B365A,overround,pH_mkt,pD_mkt,pA_mkt,odds_pick,p_pick,ev_pick,kelly_pick,bet_placed,correct,profit,cum_profit_season
2017,1,2017-08-18,leganes,alaves,2017|2017-08-18|leganes|alaves,2017|2017-08-18|leganes|alaves,H,H,0.39667157376593687,0.3307616935380148,0.27256673269604825,0.39667157376593687,1.0870233922102102,0.06590988022792205,2.05,3.2,4.1,1.0442073170731707,0.4671532846715329,0.29927007299270075,0.23357664233576644,2.05,0.39667157376593687,-0.1868232737798295,0.0,1,1,1.0499999999999998,1.0499999999999998
2017,1,2017-08-18,valencia,las palmas,2017|2017-08-18|valencia|las palmas,2017|2017-08-18|valencia|laspalmas,H,H,0.45816475268323364,0.3629742589854552,0.1788609883313111,0.45816475268323364,1.0333022369683538,0.09519049369777843,1.75,3.8,4.5,1.0568086883876355,0.540711462450593,0.24901185770750991,0.21027667984189727,1.75,0.45816475268323364,-0.1982116828043411,0.0,1,1,0.75,1.7999999999999998
2017,1,2017-08-19,celta,sociedad,2017|2017-08-19|celta|sociedad,2017|2017-08-19|celta|sociedad,A,H,0.3847007997338297,0.2968974935776158,0.3184017066885545,0.3847007997338297,1.0924356242549786,0.0662990930452752,2.38,3.25,3.2,1.0403603749191985,0.4038678109587977,0.29575550464059647,0.3003766844006058,2.38,0.3847007997338297,-0.08441209663348537,0.0,1,0,-1.0,0.7999999999999998
2017,1,2017-08-19,girona,ath madrid,2017|2017-08-19|girona|ath madrid,2017|2017-08-19|girona|athmadrid,D,A,0.11887530132624116,0.18251103112880832,0.6986136675449505,0.6986136675449505,0.8141704921116257,0.5161026364161422,8.0,4.33,1.45,1.045602054630883,0.1195483496291783,0.22087454896845873,0.659577101402363,1.45,0.6986136675449505,0.012989817940178172,0.02886626208928483,1,0,-1.0,-0.20000000000000018
2017,1,2017-08-19,sevilla,espanol,2017|2017-08-19|sevilla|espanol,2017|2017-08-19|sevilla|espanol,D,H,0.6427051558907956,0.2063095918406874,0.15098525226851717,0.6427051558907956,0.8952032055023333,0.43639556405010815,1.62,4.0,5.5,1.0491021324354657,0.5883926183471516,0.23829901043059643,0.17330837122225196,1.62,0.6427051558907956,0.041182352543088885,0.06642314926304657,1,0,-1.0,-1.2000000000000002
2017,1,2017-08-20,ath bilbao,getafe,2017|2017-08-20|ath bilbao|getafe,2017|2017-08-20|athbilbao|getafe,D,H,0.6961834614976844,0.19029450435999132,0.11352203414232426,0.6961834614976844,0.8148471129107352,0.5058889571376931,1.5,4.0,7.5,1.05,0.6349206349206349,0.23809523809523808,0.12698412698412698,1.5,0.6961834614976844,0.044275192246526596,0.08855038449305319,1,0,-1.0,-2.2
2017,1,2017-08-20,barcelona,betis,2017|2017-08-20|barcelona|betis,2017|2017-08-20|barcelona|betis,H,H,0.8623688839901004,0.10085174776101757,0.03677936824888201,0.8623688839901004,0.48053275783400473,0.7615171362290828,1.17,8.0,15.0,1.0463675213675214,0.8168266285480907,0.11946089442515825,0.06371247702675106,1.17,0.8623688839901004,0.008971594268417371,0.05277408393186691,1,1,0.16999999999999993,-2.0300000000000002
2017,1,2017-08-20,la coruna,real madrid,2017|2017-08-20|la coruna|real madrid,2017|2017-08-20|lacoruna|realmadrid,A,A,0.12611049634820237,0.1386273168017303,0.7352621868500674,0.7352621868500674,0.7611606746051248,0.596634870048337,9.5,5.75,1.3,1.0484069706037669,0.10040295500335795,0.1658831430490262,0.7337139019476159,1.3,0.7352621868500674,-0.04415915709491236,0.0,1,1,0.30000000000000004,-1.7300000000000002
2017,1,2017-08-21,levante,villarreal,2017|2017-08-21|levante|villarreal,2017|2017-08-21|levante|villarreal,H,A,0.2501065945435668,0.2848676222073433,0.4650257832490898,0.4650257832490898,1.060384530111106,0.18015816104174648,3.25,3.25,2.3,1.0501672240802677,0.2929936305732484,0.2929936305732484,0.41401273885350315,2.3,0.4650257832490898,0.06955930147290645,0.05350715497915882,1,0,-1.0,-2.7300000000000004
2017,1,2017-08-21,malaga,eibar,2017|2017-08-21|malaga|eibar,2017|2017-08-21|malaga|eibar,A,H,0.3848341131393362,0.343391968700888,0.2717739181597758,0.3848341131393362,1.088603263539866,0.04144214443844818,2.1,3.3,3.7,1.0494910494910494,0.4537346711259755,0.28874024526198444,0.25752508361204013,2.1,0.3848341131393362,-0.1918483624073939,0.0,1,0,-1.0,-3.7300000000000004
2017,2,2017-08-25,betis,celta,2017|2017-08-25|betis|celta,2017|2017-08-25|betis|celta,H,H,0.3678639170465368,0.3470809546536823,0.2850551282997809,0.3678639170465368,1.0929244499752633,0.020782962392854487,2.2,3.4,3.4,1.0427807486631016,0.4358974358974359,0.28205128205128205,0.28205128205128205,2.2,0.3678639170465368,-0.19069938249761897,0.0,1,1,1.2000000000000002,-2.5300000000000002
2017,2,2017-08-25,sociedad,villarreal,2017|2017-08-25|sociedad|villarreal,2017|2017-08-25|sociedad|villarreal,H,H,0.4636385264483578,0.26650984124997307,0.26985163230166914,0.4636385264483578,1.0622675638993015,0.19378689414668865,2.05,3.4,3.75,1.0485891917742707,0.4652011310772599,0.2804889172671714,0.25430995165556874,2.05,0.4636385264483578,-0.049541020780866585,0.0,1,1,1.0499999999999998,-1.4800000000000002
2017,2,2017-08-26,alaves,barcelona,2017|2017-08-26|alaves|barcelona,2017|2017-08-26|alaves|barcelona,A,A,0.12325698152694052,0.17353414062967226,0.7032088778433871,0.7032088778433871,0.8095616457375939,0.5296747372137149,10.0,5.75,1.29,1.0491068419278733,0.09531917627782954,0.1657724804831818,0.7389083432389886,1.29,0.7032088778433871,-0.09286054758203055,0.0,1,1,0.29000000000000004,-1.1900000000000002
2017,2,2017-08-26,girona,malaga,2017|2017-08-26|girona|malaga,2017|2017-08-26|girona|malaga,H,H,0.46556064626622495,0.2542682740865461,0.2801710796472288,0.46556064626622495,1.0605903294988617,0.18538956661899614,2.15,3.25,3.6,1.050586364539853,0.4427206508371961,0.29287673824614513,0.2644026109166588,2.15,0.46556064626622495,0.0009553894723836054,0.0008307734542466135,1,1,1.15,-0.04000000000000026
2017,2,2017-08-26,las palmas,ath madrid,2017|2017-08-26|las palmas|ath madrid,2017|2017-08-26|laspalmas|athmadrid,A,A,0.1710650607248871,0.2554883593161203,0.5734465799589926,0.5734465799589926,0.9695736111161579,0.3179582206428723,4.75,3.75,1.75,1.0486215538847117,0.20076481835564056,0.25430210325047803,0.5449330783938815,1.75,0.5734465799589926,0.0035315149282371117,0.004708686570982816,1,1,0.75,0.7099999999999997
2017,2,2017-08-26,levante,la coruna,2017|2017-08-26|levante|la coruna,2017|2017-08-26|levante|lacoruna,D,D,0.33003331122500196,0.38205037217822824,0.28791631659676997,0.38205037217822824,1.0919526322206519,0.05201706095322628,2.2,3.1,3.6,1.0549038774845227,0.43088803088803085,0.30579150579150577,0.2633204633204633,3.1,0.38205037217822824,0.18435615375250758,0.08778864464405123,1,1,2.1,2.8099999999999996
2017,2,2017-08-27,eibar,ath bilbao,2017|2017-08-27|eibar|ath bilbao,2017|2017-08-27|eibar|athbilbao,A,H,0.38419802936252345,0.2820116532750744,0.3337903173624022,0.38419802936252345,1.0907438827278395,0.05040771200012123,2.5,3.1,3.1,1.0451612903225806,0.3827160493827161,0.30864197530864196,0.30864197530864196,2.5,0.38419802936252345,-0.039504926593691425,0.0,1,0,-1.0,1.81
2017,2,2017-08-27,espanol,leganes,2017|2017-08-27|espanol|leganes,2017|2017-08-27|espanol|leganes,A,D,0.3909234076685326,0.4099622190990207,0.1991143732324467,0.4099622190990207,1.0540775260098483,0.01903881143048808,1.95,3.25,4.33,1.0514597027299106,0.4877224600135166,0.29263347600810996,0.2196440639783735,3.25,0.4099622190990207,0.33237721207181725,0.1477232053652521,1,0,-1.0,0.81
2017,2,2017-08-27,getafe,sevilla,2017|2017-08-27|getafe|sevilla,2017|2017-08-27|getafe|sevilla,A,A,0.24007822321790406,0.22648047930691412,0.5334412974751818,0.5334412974751818,1.0141045389259717,0.2933630742572777,3.6,3.3,2.15,1.0459243598778483,0.26558113419427287,0.28972487366647953,0.4446939921392476,2.15,0.5334412974751818,0.1468987895716407,0.12773807788838323,1,1,1.15,1.96
2017,2,2017-08-27,real madrid,valencia,2017|2017-08-27|real madrid|valencia,2017|2017-08-27|realmadrid|valencia,D,H,0.9125895555258408,0.0598800016896461,0.0275304427845132,0.9125895555258408,0.35096271489679687,0.8527095538361946,1.17,8.0,15.0,1.0463675213675214,0.8168266285480907,0.11946089442515825,0.06371247702675106,1.17,0.9125895555258408,0.06772977996523363,0.3984104703837274,1,0,-1.0,0.96
2017,3,2017-09-08,leganes,getafe,2017|2017-09-08|leganes|getafe,2017|2017-09-08|leganes|getafe,A,H,0.5016588689172693,0.2689276368677334,0.22941349421499735,0.5016588689172693,1.036997216231347,0.23273123204953589,2.05,3.25,4.0,1.0454971857410882,0.4665769403319875,0.294302377747869,0.23912068192014357,2.05,0.5016588689172693,0.028400681280401963,0.027048267886097113,1,0,-1.0,-0.040000000000000036
2017,3,2017-09-09,barcelona,espanol,2017|2017-09-09|barcelona|espanol,2017|2017-09-09|barcelona|espanol,H,H,0.8630339630801571,0.09368616044263825,0.0432798764772046,0.8630339630801571,0.48485824173049785,0.7693478026375189,1.17,8.0,17.0,1.0385243841126195,0.8229954614220878,0.12036308623298032,0.05664145234493192,1.17,0.8630339630801571,0.00974973680378377,0.057351392963433966,1,1,0.16999999999999993,0.1299999999999999
2017,3,2017-09-09,real madrid,levante,2017|2017-09-09|real madrid|levante,2017|2017-09-09|realmadrid|levante,D,H,0.9265450575795072,0.05577568887234601,0.017679253548146777,0.9265450575795072,0.30302265417630836,0.8707693687071613,1.05,15.0,34.0,1.0484593837535012,0.9083622762489982,0.06358535933742988,0.028052364413572006,1.05,0.9265450575795072,-0.02712768954151737,0.0,1,0,-1.0,-0.8700000000000001
2017,3,2017-09-09,sevilla,eibar,2017|2017-09-09|sevilla|eibar,2017|2017-09-09|sevilla|eibar,H,H,0.6414625339747381,0.2253412386487395,0.13319622737652242,0.6414625339747381,0.8891166285240981,0.41612129532599856,1.57,4.0,6.0,1.0536093418259023,0.6045340050377834,0.23727959697732998,0.15818639798488665,1.57,0.6414625339747381,0.007096178340338821,0.012449435684804949,1,1,0.5700000000000001,-0.30000000000000004
2017,3,2017-09-09,valencia,ath madrid,2017|2017-09-09|valencia|ath madrid,2017|2017-09-09|valencia|athmadrid,D,A,0.18041413840783313,0.31991519187959877,0.4996706697125681,0.4996706697125681,1.0202409384326385,0.17975547783296936,3.6,3.2,2.2,1.0448232323232323,0.26586102719033233,0.2990936555891239,0.4350453172205438,2.2,0.4996706697125681,0.09927547336764997,0.0827295611397083,1,0,-1.0,-1.3
2017,3,2017-09-10,ath bilbao,girona,2017|2017-09-10|ath bilbao|girona,2017|2017-09-10|athbilbao|girona,H,H,0.5932475813596106,0.24131048710876235,0.16544193153162703,0.5932475813596106,0.9504768011591518,0.3519370942508483,1.67,3.75,5.5,1.0472872436944294,0.5717651950932151,0.2546261002148451,0.17360870469193984,1.67,0.5932475813596106,-0.009276539129450256,0.0,1,1,0.6699999999999999,-0.6300000000000001
2017,3,2017-09-10,celta,alaves,2017|2017-09-10|celta|alaves,2017|2017-09-10|celta|alaves,H,H,0.6061192224338924,0.22311282900096596,0.1707679485651417,0.6061192224338924,0.9399812372310261,0.3830063934329264,1.67,3.75,5.25,1.055945252352438,0.5670771224886585,0.2525383452149492,0.1803845322963923,1.67,0.6061192224338924,0.012219101464600257,0.0182374648725377,1,1,0.6699999999999999,0.039999999999999813
2017,3,2017-09-10,la coruna,sociedad,2017|2017-09-10|la coruna|sociedad,2017|2017-09-10|lacoruna|sociedad,A,A,0.3109844132280348,0.2965580032807854,0.39245758349117976,0.39245758349117976,1.0907797253909561,0.08147317026314499,2.75,3.3,2.6,1.0512820512820513,0.3458980044345898,0.28824833702882485,0.3658536585365853,2.6,0.39245758349117976,0.020389717077067382,0.012743573173167114,1,1,1.6,1.64
2017,3,2017-09-10,villarreal,betis,2017|2017-09-10|villarreal|betis,2017|2017-09-10|villarreal|betis,H,H,0.462197782236145,0.36781428443710323,0.16998793332675172,0.462197782236145,1.0258096433364234,0.09438349779904176,1.85,3.6,4.33,1.0492652005354084,0.5151610291323099,0.2647355288596593,0.22010344200803078,1.85,0.462197782236145,-0.1449341028631318,0.0,1,1,0.8500000000000001,2.49
2017,3,2017-09-11,malaga,las palmas,2017|2017-09-11|malaga|las palmas,2017|2017-09-11|malaga|laspalmas,A,H,0.4143351102868596,0.3730665840343575,0.21259830567878293,0.4143351102868596,1.062082251810092,0.0412685262525021,2.0,3.5,3.8,1.0488721804511278,0.4767025089605735,0.27240143369175623,0.25089605734767023,2.0,0.4143351102868596,-0.17132977942628086,0.0,1,0,-1.0,1.49
2017,4,2017-09-15,eibar,leganes,2017|2017-09-15|eibar|leganes,2017|2017-09-15|eibar|leganes,H,H,0.4814460136449701,0.2856024510552542,0.23295153529977586,0.4814460136449701,1.0492152117406819,0.19584356258971586,2.05,3.25,4.0,1.0454971857410882,0.4665769403319875,0.294302377747869,0.23912068192014357,2.05,0.4814460136449701,-0.013035672027811418,0.0,1,1,1.0499999999999998,2.54
2017,4,2017-09-16,ath madrid,malaga,2017|2017-09-16|ath madrid|malaga,2017|2017-09-16|athmadrid|malaga,H,H,0.8477707505371233,0.10877200515532073,0.04345724430755596,0.8477707505371233,0.5175969011386815,0.7389987453818025,1.22,6.0,15.0,1.0530054644808744,0.7784120394395433,0.15827711468604044,0.06331084587441618,1.22,0.8477707505371233,0.034280315655290355,0.1558196166149562,1,1,0.21999999999999997,2.76
2017,4,2017-09-16,betis,la coruna,2017|2017-09-16|betis|la coruna,2017|2017-09-16|betis|lacoruna,H,H,0.5575813441830737,0.24650355689890138,0.19591509891802497,0.5575813441830737,0.990263856043907,0.31107778728417235,1.83,3.6,4.5,1.046448087431694,0.5221932114882506,0.2654482158398608,0.2123585726718886,1.83,0.5575813441830737,0.020373859855024934,0.024546819102439676,1,1,0.8300000000000001,3.59
2017,4,2017-09-16,getafe,barcelona,2017|2017-09-16|getafe|barcelona,2017|2017-09-16|getafe|barcelona,A,A,0.12401118886131213,0.11767376847635397,0.7583150426623338,0.7583150426623338,0.7204545216049398,0.6343038538010217,11.0,6.5,1.25,1.0447552447552448,0.08701472556894244,0.14725568942436412,0.7657295850066934,1.25,0.7583150426623338,-0.05210619667208269,0.0,1,1,0.25,3.84
2017,4,2017-09-16,levante,valencia,2017|2017-09-16|levante|valencia,2017|2017-09-16|levante|valencia,D,A,0.2708371884736515,0.28727176623766787,0.4418910452886806,0.4418910452886806,1.0729882339825105,0.15461927905101275,3.25,3.25,2.3,1.0501672240802677,0.2929936305732484,0.2929936305732484,0.41401273885350315,2.3,0.4418910452886806,0.016349404163965353,0.012576464741511811,1,0,-1.0,2.84
2017,4,2017-09-17,alaves,villarreal,2017|2017-09-17|alaves|villarreal,2017|2017-09-17|alaves|villarreal,A,A,0.28908534115792606,0.2955668673425205,0.4153477914995534,0.4153477914995534,1.0839600234678866,0.1197809241570329,3.1,3.1,2.4,1.0618279569892473,0.3037974683544304,0.3037974683544304,0.3924050632911393,2.4,0.4153477914995534,-0.00316530040107188,0.0,1,1,1.4,4.24
2017,4,2017-09-17,girona,sevilla,2017|2017-09-17|girona|sevilla,2017|2017-09-17|girona|sevilla,A,A,0.2221094295684725,0.28237818458607533,0.4955123858454522,0.4955123858454522,1.0391824456705727,0.21313420125937688,3.3,3.25,2.3,1.045505219418263,0.28984102365257847,0.29430011632415665,0.41585886002326483,2.3,0.4955123858454522,0.13967848744454003,0.10744499034195389,1,1,1.2999999999999998,5.539999999999999
2017,4,2017-09-17,las palmas,ath bilbao,2017|2017-09-17|las palmas|ath bilbao,2017|2017-09-17|laspalmas|athbilbao,H,A,0.3680235843587535,0.24840489135846416,0.3835715242827823,0.3835715242827823,1.0813811460921217,0.015547939924028809,2.75,3.4,2.55,1.049910873440285,0.34634974533106966,0.28013582342954163,0.3735144312393889,2.55,0.3835715242827823,-0.02189261307890522,0.0,1,0,-1.0,4.539999999999999
2017,4,2017-09-17,sociedad,real madrid,2017|2017-09-17|sociedad|real madrid,2017|2017-09-17|sociedad|realmadrid,A,A,0.1369274000279521,0.1659043501750491,0.6971682497969988,0.6971682497969988,0.8217630767675408,0.5312638996219496,5.0,4.0,1.67,1.0488023952095809,0.19069369112189552,0.2383671139023694,0.5709391949757351,1.67,0.6971682497969988,0.16427097716098787,0.2451805629268476,1,1,0.6699999999999999,5.209999999999999
2017,4,2017-09-18,espanol,celta,2017|2017-09-18|espanol|celta,2017|2017-09-18|espanol|celta,H,H,0.36617466762093026,0.35079391179320496,0.2830314205858647,0.36617466762093026,1.0925933953103288,0.015380755827725301,2.3,3.3,3.2,1.0503129117259553,0.41395531164249316,0.2885143081144649,0.2975303802430419,2.3,0.36617466762093026,-0.1577982644718604,0.0,1,1,1.2999999999999998,6.51
2017,5,2017-09-19,barcelona,eibar,2017|2017-09-19|barcelona|eibar,2017|2017-09-19|barcelona|eibar,H,H,0.8369316749480122,0.13294300749164994,0.03012531756033784,0.8369316749480122,0.5227521991845663,0.7039886674563622,1.11,10.0,15.0,1.0675675675675675,0.8438818565400843,0.09367088607594938,0.06244725738396625,1.11,0.8369316749480122,-0.07100584080770633,0.0,1,1,0.1100000000000001,6.619999999999999
2017,5,2017-09-19,valencia,malaga,2017|2017-09-19|valencia|malaga,2017|2017-09-19|valencia|malaga,H,H,0.6054008054097969,0.2583631363857649,0.13623605820443818,0.6054008054097969,0.9250634272004965,0.347037669024032,1.5,4.0,7.0,1.0595238095238095,0.6292134831460674,0.23595505617977527,0.1348314606741573,1.5,0.6054008054097969,-0.09189879188530464,0.0,1,1,0.5,7.119999999999999
2017,5,2017-09-20,ath bilbao,ath madrid,2017|2017-09-20|ath bilbao|ath madrid,2017|2017-09-20|athbilbao|athmadrid,A,A,0.20991284483798028,0.3205813039569094,0.46950585120511024,0.46950585120511024,1.0473680523963012,0.1489245472482008,3.4,3.2,2.25,1.051062091503268,0.27982899339292655,0.29731830547998445,0.42285270112708895,2.25,0.46950585120511024,0.05638816521149803,0.04511053216919843,1,1,1.25,8.37
2017,5,2017-09-20,la coruna,alaves,2017|2017-09-20|la coruna|alaves,2017|2017-09-20|lacoruna|alaves,H,H,0.5038244071944327,0.27683918822667825,0.219336404578889,0.5038244071944327,1.0337010857552036,0.22698521896775442,1.91,3.3,4.5,1.0488127346766092,0.49919322307382,0.2889269866881807,0.21187979023799916,1.91,0.5038244071944327,-0.03769538225863367,0.0,1,1,0.9099999999999999,9.28
2017,5,2017-09-20,leganes,girona,2017|2017-09-20|leganes|girona,2017|2017-09-20|leganes|girona,D,H,0.43289937754786534,0.23972492921244043,0.3273756932396943,0.43289937754786534,1.0703983074367276,0.10552368430817105,2.15,3.2,3.7,1.0478865493400376,0.44386129334582947,0.2982193064667292,0.2579194001874414,2.15,0.43289937754786534,-0.06926633827208956,0.0,1,0,-1.0,8.28
2017,5,2017-09-20,real madrid,betis,2017|2017-09-20|real madrid|betis,2017|2017-09-20|realmadrid|betis,A,H,0.8943787192986746,0.08405058301340364,0.021570697687921775,0.8943787192986746,0.39072766198721637,0.810328136285271,1.13,10.0,17.0,1.043779281624154,0.84783801306668,0.09580569547653485,0.0563562914567852,1.13,0.8943787192986746,0.010647952807502234,0.08190732928847878,1,0,-1.0,7.279999999999999
2017,5,2017-09-20,sevilla,las palmas,2017|2017-09-20|sevilla|las palmas,2017|2017-09-20|sevilla|laspalmas,H,H,0.7170913373667919,0.19892876383330216,0.08397989879990592,0.7170913373667919,0.7677351984409316,0.5181625735334897,1.4,4.75,7.5,1.0581453634085214,0.6750355281856939,0.19895783988630977,0.1260066319279962,1.4,0.7170913373667919,0.003927872313508551,0.00981968078377138,1,1,0.3999999999999999,7.68
2017,5,2017-09-21,celta,getafe,2017|2017-09-21|celta|getafe,2017|2017-09-21|celta|getafe,D,H,0.5647029076021174,0.2597638932894668,0.1755331991084159,0.5647029076021174,0.978274652280892,0.3049390143126506,1.8,3.6,4.5,1.0555555555555556,0.5263157894736842,0.2631578947368421,0.21052631578947367,1.8,0.5647029076021174,0.01646523368381131,0.020581542104764136,1,0,-1.0,6.68
2017,5,2017-09-21,levante,sociedad,2017|2017-09-21|levante|sociedad,2017|2017-09-21|levante|sociedad,H,A,0.2755226955443419,0.28278353928994404,0.441693765165714,0.441693765165714,1.0732736293558556,0.15891022587576997,3.25,3.25,2.3,1.0501672240802677,0.2929936305732484,0.2929936305732484,0.41401273885350315,2.3,0.441693765165714,0.015895659881142166,0.012227430677801668,1,0,-1.0,5.68
2017,5,2017-09-21,villarreal,espanol,2017|2017-09-21|villarreal|espanol,2017|2017-09-21|villarreal|espanol,D,H,0.5105205200134248,0.2942021028679061,0.195277377118669,0.5105205200134248,1.022141498427215,0.21631841714551875,1.73,3.5,5.5,1.0455671496133925,0.5528431935669156,0.27326249282021825,0.17389431361286617,1.73,0.5105205200134248,-0.116799500376775,0.0,1,0,-1.0,4.68
2017,6,2017-09-23,alaves,real madrid,2017|2017-09-23|alaves|real madrid,2017|2017-09-23|alaves|realmadrid,A,A,0.13234648309149336,0.1248789872488545,0.7427745296596521,0.7427745296596521,0.7483214947744724,0.6104280465681587,17.0,7.5,1.17,1.0468577174459528,0.05619056766881183,0.12736528671597347,0.8164441456152147,1.17,0.7427745296596521,-0.13095380029820713,0.0,1,1,0.16999999999999993,4.85
2017,6,2017-09-23,ath madrid,sevilla,2017|2017-09-23|ath madrid|sevilla,2017|2017-09-23|athmadrid|sevilla,H,H,0.6248192263732355,0.23282887238661903,0.14235190124014538,0.6248192263732355,0.9106932085831434,0.39199035398661647,1.57,4.0,6.5,1.0407888290053895,0.6119806990702601,0.24020242438507708,0.14781687654466283,1.57,0.6248192263732355,-0.019033814594020204,0.0,1,1,0.5700000000000001,5.419999999999999
2017,6,2017-09-23,girona,barcelona,2017|2017-09-23|girona|barcelona,2017|2017-09-23|girona|barcelona,A,A,0.13469288300482632,0.16906780109024705,0.6962393159049266,0.6962393159049266,0.8226188073864369,0.5271715148146796,12.0,6.0,1.25,1.05,0.07936507936507936,0.15873015873015872,0.7619047619047619,1.25,0.6962393159049266,-0.12970085511884175,0.0,1,1,0.25,5.669999999999999
2017,6,2017-09-23,malaga,ath bilbao,2017|2017-09-23|malaga|ath bilbao,2017|2017-09-23|malaga|athbilbao,D,A,0.32965297119715226,0.27426032861845034,0.39608670018439746,0.39608670018439746,1.0874498631312715,0.0664337289872452,2.9,3.3,2.4,1.0645245559038663,0.3239263803680982,0.2846625766871166,0.3914110429447853,2.4,0.39608670018439746,-0.04939191955744604,0.0,1,0,-1.0,4.669999999999999
2017,6,2017-09-24,eibar,celta,2017|2017-09-24|eibar|celta,2017|2017-09-24|eibar|celta,A,H,0.38004473737922495,0.29152050682032504,0.32843475580044995,0.38004473737922495,1.0927066153659495,0.051609981578775,2.2,3.3,3.4,1.0516934046345812,0.43220338983050843,0.288135593220339,0.2796610169491525,2.2,0.38004473737922495,-0.16390157776570502,0.0,1,0,-1.0,3.669999999999999
2017,6,2017-09-24,espanol,la coruna,2017|2017-09-24|espanol|la coruna,2017|2017-09-24|espanol|lacoruna,H,H,0.4690199406428496,0.31524396592177806,0.2157360934353723,0.4690199406428496,1.0498942997303549,0.15377597472107152,1.95,3.5,4.0,1.0485347985347986,0.48908296943231444,0.2724890829694323,0.23842794759825325,1.95,0.4690199406428496,-0.08541111574644333,0.0,1,1,0.95,4.619999999999999
2017,6,2017-09-24,getafe,villarreal,2017|2017-09-24|getafe|villarreal,2017|2017-09-24|getafe|villarreal,H,A,0.32067871686534977,0.2664388049502216,0.41288247818442875,0.41288247818442875,1.082340352505201,0.09220376131907898,2.88,3.1,2.63,1.0500310042656418,0.33067806646819764,0.30721059078335783,0.3621113427484446,2.63,0.41288247818442875,0.08588091762504746,0.052687679524568994,1,0,-1.0,3.619999999999999
2017,6,2017-09-24,las palmas,leganes,2017|2017-09-24|las palmas|leganes,2017|2017-09-24|laspalmas|leganes,A,H,0.4534084673895409,0.29870300516003195,0.24788852745042714,0.4534084673895409,1.0653022877325968,0.15470546222950893,2.05,3.25,3.8,1.0586550804779302,0.46077791250816164,0.290644529428225,0.24857755806361348,2.05,0.4534084673895409,-0.0705126418514413,0.0,1,0,-1.0,2.619999999999999
2017,6,2017-09-24,sociedad,valencia,2017|2017-09-24|sociedad|valencia,2017|2017-09-24|sociedad|valencia,A,A,0.341312096844818,0.2911051202235957,0.36758278293158625,0.36758278293158625,1.0940198237875893,0.026270686086768247,2.3,3.4,3.1,1.051480900915766,0.41349548842683415,0.2797175362887407,0.3067869752844253,3.1,0.36758278293158625,0.1395066270879175,0.06643172718472262,1,1,2.1,4.719999999999999
2017,6,2017-09-25,betis,levante,2017|2017-09-25|betis|levante,2017|2017-09-25|betis|levante,H,H,0.5907198681539105,0.19411816774736904,0.2151619640987204,0.5907198681539105,0.9597455988390402,0.37555790405519013,1.85,3.5,4.5,1.0484770484770483,0.5155482815057284,0.27250409165302786,0.2119476268412439,1.85,0.5907198681539105,0.09283175608473448,0.10921383068792291,1,1,0.8500000000000001,5.569999999999999
2017,7,2017-09-29,celta,girona,2017|2017-09-29|celta|girona,2017|2017-09-29|celta|girona,D,H,0.5338840922554072,0.2995086060026486,0.16660730174194419,0.5338840922554072,0.9947238928274187,0.2343754862527586,1.67,3.6,5.75,1.0504932164656196,0.5700202398490961,0.2644260557077751,0.16555370444312875,1.67,0.5338840922554072,-0.10841356593346996,0.0,1,0,-1.0,4.569999999999999
2017,7,2017-09-30,la coruna,getafe,2017|2017-09-30|la coruna|getafe,2017|2017-09-30|lacoruna|getafe,H,H,0.4384691905168909,0.2737008999268368,0.28782990955627225,0.4384691905168909,1.0746015951040804,0.15063928096061868,2.25,3.25,3.4,1.0462543991955757,0.4247957712638154,0.2940893801057184,0.2811148486304661,2.25,0.4384691905168909,-0.013444321336995468,0.0,1,1,1.25,5.819999999999999
2017,7,2017-09-30,leganes,ath madrid,2017|2017-09-30|leganes|ath madrid,2017|2017-09-30|leganes|athmadrid,D,A,0.1199025644471222,0.19677073551846033,0.6833267000344173,0.6833267000344173,0.8344144118243648,0.48655596451595695,7.5,3.75,1.55,1.0451612903225806,0.12757201646090535,0.2551440329218107,0.6172839506172839,1.55,0.6833267000344173,0.05915638505334686,0.10755706373335792,1,0,-1.0,4.819999999999999
2017,7,2017-09-30,levante,alaves,2017|2017-09-30|levante|alaves,2017|2017-09-30|levante|alaves,A,H,0.4505461638046919,0.3269347706168227,0.22251906557848536,0.4505461638046919,1.05911824968452,0.12361139318786923,1.83,3.5,4.5,1.0543845953682018,0.5182625863770978,0.27097729516288255,0.21076011846001974,1.83,0.4505461638046919,-0.17550052023741375,0.0,1,0,-1.0,3.8199999999999994
2017,7,2017-09-30,sevilla,malaga,2017|2017-09-30|sevilla|malaga,2017|2017-09-30|sevilla|malaga,H,H,0.7110216437731225,0.17438099606224475,0.11459736016463279,0.7110216437731225,0.7953100331011974,0.5366406477108777,1.36,5.5,7.5,1.0504456327985738,0.6999830307144069,0.17308671304938064,0.12693025623621246,1.36,0.7110216437731225,-0.03301056446855333,0.0,1,1,0.3600000000000001,4.18
2017,7,2017-10-01,barcelona,las palmas,2017|2017-10-01|barcelona|las palmas,2017|2017-10-01|barcelona|laspalmas,H,H,0.8571861361638824,0.10096784073441595,0.041846023101701664,0.8571861361638824,0.4964162532817898,0.7562182954294665,1.08,11.0,26.0,1.0552965552965552,0.8774082709534912,0.08614553932997915,0.03644618971652964,1.08,0.8571861361638824,-0.07423897294300695,0.0,1,1,0.08000000000000007,4.26
2017,7,2017-10-01,real madrid,espanol,2017|2017-10-01|real madrid|espanol,2017|2017-10-01|realmadrid|espanol,H,H,0.8958364515136742,0.07439715355289402,0.02976639493343182,0.8958364515136742,0.396458895003855,0.8214392979607802,1.1,10.0,23.0,1.0525691699604742,0.8636875704093129,0.09500563274502442,0.04130679684566279,1.1,0.8958364515136742,-0.014579903334958302,0.0,1,1,0.10000000000000009,4.359999999999999
2017,7,2017-10-01,sociedad,betis,2017|2017-10-01|sociedad|betis,2017|2017-10-01|sociedad|betis,D,H,0.5268029349080258,0.21611653732499517,0.25708052776697915,0.5268029349080258,1.0179295903066459,0.2697224071410466,1.95,3.6,3.8,1.0537561853351327,0.4866595517609392,0.26360725720384204,0.24973319103521877,1.95,0.5268029349080258,0.027265723070650227,0.028700761127000242,1,0,-1.0,3.3599999999999994
2017,7,2017-10-01,valencia,ath bilbao,2017|2017-10-01|valencia|ath bilbao,2017|2017-10-01|valencia|athbilbao,H,H,0.47728519709832107,0.2728848106723357,0.24982999222934324,0.47728519709832107,1.05392460065078,0.20440038642598535,1.91,3.5,4.2,1.0473697332336076,0.49988098071887643,0.2727921923351583,0.22732682694596523,1.91,0.47728519709832107,-0.08838527354220682,0.0,1,1,0.9099999999999999,4.27
2017,7,2017-10-01,villarreal,eibar,2017|2017-10-01|villarreal|eibar,2017|2017-10-01|villarreal|eibar,H,H,0.4930563239151075,0.3125196124685524,0.1944240636163399,0.4930563239151075,1.030554599920376,0.1805367114465551,1.83,3.6,4.33,1.0551727474265618,0.517875474669351,0.2632533662902535,0.2188711590403955,1.83,0.4930563239151075,-0.09770692723535318,0.0,1,1,0.8300000000000001,5.1
2017,8,2017-10-13,espanol,levante,2017|2017-10-13|espanol|levante,2017|2017-10-13|espanol|levante,D,H,0.5586978249481166,0.2651157534174529,0.1761864216344305,0.5586978249481166,0.9831057724880128,0.2935820715306637,1.75,3.6,5.0,1.0492063492063493,0.5446293494704992,0.264750378214826,0.19062027231467474,1.75,0.5586978249481166,-0.02227880634079593,0.0,1,0,-1.0,4.1
2017,8,2017-10-14,alaves,sociedad,2017|2017-10-14|alaves|sociedad,2017|2017-10-14|alaves|sociedad,A,A,0.35499925482466105,0.2219983919853235,0.4230023531900156,0.4230023531900156,1.0657194859190466,0.06800309836535456,3.5,3.4,2.15,1.0449482118428766,0.2734243501028614,0.28146624275294563,0.44510940714419306,2.15,0.4230023531900156,-0.09054494064146651,0.0,1,1,1.15,5.25
2017,8,2017-10-14,ath bilbao,sevilla,2017|2017-10-14|ath bilbao|sevilla,2017|2017-10-14|athbilbao|sevilla,H,H,0.35192675618754626,0.3309925241287321,0.31708071968372165,0.35192675618754626,1.0976920364836997,0.020934232058814173,2.5,3.25,2.9,1.0525198938992042,0.3800403225806452,0.2923387096774194,0.3276209677419355,2.5,0.35192675618754626,-0.12018310953113431,0.0,1,1,1.5,6.75
2017,8,2017-10-14,ath madrid,barcelona,2017|2017-10-14|ath madrid|barcelona,2017|2017-10-14|athmadrid|barcelona,D,A,0.2545725305578593,0.2380716149730319,0.5073558544691088,0.5073558544691088,1.0342374625322963,0.2527833239112495,3.0,3.4,2.38,1.0476190476190477,0.3181818181818181,0.2807486631016043,0.40106951871657753,2.38,0.5073558544691088,0.20750693363647887,0.15036734321483977,1,0,-1.0,5.75
2017,8,2017-10-14,getafe,real madrid,2017|2017-10-14|getafe|real madrid,2017|2017-10-14|getafe|realmadrid,A,A,0.14488468723539244,0.11559091277008497,0.7395243999945225,0.7395243999945225,0.7524510022835504,0.5946397127591301,10.0,5.75,1.29,1.0491068419278733,0.09531917627782954,0.1657724804831818,0.7389083432389886,1.29,0.7395243999945225,-0.04601352400706599,0.0,1,1,0.29000000000000004,6.039999999999999
2017,8,2017-10-15,betis,valencia,2017|2017-10-15|betis|valencia,2017|2017-10-15|betis|valencia,A,A,0.3154249228773185,0.29841037988128477,0.38616469724139674,0.38616469724139674,1.0922439278637104,0.07073977436407825,2.55,3.5,2.7,1.0482415188297542,0.37410926365795727,0.2725653206650831,0.3533254156769596,2.7,0.38616469724139674,0.04264468255177134,0.025085107383394905,1,1,1.7000000000000002,7.74
2017,8,2017-10-15,eibar,la coruna,2017|2017-10-15|eibar|la coruna,2017|2017-10-15|eibar|lacoruna,D,H,0.5375743424648731,0.25234821734928276,0.21007744018584404,0.5375743424648731,1.0089151891633377,0.28522612511559037,2.0,3.5,3.75,1.0523809523809524,0.4751131221719457,0.27149321266968324,0.25339366515837103,2.0,0.5375743424648731,0.07514868492974625,0.07514868492974625,1,0,-1.0,6.74
2017,8,2017-10-15,girona,villarreal,2017|2017-10-15|girona|villarreal,2017|2017-10-15|girona|villarreal,A,H,0.35686789631506344,0.2888584506094724,0.35427365307546416,0.35686789631506344,1.0940474185627957,0.002594243239599281,2.8,3.2,2.6,1.0542582417582418,0.33876221498371334,0.29641693811074915,0.3648208469055374,2.8,0.35686789631506344,-0.0007698903178224858,0.0,1,0,-1.0,5.74
2017,8,2017-10-15,malaga,leganes,2017|2017-10-15|malaga|leganes,2017|2017-10-15|malaga|leganes,A,H,0.3608318842226188,0.33920396295258526,0.29996415282479594,0.3608318842226188,1.0957276441879222,0.021627921270033545,2.38,3.0,3.4,1.0476190476190477,0.40106951871657753,0.3181818181818181,0.2807486631016043,2.38,0.3608318842226188,-0.14122011555016728,0.0,1,0,-1.0,4.74
2017,8,2017-10-16,las palmas,celta,2017|2017-10-16|las palmas|celta,2017|2017-10-16|laspalmas|celta,A,H,0.37287626240844385,0.2955023347684578,0.3316214028230983,0.37287626240844385,1.0941170888398217,0.04125485958534553,2.38,3.3,3.1,1.045779015418484,0.40177519440735215,0.28976514020893884,0.30845966538370906,2.38,0.37287626240844385,-0.11255449546790364,0.0,1,0,-1.0,3.7399999999999998
2017,9,2017-10-21,barcelona,malaga,2017|2017-10-21|barcelona|malaga,2017|2017-10-21|barcelona|malaga,H,H,0.8982805914541574,0.0707562836391376,0.030963124906705112,0.8982805914541574,0.3913556423095249,0.8275243078150198,1.07,13.0,26.0,1.049964054636952,0.8901061280383429,0.0732625813077713,0.03663129065388565,1.07,0.8982805914541574,-0.03883976714405153,0.0,1,1,0.07000000000000006,3.8099999999999996
2017,9,2017-10-21,betis,alaves,2017|2017-10-21|betis|alaves,2017|2017-10-21|betis|alaves,H,H,0.5940022656557047,0.2543165424495829,0.1516811918947125,0.5940022656557047,0.9436700705604966,0.3396857232061218,1.57,4.0,6.0,1.0536093418259023,0.6045340050377834,0.23727959697732998,0.15818639798488665,1.57,0.5940022656557047,-0.0674164429205436,0.0,1,1,0.5700000000000001,4.38
2017,9,2017-10-21,levante,getafe,2017|2017-10-21|levante|getafe,2017|2017-10-21|levante|getafe,D,H,0.3699949842216425,0.3187775220089128,0.31122749376944475,0.3699949842216425,1.0955939704323612,0.051217462212729714,2.37,3.2,3.2,1.0469409282700421,0.4030226700251889,0.29848866498740556,0.29848866498740556,2.37,0.3699949842216425,-0.12311188739470713,0.0,1,0,-1.0,3.38
2017,9,2017-10-21,valencia,sevilla,2017|2017-10-21|valencia|sevilla,2017|2017-10-21|valencia|sevilla,H,H,0.5355973607811145,0.24194526794958124,0.22245737126930426,0.5355973607811145,1.0121010621378013,0.29365209283153326,1.85,3.89,4.0,1.0476099492809003,0.5159749970984696,0.24538656674348813,0.23863843615804223,1.85,0.5355973607811145,-0.00914488255493806,0.0,1,1,0.8500000000000001,4.23
2017,9,2017-10-22,celta,ath madrid,2017|2017-10-22|celta|ath madrid,2017|2017-10-22|celta|athmadrid,A,A,0.20820939233221056,0.2581308283824269,0.5336597792853625,0.5336597792853625,1.011444757053323,0.27552895090293555,4.2,3.39,1.95,1.0459010016532142,0.2276460560979389,0.28203936153726944,0.4903145823647916,1.95,0.5336597792853625,0.040636569606456785,0.042775336427849246,1,1,0.95,5.18
2017,9,2017-10-22,leganes,ath bilbao,2017|2017-10-22|leganes|ath bilbao,2017|2017-10-22|leganes|athbilbao,H,A,0.3488402443388373,0.27759799194069884,0.3735617637204638,0.3735617637204638,1.0909782098131495,0.024721519381626478,2.37,3.1,3.29,1.0484729412124874,0.40243377934207464,0.30766711517442485,0.2898991054835006,3.29,0.3735617637204638,0.2290182026403259,0.10000794875123402,1,0,-1.0,4.18
2017,9,2017-10-22,real madrid,eibar,2017|2017-10-22|real madrid|eibar,2017|2017-10-22|realmadrid|eibar,H,H,0.8760927379419683,0.09609342390088223,0.027813838157149495,0.8760927379419683,0.44062033667822126,0.779999314041086,1.09,11.0,23.0,1.0518185444392065,0.8722333310349583,0.08643039371164588,0.04133627525339585,1.09,0.8760927379419683,-0.045058915643254496,0.0,1,1,0.09000000000000008,4.27
2017,9,2017-10-22,villarreal,las palmas,2017|2017-10-22|villarreal|las palmas,2017|2017-10-22|villarreal|laspalmas,H,H,0.6334952368163798,0.24789561303605598,0.11860915014756417,0.6334952368163798,0.8878095581821883,0.38559962378032375,1.5,4.2,7.0,1.0476190476190474,0.6363636363636365,0.2272727272727273,0.13636363636363638,1.5,0.6334952368163798,-0.04975714477543036,0.0,1,1,0.5,4.77
2017,9,2017-10-23,la coruna,girona,2017|2017-10-23|la coruna|girona,2017|2017-10-23|lacoruna|girona,A,H,0.3834861309029848,0.3214067643318317,0.2951071047651834,0.3834861309029848,1.0925187198693513,0.062079366571153094,2.04,3.29,3.79,1.0579996889565908,0.46332346176283706,0.2872887118529446,0.2493878263842184,2.04,0.3834861309029848,-0.21768829295791103,0.0,1,0,-1.0,3.77
2017,9,2017-10-23,sociedad,espanol,2017|2017-10-23|sociedad|espanol,2017|2017-10-23|sociedad|espanol,D,H,0.5636989256253866,0.2231938283521611,0.2131072460224524,0.5636989256253866,0.9873142352673194,0.34050509727322553,1.85,3.79,4.0,1.0543927832846038,0.5126557665319649,0.2502409414470013,0.23710329202103378,1.85,0.5636989256253866,0.04284301240696525,0.05040354400819441,1,0,-1.0,2.77
2017,10,2017-10-28,alaves,valencia,2017|2017-10-28|alaves|valencia,2017|2017-10-28|alaves|valencia,A,A,0.17501030222843353,0.2771509786683688,0.5478387191031976,0.5478387191031976,0.9903407281623451,0.2706877404348288,6.0,3.75,1.6,1.0583333333333333,0.15748031496062992,0.25196850393700787,0.5905511811023622,1.6,0.5478387191031976,-0.12345804943488381,0.0,1,1,0.6000000000000001,3.37
2017,10,2017-10-28,ath bilbao,barcelona,2017|2017-10-28|ath bilbao|barcelona,2017|2017-10-28|athbilbao|barcelona,A,A,0.15523641617634285,0.217284709645668,0.6274788741779891,0.6274788741779891,0.9133041705099487,0.41019416453232105,7.0,4.5,1.44,1.0595238095238095,0.1348314606741573,0.2097378277153558,0.6554307116104868,1.44,0.6274788741779891,-0.09643042118369577,0.0,1,1,0.43999999999999995,3.81
2017,10,2017-10-28,ath madrid,villarreal,2017|2017-10-28|ath madrid|villarreal,2017|2017-10-28|athmadrid|villarreal,D,H,0.6517200443146617,0.21798906851817051,0.13029088716716777,0.6517200443146617,0.8766235192901038,0.43373097579649117,1.5,4.0,7.5,1.05,0.6349206349206349,0.23809523809523808,0.12698412698412698,1.5,0.6517200443146617,-0.022419933528007474,0.0,1,0,-1.0,2.81
2017,10,2017-10-28,sevilla,leganes,2017|2017-10-28|sevilla|leganes,2017|2017-10-28|sevilla|leganes,H,H,0.6136069169524803,0.23004581264005167,0.15634727040746807,0.6136069169524803,0.9278628911080746,0.3835611043124286,1.61,3.75,6.0,1.0544513457556937,0.5890437855880619,0.25289613194580796,0.15806008246612996,1.61,0.6136069169524803,-0.012092863706506696,0.0,1,1,0.6100000000000001,3.42
2017,10,2017-10-29,eibar,levante,2017|2017-10-29|eibar|levante,2017|2017-10-29|eibar|levante,D,H,0.4742048010521578,0.3073506183645805,0.21844458058326163,0.4742048010521578,1.0487165272114902,0.1668541826875773,1.95,3.39,4.2,1.0459010016532142,0.4903145823647916,0.28203936153726944,0.2276460560979389,1.95,0.4742048010521578,-0.07530063794829234,0.0,1,0,-1.0,2.42
2017,10,2017-10-29,getafe,sociedad,2017|2017-10-29|getafe|sociedad,2017|2017-10-29|getafe|sociedad,H,H,0.38207578654015517,0.26142653641758884,0.3564976770422561,0.38207578654015517,1.0860408648270008,0.02557810949789907,2.45,3.39,2.87,1.0515805717927145,0.388142645703594,0.28051607137870366,0.3313412829177022,2.45,0.38207578654015517,-0.06391432297661981,0.0,1,1,1.4500000000000002,3.87
2017,10,2017-10-29,girona,real madrid,2017|2017-10-29|girona|real madrid,2017|2017-10-29|girona|realmadrid,H,A,0.1359196165850381,0.1624764211706205,0.7016039622443415,0.7016039622443415,0.8151481856831386,0.5391275410737211,10.0,6.5,1.25,1.0538461538461539,0.09489051094890512,0.14598540145985403,0.759124087591241,1.25,0.7016039622443415,-0.1229950471945731,0.0,1,0,-1.0,2.87
2017,10,2017-10-29,malaga,celta,2017|2017-10-29|malaga|celta,2017|2017-10-29|malaga|celta,H,A,0.2717631150437976,0.2820724301079049,0.4461644548482975,0.4461644548482975,1.0711329867566826,0.16409202474039258,3.1,3.39,2.29,1.054247118606177,0.305982003145311,0.27980655154880946,0.41421144530587956,2.29,0.4461644548482975,0.02171660160260125,0.0168345748857374,1,0,-1.0,1.8700000000000003
2017,10,2017-10-30,espanol,betis,2017|2017-10-30|espanol|betis,2017|2017-10-30|espanol|betis,H,H,0.39378546569976053,0.3457469716990919,0.2604675626011477,0.39378546569976053,1.0845888893261213,0.04803849400066862,2.14,3.39,3.39,1.0572602211010944,0.44198174706649285,0.2790091264667536,0.2790091264667536,2.14,0.39378546569976053,-0.15729910340251235,0.0,1,1,1.1400000000000001,3.0100000000000007
2017,10,2017-10-30,las palmas,la coruna,2017|2017-10-30|las palmas|la coruna,2017|2017-10-30|laspalmas|lacoruna,A,H,0.5361292686123627,0.24063362350282105,0.22323710788481632,0.5361292686123627,1.0117386587385029,0.2954956451095416,2.04,3.5,3.6,1.0536881419234359,0.46521931767833413,0.27115640230394333,0.2636242800177227,2.04,0.5361292686123627,0.09370370796921978,0.09009971920117286,1,0,-1.0,2.0100000000000007
2017,11,2017-11-03,betis,getafe,2017|2017-11-03|betis|getafe,2017|2017-11-03|betis|getafe,D,H,0.47200809869122284,0.25480167657459435,0.2731902247341828,0.47200809869122284,1.057235088829665,0.19881787395704004,2.0,3.5,3.79,1.049566528458349,0.4763871431136649,0.27222122463637993,0.2513916322499551,2.0,0.47200809869122284,-0.05598380261755431,0.0,1,0,-1.0,1.0100000000000005
2017,11,2017-11-04,alaves,espanol,2017|2017-11-04|alaves|espanol,2017|2017-11-04|alaves|espanol,H,A,0.32363052835464884,0.31386965378781145,0.3624998178575396,0.3624998178575396,1.0966496783438353,0.03886928950289076,2.87,3.1,2.7,1.0413830712807894,0.33458586504637033,0.30976175247841387,0.3556523824752159,2.7,0.3624998178575396,-0.021250491784643,0.0,1,0,-1.0,0.010000000000000453
2017,11,2017-11-04,barcelona,sevilla,2017|2017-11-04|barcelona|sevilla,2017|2017-11-04|barcelona|sevilla,H,H,0.8608206701124483,0.09235402230617726,0.046825307581374445,0.8608206701124483,0.492357106192608,0.768466647806271,1.19,7.5,12.0,1.0570028011204482,0.7950178879024778,0.1261428382138598,0.07883927388366238,1.19,0.8608206701124483,0.024376597433813485,0.12829788123059732,1,1,0.18999999999999995,0.2000000000000004
2017,11,2017-11-04,la coruna,ath madrid,2017|2017-11-04|la coruna|ath madrid,2017|2017-11-04|lacoruna|athmadrid,A,A,0.19229561046947008,0.21824455850382327,0.5894598310267066,0.5894598310267066,0.9607986846789258,0.37121527252288333,4.75,3.6,1.8,1.043859649122807,0.20168067226890757,0.26610644257703087,0.5322128851540617,1.8,0.5894598310267066,0.06102769584807194,0.07628461981008992,1,1,0.8,1.0000000000000004
2017,11,2017-11-04,valencia,leganes,2017|2017-11-04|valencia|leganes,2017|2017-11-04|valencia|leganes,H,H,0.6558031225444363,0.20662363319578292,0.1375732442597808,0.6558031225444363,0.8753857411870991,0.44917948934865337,1.5,4.33,6.5,1.0514597027299106,0.6340391980175715,0.2196440639783735,0.14631673800405498,1.5,0.6558031225444363,-0.016295316183345565,0.0,1,1,0.5,1.5000000000000004
2017,11,2017-11-05,celta,ath bilbao,2017|2017-11-05|celta|ath bilbao,2017|2017-11-05|celta|athbilbao,H,H,0.45878668461779387,0.22226181155511124,0.3189515038270949,0.45878668461779387,1.0562032114430342,0.13983518079069895,2.1,3.5,3.5,1.0476190476190474,0.4545454545454546,0.27272727272727276,0.27272727272727276,2.1,0.45878668461779387,-0.0365479623026328,0.0,1,1,1.1,2.6000000000000005
2017,11,2017-11-05,levante,girona,2017|2017-11-05|levante|girona,2017|2017-11-05|levante|girona,A,H,0.41705864656984765,0.258713575031488,0.32422777839866423,0.41705864656984765,1.0796997807773394,0.09283086817118341,2.39,3.29,3.0,1.0556947429554924,0.39633619910774165,0.28791596226975763,0.31574783862250083,2.39,0.41705864656984765,-0.003229834698064149,0.0,1,0,-1.0,1.6000000000000005
2017,11,2017-11-05,real madrid,las palmas,2017|2017-11-05|real madrid|las palmas,2017|2017-11-05|realmadrid|laspalmas,H,H,0.8893262623846367,0.08535920249277076,0.02531453512259241,0.8893262623846367,0.407435181788424,0.803967059891866,1.08,13.0,19.0,1.055480581796371,0.8772552919448786,0.07287967040772839,0.049865037647393105,1.08,0.8893262623846367,-0.03952763662459226,0.0,1,1,0.08000000000000007,1.6800000000000006
2017,11,2017-11-05,sociedad,eibar,2017|2017-11-05|sociedad|eibar,2017|2017-11-05|sociedad|eibar,H,H,0.6180310310475229,0.24889845826716406,0.13307051068531314,0.6180310310475229,0.911939176017202,0.3691325727803588,1.61,4.0,5.5,1.052936194240542,0.5898914063547392,0.23743129105778257,0.17267730258747824,1.61,0.6180310310475229,-0.004970040013488108,0.0,1,1,0.6100000000000001,2.290000000000001
2017,11,2017-11-05,villarreal,malaga,2017|2017-11-05|villarreal|malaga,2017|2017-11-05|villarreal|malaga,H,H,0.6371625421286746,0.24406845334100835,0.11876900453031702,0.6371625421286746,0.8844461703119404,0.3930940887876663,1.53,4.33,6.0,1.0512083201255868,0.6217557060086298,0.21969658895916944,0.15854770503220061,1.53,0.6371625421286746,-0.025141310543127793,0.0,1,1,0.53,2.8200000000000007
2017,12,2017-11-17,girona,sociedad,2017|2017-11-17|girona|sociedad,2017|2017-11-17|girona|sociedad,D,A,0.2979587585424453,0.286992568251409,0.4150486732061458,0.4150486732061458,1.0839980330255035,0.1170899146637005,2.89,3.5,2.37,1.0536759752300027,0.32839389848491446,0.27115953332040077,0.40044656819468466,2.37,0.4150486732061458,-0.016334644501434403,0.0,1,0,-1.0,1.8200000000000007
2017,12,2017-11-18,ath madrid,real madrid,2017|2017-11-18|ath madrid|real madrid,2017|2017-11-18|athmadrid|realmadrid,D,A,0.24850909550252934,0.2586654459871587,0.49282545851031206,0.49282545851031206,1.0444891333588688,0.23416001252315338,3.2,3.39,2.25,1.0519296951819075,0.297073085236899,0.28042297131506694,0.4225039434480341,2.25,0.49282545851031206,0.10885728164820208,0.08708582531856165,1,0,-1.0,0.8200000000000007
2017,12,2017-11-18,getafe,alaves,2017|2017-11-18|getafe|alaves,2017|2017-11-18|getafe|alaves,H,H,0.5575904649434077,0.25247105576345474,0.1899384792931376,0.5575904649434077,0.9887198518305867,0.30511940917995295,1.8,3.5,4.75,1.0517961570593148,0.5281969817315331,0.27164416203335984,0.20015885623510724,1.8,0.5575904649434077,0.0036628368981338477,0.00457854612266731,1,1,0.8,1.6200000000000008
2017,12,2017-11-18,leganes,barcelona,2017|2017-11-18|leganes|barcelona,2017|2017-11-18|leganes|barcelona,A,A,0.1220276787884378,0.16152090180898562,0.7164514194025766,0.7164514194025766,0.7900552530633891,0.554930517593591,9.5,5.25,1.33,1.0476190476190474,0.10047846889952154,0.18181818181818185,0.7177033492822967,1.33,0.7164514194025766,-0.04711961219457306,0.0,1,1,0.33000000000000007,1.9500000000000008
2017,12,2017-11-18,sevilla,celta,2017|2017-11-18|sevilla|celta,2017|2017-11-18|sevilla|celta,H,H,0.5516952417821023,0.292362242309393,0.15594251590850472,0.5516952417821023,0.9774448223385115,0.25933299947270927,1.72,3.79,4.75,1.0557739073707464,0.5506816798353078,0.24991358557169643,0.19940473459299565,1.72,0.5516952417821023,-0.051084184134784105,0.0,1,1,0.72,2.670000000000001
2017,12,2017-11-19,ath bilbao,villarreal,2017|2017-11-19|ath bilbao|villarreal,2017|2017-11-19|athbilbao|villarreal,D,H,0.42330846538513545,0.31530933013162815,0.2613822044832364,0.42330846538513545,1.0785444620312918,0.1079991352535073,2.25,3.29,3.29,1.0523471800067543,0.4223363286264442,0.28883183568677795,0.28883183568677795,2.25,0.42330846538513545,-0.047555952883445274,0.0,1,0,-1.0,1.6700000000000008
2017,12,2017-11-19,espanol,valencia,2017|2017-11-19|espanol|valencia,2017|2017-11-19|espanol|valencia,A,A,0.2583448090514239,0.31268245356957,0.42897273737900626,0.42897273737900626,1.0762399236894467,0.11629028380943629,3.2,3.29,2.29,1.0531325904885787,0.2967337663104911,0.2886164292381676,0.41464980445134125,2.29,0.42897273737900626,-0.01765243140207573,0.0,1,1,1.29,2.960000000000001
2017,12,2017-11-19,las palmas,levante,2017|2017-11-19|las palmas|levante,2017|2017-11-19|laspalmas|levante,A,H,0.4544766570781493,0.3302204441434979,0.21530289877835274,0.4544766570781493,1.0549294919919259,0.12425621293465144,1.95,3.5,4.0,1.0485347985347986,0.48908296943231444,0.2724890829694323,0.23842794759825325,1.95,0.4544766570781493,-0.11377051869760885,0.0,1,0,-1.0,1.9600000000000009
2017,12,2017-11-19,malaga,la coruna,2017|2017-11-19|malaga|la coruna,2017|2017-11-19|malaga|lacoruna,H,H,0.4172948013075419,0.2627004889839507,0.32000470970850736,0.4172948013075419,1.0804820132476358,0.09729009159903451,2.37,3.29,3.1,1.0484729412124874,0.40243377934207464,0.2898991054835006,0.30766711517442485,2.37,0.4172948013075419,-0.011011320901125665,0.0,1,1,1.37,3.330000000000001
2017,12,2017-11-20,eibar,betis,2017|2017-11-20|eibar|betis,2017|2017-11-20|eibar|betis,H,H,0.38138569359268665,0.2753422142179891,0.3432720921893243,0.38138569359268665,1.0897919665044726,0.03811360140336234,2.39,3.29,3.0,1.0556947429554924,0.39633619910774165,0.28791596226975763,0.31574783862250083,2.39,0.38138569359268665,-0.08848819231347882,0.0,1,1,1.3900000000000001,4.720000000000001
2017,13,2017-11-24,celta,leganes,2017|2017-11-24|celta|leganes,2017|2017-11-24|celta|leganes,H,H,0.5387652335669361,0.23176024655724,0.22947451987582396,0.5387652335669361,1.0098365899006718,0.30700498700969603,1.95,3.25,4.33,1.0514597027299106,0.4877224600135166,0.29263347600810996,0.2196440639783735,1.95,0.5387652335669361,0.05059220545552534,0.053254953111079306,1,1,0.95,5.670000000000001
2017,13,2017-11-25,alaves,eibar,2017|2017-11-25|alaves|eibar,2017|2017-11-25|alaves|eibar,A,H,0.36295392604225807,0.3056866619600447,0.33135941199769736,0.36295392604225807,1.0961481126793307,0.031594514044560706,2.5,3.1,3.1,1.0451612903225806,0.3827160493827161,0.30864197530864196,0.30864197530864196,2.5,0.36295392604225807,-0.09261518489435483,0.0,1,0,-1.0,4.670000000000001
2017,13,2017-11-25,betis,girona,2017|2017-11-25|betis|girona,2017|2017-11-25|betis|girona,D,H,0.5607338152120326,0.23110389765975314,0.20816228712821433,0.5607338152120326,0.9896284966867801,0.32962991755227944,2.0,3.6,3.75,1.0444444444444445,0.4787234042553191,0.26595744680851063,0.2553191489361702,2.0,0.5607338152120326,0.12146763042406516,0.12146763042406516,1,0,-1.0,3.670000000000001
2017,13,2017-11-25,levante,ath madrid,2017|2017-11-25|levante|ath madrid,2017|2017-11-25|levante|athmadrid,A,A,0.15216285763302667,0.22300719592922383,0.6248299464377494,0.6248299464377494,0.9149689189109143,0.40182275050852556,7.5,3.75,1.53,1.05359477124183,0.12655086848635236,0.2531017369727047,0.6203473945409429,1.53,0.6248299464377494,-0.04401018195024348,0.0,1,1,0.53,4.200000000000001
2017,13,2017-11-25,real madrid,malaga,2017|2017-11-25|real madrid|malaga,2017|2017-11-25|realmadrid|malaga,H,H,0.9190403266388044,0.0591623186094006,0.021797354751795072,0.9190403266388044,0.3282658938962637,0.8598780080294038,1.08,13.0,21.0,1.0504680504680504,0.8814413018209996,0.07322743122820613,0.045331266950794265,1.08,0.9190403266388044,-0.007436447230091167,0.0,1,1,0.08000000000000007,4.280000000000001
2017,13,2017-11-26,la coruna,ath bilbao,2017|2017-11-26|la coruna|ath bilbao,2017|2017-11-26|lacoruna|athbilbao,D,A,0.2641659702351584,0.30387351540716895,0.4319605143576727,0.4319605143576727,1.0762056501408985,0.12808699895050374,2.75,3.29,2.6,1.0522031160329033,0.3455952164515282,0.28887138153243236,0.3655334020160394,2.6,0.4319605143576727,0.12309733732994899,0.07693583583121812,1,0,-1.0,3.280000000000001
2017,13,2017-11-26,sociedad,las palmas,2017|2017-11-26|sociedad|las palmas,2017|2017-11-26|sociedad|laspalmas,D,H,0.7157607195079967,0.18887451104450506,0.09536476944749835,0.7157607195079967,0.7782606274543635,0.5268862084634917,1.44,4.75,7.0,1.0478279030910609,0.6627466613514053,0.20091688259916285,0.13633645604943193,1.44,0.7157607195079967,0.030695436091515205,0.06976235475344365,1,0,-1.0,2.280000000000001
2017,13,2017-11-26,valencia,barcelona,2017|2017-11-26|valencia|barcelona,2017|2017-11-26|valencia|barcelona,D,A,0.16489075690698934,0.24069728307265287,0.5944119600203578,0.5944119600203578,0.9492185211403763,0.3537146769477049,4.0,3.89,1.85,1.0476099492809003,0.23863843615804223,0.24538656674348813,0.5159749970984696,1.85,0.5944119600203578,0.099662126037662,0.11724956004430823,1,0,-1.0,1.2800000000000011
2017,13,2017-11-26,villarreal,sevilla,2017|2017-11-26|villarreal|sevilla,2017|2017-11-26|villarreal|sevilla,A,H,0.37767443876830376,0.26898010181351445,0.35334545941818174,0.37767443876830376,1.0885412473008955,0.024328979350122015,2.37,3.39,3.0,1.0502595123408385,0.4017492089451417,0.28086891598819647,0.317381875066662,2.37,0.37767443876830376,-0.10491158011912005,0.0,1,0,-1.0,0.28000000000000114
2017,13,2017-11-27,espanol,getafe,2017|2017-11-27|espanol|getafe,2017|2017-11-27|espanol|getafe,H,H,0.46931803856473675,0.2698920352056146,0.2607899262296486,0.46931803856473675,1.0590258747576553,0.19942600335912214,2.0,3.39,3.79,1.0588374934815263,0.4722159945016374,0.27859350708061204,0.24919049841775062,2.0,0.46931803856473675,-0.0613639228705265,0.0,1,1,1.0,1.2800000000000011
2017,14,2017-12-01,malaga,levante,2017|2017-12-01|malaga|levante,2017|2017-12-01|malaga|levante,D,H,0.5754416002673439,0.2471752065493593,0.1773831931832968,0.5754416002673439,0.9702395998376805,0.3282663937179846,1.72,3.79,4.75,1.0557739073707464,0.5506816798353078,0.24991358557169643,0.19940473459299565,1.72,0.5754416002673439,-0.010240447540168451,0.0,1,0,-1.0,0.28000000000000114
2017,14,2017-12-02,ath bilbao,real madrid,2017|2017-12-02|ath bilbao|real madrid,2017|2017-12-02|athbilbao|realmadrid,D,A,0.15982780464890822,0.19895063181892036,0.6412215635321714,0.6412215635321714,0.8992610599662806,0.44227093171325105,7.5,4.5,1.44,1.0499999999999998,0.126984126984127,0.21164021164021166,0.6613756613756615,1.44,0.6412215635321714,-0.0766409485136732,0.0,1,0,-1.0,-0.7199999999999989
2017,14,2017-12-02,ath madrid,sociedad,2017|2017-12-02|ath madrid|sociedad,2017|2017-12-02|athmadrid|sociedad,H,H,0.6744708001906009,0.20851851331918597,0.11701068649021307,0.6744708001906009,0.8435701971563788,0.46595228687141493,1.5,3.89,7.5,1.0570694087403598,0.630674448767834,0.24319066147859922,0.1261348897535668,1.5,0.6744708001906009,0.011706200285901358,0.023412400571802716,1,1,0.5,-0.21999999999999886
2017,14,2017-12-02,barcelona,celta,2017|2017-12-02|barcelona|celta,2017|2017-12-02|barcelona|celta,D,H,0.9127105890082242,0.06306380989192688,0.024225601099848882,0.9127105890082242,0.34777499797857675,0.8496467791162974,1.12,10.0,17.0,1.0516806722689074,0.8489812225329605,0.0950858969236916,0.05593288054334799,1.12,0.9127105890082242,0.022235859689211213,0.1852988307434266,1,0,-1.0,-1.2199999999999989
2017,14,2017-12-02,sevilla,la coruna,2017|2017-12-02|sevilla|la coruna,2017|2017-12-02|sevilla|lacoruna,H,H,0.7213199036374506,0.18519253173989675,0.0934875646226528,0.7213199036374506,0.7694952438063205,0.5361273718975539,1.44,4.5,7.5,1.05,0.6613756613756613,0.21164021164021163,0.12698412698412698,1.44,0.7213199036374506,0.03870066123792881,0.08795604826802005,1,1,0.43999999999999995,-0.7799999999999989
2017,14,2017-12-03,eibar,espanol,2017|2017-12-03|eibar|espanol,2017|2017-12-03|eibar|espanol,H,A,0.3474434096789844,0.28394517143721093,0.3686114188838046,0.3686114188838046,1.0926593437775296,0.021168009204820204,2.37,3.1,3.29,1.0484729412124874,0.40243377934207464,0.30766711517442485,0.2898991054835006,3.29,0.3686114188838046,0.2127315681277171,0.09289588127847909,1,0,-1.0,-1.779999999999999
2017,14,2017-12-03,getafe,valencia,2017|2017-12-03|getafe|valencia,2017|2017-12-03|getafe|valencia,H,A,0.2867159376049407,0.31647056246853955,0.3968134999265198,0.3968134999265198,1.0890613198718915,0.08034293745798027,3.0,3.39,2.29,1.06499980677822,0.31298910216868053,0.27698150634396507,0.4100293914873544,2.29,0.3968134999265198,-0.09129708516826962,0.0,1,0,-1.0,-2.779999999999999
2017,14,2017-12-03,las palmas,betis,2017|2017-12-03|las palmas|betis,2017|2017-12-03|laspalmas|betis,H,H,0.4046284641369951,0.2882421842679511,0.30712935159505367,0.4046284641369951,1.0872242430321069,0.09749911254194144,2.2,3.5,3.1,1.0628403854210304,0.42767047694126925,0.2688214426487978,0.30350808040993305,2.2,0.4046284641369951,-0.10981737889861076,0.0,1,1,1.2000000000000002,-1.5799999999999987
2017,14,2017-12-03,leganes,villarreal,2017|2017-12-03|leganes|villarreal,2017|2017-12-03|leganes|villarreal,H,A,0.2779852805645861,0.3273325410064297,0.39468217842898407,0.39468217842898407,1.0883571141305046,0.06734963742255434,2.79,3.25,2.62,1.0477946360733852,0.34207365329840955,0.29365707467771157,0.3642692720238788,2.62,0.39468217842898407,0.03406730748393827,0.021029202150579178,1,0,-1.0,-2.5799999999999987
2017,14,2017-12-04,girona,alaves,2017|2017-12-04|girona|alaves,2017|2017-12-04|girona|alaves,A,H,0.5694024958206614,0.28618270901723625,0.14441479516210234,0.5694024958206614,0.9581715008376354,0.28321978680342513,1.6,3.79,6.0,1.05551890941073,0.5921258202270596,0.2499739610457244,0.1579002187272159,1.6,0.5694024958206614,-0.08895600668694176,0.0,1,0,-1.0,-3.5799999999999987
2017,15,2017-12-08,alaves,las palmas,2017|2017-12-08|alaves|las palmas,2017|2017-12-08|alaves|laspalmas,H,H,0.49594577656513655,0.23464408662514624,0.26941013680971726,0.49594577656513655,1.0412981615610866,0.2265356397554193,2.29,3.25,3.25,1.0520658380920391,0.4150702426564495,0.2924648786717752,0.2924648786717752,2.29,0.49594577656513655,0.13571582833416262,0.10520606847609505,1,1,1.29,-2.2899999999999987
2017,15,2017-12-09,getafe,eibar,2017|2017-12-09|getafe|eibar,2017|2017-12-09|getafe|eibar,D,H,0.5264260877798348,0.2642123613437915,0.20936155087637376,0.5264260877798348,1.016822638768207,0.2622137264360433,2.04,3.39,3.75,1.0518479958355023,0.46603319146128214,0.2804447523837804,0.2535220561549375,2.04,0.5264260877798348,0.07390921907086301,0.07106655679890674,1,0,-1.0,-3.2899999999999987
2017,15,2017-12-09,la coruna,leganes,2017|2017-12-09|la coruna|leganes,2017|2017-12-09|lacoruna|leganes,H,H,0.3815122592084561,0.32035068405124323,0.2981370567403006,0.3815122592084561,1.0931036346711422,0.06116157515721288,2.37,3.2,3.2,1.0469409282700421,0.4030226700251889,0.29848866498740556,0.29848866498740556,2.37,0.3815122592084561,-0.09581594567595897,0.0,1,1,1.37,-1.9199999999999986
2017,15,2017-12-09,real madrid,sevilla,2017|2017-12-09|real madrid|sevilla,2017|2017-12-09|realmadrid|sevilla,H,H,0.8194819000039694,0.11785468805372908,0.06266341194230153,0.8194819000039694,0.5887301502470065,0.7016272119502402,1.33,5.5,8.5,1.0513449398898316,0.7151598592626587,0.17293865687624294,0.11190148386109836,1.33,0.8194819000039694,0.0899109270052793,0.27245735456145237,1,1,0.33000000000000007,-1.5899999999999985
2017,15,2017-12-09,valencia,celta,2017|2017-12-09|valencia|celta,2017|2017-12-09|valencia|celta,H,H,0.5929073111411497,0.22557002969707857,0.18152265916177174,0.5929073111411497,0.9555704208257079,0.36733728144407113,1.66,4.0,5.0,1.052409638554217,0.5724098454493417,0.2375500858614768,0.19004006868918144,1.66,0.5929073111411497,-0.015773863505691543,0.0,1,1,0.6599999999999999,-0.9299999999999986
2017,15,2017-12-10,betis,ath madrid,2017|2017-12-10|betis|ath madrid,2017|2017-12-10|betis|athmadrid,A,A,0.19851894734142314,0.2650332094096206,0.5364478432489562,0.5364478432489562,1.0070092853803174,0.2714146338393356,4.75,3.79,1.72,1.0557739073707464,0.19940473459299565,0.24991358557169643,0.5506816798353078,1.72,0.5364478432489562,-0.07730970961179529,0.0,1,1,0.72,-0.20999999999999863
2017,15,2017-12-10,levante,ath bilbao,2017|2017-12-10|levante|ath bilbao,2017|2017-12-10|levante|athbilbao,A,A,0.23382602274087796,0.31823839305531576,0.44793558420380625,0.44793558420380625,1.0638989853826777,0.1296971911484905,3.25,3.39,2.25,1.0471220028742152,0.2938457093325629,0.28171048829817974,0.42444380236925744,2.25,0.44793558420380625,0.007855064458563987,0.00628405156685119,1,1,1.25,1.0400000000000014
2017,15,2017-12-10,sociedad,malaga,2017|2017-12-10|sociedad|malaga,2017|2017-12-10|sociedad|malaga,A,H,0.7387974195535283,0.17711381262234582,0.08408876782412585,0.7387974195535283,0.7384285694547967,0.5616836069311825,1.53,4.33,6.0,1.0512083201255868,0.6217557060086298,0.21969658895916944,0.15854770503220061,1.53,0.7387974195535283,0.1303600519168983,0.24596236210735528,1,0,-1.0,0.04000000000000137
2017,15,2017-12-10,villarreal,barcelona,2017|2017-12-10|villarreal|barcelona,2017|2017-12-10|villarreal|barcelona,A,A,0.1445485056664489,0.22611495958679464,0.6293365347467564,0.6293365347467564,0.9071837436736043,0.4032215751599618,6.0,4.33,1.53,1.0512083201255868,0.15854770503220061,0.21969658895916944,0.6217557060086298,1.53,0.6293365347467564,-0.03711510183746264,0.0,1,1,0.53,0.5700000000000014
2017,15,2017-12-11,espanol,girona,2017|2017-12-11|espanol|girona,2017|2017-12-11|espanol|girona,A,H,0.5169397894674218,0.2605361087009625,0.22252410183161564,0.5169397894674218,1.0259078510818194,0.2564036807664593,2.04,3.5,3.6,1.0536881419234359,0.46521931767833413,0.27115640230394333,0.2636242800177227,2.04,0.5169397894674218,0.054557170513540476,0.052458817801481226,1,0,-1.0,-0.4299999999999986
2017,16,2017-12-15,sevilla,levante,2017|2017-12-15|sevilla|levante,2017|2017-12-15|sevilla|levante,D,H,0.735335572518391,0.1900427062070375,0.07462172127457152,0.735335572518391,0.7352976411093859,0.5452928663113534,1.28,5.75,9.5,1.0604262013729977,0.7367320790343247,0.1640029671589453,0.09926495380673005,1.28,0.735335572518391,-0.05877046717645951,0.0,1,0,-1.0,-1.4299999999999986
2017,16,2017-12-16,ath bilbao,sociedad,2017|2017-12-16|ath bilbao|sociedad,2017|2017-12-16|athbilbao|sociedad,D,H,0.4096182126225637,0.28675499848046554,0.30362678889697087,0.4096182126225637,1.0856996475757061,0.10599142372559284,2.14,3.39,3.39,1.0572602211010944,0.44198174706649285,0.2790091264667536,0.2790091264667536,2.14,0.4096182126225637,-0.12341702498771362,0.0,1,0,-1.0,-2.429999999999999
2017,16,2017-12-16,ath madrid,alaves,2017|2017-12-16|ath madrid|alaves,2017|2017-12-16|athmadrid|alaves,H,H,0.8821662253695087,0.08227181690625548,0.03556195772423569,0.8821662253695087,0.4347456235715784,0.7998944084632532,1.19,6.5,15.0,1.060848954966602,0.7921355161067555,0.14502173294877524,0.06284275094446927,1.19,0.8821662253695087,0.049777808189715333,0.26198846415639654,1,1,0.18999999999999995,-2.2399999999999984
2017,16,2017-12-16,eibar,valencia,2017|2017-12-16|eibar|valencia,2017|2017-12-16|eibar|valencia,H,A,0.27130448645832217,0.2915084756966208,0.437187037845057,0.437187037845057,1.0749848526045178,0.14567856214843622,2.75,3.29,2.6,1.0522031160329033,0.3455952164515282,0.28887138153243236,0.3655334020160394,2.6,0.437187037845057,0.1366862983971484,0.08542893649821776,1,0,-1.0,-3.2399999999999984
2017,16,2017-12-17,barcelona,la coruna,2017|2017-12-17|barcelona|la coruna,2017|2017-12-17|barcelona|lacoruna,H,H,0.9219846863879845,0.05968001946392277,0.0183352941480927,0.9219846863879845,0.3164347838802433,0.8623046669240617,1.08,13.0,23.0,1.0463272637185679,0.8849295607908133,0.07351722505031374,0.04155321415887298,1.08,0.9219846863879845,-0.0042565387009766975,0.0,1,1,0.08000000000000007,-3.1599999999999984
2017,16,2017-12-17,celta,villarreal,2017|2017-12-17|celta|villarreal,2017|2017-12-17|celta|villarreal,A,H,0.4073209343705432,0.2523279934897894,0.34035107213966753,0.4073209343705432,1.0801217195859754,0.06696986223087564,2.29,3.39,3.1,1.054247118606177,0.41421144530587956,0.27980655154880946,0.305982003145311,2.29,0.4073209343705432,-0.0672350602914561,0.0,1,0,-1.0,-4.159999999999998
2017,16,2017-12-17,girona,getafe,2017|2017-12-17|girona|getafe,2017|2017-12-17|girona|getafe,H,H,0.37605340038484986,0.2955182606435105,0.32842833897163964,0.37605340038484986,1.0937174777210803,0.04762506141321021,2.2,3.25,3.5,1.047952047952048,0.4337464251668255,0.29361296472831266,0.27264061010486174,2.2,0.37605340038484986,-0.17268251915333022,0.0,1,1,1.2000000000000002,-2.959999999999998
2017,16,2017-12-17,las palmas,espanol,2017|2017-12-17|las palmas|espanol,2017|2017-12-17|laspalmas|espanol,D,H,0.3810281978374436,0.26542030751831897,0.3535514946442374,0.3810281978374436,1.0873082221111616,0.02747670319320622,2.5,3.29,2.87,1.052383423530284,0.3800896052297895,0.2888218884724844,0.331088506297726,2.5,0.3810281978374436,-0.047429505406390904,0.0,1,0,-1.0,-3.959999999999998
2017,16,2017-12-18,malaga,betis,2017|2017-12-18|malaga|betis,2017|2017-12-18|malaga|betis,A,H,0.503196600866857,0.24193520556049952,0.25486819357264345,0.503196600866857,1.0373162618893919,0.24832840729421357,2.0,3.39,3.79,1.0588374934815263,0.4722159945016374,0.27859350708061204,0.24919049841775062,2.0,0.503196600866857,0.006393201733714049,0.006393201733714049,1,0,-1.0,-4.959999999999998
2017,16,2018-02-21,leganes,real madrid,2017|2018-02-21|leganes|real madrid,2017|2018-02-21|leganes|realmadrid,A,A,0.1479605586909552,0.1784463467790945,0.6735930945299503,0.6735930945299503,0.8564271016505403,0.4951467477508558,11.0,6.0,1.25,1.0575757575757576,0.08595988538681948,0.15759312320916904,0.7564469914040115,1.25,0.6735930945299503,-0.1580086318375621,0.0,1,1,0.25,-4.709999999999998
2017,17,2017-12-19,levante,leganes,2017|2017-12-19|levante|leganes,2017|2017-12-19|levante|leganes,D,A,0.29197796441509466,0.3143560125680459,0.39366602301685927,0.39366602301685927,1.090225366789442,0.07931001044881336,2.7,3.0,2.89,1.0497244649493784,0.35282627273837136,0.31754364546453423,0.32963008179709435,2.89,0.39366602301685927,0.13769480651872334,0.0728543949834515,1,0,-1.0,-5.709999999999998
2017,17,2017-12-20,getafe,las palmas,2017|2017-12-20|getafe|las palmas,2017|2017-12-20|getafe|laspalmas,H,H,0.5211127285750793,0.3245254015145193,0.15436186991040138,0.5211127285750793,0.9932919097749837,0.19658732706055998,1.75,3.6,5.0,1.0492063492063493,0.5446293494704992,0.264750378214826,0.19062027231467474,1.75,0.5211127285750793,-0.08805272499361128,0.0,1,1,0.75,-4.959999999999998
2017,17,2017-12-20,sociedad,sevilla,2017|2017-12-20|sociedad|sevilla,2017|2017-12-20|sociedad|sevilla,H,H,0.43553371358897636,0.28073168888497474,0.2837345975260489,0.43553371358897636,1.0760624205011635,0.15179911606292745,2.25,3.5,3.0,1.0634920634920635,0.417910447761194,0.26865671641791045,0.3134328358208955,2.25,0.43553371358897636,-0.02004914442480321,0.0,1,1,1.25,-3.709999999999998
2017,17,2017-12-21,alaves,malaga,2017|2017-12-21|alaves|malaga,2017|2017-12-21|alaves|malaga,H,H,0.4227022095456206,0.28545776161261127,0.2918400288417681,0.4227022095456206,1.0812662785324958,0.13086218070385253,2.14,3.2,3.5,1.065504005340454,0.43856214268932564,0.29328843292348655,0.2681494243871877,2.14,0.4227022095456206,-0.0954172715723719,0.0,1,1,1.1400000000000001,-2.5699999999999985
2017,17,2017-12-21,eibar,girona,2017|2017-12-21|eibar|girona,2017|2017-12-21|eibar|girona,H,H,0.46960247469605193,0.24879091964897296,0.2816066056549752,0.46960247469605193,1.057925769018021,0.18799586904107674,2.0,3.39,3.75,1.0616519174041297,0.4709641567101973,0.27785495971103086,0.2511808835787719,2.0,0.46960247469605193,-0.060795050607896195,0.0,1,1,1.0,-1.5699999999999983
2017,17,2017-12-22,betis,ath bilbao,2017|2017-12-22|betis|ath bilbao,2017|2017-12-22|betis|athbilbao,A,A,0.3413207467059499,0.28982488032698944,0.36885437296706053,0.36885437296706053,1.0937168148645253,0.02753362626111061,2.7,3.25,2.62,1.0597420673756552,0.3494910523723526,0.29034641274010836,0.3601625348875389,2.62,0.36885437296706053,-0.033601542826301345,0.0,1,1,1.62,0.05000000000000182
2017,17,2017-12-22,espanol,ath madrid,2017|2017-12-22|espanol|ath madrid,2017|2017-12-22|espanol|athmadrid,H,A,0.2059493869014639,0.2787849660275861,0.51526564707095,0.51526564707095,1.0231804071469082,0.2364806810433639,5.0,3.5,1.72,1.067109634551495,0.1874221668742217,0.26774595267745954,0.5448318804483189,1.72,0.51526564707095,-0.11374308703796598,0.0,1,0,-1.0,-0.9499999999999982
2017,17,2017-12-23,la coruna,celta,2017|2017-12-23|la coruna|celta,2017|2017-12-23|lacoruna|celta,A,A,0.3250293796340033,0.2934130048546946,0.3815576155113021,0.3815576155113021,1.092684595593759,0.05652823587729877,2.54,3.29,2.7,1.0680225255531002,0.3686259212535688,0.2845926565301109,0.3467814222163203,2.7,0.3815576155113021,0.030205561880515708,0.017767977576773945,1,1,1.7000000000000002,0.750000000000002
2017,17,2017-12-23,real madrid,barcelona,2017|2017-12-23|real madrid|barcelona,2017|2017-12-23|realmadrid|barcelona,A,H,0.4003626514687908,0.25557366427281597,0.34406368425839323,0.4003626514687908,1.0822421156817599,0.056298967210397566,2.1,3.75,3.1,1.0654377880184331,0.4469434832756632,0.2502883506343714,0.3027681660899654,2.1,0.4003626514687908,-0.15923843191553927,0.0,1,0,-1.0,-0.249999999999998
2017,17,2017-12-23,valencia,villarreal,2017|2017-12-23|valencia|villarreal,2017|2017-12-23|valencia|villarreal,A,H,0.4556809702515008,0.2776395104820051,0.26667951926649414,0.4556809702515008,1.0663965198872363,0.1780414597694957,2.04,3.6,3.29,1.0719252239903052,0.4573043599128944,0.25913913728397353,0.2835565028031321,2.04,0.4556809702515008,-0.07041082068693838,0.0,1,0,-1.0,-1.249999999999998
2017,18,2018-01-06,ath madrid,getafe,2017|2018-01-06|ath madrid|getafe,2017|2018-01-06|athmadrid|getafe,H,H,0.7091655502922203,0.1838048218386578,0.1070296278691219,0.7091655502922203,0.7942334664122073,0.5253607284535625,1.39,4.2,10.0,1.0575196985268929,0.6802941462308465,0.22514496744306584,0.09456088632608765,1.39,0.7091655502922203,-0.014259885093813873,0.0,1,1,0.3899999999999999,-0.8599999999999981
2017,18,2018-01-06,las palmas,eibar,2017|2018-01-06|las palmas|eibar,2017|2018-01-06|laspalmas|eibar,A,H,0.4998716375190843,0.25442098341097186,0.24570737906994386,0.4998716375190843,1.039733800723746,0.24545065410811245,2.54,3.39,2.75,1.0523224017754016,0.37412563558216716,0.28031832282557656,0.3455560415922562,2.54,0.4998716375190843,0.26967395929847426,0.17511296058342485,1,0,-1.0,-1.859999999999998
2017,18,2018-01-06,sevilla,betis,2017|2018-01-06|sevilla|betis,2017|2018-01-06|sevilla|betis,A,H,0.6156261907036037,0.25060204944584746,0.13377175985054882,0.6156261907036037,0.9145531151383962,0.36502414125775623,1.5,4.33,6.5,1.0514597027299106,0.6340391980175715,0.2196440639783735,0.14631673800405498,1.5,0.6156261907036037,-0.07656071394459446,0.0,1,0,-1.0,-2.859999999999998
2017,18,2018-01-06,valencia,girona,2017|2018-01-06|valencia|girona,2017|2018-01-06|valencia|girona,H,H,0.6666739321374427,0.21621990116131018,0.11710616670124704,0.6666739321374427,0.8525923287491606,0.45045403097613257,1.61,4.0,5.5,1.052936194240542,0.5898914063547392,0.23743129105778257,0.17267730258747824,1.61,0.6666739321374427,0.0733450307412829,0.12023775531357851,1,1,0.6100000000000001,-2.2499999999999982
2017,18,2018-01-07,ath bilbao,alaves,2017|2018-01-07|ath bilbao|alaves,2017|2018-01-07|athbilbao|alaves,H,H,0.6332638719936282,0.21077480957187372,0.15596131843449806,0.6332638719936282,0.9072861435430252,0.4224890624217545,1.66,3.5,6.0,1.0547905909351694,0.5711177590426978,0.2708729942888224,0.1580092466684797,1.66,0.6332638719936282,0.05121802750942278,0.07760307198397393,1,1,0.6599999999999999,-1.589999999999998
2017,18,2018-01-07,barcelona,levante,2017|2018-01-07|barcelona|levante,2017|2018-01-07|barcelona|levante,H,H,0.9196016144882935,0.06432937081832217,0.016069014693384315,0.9196016144882935,0.31995805217380535,0.8552722436699713,1.05,15.0,34.0,1.0484593837535012,0.9083622762489982,0.06358535933742988,0.028052364413572006,1.05,0.9196016144882935,-0.03441830478729181,0.0,1,1,0.050000000000000044,-1.539999999999998
2017,18,2018-01-07,celta,real madrid,2017|2018-01-07|celta|real madrid,2017|2018-01-07|celta|realmadrid,D,A,0.1770220173002294,0.20110807511761364,0.621869907582157,0.621869907582157,0.9244734646741545,0.42076183246454335,6.5,4.33,1.5,1.0514597027299106,0.14631673800405498,0.2196440639783735,0.6340391980175715,1.5,0.621869907582157,-0.06719513862676452,0.0,1,0,-1.0,-2.5399999999999983
2017,18,2018-01-07,leganes,sociedad,2017|2018-01-07|leganes|sociedad,2017|2018-01-07|leganes|sociedad,H,A,0.28015453382722666,0.2790045714996742,0.4408408946730992,0.4408408946730992,1.0737095323057,0.16068636084587257,2.89,3.25,2.5,1.0537130689379826,0.3283823380822471,0.2920076790946751,0.3796099828230777,2.5,0.4408408946730992,0.1021022366827481,0.06806815778849873,1,0,-1.0,-3.5399999999999983
2017,18,2018-01-07,villarreal,la coruna,2017|2018-01-07|villarreal|la coruna,2017|2018-01-07|villarreal|lacoruna,D,H,0.6071728443123091,0.2755492104180462,0.11727794526964457,0.6071728443123091,0.9094749073604284,0.3316236338942629,1.57,4.0,6.0,1.0536093418259023,0.6045340050377834,0.23727959697732998,0.15818639798488665,1.57,0.6071728443123091,-0.04673863442967463,0.0,1,0,-1.0,-4.539999999999998
2017,18,2018-01-08,malaga,espanol,2017|2018-01-08|malaga|espanol,2017|2018-01-08|malaga|espanol,A,A,0.3051126634358478,0.29367009234510855,0.40121724421904364,0.40121724421904364,1.0884373713821673,0.09610458078319584,2.54,3.0,3.1,1.0496147658961983,0.37509074776155527,0.31757683310478346,0.30733241913366144,3.1,0.40121724421904364,0.2437734570790353,0.11608259860906443,1,1,2.1,-2.4399999999999977
2017,19,2018-01-12,getafe,malaga,2017|2018-01-12|getafe|malaga,2017|2018-01-12|getafe|malaga,H,H,0.594903200579302,0.25401848350068684,0.15107831592001109,0.594903200579302,0.9425921814830814,0.3408847170786152,1.8,3.39,5.0,1.0505408062930186,0.5288281542493449,0.28079371022089106,0.19037813552976415,1.8,0.594903200579302,0.07082576104274363,0.08853220130342954,1,1,0.8,-1.6399999999999977
2017,19,2018-01-13,eibar,ath madrid,2017|2018-01-13|eibar|ath madrid,2017|2018-01-13|eibar|athmadrid,A,A,0.13481662999764527,0.2834981996306802,0.5816851703716746,0.5816851703716746,0.9426865374695484,0.2981869707409944,4.0,3.2,2.04,1.0526960784313726,0.23748544819557624,0.2968568102444703,0.4656577415599534,2.04,0.5816851703716746,0.18663774755821616,0.1794593726521309,1,1,1.04,-0.5999999999999976
2017,19,2018-01-13,girona,las palmas,2017|2018-01-13|girona|las palmas,2017|2018-01-13|girona|laspalmas,H,H,0.5974255744696004,0.23436047258537246,0.16821395294502708,0.5974255744696004,0.9476260897894844,0.36306510188422797,1.72,3.79,4.75,1.0557739073707464,0.5506816798353078,0.24991358557169643,0.19940473459299565,1.72,0.5974255744696004,0.027571988087712718,0.038294427899601,1,1,0.72,0.12000000000000233
2017,19,2018-01-13,la coruna,valencia,2017|2018-01-13|la coruna|valencia,2017|2018-01-13|lacoruna|valencia,A,A,0.2606288006825935,0.23198638515673584,0.5073848141606707,0.5073848141606707,1.0336597765533537,0.24675601347807724,3.0,3.39,2.37,1.0502595123408387,0.3173818750666619,0.28086891598819635,0.4017492089451416,2.37,0.5073848141606707,0.20250200956078968,0.14781168581079537,1,1,1.37,1.4900000000000024
2017,19,2018-01-13,real madrid,villarreal,2017|2018-01-13|real madrid|villarreal,2017|2018-01-13|realmadrid|villarreal,A,H,0.823831793861164,0.11313001526479373,0.0630381908740423,0.823831793861164,0.5804228497338975,0.7107017785963703,1.25,6.5,10.0,1.0538461538461539,0.759124087591241,0.14598540145985403,0.09489051094890512,1.25,0.823831793861164,0.02978974232645501,0.11915896930582004,1,0,-1.0,0.49000000000000243
2017,19,2018-01-14,alaves,sevilla,2017|2018-01-14|alaves|sevilla,2017|2018-01-14|alaves|sevilla,H,A,0.2151087432332837,0.3339106618180521,0.45098059494866427,0.45098059494866427,1.055928930867419,0.11706993313061215,3.25,3.25,2.29,1.0520658380920391,0.2924648786717752,0.2924648786717752,0.4150702426564495,2.29,0.45098059494866427,0.0327455624324412,0.025384156924373024,1,0,-1.0,-0.5099999999999976
2017,19,2018-01-14,espanol,ath bilbao,2017|2018-01-14|espanol|ath bilbao,2017|2018-01-14|espanol|athbilbao,D,D,0.32373900897373803,0.3386440099973329,0.33761698102892906,0.3386440099973329,1.0984033785877796,0.0010270289684038425,2.54,3.0,3.0,1.0603674540682413,0.37128712871287134,0.3143564356435644,0.3143564356435644,3.0,0.3386440099973329,0.01593202999199872,0.00796601499599936,1,1,2.0,1.4900000000000024
2017,19,2018-01-14,levante,celta,2017|2018-01-14|levante|celta,2017|2018-01-14|levante|celta,A,A,0.3006297084991368,0.24677186965842263,0.4525984218424405,0.4525984218424405,1.0654226877685717,0.1519687133433037,3.0,3.25,2.45,1.0491889063317634,0.31770573566084787,0.2932668329177058,0.38902743142144636,2.45,0.4525984218424405,0.10886613351397922,0.07508009207860636,1,1,1.4500000000000002,2.9400000000000026
2017,19,2018-01-14,sociedad,barcelona,2017|2018-01-14|sociedad|barcelona,2017|2018-01-14|sociedad|barcelona,A,A,0.12206672061163969,0.15848447206612246,0.7194488073222379,0.7194488073222379,0.7855660743726458,0.5609643352561154,6.5,5.0,1.44,1.0482905982905983,0.14675907052588666,0.19078679168365267,0.6624541377904606,1.44,0.7194488073222379,0.03600628254402255,0.08183246032732398,1,1,0.43999999999999995,3.3800000000000026
2017,19,2018-01-15,betis,leganes,2017|2018-01-15|betis|leganes,2017|2018-01-15|betis|leganes,H,H,0.5474777828344468,0.17202029696514043,0.2805019202004127,0.5474777828344468,0.9891661351021841,0.2669758626340341,2.25,3.1,3.5,1.0527393753200203,0.4221789883268483,0.3064202334630351,0.27140077821011677,2.25,0.5474777828344468,0.23182501137750533,0.18546000910200428,1,1,1.25,4.630000000000003
2017,20,2018-01-19,getafe,ath bilbao,2017|2018-01-19|getafe|ath bilbao,2017|2018-01-19|getafe|athbilbao,D,D,0.30490817843342394,0.350829480964928,0.34426234060164806,0.350829480964928,1.0967357234407107,0.006567140363279933,2.7,3.1,2.79,1.0513739545997611,0.35227272727272724,0.30681818181818177,0.3409090909090909,3.1,0.350829480964928,0.08757139099127675,0.04170066237679845,1,1,2.1,6.730000000000002
2017,20,2018-01-20,ath madrid,girona,2017|2018-01-20|ath madrid|girona,2017|2018-01-20|athmadrid|girona,D,H,0.7615515974734539,0.14715737617909078,0.09129102634745527,0.7615515974734539,0.7079589381827133,0.6143942212943632,1.36,4.75,9.5,1.0510835913312693,0.6995581737849779,0.20029455081001474,0.10014727540500737,1.36,0.7615515974734539,0.03571017256389741,0.0991949237886039,1,0,-1.0,5.730000000000002
2017,20,2018-01-20,espanol,sevilla,2017|2018-01-20|espanol|sevilla,2017|2018-01-20|espanol|sevilla,A,A,0.2774091508522169,0.3343111032322595,0.3882797459155236,0.3882797459155236,1.0893342154505634,0.05396864268326412,2.75,3.2,2.7,1.046506734006734,0.34747637241101953,0.2986125075407199,0.3539111200482606,2.7,0.3882797459155236,0.04835531397191384,0.0284443023364199,1,1,1.7000000000000002,7.430000000000003
2017,20,2018-01-20,las palmas,valencia,2017|2018-01-20|las palmas|valencia,2017|2018-01-20|laspalmas|valencia,H,A,0.21361728642183414,0.15284851076434589,0.63353420281382,0.63353420281382,0.9060008194099792,0.41991691639198586,4.5,4.0,1.72,1.0536175710594315,0.21091354996934394,0.23727774371551194,0.5518087063151441,1.72,0.63353420281382,0.08967882883977041,0.12455392894412558,1,0,-1.0,6.430000000000003
2017,20,2018-01-20,villarreal,levante,2017|2018-01-20|villarreal|levante,2017|2018-01-20|villarreal|levante,H,H,0.7599633133371351,0.14597547428075533,0.09406121238210964,0.7599633133371351,0.7118444454720148,0.6139878390563798,1.44,4.5,7.5,1.05,0.6613756613756613,0.21164021164021163,0.12698412698412698,1.44,0.7599633133371351,0.09434717120547448,0.2144253891033511,1,1,0.43999999999999995,6.870000000000003
2017,20,2018-01-21,alaves,leganes,2017|2018-01-21|alaves|leganes,2017|2018-01-21|alaves|leganes,D,H,0.37058936366664996,0.2967199300608304,0.3326907062725196,0.37058936366664996,1.0945143890298867,0.03789865739413034,2.14,3.1,3.75,1.0565370314541251,0.44228427940952675,0.3053188251407701,0.25239689544970323,2.14,0.37058936366664996,-0.20693876175336906,0.0,1,0,-1.0,5.870000000000003
2017,20,2018-01-21,betis,barcelona,2017|2018-01-21|betis|barcelona,2017|2018-01-21|betis|barcelona,A,A,0.0976366881529505,0.12208923149610922,0.7802740803509403,0.7802740803509403,0.6774998076127096,0.6581848488548311,10.0,6.0,1.28,1.0479166666666666,0.09542743538767397,0.15904572564612326,0.7455268389662029,1.28,0.7802740803509403,-0.0012491771507964489,0.0,1,1,0.28,6.150000000000003
2017,20,2018-01-21,real madrid,la coruna,2017|2018-01-21|real madrid|la coruna,2017|2018-01-21|realmadrid|lacoruna,H,H,0.8470336688639827,0.11564866363976022,0.03731766749625715,0.8470336688639827,0.512808525032801,0.7313850052242225,1.14,9.0,15.0,1.0549707602339182,0.8314855875831485,0.10532150776053213,0.06319290465631928,1.14,0.8470336688639827,-0.03438161749505983,0.0,1,1,0.1399999999999999,6.290000000000003
2017,20,2018-01-21,sociedad,celta,2017|2018-01-21|sociedad|celta,2017|2018-01-21|sociedad|celta,A,H,0.5539603131526799,0.22275250294905694,0.22328718389826321,0.5539603131526799,0.9964832235465695,0.3306731292544167,1.85,3.89,4.0,1.0476099492809003,0.5159749970984696,0.24538656674348813,0.23863843615804223,1.85,0.5539603131526799,0.024826579332457854,0.029207740391126884,1,0,-1.0,5.290000000000003
2017,20,2018-01-22,eibar,malaga,2017|2018-01-22|eibar|malaga,2017|2018-01-22|eibar|malaga,D,H,0.559615449974148,0.26290711433149383,0.1774774356943581,0.559615449974148,0.9829345780267608,0.2967083356426542,1.66,3.5,6.0,1.0547905909351694,0.5711177590426978,0.2708729942888224,0.1580092466684797,1.66,0.559615449974148,-0.07103835304291434,0.0,1,0,-1.0,4.290000000000003
2017,21,2018-01-26,ath bilbao,eibar,2017|2018-01-26|ath bilbao|eibar,2017|2018-01-26|athbilbao|eibar,D,H,0.5578946897828692,0.2390703503095495,0.20303495990758127,0.5578946897828692,0.9914023515345245,0.3188243394733197,1.9,3.39,4.33,1.0522479224282375,0.5001823032913411,0.28033816408659235,0.21947953262206651,1.9,0.5578946897828692,0.059999910587451355,0.0666665673193904,1,0,-1.0,3.2900000000000027
2017,21,2018-01-27,la coruna,levante,2017|2018-01-27|la coruna|levante,2017|2018-01-27|lacoruna|levante,D,H,0.4160291443989766,0.3334916205055118,0.2504792350955116,0.4160291443989766,1.0778354688089902,0.0825375238934648,2.0,3.5,3.79,1.049566528458349,0.4763871431136649,0.27222122463637993,0.2513916322499551,2.0,0.4160291443989766,-0.16794171120204687,0.0,1,0,-1.0,2.2900000000000027
2017,21,2018-01-27,malaga,girona,2017|2018-01-27|malaga|girona,2017|2018-01-27|malaga|girona,D,H,0.37617531955991845,0.2629733540664952,0.36085132637358636,0.37617531955991845,1.0868526579388242,0.015323993186332097,2.29,3.0,3.39,1.06499980677822,0.4100293914873544,0.31298910216868053,0.27698150634396507,2.29,0.37617531955991845,-0.13855851820778675,0.0,1,0,-1.0,1.2900000000000027
2017,21,2018-01-27,valencia,real madrid,2017|2018-01-27|valencia|real madrid,2017|2018-01-27|valencia|realmadrid,A,A,0.16584364582502026,0.2011154145134576,0.6330409396615223,0.6330409396615223,0.909976256468868,0.4319255251480647,5.0,4.33,1.61,1.0520648946394502,0.1901023416131962,0.21951771548867918,0.5903799428981247,1.61,0.6330409396615223,0.019195912855050956,0.03146870959844419,1,1,0.6100000000000001,1.9000000000000028
2017,21,2018-01-27,villarreal,sociedad,2017|2018-01-27|villarreal|sociedad,2017|2018-01-27|villarreal|sociedad,H,H,0.3768995963474479,0.29234681390666195,0.3307535897458901,0.3768995963474479,1.093241783196564,0.04614600660155782,2.04,3.5,3.5,1.0616246498599438,0.4617414248021109,0.2691292875989446,0.2691292875989446,2.04,0.3768995963474479,-0.23112482345120622,0.0,1,1,1.04,2.940000000000003
2017,21,2018-01-28,ath madrid,las palmas,2017|2018-01-28|ath madrid|las palmas,2017|2018-01-28|athmadrid|laspalmas,H,H,0.844463999230427,0.12207131555753989,0.033464685212033024,0.844463999230427,0.51318197737468,0.7223926836728871,1.16,7.5,17.0,1.0542258282623393,0.8177270395074399,0.12647511544381734,0.055797845048742946,1.16,0.844463999230427,-0.0204217608927047,0.0,1,1,0.15999999999999992,3.1000000000000028
2017,21,2018-01-28,barcelona,alaves,2017|2018-01-28|barcelona|alaves,2017|2018-01-28|barcelona|alaves,H,H,0.9237261457470282,0.055527630099725035,0.020746224153246805,0.9237261457470282,0.314211233918118,0.8681985156473031,1.08,11.0,26.0,1.0552965552965552,0.8774082709534912,0.08614553932997915,0.03644618971652964,1.08,0.9237261457470282,-0.0023757625932095267,0.0,1,1,0.08000000000000007,3.180000000000003
2017,21,2018-01-28,leganes,espanol,2017|2018-01-28|leganes|espanol,2017|2018-01-28|leganes|espanol,H,D,0.3236747173974067,0.3401395212722556,0.33618576133033756,0.3401395212722556,1.0983897959064945,0.003953759941918045,2.37,2.79,3.5,1.0660781530524281,0.39578798895927825,0.33620700137401055,0.26800500966671126,2.79,0.3401395212722556,-0.051010735650406924,0.0,1,0,-1.0,2.180000000000003
2017,21,2018-01-28,sevilla,getafe,2017|2018-01-28|sevilla|getafe,2017|2018-01-28|sevilla|getafe,D,H,0.6939923321934542,0.18822630164012738,0.11778136616641842,0.6939923321934542,0.8197957089026017,0.5057660305533269,1.5,4.33,6.5,1.0514597027299106,0.6340391980175715,0.2196440639783735,0.14631673800405498,1.5,0.6939923321934542,0.04098849829018136,0.08197699658036273,1,0,-1.0,1.1800000000000028
2017,21,2018-01-29,celta,betis,2017|2018-01-29|celta|betis,2017|2018-01-29|celta|betis,H,H,0.5969469733706372,0.25322902401710345,0.14982400261225937,0.5969469733706372,0.9401912397031982,0.3437179493535337,1.75,3.75,4.75,1.0486215538847117,0.5449330783938815,0.25430210325047803,0.20076481835564056,1.75,0.5969469733706372,0.044657203398615064,0.05954293786482009,1,1,0.75,1.9300000000000028
2017,22,2018-02-02,sociedad,la coruna,2017|2018-02-02|sociedad|la coruna,2017|2018-02-02|sociedad|lacoruna,H,H,0.6502671854724899,0.2292812095215582,0.12045160500595205,0.6502671854724899,0.8724801964207316,0.4209859759509317,1.44,4.75,6.5,1.0588169140800718,0.6558682952734998,0.19883165161975572,0.14530005310674457,1.44,0.6502671854724899,-0.06361525291961467,0.0,1,1,0.43999999999999995,2.3700000000000028
2017,22,2018-02-03,alaves,celta,2017|2018-02-03|alaves|celta,2017|2018-02-03|alaves|celta,H,A,0.3376835827569258,0.2849257257697999,0.3773906914732742,0.3773906914732742,1.092094222861479,0.039707108716348416,2.62,3.2,2.79,1.0526023283810775,0.3626054959426199,0.29688324980302006,0.34051125425435996,2.79,0.3773906914732742,0.05292002921043504,0.029564262128734656,1,0,-1.0,1.3700000000000028
2017,22,2018-02-03,betis,villarreal,2017|2018-02-03|betis|villarreal,2017|2018-02-03|betis|villarreal,H,A,0.342178879054524,0.29941947811428493,0.358401642831191,0.358401642831191,1.0957891925610772,0.016222763776667037,2.79,3.39,2.5,1.0534081898055634,0.3402507618003782,0.2800293880303998,0.3797198501692221,2.5,0.358401642831191,-0.10399589292202249,0.0,1,0,-1.0,0.37000000000000277
2017,22,2018-02-03,eibar,sevilla,2017|2018-02-03|eibar|sevilla,2017|2018-02-03|eibar|sevilla,H,A,0.26847615551435794,0.2614958545953383,0.4700279898903037,0.4700279898903037,1.0586520944770395,0.20155183437594576,2.6,3.29,2.75,1.0522031160329033,0.3655334020160394,0.28887138153243236,0.3455952164515282,2.75,0.4700279898903037,0.2925769721983351,0.1671868412561915,1,0,-1.0,-0.6299999999999972
2017,22,2018-02-03,levante,real madrid,2017|2018-02-03|levante|real madrid,2017|2018-02-03|levante|realmadrid,D,A,0.1354970846226548,0.11496732237416754,0.7495355930031776,0.7495355930031776,0.7356111465104684,0.6140385083805229,13.0,7.0,1.19,1.0601163542340013,0.0725609756097561,0.1347560975609756,0.7926829268292683,1.19,0.7495355930031776,-0.10805264432621867,0.0,1,0,-1.0,-1.6299999999999972
2017,22,2018-02-04,ath madrid,valencia,2017|2018-02-04|ath madrid|valencia,2017|2018-02-04|athmadrid|valencia,H,H,0.6624776111948766,0.21451206639883935,0.12301032240628415,0.6624776111948766,0.8607715323079779,0.44796554479603723,1.44,4.33,7.5,1.0587246599948679,0.6559254456657416,0.21813686876643598,0.1259376855678224,1.44,0.6624776111948766,-0.04603223987937777,0.0,1,1,0.43999999999999995,-1.1899999999999973
2017,22,2018-02-04,espanol,barcelona,2017|2018-02-04|espanol|barcelona,2017|2018-02-04|espanol|barcelona,D,A,0.10392253910001926,0.14645434159035536,0.7496231193096254,0.7496231193096254,0.7326668007354084,0.60316877771927,9.5,5.25,1.33,1.0476190476190474,0.10047846889952154,0.18181818181818185,0.7177033492822967,1.33,0.7496231193096254,-0.003001251318198117,0.0,1,0,-1.0,-2.1899999999999973
2017,22,2018-02-04,getafe,leganes,2017|2018-02-04|getafe|leganes,2017|2018-02-04|getafe|leganes,D,H,0.5234682517329599,0.27722923724375703,0.19930251102328306,0.5234682517329599,1.0159515525437082,0.24623901448920282,1.9,3.2,4.5,1.0610380116959064,0.496038580778505,0.29452290733723735,0.20943851188425766,1.9,0.5234682517329599,-0.00541032170737632,0.0,1,0,-1.0,-3.1899999999999973
2017,22,2018-02-04,girona,ath bilbao,2017|2018-02-04|girona|ath bilbao,2017|2018-02-04|girona|athbilbao,H,H,0.38056829726820224,0.2883230847415404,0.3311086179902573,0.38056829726820224,1.0922201650518923,0.049459679277944923,2.39,3.29,3.0,1.0556947429554924,0.39633619910774165,0.28791596226975763,0.31574783862250083,2.39,0.38056829726820224,-0.09044176952899652,0.0,1,1,1.3900000000000001,-1.7999999999999972
2017,22,2018-02-05,las palmas,malaga,2017|2018-02-05|las palmas|malaga,2017|2018-02-05|laspalmas|malaga,H,H,0.3871936567703783,0.3378006990378381,0.27500564419178364,0.3871936567703783,1.0890181982083533,0.04939295773254021,2.25,3.39,3.2,1.0519296951819075,0.4225039434480341,0.28042297131506694,0.297073085236899,2.25,0.3871936567703783,-0.12881427226664877,0.0,1,1,1.25,-0.5499999999999972
2017,23,2018-02-09,ath bilbao,las palmas,2017|2018-02-09|ath bilbao|las palmas,2017|2018-02-09|athbilbao|laspalmas,D,H,0.7347943973345874,0.19859120947362915,0.06661439319178337,0.7347943973345874,0.7279089976712393,0.5362031878609582,1.44,4.5,7.5,1.05,0.6613756613756613,0.21164021164021163,0.12698412698412698,1.44,0.7347943973345874,0.058103932161805816,0.1320543912768314,1,0,-1.0,-1.5499999999999972
2017,23,2018-02-10,leganes,eibar,2017|2018-02-10|leganes|eibar,2017|2018-02-10|leganes|eibar,A,D,0.33391545770269987,0.336389614710811,0.32969492758648905,0.336389614710811,1.098577882364698,0.0024741570081111552,2.87,3.1,2.62,1.0526920902233963,0.33099142568382617,0.30643399732663906,0.36257457698953477,3.1,0.336389614710811,0.04280780560351416,0.020384669335006742,1,0,-1.0,-2.549999999999997
2017,23,2018-02-10,malaga,ath madrid,2017|2018-02-10|malaga|ath madrid,2017|2018-02-10|malaga|athmadrid,A,A,0.12247822413662215,0.225901295522685,0.651620480340693,0.651620480340693,0.8723306157735493,0.42571918481800797,7.5,3.6,1.57,1.0480537862703467,0.12721993382402594,0.26504152880005405,0.6077385373759201,1.57,0.651620480340693,0.02304415413488803,0.04042834058752285,1,1,0.5700000000000001,-1.979999999999997
2017,23,2018-02-10,real madrid,sociedad,2017|2018-02-10|real madrid|sociedad,2017|2018-02-10|realmadrid|sociedad,H,H,0.8665824858299062,0.08958688745462777,0.04383062671546603,0.8665824858299062,0.47730226344657467,0.7769955983752784,1.19,7.0,13.0,1.0601163542340013,0.7926829268292683,0.1347560975609756,0.0725609756097561,1.19,0.8665824858299062,0.031233158137588285,0.16438504282941208,1,1,0.18999999999999995,-1.7899999999999971
2017,23,2018-02-10,villarreal,alaves,2017|2018-02-10|villarreal|alaves,2017|2018-02-10|villarreal|alaves,A,H,0.6430486506847136,0.20773441436204185,0.14921693495324456,0.6430486506847136,0.8942454320482226,0.43531423632267174,1.66,4.0,5.0,1.052409638554217,0.5724098454493417,0.2375500858614768,0.19004006868918144,1.66,0.6430486506847136,0.06746076013662455,0.10221327293427963,1,0,-1.0,-2.7899999999999974
2017,23,2018-02-11,barcelona,getafe,2017|2018-02-11|barcelona|getafe,2017|2018-02-11|barcelona|getafe,D,H,0.8786666248993092,0.08173950284169423,0.039593872258996535,0.8786666248993092,0.44620062349636924,0.7969271220576151,1.12,9.0,19.0,1.0565998329156223,0.8450286617908678,0.10515912235619687,0.04981221585293536,1.12,0.8786666248993092,-0.015893380112773553,0.0,1,0,-1.0,-3.7899999999999974
2017,23,2018-02-11,celta,espanol,2017|2018-02-11|celta|espanol,2017|2018-02-11|celta|espanol,D,H,0.47698756873510884,0.28190352741622204,0.2411089038486692,0.47698756873510884,1.053019660473388,0.1950840413188868,1.9,3.6,4.0,1.054093567251462,0.49930651872399445,0.2635228848821082,0.23717059639389737,1.9,0.47698756873510884,-0.09372361940329327,0.0,1,0,-1.0,-4.789999999999997
2017,23,2018-02-11,sevilla,girona,2017|2018-02-11|sevilla|girona,2017|2018-02-11|sevilla|girona,H,H,0.5759793145938019,0.23963424168298894,0.18438644372320914,0.5759793145938019,0.9718558494185525,0.33634507291081295,1.72,3.79,4.75,1.0557739073707464,0.5506816798353078,0.24991358557169643,0.19940473459299565,1.72,0.5759793145938019,-0.009315578898660692,0.0,1,1,0.72,-4.069999999999997
2017,23,2018-02-11,valencia,levante,2017|2018-02-11|valencia|levante,2017|2018-02-11|valencia|levante,H,H,0.6195631919699157,0.2772180465011044,0.10321876152897992,0.6195631919699157,0.8866671511013358,0.34234514546881134,1.5,4.33,6.5,1.0514597027299106,0.6340391980175715,0.2196440639783735,0.14631673800405498,1.5,0.6195631919699157,-0.07065521204512643,0.0,1,1,0.5,-3.569999999999997
2017,23,2018-02-12,la coruna,betis,2017|2018-02-12|la coruna|betis,2017|2018-02-12|lacoruna|betis,A,H,0.5313925349447192,0.2524516659156189,0.216155799139662,0.5313925349447192,1.01458179207206,0.27894086902910026,2.2,3.6,3.1,1.0549038774845225,0.4308880308880309,0.2633204633204634,0.3057915057915058,2.2,0.5313925349447192,0.16906357687838225,0.1408863140653185,1,0,-1.0,-4.569999999999997
2017,24,2018-02-16,girona,leganes,2017|2018-02-16|girona|leganes,2017|2018-02-16|girona|leganes,H,H,0.522616894111935,0.2982833111016388,0.17909979478642613,0.522616894111935,1.0079843108837707,0.2243335830102962,1.85,3.25,5.0,1.0482328482328482,0.5156683855612851,0.2935343117810393,0.19079730265767553,1.85,0.522616894111935,-0.03315874589292017,0.0,1,1,0.8500000000000001,-3.719999999999997
2017,24,2018-02-17,alaves,la coruna,2017|2018-02-17|alaves|la coruna,2017|2018-02-17|alaves|lacoruna,H,H,0.5879524413091459,0.20893413127701235,0.20311342741384178,0.5879524413091459,0.9631636155314183,0.3790183100321336,1.9,3.39,4.33,1.0522479224282375,0.5001823032913411,0.28033816408659235,0.21947953262206651,1.9,0.5879524413091459,0.11710963848737721,0.13012182054153024,1,1,0.8999999999999999,-2.819999999999997
2017,24,2018-02-17,eibar,barcelona,2017|2018-02-17|eibar|barcelona,2017|2018-02-17|eibar|barcelona,A,A,0.08816171370550091,0.16412457346750534,0.7477137128269936,0.7477137128269936,0.7280889898492937,0.5835891393594883,6.5,4.75,1.44,1.0588169140800718,0.14530005310674457,0.19883165161975572,0.6558682952734998,1.44,0.7477137128269936,0.07670774647087075,0.17433578743379718,1,1,0.43999999999999995,-2.3799999999999972
2017,24,2018-02-17,las palmas,sevilla,2017|2018-02-17|las palmas|sevilla,2017|2018-02-17|laspalmas|sevilla,A,A,0.24132385752562227,0.22949392965189172,0.5291822128224861,0.5291822128224861,1.0176403938840695,0.2878583552968639,3.5,3.6,2.04,1.053688141923436,0.2711564023039433,0.26362428001772265,0.465219317678334,2.04,0.5291822128224861,0.07953171415787175,0.07647280207487668,1,1,1.04,-1.3399999999999972
2017,24,2018-02-17,malaga,valencia,2017|2018-02-17|malaga|valencia,2017|2018-02-17|malaga|valencia,A,A,0.25752519669904467,0.23036395054862455,0.5121108527523307,0.5121108527523307,1.0302763561700625,0.25458565605328604,3.6,3.5,2.04,1.053688141923436,0.26362428001772265,0.2711564023039433,0.465219317678334,2.04,0.5121108527523307,0.04470613961475467,0.04298667270649487,1,1,1.04,-0.29999999999999716
2017,24,2018-02-18,ath madrid,ath bilbao,2017|2018-02-18|ath madrid|ath bilbao,2017|2018-02-18|athmadrid|athbilbao,H,H,0.609989842376054,0.2556319674034334,0.13437819022051253,0.609989842376054,0.9199221946305669,0.3543578749726206,1.44,4.2,8.5,1.050186741363212,0.6612580573460769,0.22671704823294064,0.11202489442098243,1.44,0.609989842376054,-0.12161462697848224,0.0,1,1,0.43999999999999995,0.1400000000000028
2017,24,2018-02-18,betis,real madrid,2017|2018-02-18|betis|real madrid,2017|2018-02-18|betis|realmadrid,A,A,0.09995337261453052,0.14621415037206095,0.7538324770134085,0.7538324770134085,0.7243430530228612,0.6076183266413475,9.0,6.0,1.3,1.0470085470085468,0.10612244897959185,0.15918367346938778,0.7346938775510204,1.3,0.7538324770134085,-0.02001777988256892,0.0,1,1,0.30000000000000004,0.44000000000000283
2017,24,2018-02-18,espanol,villarreal,2017|2018-02-18|espanol|villarreal,2017|2018-02-18|espanol|villarreal,D,H,0.39812696048271345,0.2802627035139956,0.32161033600329086,0.39812696048271345,1.0880101279794459,0.07651662447942259,2.5,3.25,2.89,1.0537130689379826,0.3796099828230777,0.2920076790946751,0.3283823380822471,2.5,0.39812696048271345,-0.004682598793216308,0.0,1,0,-1.0,-0.5599999999999972
2017,24,2018-02-18,sociedad,levante,2017|2018-02-18|sociedad|levante,2017|2018-02-18|sociedad|levante,H,H,0.622944795879536,0.25771217622539844,0.1193430278950656,0.622944795879536,0.8979669868017752,0.36523261965413756,1.57,4.2,5.75,1.0489509567327344,0.6072187370353144,0.2269841469393913,0.1657971160252945,1.57,0.622944795879536,-0.021976670469128434,0.0,1,1,0.5700000000000001,0.010000000000002895
2017,24,2018-02-19,getafe,celta,2017|2018-02-19|getafe|celta,2017|2018-02-19|getafe|celta,H,H,0.39154925681938973,0.2820789100259652,0.3263718331546452,0.39154925681938973,1.0895683574078192,0.06517742366474455,2.5,3.29,2.87,1.052383423530284,0.3800896052297895,0.2888218884724844,0.331088506297726,2.5,0.39154925681938973,-0.02112685795152569,0.0,1,1,1.5,1.510000000000003
2017,25,2018-02-23,la coruna,espanol,2017|2018-02-23|la coruna|espanol,2017|2018-02-23|lacoruna|espanol,D,H,0.37411930253805353,0.2990527151178355,0.3268279823441109,0.37411930253805353,1.0943226345652115,0.04729132019394261,2.54,3.2,2.87,1.0546328431507037,0.3733060182588266,0.2963116519929436,0.3303823297482298,2.54,0.37411930253805353,-0.049736971553344,0.0,1,0,-1.0,0.5100000000000029
2017,25,2018-02-24,barcelona,girona,2017|2018-02-24|barcelona|girona,2017|2018-02-24|barcelona|girona,H,H,0.8528398935483626,0.11163674297236666,0.0355233634792706,0.8528398935483626,0.49908363933855215,0.741203150575996,1.14,8.0,19.0,1.0548245614035088,0.8316008316008316,0.1185031185031185,0.04989604989604989,1.14,0.8528398935483626,-0.027762521354866662,0.0,1,1,0.1399999999999999,0.6500000000000028
2017,25,2018-02-24,celta,eibar,2017|2018-02-24|celta|eibar,2017|2018-02-24|celta|eibar,H,H,0.5253467424544469,0.2601164542753924,0.21453680327016064,0.5253467424544469,1.0186744618740649,0.26523028817905453,2.0,3.5,3.7,1.055984555984556,0.473491773308958,0.2705667276051188,0.2559414990859232,2.0,0.5253467424544469,0.050693484908893804,0.050693484908893804,1,1,1.0,1.6500000000000028
2017,25,2018-02-24,leganes,las palmas,2017|2018-02-24|leganes|las palmas,2017|2018-02-24|leganes|laspalmas,D,H,0.5978002153640383,0.28580063768204267,0.11639914695391913,0.5978002153640383,0.9158646510428818,0.3119995776819956,1.8,3.5,4.75,1.0517961570593148,0.5281969817315331,0.27164416203335984,0.20015885623510724,1.8,0.5978002153640383,0.07604038765526888,0.0950504845690861,1,0,-1.0,0.6500000000000028
2017,25,2018-02-24,real madrid,alaves,2017|2018-02-24|real madrid|alaves,2017|2018-02-24|realmadrid|alaves,H,H,0.8998481715832848,0.06884689412136025,0.03130493429535498,0.8998481715832848,0.38762528512720174,0.8310012774619245,1.14,8.5,17.0,1.0536635706914346,0.8325171400587659,0.11165523996082272,0.05582761998041136,1.14,0.8998481715832848,0.025826915604944573,0.18447796860674706,1,1,0.1399999999999999,0.7900000000000027
2017,25,2018-02-25,ath bilbao,malaga,2017|2018-02-25|ath bilbao|malaga,2017|2018-02-25|athbilbao|malaga,H,H,0.5994718841287766,0.2650623509333126,0.13546576493791082,0.5994718841287766,0.9295016582173852,0.334409533195464,1.75,3.5,5.25,1.0476190476190474,0.5454545454545455,0.27272727272727276,0.18181818181818185,1.75,0.5994718841287766,0.04907579722535904,0.06543439630047872,1,1,0.75,1.5400000000000027
2017,25,2018-02-25,sevilla,ath madrid,2017|2018-02-25|sevilla|ath madrid,2017|2018-02-25|sevilla|athmadrid,A,A,0.22293852452445592,0.3040208266264771,0.4730406488490669,0.4730406488490669,1.0506904049446404,0.16901982222258977,3.39,3.2,2.25,1.0519296951819075,0.28042297131506694,0.297073085236899,0.4225039434480341,2.25,0.4730406488490669,0.06434145991040041,0.05147316792832033,1,1,1.25,2.7900000000000027
2017,25,2018-02-25,valencia,sociedad,2017|2018-02-25|valencia|sociedad,2017|2018-02-25|valencia|sociedad,H,H,0.6107126733986763,0.2367921522787123,0.15249517432261134,0.6107126733986763,0.9290620350903499,0.373920521119964,1.7,4.0,4.75,1.0487616099071206,0.5608856088560886,0.23837638376383766,0.2007380073800738,1.7,0.6107126733986763,0.038211544777749684,0.05458792111107098,1,1,0.7,3.490000000000003
2017,25,2018-02-25,villarreal,getafe,2017|2018-02-25|villarreal|getafe,2017|2018-02-25|villarreal|getafe,H,H,0.5608859057920246,0.2398510657350259,0.19926302847294947,0.5608859057920246,0.9882067672235828,0.32103484005699867,1.75,3.75,4.75,1.0486215538847117,0.5449330783938815,0.25430210325047803,0.20076481835564056,1.75,0.5608859057920246,-0.018449664863956994,0.0,1,1,0.75,4.240000000000003
2017,25,2018-02-26,levante,betis,2017|2018-02-26|levante|betis,2017|2018-02-26|levante|betis,A,H,0.40976273108357286,0.28909959299087357,0.30113767592555357,0.40976273108357286,1.0857706026654437,0.10862505515801929,2.5,3.29,2.87,1.052383423530284,0.3800896052297895,0.2888218884724844,0.331088506297726,2.5,0.40976273108357286,0.0244068277089321,0.0162712184726214,1,0,-1.0,3.240000000000003
2017,26,2018-02-27,espanol,real madrid,2017|2018-02-27|espanol|real madrid,2017|2018-02-27|espanol|realmadrid,H,A,0.17464513207177326,0.23359180994928527,0.5917630579789415,0.5917630579789415,0.9549080466639237,0.35817124802965616,6.0,4.33,1.53,1.0512083201255868,0.15854770503220061,0.21969658895916944,0.6217557060086298,1.53,0.5917630579789415,-0.09460252129221952,0.0,1,0,-1.0,2.240000000000003
2017,26,2018-02-27,girona,celta,2017|2018-02-27|girona|celta,2017|2018-02-27|girona|celta,H,H,0.4373927212650049,0.2726213305483415,0.2899859481866537,0.4373927212650049,1.0749888541435024,0.1474067730783512,2.29,3.5,3.0,1.0557288417550426,0.4136300965136892,0.2706322631475281,0.31573764033878277,2.29,0.4373927212650049,0.0016293316968611915,0.0012630478270241794,1,1,1.29,3.530000000000003
2017,26,2018-02-28,ath bilbao,valencia,2017|2018-02-28|ath bilbao|valencia,2017|2018-02-28|athbilbao|valencia,D,A,0.350709203884003,0.2656665020749932,0.3836242940410039,0.3836242940410039,1.0871641128893794,0.03291509015700089,2.62,3.2,2.79,1.0526023283810775,0.3626054959426199,0.29688324980302006,0.34051125425435996,2.79,0.3836242940410039,0.070311780374401,0.039280324231508935,1,0,-1.0,2.530000000000003
2017,26,2018-02-28,ath madrid,leganes,2017|2018-02-28|ath madrid|leganes,2017|2018-02-28|athmadrid|leganes,H,H,0.6973602832202814,0.21926286880602763,0.0833768479736908,0.6973602832202814,0.7912337164782776,0.4780974144142538,1.25,5.25,15.0,1.0571428571428572,0.7567567567567568,0.18018018018018017,0.06306306306306306,1.25,0.6973602832202814,-0.1282996459746482,0.0,1,1,0.25,2.780000000000003
2017,26,2018-02-28,eibar,villarreal,2017|2018-02-28|eibar|villarreal,2017|2018-02-28|eibar|villarreal,H,H,0.4109227029887243,0.2797834693468591,0.3092938276644165,0.4109227029887243,1.0847704033686083,0.10162887532430781,2.2,3.2,3.6,1.0448232323232323,0.4350453172205438,0.2990936555891239,0.26586102719033233,2.2,0.4109227029887243,-0.09597005342480641,0.0,1,1,1.2000000000000002,3.980000000000003
2017,26,2018-02-28,getafe,la coruna,2017|2018-02-28|getafe|la coruna,2017|2018-02-28|getafe|lacoruna,H,H,0.45469227695109576,0.355170690712981,0.19013703233592333,0.45469227695109576,1.041645398514838,0.09952158623811475,1.9,3.39,4.33,1.0522479224282375,0.5001823032913411,0.28033816408659235,0.21947953262206651,1.9,0.45469227695109576,-0.13608467379291816,0.0,1,1,0.8999999999999999,4.880000000000003
2017,26,2018-02-28,malaga,sevilla,2017|2018-02-28|malaga|sevilla,2017|2018-02-28|malaga|sevilla,A,A,0.31389339967616703,0.25431894526403587,0.43178765505979716,0.43178765505979716,1.0745382330878228,0.11789425538363013,3.5,3.2,2.14,1.0655040053404539,0.26814942438718775,0.2932884329234866,0.43856214268932575,2.14,0.43178765505979716,-0.07597441817203399,0.0,1,1,1.1400000000000001,6.020000000000003
2017,26,2018-03-01,alaves,levante,2017|2018-03-01|alaves|levante,2017|2018-03-01|alaves|levante,H,H,0.43726734935724904,0.37656624766449065,0.18616640297826031,0.43726734935724904,1.042456829113526,0.060701101692758386,1.8,3.39,5.0,1.0505408062930186,0.5288281542493449,0.28079371022089106,0.19037813552976415,1.8,0.43726734935724904,-0.2129187711569518,0.0,1,1,0.8,6.820000000000003
2017,26,2018-03-01,betis,sociedad,2017|2018-03-01|betis|sociedad,2017|2018-03-01|betis|sociedad,D,A,0.30326263577529045,0.27312654748399817,0.4236108167407113,0.4236108167407113,1.0801650918209573,0.12034818096542088,2.79,3.39,2.39,1.0718182316465676,0.33440645856292023,0.2752194747464742,0.3903740666906056,2.39,0.4236108167407113,0.012429852010300113,0.008942339575755477,1,0,-1.0,5.820000000000003
2017,26,2018-03-01,las palmas,barcelona,2017|2018-03-01|las palmas|barcelona,2017|2018-03-01|laspalmas|barcelona,D,A,0.06378967406504109,0.0987973678580566,0.8374129580769022,0.8374129580769022,0.5528331988779942,0.7386155902188456,15.0,7.5,1.18,1.0474576271186442,0.06364617044228693,0.12729234088457386,0.8090614886731391,1.18,0.8374129580769022,-0.011852709469255457,0.0,1,0,-1.0,4.820000000000003
2017,27,2018-03-03,la coruna,eibar,2017|2018-03-03|la coruna|eibar,2017|2018-03-03|lacoruna|eibar,D,H,0.4043959258958783,0.3019622317811312,0.2936418423229905,0.4043959258958783,1.0875370177112937,0.10243369411474712,2.79,3.1,2.7,1.051373954599761,0.34090909090909094,0.3068181818181819,0.3522727272727273,2.79,0.4043959258958783,0.12826463324950044,0.07165621969245835,1,0,-1.0,3.820000000000003
2017,27,2018-03-03,leganes,malaga,2017|2018-03-03|leganes|malaga,2017|2018-03-03|leganes|malaga,H,H,0.4138451958321177,0.3514180582413476,0.2347367459265347,0.4138451958321177,1.072827717551581,0.06242713759077012,2.14,2.89,4.0,1.063310480871843,0.43946686130942875,0.3254183678900268,0.23511477080054438,2.14,0.4138451958321177,-0.11437128091926813,0.0,1,1,1.1400000000000001,4.960000000000003
2017,27,2018-03-03,real madrid,getafe,2017|2018-03-03|real madrid|getafe,2017|2018-03-03|realmadrid|getafe,H,H,0.8283960123665067,0.11823783489237935,0.053366152741113934,0.8283960123665067,0.5647953531167678,0.7101581774741274,1.19,7.5,13.0,1.0505925447101918,0.7998687394889044,0.12691250666557283,0.07321875384552279,1.19,0.8283960123665067,-0.014208745283857044,0.0,1,1,0.18999999999999995,5.150000000000003
2017,27,2018-03-03,sevilla,ath bilbao,2017|2018-03-03|sevilla|ath bilbao,2017|2018-03-03|sevilla|athbilbao,H,H,0.5571726823498875,0.2616846079267758,0.18114270972333674,0.5571726823498875,0.9861744850009739,0.2954880744231117,1.7,3.75,5.25,1.0453781512605043,0.5627009646302251,0.255091103965702,0.18220793140407288,1.7,0.5571726823498875,-0.0528064400051913,0.0,1,1,0.7,5.850000000000003
2017,27,2018-03-03,villarreal,girona,2017|2018-03-03|villarreal|girona,2017|2018-03-03|villarreal|girona,A,H,0.5685132059876433,0.23507300801712228,0.19641378599523446,0.5685132059876433,0.9810791463946058,0.33344019797052105,1.8,3.39,4.75,1.0610671220824923,0.5235819148417306,0.2780080963761401,0.19840998878212945,1.8,0.5685132059876433,0.02332377077775799,0.029154713472197488,1,0,-1.0,4.850000000000003
2017,27,2018-03-04,barcelona,ath madrid,2017|2018-03-04|barcelona|ath madrid,2017|2018-03-04|barcelona|athmadrid,H,H,0.6472668429277498,0.2005429008308782,0.15219025624137195,0.6472668429277498,0.8902936183737027,0.4467239420968716,1.72,3.79,4.75,1.0557739073707464,0.5506816798353078,0.24991358557169643,0.19940473459299565,1.72,0.6472668429277498,0.11329896983572968,0.15735968032740233,1,1,0.72,5.570000000000003
2017,27,2018-03-04,levante,espanol,2017|2018-03-04|levante|espanol,2017|2018-03-04|levante|espanol,D,A,0.2901434174224177,0.2648080549610427,0.4450485276165396,0.4450485276165396,1.071180160973728,0.1549051101941219,3.1,3.1,2.45,1.053324555628703,0.30625,0.30625,0.3875,2.45,0.4450485276165396,0.09036889266052217,0.062323374248635974,1,0,-1.0,4.570000000000003
2017,27,2018-03-04,sociedad,alaves,2017|2018-03-04|sociedad|alaves,2017|2018-03-04|sociedad|alaves,H,H,0.6802289785764148,0.1821283198128225,0.13764270161076267,0.6802289785764148,0.845240707026373,0.49810065876359233,1.64,4.0,5.25,1.050232288037166,0.5805916505391209,0.23804257672103957,0.18136577273983967,1.64,0.6802289785764148,0.1155755248653203,0.180586757602063,1,1,0.6399999999999999,5.210000000000003
2017,27,2018-03-04,valencia,betis,2017|2018-03-04|valencia|betis,2017|2018-03-04|valencia|betis,H,H,0.7581389392579553,0.16693369159424915,0.07492736914779563,0.7581389392579553,0.7029123230202068,0.5912052476637062,1.44,4.75,6.5,1.0588169140800718,0.6558682952734998,0.19883165161975572,0.14530005310674457,1.44,0.7581389392579553,0.09172007253145559,0.20845471029876272,1,1,0.43999999999999995,5.650000000000003
2017,27,2018-03-05,celta,las palmas,2017|2018-03-05|celta|las palmas,2017|2018-03-05|celta|laspalmas,H,H,0.7499007293287049,0.1822723397759181,0.0678269308953769,0.7499007293287049,0.7086143899426235,0.5676283895527867,1.44,4.33,7.0,1.0682484695186774,0.6500776404176282,0.2161921021250311,0.13373025745734066,1.44,0.7499007293287049,0.079857050233335,0.1814932959848523,1,1,0.43999999999999995,6.0900000000000025
2017,28,2018-03-09,girona,la coruna,2017|2018-03-09|girona|la coruna,2017|2018-03-09|girona|lacoruna,H,H,0.7691869081908022,0.1363781232873488,0.094434968521849,0.7691869081908022,0.6964121953780343,0.6328087849034534,1.55,4.2,5.5,1.0650747102360005,0.6057427559984266,0.2235479218565622,0.17070932214501117,1.55,0.7691869081908022,0.1922397076957434,0.34952674126498795,1,1,0.55,6.640000000000002
2017,28,2018-03-10,eibar,real madrid,2017|2018-03-10|eibar|real madrid,2017|2018-03-10|eibar|realmadrid,A,A,0.11161118276154774,0.18548006997205635,0.702908747266396,0.702908747266396,0.8050270707196728,0.5174286772943396,5.75,4.75,1.5,1.0511060259344012,0.16545718432510886,0.20029027576197386,0.6342525399129173,1.5,0.702908747266396,0.05436312089959394,0.10872624179918788,1,1,0.5,7.140000000000002
2017,28,2018-03-10,getafe,levante,2017|2018-03-10|getafe|levante,2017|2018-03-10|getafe|levante,A,H,0.5413719336808095,0.3233632329965647,0.1352648333226258,0.5413719336808095,0.9678826132747693,0.21800870068424477,1.75,3.5,5.25,1.0476190476190474,0.5454545454545455,0.27272727272727276,0.18181818181818185,1.75,0.5413719336808095,-0.05259911605858336,0.0,1,0,-1.0,6.140000000000002
2017,28,2018-03-10,malaga,barcelona,2017|2018-03-10|malaga|barcelona,2017|2018-03-10|malaga|barcelona,A,A,0.07981823985049216,0.1766134476867005,0.7435683124628074,0.7435683124628074,0.7283070275022799,0.5669548647761069,13.0,6.0,1.25,1.0435897435897437,0.07371007371007371,0.1597051597051597,0.7665847665847666,1.25,0.7435683124628074,-0.07053960942149073,0.0,1,1,0.25,6.390000000000002
2017,28,2018-03-10,sevilla,valencia,2017|2018-03-10|sevilla|valencia,2017|2018-03-10|sevilla|valencia,A,H,0.42609271390580866,0.30770404333153356,0.2662032427626577,0.42609271390580866,1.0784828615348383,0.1183886705742751,2.0,3.5,3.79,1.049566528458349,0.4763871431136649,0.27222122463637993,0.2513916322499551,2.0,0.42609271390580866,-0.14781457218838273,0.0,1,0,-1.0,5.390000000000002
2017,28,2018-03-11,ath bilbao,leganes,2017|2018-03-11|ath bilbao|leganes,2017|2018-03-11|athbilbao|leganes,H,H,0.4632781688684836,0.30309848690328706,0.2336233442282294,0.4632781688684836,1.0579657947702623,0.16017968196519655,1.9,3.29,4.5,1.0524893794770613,0.5000675538742148,0.2887928122677836,0.21113963385800177,1.9,0.4632781688684836,-0.11977147914988118,0.0,1,1,0.8999999999999999,6.290000000000003
2017,28,2018-03-11,ath madrid,celta,2017|2018-03-11|ath madrid|celta,2017|2018-03-11|athmadrid|celta,H,H,0.7105185087588022,0.18225770438222375,0.10722378685897399,0.7105185087588022,0.79250368200761,0.5282608043765784,1.39,4.75,8.0,1.0549507762211285,0.6819507380322132,0.19956032123468972,0.11848894073309703,1.39,0.7105185087588022,-0.01237927282526502,0.0,1,1,0.3899999999999999,6.680000000000002
2017,28,2018-03-11,espanol,sociedad,2017|2018-03-11|espanol|sociedad,2017|2018-03-11|espanol|sociedad,H,A,0.29376987233097734,0.3191568964689908,0.3870732312000318,0.3870732312000318,1.0917434420443903,0.06791633473104097,2.87,3.1,2.62,1.0526920902233963,0.33099142568382617,0.30643399732663906,0.36257457698953477,2.62,0.3870732312000318,0.014131865744083316,0.008723373916100811,1,0,-1.0,5.680000000000002
2017,28,2018-03-11,las palmas,villarreal,2017|2018-03-11|las palmas|villarreal,2017|2018-03-11|laspalmas|villarreal,A,A,0.18994471457881876,0.2604575568186087,0.5495977286025725,0.5495977286025725,0.9948719263986348,0.2891401717839638,3.5,3.5,2.1,1.0476190476190474,0.27272727272727276,0.27272727272727276,0.4545454545454546,2.1,0.5495977286025725,0.15415523006540233,0.14014111824127484,1,1,1.1,6.780000000000003
2017,28,2018-03-12,alaves,betis,2017|2018-03-12|alaves|betis,2017|2018-03-12|alaves|betis,A,H,0.4533847824990939,0.29700008694076513,0.24961513056014092,0.4533847824990939,1.0656232699715327,0.1563846955583288,2.14,3.29,3.6,1.0490188651851011,0.44545406678049987,0.28974823796664734,0.26479769525285274,2.14,0.4533847824990939,-0.029756565451938943,0.0,1,0,-1.0,5.780000000000003
2017,29,2018-03-16,levante,eibar,2017|2018-03-16|levante|eibar,2017|2018-03-16|levante|eibar,H,H,0.4998040885075873,0.16614680583481944,0.33404910565759327,0.4998040885075873,1.0111217419699032,0.16575498284999401,3.2,3.2,2.37,1.0469409282700421,0.29848866498740556,0.29848866498740556,0.4030226700251889,3.2,0.4998040885075873,0.5993730832242793,0.27244231055649054,1,1,2.2,7.980000000000003
2017,29,2018-03-17,betis,espanol,2017|2018-03-17|betis|espanol,2017|2018-03-17|betis|espanol,H,H,0.45149792877921463,0.278114132566298,0.27038793865448735,0.45149792877921463,1.0685731189792116,0.1733837962129166,2.2,3.39,3.29,1.0534820730640726,0.43146956760583544,0.28000974888874275,0.28852068350542187,2.2,0.45149792877921463,-0.0067045566857276695,0.0,1,1,1.2000000000000002,9.180000000000003
2017,29,2018-03-17,la coruna,las palmas,2017|2018-03-17|la coruna|las palmas,2017|2018-03-17|lacoruna|laspalmas,D,H,0.6194111667520638,0.24310861769447747,0.1374802155534587,0.6194111667520638,0.913303477971809,0.3763025490575863,1.72,3.75,5.0,1.048062015503876,0.5547337278106509,0.2544378698224852,0.1908284023668639,1.72,0.6194111667520638,0.06538720681354965,0.09081556501881896,1,0,-1.0,8.180000000000003
2017,29,2018-03-17,sociedad,getafe,2017|2018-03-17|sociedad|getafe,2017|2018-03-17|sociedad|getafe,A,H,0.5659711687383554,0.2326404490777252,0.20138838218391936,0.5659711687383554,0.984137097664403,0.3333307196606302,1.72,3.6,5.25,1.0496493170911776,0.5538948478987163,0.26463864955160893,0.18146650254967467,1.72,0.5659711687383554,-0.026529589770028728,0.0,1,0,-1.0,7.180000000000003
2017,29,2018-03-17,valencia,alaves,2017|2018-03-17|valencia|alaves,2017|2018-03-17|valencia|alaves,H,H,0.7254947728945175,0.17413680544136909,0.10036842166411339,0.7254947728945175,0.767926197639425,0.5513579674531484,1.44,4.5,7.5,1.05,0.6613756613756613,0.21164021164021163,0.12698412698412698,1.44,0.7254947728945175,0.0447124729681051,0.10161925674569341,1,1,0.43999999999999995,7.620000000000003
2017,29,2018-03-18,barcelona,ath bilbao,2017|2018-03-18|barcelona|ath bilbao,2017|2018-03-18|barcelona|athbilbao,H,H,0.8759711745265907,0.08479303130737799,0.03923579416603129,0.8759711745265907,0.4522803046857097,0.7911781432192126,1.16,8.0,15.0,1.0537356321839082,0.8181074447777474,0.11862557949277337,0.06326697572947913,1.16,0.8759711745265907,0.016126562450845122,0.10079101531778206,1,1,0.15999999999999992,7.780000000000003
2017,29,2018-03-18,celta,malaga,2017|2018-03-18|celta|malaga,2017|2018-03-18|celta|malaga,D,H,0.6566089302030977,0.23085779341283674,0.11253327638406548,0.6566089302030977,0.8604699072724344,0.425751136790261,1.44,4.5,7.0,1.0595238095238095,0.6554307116104868,0.2097378277153558,0.1348314606741573,1.44,0.6566089302030977,-0.054483140507539274,0.0,1,0,-1.0,6.780000000000003
2017,29,2018-03-18,leganes,sevilla,2017|2018-03-18|leganes|sevilla,2017|2018-03-18|leganes|sevilla,H,A,0.31157837453114434,0.2779739022954262,0.41044772317342937,0.41044772317342937,1.0847093401250856,0.09886934864228503,3.7,3.29,2.1,1.0504121142419014,0.2572992700729927,0.2893639207507821,0.45333680917622526,2.1,0.41044772317342937,-0.13805978133579827,0.0,1,0,-1.0,5.780000000000003
2017,29,2018-03-18,real madrid,girona,2017|2018-03-18|real madrid|girona,2017|2018-03-18|realmadrid|girona,H,H,0.8783227050900498,0.08227201277961753,0.03940528213033266,0.8783227050900498,0.446878437699325,0.7960506923104324,1.16,7.5,17.0,1.0542258282623393,0.8177270395074399,0.12647511544381734,0.055797845048742946,1.16,0.8783227050900498,0.01885433790445773,0.11783961190286087,1,1,0.15999999999999992,5.940000000000003
2017,29,2018-03-18,villarreal,ath madrid,2017|2018-03-18|villarreal|ath madrid,2017|2018-03-18|villarreal|athmadrid,H,A,0.1644720572044478,0.2246524962781865,0.6108754465173657,0.6108754465173657,0.9334031013747639,0.3862229502391792,4.2,3.1,2.04,1.050871961687901,0.22656921754084264,0.3069647463456578,0.46646603611349957,2.04,0.6108754465173657,0.24618591089542607,0.23671722201483275,1,0,-1.0,4.940000000000003
2017,30,2018-03-31,ath bilbao,celta,2017|2018-03-31|ath bilbao|celta,2017|2018-03-31|athbilbao|celta,D,H,0.4628613193096442,0.26533409037681566,0.2718045903135402,0.4628613193096442,1.0626632637409037,0.19105672899610399,2.04,3.29,3.6,1.0719252239903052,0.4573043599128944,0.2835565028031321,0.25913913728397353,2.04,0.4628613193096442,-0.05576290860832578,0.0,1,0,-1.0,3.940000000000003
2017,30,2018-03-31,girona,levante,2017|2018-03-31|girona|levante,2017|2018-03-31|girona|levante,D,H,0.6393935298798588,0.2255050474268254,0.1351014226933158,0.6393935298798588,0.8922658622276011,0.41388848245303334,1.57,3.79,6.0,1.0674615845699658,0.5966890840533923,0.24717727228596992,0.15613364366063764,1.57,0.6393935298798588,0.003847841911378269,0.006750599844523278,1,0,-1.0,2.940000000000003
2017,30,2018-03-31,las palmas,real madrid,2017|2018-03-31|las palmas|real madrid,2017|2018-03-31|laspalmas|realmadrid,A,A,0.09715106553757664,0.18708738248952617,0.7157615519728973,0.7157615519728973,0.779455118076725,0.5286741694833711,10.0,6.0,1.25,1.0666666666666667,0.09375,0.15625,0.75,1.25,0.7157615519728973,-0.10529806003387843,0.0,1,1,0.25,3.190000000000003
2017,30,2018-03-31,sevilla,barcelona,2017|2018-03-31|sevilla|barcelona,2017|2018-03-31|sevilla|barcelona,D,A,0.14719342960671528,0.2181546028346323,0.6346519675586525,0.6346519675586525,0.9027379285852333,0.4164973647240202,4.75,4.0,1.66,1.0629359543436907,0.19806114839671882,0.23519761372110362,0.5667412378821775,1.66,0.6346519675586525,0.05352226614736311,0.08109434264751987,1,0,-1.0,2.190000000000003
2017,30,2018-04-01,ath madrid,la coruna,2017|2018-04-01|ath madrid|la coruna,2017|2018-04-01|athmadrid|lacoruna,H,H,0.8150979400142645,0.14748490724048496,0.03741715274525051,0.8150979400142645,0.5718735545417346,0.6676130327737795,1.22,5.75,13.0,1.0705082515488789,0.765685019206146,0.16245838668373877,0.07185659411011523,1.22,0.8150979400142645,-0.005580513182597335,0.0,1,1,0.21999999999999997,2.410000000000003
2017,30,2018-04-01,eibar,sociedad,2017|2018-04-01|eibar|sociedad,2017|2018-04-01|eibar|sociedad,D,H,0.37692078398665935,0.2798097853983137,0.343269430615027,0.37692078398665935,1.091184917077532,0.03365135337163233,2.37,3.39,2.87,1.0653582347566342,0.39605544360994077,0.2768883189839409,0.32705623740611833,2.37,0.37692078398665935,-0.10669774195161741,0.0,1,0,-1.0,1.410000000000003
2017,30,2018-04-01,espanol,alaves,2017|2018-04-01|espanol|alaves,2017|2018-04-01|espanol|alaves,D,H,0.4245806078271834,0.28127025506862674,0.29414913710418983,0.4245806078271834,1.0804336660434508,0.13043147072299355,2.04,3.2,3.75,1.0693627450980392,0.4584001833600733,0.29223011689204675,0.2493696997478799,2.04,0.4245806078271834,-0.13385556003254584,0.0,1,0,-1.0,0.41000000000000303
2017,30,2018-04-01,leganes,valencia,2017|2018-04-01|leganes|valencia,2017|2018-04-01|leganes|valencia,A,A,0.24431535156578196,0.2869795800594688,0.46870506837474935,0.46870506837474935,1.057737873463737,0.18172548831528057,3.75,3.39,2.0,1.06165191740413,0.25118088357877183,0.2778549597110308,0.47096415671019726,2.0,0.46870506837474935,-0.06258986325050131,0.0,1,1,1.0,1.410000000000003
2017,30,2018-04-01,malaga,villarreal,2017|2018-04-01|malaga|villarreal,2017|2018-04-01|malaga|villarreal,H,A,0.2993090164363303,0.29784919653830616,0.40284178702536344,0.40284178702536344,1.0880638485009477,0.10353277058903315,3.5,3.2,2.14,1.0655040053404539,0.26814942438718775,0.2932884329234866,0.43856214268932575,2.14,0.40284178702536344,-0.1379185757657222,0.0,1,0,-1.0,0.41000000000000303
2017,30,2018-04-02,getafe,betis,2017|2018-04-02|getafe|betis,2017|2018-04-02|getafe|betis,A,H,0.7767074674488612,0.10342678962488744,0.11986574292625131,0.7767074674488612,0.6852126519470089,0.6568417245226099,1.95,3.5,3.75,1.0652014652014652,0.48143053645116923,0.2682255845942228,0.25034387895460797,1.95,0.7767074674488612,0.5145795615252793,0.5416626963423993,1,0,-1.0,-0.589999999999997
2017,31,2018-04-06,la coruna,malaga,2017|2018-04-06|la coruna|malaga,2017|2018-04-06|lacoruna|malaga,H,H,0.4397213814097857,0.3078323105946281,0.25244630799558626,0.4397213814097857,1.0714759442612767,0.1318890708151576,2.04,3.29,3.79,1.0579996889565908,0.46332346176283706,0.2872887118529446,0.2493878263842184,2.04,0.4397213814097857,-0.10296838192403707,0.0,1,1,1.04,0.45000000000000306
2017,31,2018-04-07,alaves,getafe,2017|2018-04-07|alaves|getafe,2017|2018-04-07|alaves|getafe,H,A,0.31052006935795695,0.3003153627543931,0.3891645678876499,0.3891645678876499,1.091686533515138,0.07864449852969296,2.45,3.0,3.2,1.0539965986394557,0.3872529245663574,0.3162565550625252,0.2964905203711174,3.2,0.3891645678876499,0.24532661724047977,0.11151209874567261,1,0,-1.0,-0.5499999999999969
2017,31,2018-04-07,barcelona,leganes,2017|2018-04-07|barcelona|leganes,2017|2018-04-07|barcelona|leganes,H,H,0.8955693459628072,0.06892917543599988,0.03550147860119284,0.8955693459628072,0.4016509308261289,0.8266401705268074,1.12,9.0,21.0,1.0515873015873016,0.8490566037735848,0.10566037735849056,0.045283018867924525,1.12,0.8955693459628072,0.0030376674783442054,0.025313895652868356,1,1,0.1200000000000001,-0.42999999999999683
2017,31,2018-04-07,betis,eibar,2017|2018-04-07|betis|eibar,2017|2018-04-07|betis|eibar,H,H,0.39384243923543094,0.31728845886049384,0.28886910190407517,0.39384243923543094,1.0899258098135003,0.0765539803749371,2.25,3.39,3.25,1.0471220028742152,0.42444380236925744,0.28171048829817974,0.2938457093325629,2.25,0.39384243923543094,-0.11385451172028038,0.0,1,1,1.25,0.8200000000000032
2017,31,2018-04-07,celta,sevilla,2017|2018-04-07|celta|sevilla,2017|2018-04-07|celta|sevilla,H,H,0.4576907593836179,0.28042864748640595,0.261880593129976,0.4576907593836179,1.065145621202289,0.17726211189721197,2.2,3.39,3.29,1.0534820730640726,0.43146956760583544,0.28000974888874275,0.28852068350542187,2.2,0.4576907593836179,0.006919670643959486,0.00576639220329957,1,1,1.2000000000000002,2.020000000000003
2017,31,2018-04-08,levante,las palmas,2017|2018-04-08|levante|las palmas,2017|2018-04-08|levante|laspalmas,H,H,0.5179828024241352,0.29735206941900627,0.18466512815685857,0.5179828024241352,1.0133143641223543,0.22063073300512892,1.9,3.6,4.0,1.054093567251462,0.49930651872399445,0.2635228848821082,0.23717059639389737,1.9,0.5179828024241352,-0.01583267539414318,0.0,1,1,0.8999999999999999,2.9200000000000035
2017,31,2018-04-08,real madrid,ath madrid,2017|2018-04-08|real madrid|ath madrid,2017|2018-04-08|realmadrid|athmadrid,D,H,0.5388015497298478,0.21483087885557087,0.24636757141458132,0.5388015497298478,1.0087323565331758,0.2924339783152665,1.75,3.75,4.75,1.0486215538847117,0.5449330783938815,0.25430210325047803,0.20076481835564056,1.75,0.5388015497298478,-0.05709728797276625,0.0,1,0,-1.0,1.9200000000000033
2017,31,2018-04-08,sociedad,girona,2017|2018-04-08|sociedad|girona,2017|2018-04-08|sociedad|girona,H,H,0.5643826737967242,0.23328827868024873,0.20232904752302705,0.5643826737967242,0.9856797208992512,0.33109439511647554,1.9,3.6,4.0,1.054093567251462,0.49930651872399445,0.2635228848821082,0.23717059639389737,1.9,0.5643826737967242,0.07232708021377598,0.0803634224597511,1,1,0.8999999999999999,2.820000000000003
2017,31,2018-04-08,valencia,espanol,2017|2018-04-08|valencia|espanol,2017|2018-04-08|valencia|espanol,H,H,0.7087518982809654,0.199559531060959,0.09168857065807559,0.7087518982809654,0.784683097473534,0.5091923672200064,1.5,4.33,6.5,1.0514597027299106,0.6340391980175715,0.2196440639783735,0.14631673800405498,1.5,0.7087518982809654,0.06312784742144811,0.12625569484289623,1,1,0.5,3.320000000000003
2017,31,2018-04-09,villarreal,ath bilbao,2017|2018-04-09|villarreal|ath bilbao,2017|2018-04-09|villarreal|athbilbao,A,H,0.545908824746881,0.2647162737577535,0.18937490149536568,0.545908824746881,0.9973988172173309,0.2811925509891275,1.85,3.5,4.5,1.0484770484770483,0.5155482815057284,0.27250409165302786,0.2119476268412439,1.85,0.545908824746881,0.009931325781729838,0.011683912684388044,1,0,-1.0,2.320000000000003
2017,32,2018-04-13,girona,betis,2017|2018-04-13|girona|betis,2017|2018-04-13|girona|betis,A,H,0.4296207508727715,0.2730915806641745,0.297287668463054,0.4296207508727715,1.0780511309361012,0.13233308240971753,2.29,3.39,3.1,1.054247118606177,0.41421144530587956,0.27980655154880946,0.305982003145311,2.29,0.4296207508727715,-0.016168480501353222,0.0,1,0,-1.0,1.3200000000000032
2017,32,2018-04-14,ath bilbao,la coruna,2017|2018-04-14|ath bilbao|la coruna,2017|2018-04-14|athbilbao|lacoruna,A,H,0.8065275044621406,0.10224149005813381,0.0912310054797256,0.8065275044621406,0.6250105670369996,0.7042860144040068,1.66,3.75,5.5,1.0508944870390655,0.5732351306281267,0.25375208449138403,0.17301278488048913,1.66,0.8065275044621406,0.3388356574071534,0.5133873597078082,1,0,-1.0,0.32000000000000317
2017,32,2018-04-14,barcelona,valencia,2017|2018-04-14|barcelona|valencia,2017|2018-04-14|barcelona|valencia,H,H,0.809828772704283,0.11810031436875457,0.07207091292696252,0.809828772704283,0.6126615724143587,0.6917284583355284,1.28,6.0,9.5,1.0531798245614035,0.7418011452368558,0.15825091098386257,0.09994794377928162,1.28,0.809828772704283,0.036580829061482245,0.1306458180767223,1,1,0.28,0.6000000000000032
2017,32,2018-04-14,las palmas,sociedad,2017|2018-04-14|las palmas|sociedad,2017|2018-04-14|laspalmas|sociedad,A,A,0.20203342372703642,0.26067407914014495,0.5372924971328187,0.5372924971328187,1.007361649820204,0.2766184179926737,3.79,3.6,1.95,1.054450533342354,0.2502272362722558,0.2634336737421804,0.48633908998556385,1.95,0.5372924971328187,0.04772036940899638,0.05023196779894356,1,1,0.95,1.5500000000000032
2017,32,2018-04-14,leganes,celta,2017|2018-04-14|leganes|celta,2017|2018-04-14|leganes|celta,H,A,0.2571217388874147,0.2899323030323995,0.4529459580801858,0.4529459580801858,1.0669168946494967,0.1630136550477863,3.1,3.2,2.39,1.0534906870022944,0.30620170556912363,0.2966329022700885,0.39716539216078794,2.39,0.4529459580801858,0.08254083981164406,0.05938189914506767,1,0,-1.0,0.5500000000000032
2017,32,2018-04-14,sevilla,villarreal,2017|2018-04-14|sevilla|villarreal,2017|2018-04-14|sevilla|villarreal,D,H,0.5274308675055454,0.26158656741988323,0.21098256507457147,0.5274308675055454,1.0164868717923372,0.2658443000856621,1.8,3.75,4.5,1.0444444444444443,0.5319148936170214,0.25531914893617025,0.21276595744680854,1.8,0.5274308675055454,-0.05062443849001835,0.0,1,0,-1.0,-0.44999999999999685
2017,32,2018-04-15,ath madrid,levante,2017|2018-04-15|ath madrid|levante,2017|2018-04-15|athmadrid|levante,H,H,0.8812047552244351,0.09142992270002064,0.02736532207554428,0.8812047552244351,0.4286323820392892,0.7897748325244145,1.22,6.0,15.0,1.0530054644808744,0.7784120394395433,0.15827711468604044,0.06331084587441618,1.22,0.8812047552244351,0.07506980137381078,0.3412263698809581,1,1,0.21999999999999997,-0.22999999999999687
2017,32,2018-04-15,eibar,alaves,2017|2018-04-15|eibar|alaves,2017|2018-04-15|eibar|alaves,A,H,0.5903201626843597,0.23485448621924726,0.17482535109639305,0.5903201626843597,0.9562964138386504,0.35546567646511246,1.83,3.39,4.75,1.0519596539586307,0.5194572675628333,0.28041498514453833,0.20012774729262842,1.83,0.5903201626843597,0.08028589771237832,0.09672999724382929,1,0,-1.0,-1.2299999999999969
2017,32,2018-04-15,getafe,espanol,2017|2018-04-15|getafe|espanol,2017|2018-04-15|getafe|espanol,H,H,0.5725916899176268,0.2724531673759971,0.15495514270637606,0.5725916899176268,0.9624671773130611,0.30013852254162965,2.14,3.1,3.75,1.0565370314541251,0.44228427940952675,0.3053188251407701,0.25239689544970323,2.14,0.5725916899176268,0.22534621642372132,0.19767211966993095,1,1,1.1400000000000001,-0.08999999999999675
2017,32,2018-04-15,malaga,real madrid,2017|2018-04-15|malaga|real madrid,2017|2018-04-15|malaga|realmadrid,A,A,0.10481508655113511,0.21147226359134164,0.6837126498575232,0.6837126498575232,0.8249323107465689,0.4722403862661816,10.0,5.5,1.28,1.0630681818181817,0.09406734366648851,0.17103153393907003,0.7349011223944415,1.28,0.6837126498575232,-0.12484780818237026,0.0,1,1,0.28,0.19000000000000328
2017,33,2018-04-17,celta,barcelona,2017|2018-04-17|celta|barcelona,2017|2018-04-17|celta|barcelona,D,A,0.15552583203219267,0.25018646947030426,0.5942876984975031,0.5942876984975031,0.9453327366259935,0.3441012290271988,4.75,4.33,1.64,1.0512292955675393,0.20026678925059294,0.21969220529799457,0.5800410054514125,1.64,0.5942876984975031,-0.025368174464095006,0.0,1,0,-1.0,-0.8099999999999967
2017,33,2018-04-17,la coruna,sevilla,2017|2018-04-17|la coruna|sevilla,2017|2018-04-17|lacoruna|sevilla,D,H,0.47351320528544727,0.19009018852132836,0.33639660619322437,0.47351320528544727,1.0360774991099486,0.1371165990922229,2.5,3.5,2.75,1.0493506493506493,0.38118811881188125,0.2722772277227723,0.34653465346534656,2.5,0.47351320528544727,0.18378301321361812,0.12252200880907875,1,0,-1.0,-1.8099999999999967
2017,33,2018-04-17,villarreal,leganes,2017|2018-04-17|villarreal|leganes,2017|2018-04-17|villarreal|leganes,H,H,0.6968236186396929,0.19576674161124946,0.10740963974905775,0.6968236186396929,0.8106134638822671,0.5010568770284434,1.6,3.79,6.5,1.0426983965902172,0.5994063115890897,0.25304751940436504,0.14754616900654516,1.6,0.6968236186396929,0.1149177898235087,0.1915296497058478,1,1,0.6000000000000001,-1.2099999999999966
2017,33,2018-04-18,espanol,eibar,2017|2018-04-18|espanol|eibar,2017|2018-04-18|espanol|eibar,A,H,0.36611221449941617,0.321576295040843,0.3123114904597409,0.36611221449941617,1.0961638895451467,0.04453591945857316,2.29,3.1,3.39,1.054247118606177,0.41421144530587956,0.305982003145311,0.27980655154880946,2.29,0.36611221449941617,-0.16160302879633692,0.0,1,0,-1.0,-2.2099999999999964
2017,33,2018-04-18,real madrid,ath bilbao,2017|2018-04-18|real madrid|ath bilbao,2017|2018-04-18|realmadrid|athbilbao,D,H,0.8231741341231912,0.11063538003529864,0.06619048584151024,0.8231741341231912,0.583466532027706,0.7125387540878926,1.19,7.0,12.0,1.0665266106442577,0.7879185817465528,0.13394615889691397,0.07813525935653315,1.19,0.8231741341231912,-0.020422780393402534,0.0,1,0,-1.0,-3.2099999999999964
2017,33,2018-04-18,valencia,getafe,2017|2018-04-18|valencia|getafe,2017|2018-04-18|valencia|getafe,A,H,0.6279241201565486,0.21901687628566638,0.15305900355778498,0.6279241201565486,0.9120774247176051,0.4089072438708823,1.44,4.0,8.0,1.0694444444444444,0.6493506493506493,0.23376623376623376,0.11688311688311688,1.44,0.6279241201565486,-0.09578926697457002,0.0,1,0,-1.0,-4.209999999999996
2017,33,2018-04-19,alaves,girona,2017|2018-04-19|alaves|girona,2017|2018-04-19|alaves|girona,A,H,0.4558720474560401,0.2353522576807789,0.30877569486318096,0.4558720474560401,1.06143936969187,0.14709635259285914,2.37,3.1,3.29,1.0484729412124874,0.40243377934207464,0.30766711517442485,0.2898991054835006,2.37,0.4558720474560401,0.08041675247081503,0.05869835946774819,1,0,-1.0,-5.209999999999996
2017,33,2018-04-19,betis,las palmas,2017|2018-04-19|betis|las palmas,2017|2018-04-19|betis|laspalmas,H,H,0.7108832683184781,0.2150943575589609,0.07402237412256102,0.7108832683184781,0.76582663352037,0.49578891075951725,1.36,5.25,7.5,1.0591036414565826,0.6942607775720708,0.1798466014281936,0.12589262099973553,1.36,0.7108832683184781,-0.03319875508686965,0.0,1,1,0.3600000000000001,-4.849999999999996
2017,33,2018-04-19,levante,malaga,2017|2018-04-19|levante|malaga,2017|2018-04-19|levante|malaga,H,H,0.48667999861787314,0.2983490051137063,0.21497099626842064,0.48667999861787314,1.04179701146677,0.18833099350416682,1.85,3.5,4.5,1.0484770484770483,0.5155482815057284,0.27250409165302786,0.2119476268412439,1.85,0.48667999861787314,-0.09964200255693462,0.0,1,1,0.8500000000000001,-3.9999999999999964
2017,33,2018-04-19,sociedad,ath madrid,2017|2018-04-19|sociedad|ath madrid,2017|2018-04-19|sociedad|athmadrid,H,A,0.1632584708098885,0.2708533141778727,0.5658882150122387,0.5658882150122387,0.9718690172886872,0.29503490083436607,3.29,3.29,2.25,1.0523471800067545,0.2888318356867779,0.2888318356867779,0.4223363286264441,2.25,0.5658882150122387,0.2732484837775372,0.21859878702202976,1,0,-1.0,-4.9999999999999964
2017,34,2018-04-20,leganes,la coruna,2017|2018-04-20|leganes|la coruna,2017|2018-04-20|leganes|lacoruna,D,H,0.48459108255288713,0.2485237054321278,0.26688521201498505,0.48459108255288713,1.049599339162657,0.21770587053790208,2.29,3.25,3.2,1.0568735303997312,0.4131820980910193,0.29113446296259515,0.29568343894638566,2.29,0.48459108255288713,0.10971357904611156,0.08504928608225702,1,0,-1.0,-5.9999999999999964
2017,34,2018-04-21,celta,valencia,2017|2018-04-21|celta|valencia,2017|2018-04-21|celta|valencia,D,H,0.38848448953458153,0.2818874401721654,0.32962807029325314,0.38848448953458153,1.090070164947356,0.058856419241328395,2.7,3.39,2.6,1.049971005723218,0.3527434265818225,0.2809460919678233,0.36631048145035416,2.7,0.38848448953458153,0.048908121743370225,0.02876948337845307,1,0,-1.0,-6.9999999999999964
2017,34,2018-04-21,eibar,getafe,2017|2018-04-21|eibar|getafe,2017|2018-04-21|eibar|getafe,A,H,0.4344060196277401,0.2917248830297309,0.27386909734252907,0.4344060196277401,1.0762751583994912,0.14268113659800924,2.04,3.2,4.0,1.0526960784313726,0.4656577415599534,0.2968568102444703,0.23748544819557624,2.04,0.4344060196277401,-0.11381171995941008,0.0,1,0,-1.0,-7.9999999999999964
2017,34,2018-04-22,ath madrid,betis,2017|2018-04-22|ath madrid|betis,2017|2018-04-22|athmadrid|betis,D,H,0.7107005272381812,0.1964797590702888,0.09281971369153004,0.7107005272381812,0.7830596124710968,0.5142207681678924,1.61,3.75,6.0,1.0544513457556937,0.5890437855880619,0.25289613194580796,0.15806008246612996,1.61,0.7107005272381812,0.14422784885347184,0.23643909648110134,1,0,-1.0,-8.999999999999996
2017,34,2018-04-22,girona,espanol,2017|2018-04-22|girona|espanol,2017|2018-04-22|girona|espanol,A,H,0.4354697168280845,0.3299145104405237,0.23461577273139184,0.4354697168280845,1.0680157960373793,0.10555520638756077,2.14,3.25,3.6,1.0527598050962537,0.44387116354945183,0.2922720892294852,0.26385674722106306,2.14,0.4354697168280845,-0.06809480598789908,0.0,1,0,-1.0,-9.999999999999996
2017,34,2018-04-22,las palmas,alaves,2017|2018-04-22|las palmas|alaves,2017|2018-04-22|laspalmas|alaves,A,A,0.2994735533906538,0.24229250682659742,0.4582339397827488,0.4582339397827488,1.0621546886507383,0.158760386392095,3.1,3.2,2.39,1.0534906870022944,0.30620170556912363,0.2966329022700885,0.39716539216078794,2.39,0.4582339397827488,0.09517911608076968,0.06847418423076955,1,1,1.3900000000000001,-8.609999999999996
2017,34,2018-04-22,malaga,sociedad,2017|2018-04-22|malaga|sociedad,2017|2018-04-22|malaga|sociedad,H,A,0.1407549454803868,0.23410959912158757,0.6251354553980256,0.6251354553980256,0.9095827483102636,0.39102585627643804,5.25,3.6,1.72,1.0496493170911776,0.18146650254967467,0.26463864955160893,0.5538948478987163,1.72,0.6251354553980256,0.07523298328460404,0.10449025456195006,1,0,-1.0,-9.609999999999996
2017,34,2018-04-23,ath bilbao,levante,2017|2018-04-23|ath bilbao|levante,2017|2018-04-23|athbilbao|levante,A,H,0.6798387587222542,0.19757624872350224,0.12258499255424364,0.6798387587222542,0.8400450874521104,0.482262509998752,1.66,3.75,5.5,1.0508944870390655,0.5732351306281267,0.25375208449138403,0.17301278488048913,1.66,0.6798387587222542,0.12853233947894188,0.19474596890748772,1,0,-1.0,-10.609999999999996
2017,34,2018-05-09,barcelona,villarreal,2017|2018-05-09|barcelona|villarreal,2017|2018-05-09|barcelona|villarreal,H,H,0.7929643275524182,0.14208334541105494,0.06495232703652683,0.7929643275524182,0.6387889096820492,0.6508809821413633,1.28,5.75,10.0,1.0551630434782608,0.7404069018799897,0.16482101467937163,0.09477208344063869,1.28,0.7929643275524182,0.014994339267095314,0.05355121166819754,1,1,0.28,-10.329999999999997
2017,34,2018-05-09,sevilla,real madrid,2017|2018-05-09|sevilla|real madrid,2017|2018-05-09|sevilla|realmadrid,H,D,0.325970691231432,0.3535374929770335,0.32049181579153446,0.3535374929770335,1.0976794719409289,0.0275668017456015,2.45,3.7,2.62,1.0601129248893697,0.38501866709031696,0.25494479307331797,0.3600365398363651,3.7,0.3535374929770335,0.3080887240150241,0.11410693482037929,1,0,-1.0,-11.329999999999997
2017,35,2018-04-27,levante,sevilla,2017|2018-04-27|levante|sevilla,2017|2018-04-27|levante|sevilla,H,A,0.22983288712233474,0.16306498375299922,0.6071021291246661,0.6071021291246661,0.936661961398627,0.37726924200233136,4.5,3.6,1.75,1.0714285714285714,0.2074074074074074,0.2592592592592593,0.5333333333333333,1.75,0.6071021291246661,0.06242872596816568,0.08323830129088756,1,0,-1.0,-12.329999999999997
2017,35,2018-04-28,espanol,las palmas,2017|2018-04-28|espanol|las palmas,2017|2018-04-28|espanol|laspalmas,D,H,0.7506517061824874,0.17934774078934476,0.07000055302816768,0.7506517061824874,0.709642469461341,0.5713039653931427,1.36,4.75,9.5,1.0510835913312693,0.6995581737849779,0.20029455081001474,0.10014727540500737,1.36,0.7506517061824874,0.020886320408183,0.05801755668939721,1,0,-1.0,-13.329999999999997
2017,35,2018-04-28,real madrid,leganes,2017|2018-04-28|real madrid|leganes,2017|2018-04-28|realmadrid|leganes,H,H,0.7813631521178093,0.12024604427132317,0.0983908036108676,0.7813631521178093,0.6756305915052456,0.6611171078464861,1.3,5.5,10.0,1.0510489510489511,0.7318695941450432,0.17298735861610112,0.09514304723885562,1.3,0.7813631521178093,0.01577209775315208,0.0525736591771736,1,1,0.30000000000000004,-13.029999999999996
2017,35,2018-04-28,sociedad,ath bilbao,2017|2018-04-28|sociedad|ath bilbao,2017|2018-04-28|sociedad|athbilbao,H,H,0.5293584002953114,0.26146350226717796,0.2091780974375106,0.5293584002953114,1.0147359570274088,0.2678948980281335,1.85,3.6,4.33,1.0492652005354084,0.5151610291323099,0.2647355288596593,0.22010344200803078,1.85,0.5293584002953114,-0.02068695945367377,0.0,1,1,0.8500000000000001,-12.179999999999996
2017,35,2018-04-28,villarreal,celta,2017|2018-04-28|villarreal|celta,2017|2018-04-28|villarreal|celta,H,H,0.5123217796171486,0.27080600191367404,0.21687221846917726,0.5123217796171486,1.0278878227475825,0.2415157777034746,1.72,3.75,5.0,1.048062015503876,0.5547337278106509,0.2544378698224852,0.1908284023668639,1.72,0.5123217796171486,-0.11880653905850436,0.0,1,1,0.72,-11.459999999999996
2017,35,2018-04-29,alaves,ath madrid,2017|2018-04-29|alaves|ath madrid,2017|2018-04-29|alaves|athmadrid,A,A,0.19682220918453147,0.30785982552986185,0.49531796528560657,0.49531796528560657,1.030606789357326,0.1874581397557447,3.29,3.1,2.37,1.0484729412124874,0.2898991054835006,0.30766711517442485,0.40243377934207464,2.37,0.49531796528560657,0.17390357772688758,0.12693691804882304,1,1,1.37,-10.089999999999996
2017,35,2018-04-29,getafe,girona,2017|2018-04-29|getafe|girona,2017|2018-04-29|getafe|girona,D,H,0.4562238612076348,0.3243691038353644,0.2194070349570008,0.4562238612076348,1.056032482951435,0.13185475737227043,2.1,3.1,4.0,1.0487711213517665,0.4540461369461735,0.3075796411570853,0.23837422189674112,2.1,0.4562238612076348,-0.04192989146396686,0.0,1,0,-1.0,-11.089999999999996
2017,35,2018-04-29,la coruna,barcelona,2017|2018-04-29|la coruna|barcelona,2017|2018-04-29|lacoruna|barcelona,A,A,0.07123649207856252,0.17857753725193085,0.7501859706695067,0.7501859706695067,0.7114593759545073,0.5716084334175758,12.0,6.0,1.25,1.05,0.07936507936507936,0.15873015873015872,0.7619047619047619,1.25,0.7501859706695067,-0.062267536663116685,0.0,1,1,0.25,-10.839999999999996
2017,35,2018-04-29,valencia,eibar,2017|2018-04-29|valencia|eibar,2017|2018-04-29|valencia|eibar,D,H,0.6941317400953221,0.19952788972700683,0.1063403701776711,0.6941317400953221,0.8133427936410825,0.4946038503683152,1.5,4.0,7.5,1.05,0.6349206349206349,0.23809523809523808,0.12698412698412698,1.5,0.6941317400953221,0.04119761014298312,0.08239522028596624,1,0,-1.0,-11.839999999999996
2017,35,2018-04-30,betis,malaga,2017|2018-04-30|betis|malaga,2017|2018-04-30|betis|malaga,H,H,0.6894231218485661,0.20759686632718244,0.10298001182425141,0.6894231218485661,0.816867691875615,0.4818262555213837,1.44,4.5,7.5,1.05,0.6613756613756613,0.21164021164021163,0.12698412698412698,1.44,0.6894231218485661,-0.007230704538064792,0.0,1,1,0.43999999999999995,-11.399999999999997
2017,36,2018-05-04,sevilla,sociedad,2017|2018-05-04|sevilla|sociedad,2017|2018-05-04|sevilla|sociedad,H,H,0.43211799480928675,0.2531842744952592,0.3146977306954541,0.43211799480928675,1.074190395559957,0.11742026411383266,2.1,3.79,3.1,1.0626233640958298,0.4481272408269128,0.24830269280646886,0.3035700663666184,2.1,0.43211799480928675,-0.0925522109004977,0.0,1,1,1.1,-10.299999999999995
2017,36,2018-05-05,ath bilbao,betis,2017|2018-05-05|ath bilbao|betis,2017|2018-05-05|athbilbao|betis,H,H,0.487561141665218,0.27799337434959775,0.2344454839851842,0.487561141665218,1.0461806290429012,0.20956776731562027,2.25,3.29,3.29,1.0523471800067543,0.4223363286264442,0.28883183568677795,0.28883183568677795,2.25,0.487561141665218,0.09701256874674058,0.07761005499739246,1,1,1.25,-9.049999999999995
2017,36,2018-05-05,celta,la coruna,2017|2018-05-05|celta|la coruna,2017|2018-05-05|celta|lacoruna,D,H,0.7146558223129733,0.19547785571193763,0.0898663219750891,0.7146558223129733,0.775698535219118,0.5191779666010357,1.61,4.0,5.5,1.052936194240542,0.5898914063547392,0.23743129105778257,0.17267730258747824,1.61,0.7146558223129733,0.15059587392388712,0.24687848184243788,1,0,-1.0,-10.049999999999995
2017,36,2018-05-05,girona,eibar,2017|2018-05-05|girona|eibar,2017|2018-05-05|girona|eibar,A,H,0.5252148807514465,0.2751223673353517,0.19966275191320168,0.5252148807514465,1.0149489646203453,0.2500925134160948,2.1,3.29,3.75,1.0468085106382978,0.4548974061169183,0.29036004645760743,0.25474254742547425,2.1,0.5252148807514465,0.1029512495780377,0.09359204507094335,1,0,-1.0,-11.049999999999995
2017,36,2018-05-05,villarreal,valencia,2017|2018-05-05|villarreal|valencia,2017|2018-05-05|villarreal|valencia,H,H,0.3844268961585565,0.3210168718699158,0.2945562319715277,0.3844268961585565,1.0923036529399606,0.06341002428864073,2.25,3.39,3.2,1.0519296951819075,0.4225039434480341,0.28042297131506694,0.297073085236899,2.25,0.3844268961585565,-0.1350394836432478,0.0,1,1,1.25,-9.799999999999995
2017,36,2018-05-06,ath madrid,espanol,2017|2018-05-06|ath madrid|espanol,2017|2018-05-06|athmadrid|espanol,A,H,0.7120643352941746,0.21083290338758284,0.07710276131824263,0.7120643352941746,0.7675939277505425,0.5012314319065917,1.39,4.2,10.0,1.0575196985268929,0.6802941462308465,0.22514496744306584,0.09456088632608765,1.39,0.7120643352941746,-0.010230573941097443,0.0,1,0,-1.0,-10.799999999999995
2017,36,2018-05-06,barcelona,real madrid,2017|2018-05-06|barcelona|real madrid,2017|2018-05-06|barcelona|realmadrid,D,H,0.6185249208159943,0.2674427431652691,0.1140323360187366,0.6185249208159943,0.8974625395088675,0.3510821776507252,1.66,4.33,4.5,1.055578742993529,0.5706913317009736,0.21878697704933397,0.21052169124969247,1.66,0.6185249208159943,0.026751368554550514,0.040532376597803815,1,0,-1.0,-11.799999999999995
2017,36,2018-05-06,las palmas,getafe,2017|2018-05-06|las palmas|getafe,2017|2018-05-06|laspalmas|getafe,A,A,0.2024034777328845,0.20836792317686786,0.5892285990902476,0.5892285990902476,0.9618198148981256,0.38086067591337974,4.0,3.29,2.0,1.053951367781155,0.2372025955299207,0.2883922134102379,0.4744051910598414,2.0,0.5892285990902476,0.1784571981804952,0.1784571981804952,1,1,1.0,-10.799999999999995
2017,36,2018-05-06,malaga,alaves,2017|2018-05-06|malaga|alaves,2017|2018-05-06|malaga|alaves,A,H,0.41075641493270226,0.3104054080182491,0.27883817704904856,0.41075641493270226,1.0847192307027242,0.10035100691445314,2.39,3.2,3.1,1.0534906870022944,0.39716539216078794,0.2966329022700885,0.30620170556912363,2.39,0.41075641493270226,-0.01829216831084146,0.0,1,0,-1.0,-11.799999999999995
2017,36,2018-05-07,leganes,levante,2017|2018-05-07|leganes|levante,2017|2018-05-07|leganes|levante,A,H,0.5192149247445149,0.24293811109323124,0.23784696416225382,0.5192149247445149,1.025636435213696,0.27627681365128365,2.1,3.2,3.89,1.045759884930836,0.4553535501335187,0.29882576727512167,0.2458206825913597,2.1,0.5192149247445149,0.09035134196348138,0.08213758360316488,1,0,-1.0,-12.799999999999995
2017,37,2018-05-12,alaves,ath bilbao,2017|2018-05-12|alaves|ath bilbao,2017|2018-05-12|alaves|athbilbao,H,A,0.3280348227969951,0.29666492737204275,0.37530024983096216,0.37530024983096216,1.0939373256848088,0.04726542703396708,2.5,3.29,2.89,1.0499721290268298,0.3809624931385001,0.28948517715691496,0.32955232970458487,2.89,0.37530024983096216,0.08461772201148066,0.0447712814875559,1,0,-1.0,-13.799999999999995
2017,37,2018-05-12,betis,sevilla,2017|2018-05-12|betis|sevilla,2017|2018-05-12|betis|sevilla,D,H,0.3919016876321197,0.3175294290173544,0.2905688833505259,0.3919016876321197,1.0904949143233869,0.07437225861476526,2.62,3.39,2.7,1.0470350104208106,0.3645335499904416,0.28173389409290767,0.3537325559166507,2.62,0.3919016876321197,0.026782421596153627,0.016532359009971374,1,0,-1.0,-14.799999999999995
2017,37,2018-05-12,eibar,las palmas,2017|2018-05-12|eibar|las palmas,2017|2018-05-12|eibar|laspalmas,H,H,0.671148076269174,0.23680417739574688,0.09204774633507912,0.671148076269174,0.828327352583181,0.43434389887342717,1.39,4.5,9.0,1.0527577937649881,0.683371298405467,0.211085801063022,0.105542900531511,1.39,0.671148076269174,-0.06710417398584811,0.0,1,1,0.3899999999999999,-14.409999999999997
2017,37,2018-05-12,getafe,ath madrid,2017|2018-05-12|getafe|ath madrid,2017|2018-05-12|getafe|athmadrid,A,A,0.27401577909369995,0.3476295379077263,0.37835468299857383,0.37835468299857383,1.0897757878957997,0.030725145090847505,2.79,3.1,2.79,1.039426523297491,0.3448275862068965,0.31034482758620685,0.3448275862068965,2.79,0.37835468299857383,0.055609565566020924,0.03106679640559828,1,1,1.79,-12.619999999999996
2017,37,2018-05-12,girona,valencia,2017|2018-05-12|girona|valencia,2017|2018-05-12|girona|valencia,A,A,0.34568665517674174,0.27197745897489833,0.38233588584836004,0.38233588584836004,1.0889196670080452,0.036649230671618294,2.5,3.39,2.75,1.058621614373827,0.37784983280980844,0.27865031918127464,0.34349984800891675,2.75,0.38233588584836004,0.051423686082990194,0.029384963475994397,1,1,1.75,-10.869999999999996
2017,37,2018-05-12,la coruna,villarreal,2017|2018-05-12|la coruna|villarreal,2017|2018-05-12|lacoruna|villarreal,A,A,0.2263265917206097,0.19657173150509974,0.5771016767742906,0.5771016767742906,0.9732934190961826,0.3507750850536809,3.5,3.6,2.04,1.053688141923436,0.2711564023039433,0.26362428001772265,0.465219317678334,2.04,0.5771016767742906,0.17728742061955283,0.17046867367264695,1,1,1.04,-9.829999999999997
2017,37,2018-05-12,real madrid,celta,2017|2018-05-12|real madrid|celta,2017|2018-05-12|realmadrid|celta,H,H,0.7319445679408304,0.1638172929247865,0.10423813913438311,0.7319445679408304,0.7604402068865714,0.5681272750160439,1.36,5.0,9.0,1.04640522875817,0.7026858213616489,0.19113054341036853,0.10618363522798249,1.36,0.7319445679408304,-0.004555387600470584,0.0,1,1,0.3600000000000001,-9.469999999999995
2017,37,2018-05-12,sociedad,leganes,2017|2018-05-12|sociedad|leganes,2017|2018-05-12|sociedad|leganes,H,H,0.6360252729079754,0.24777377032259684,0.11620095676942771,0.6360252729079754,0.8836308172343048,0.38825150258537855,1.44,4.2,8.5,1.050186741363212,0.6612580573460769,0.22671704823294064,0.11202489442098243,1.44,0.6360252729079754,-0.08412360701251548,0.0,1,1,0.43999999999999995,-9.029999999999996
2017,37,2018-05-13,espanol,malaga,2017|2018-05-13|espanol|malaga,2017|2018-05-13|espanol|malaga,H,H,0.7346197697148528,0.13420128435431672,0.1311789459308304,0.7346197697148528,0.7625399232921601,0.6004184853605361,1.61,3.7,6.25,1.0513882826926304,0.5907598768664819,0.2570603788527124,0.15217974428080575,1.61,0.7346197697148528,0.18273782924091303,0.29957021187034916,1,1,0.6100000000000001,-8.419999999999996
2017,37,2018-05-13,levante,barcelona,2017|2018-05-13|levante|barcelona,2017|2018-05-13|levante|barcelona,H,A,0.054543041211198774,0.14474185977255033,0.8007150990162509,0.8007150990162509,0.6163694480473835,0.6559732392437005,10.0,5.25,1.3,1.0597069597069595,0.0943657103352921,0.17974421016246114,0.7258900795022469,1.3,0.8007150990162509,0.04092962872112624,0.13643209573708745,1,0,-1.0,-9.419999999999996
2017,38,2018-05-19,celta,levante,2017|2018-05-19|celta|levante,2017|2018-05-19|celta|levante,H,H,0.6235659970838409,0.21201466981273367,0.16441933310342555,0.6235659970838409,0.9201985627080639,0.4115513272711072,1.8,4.0,4.1,1.0494579945799458,0.5293737895416398,0.23821820529373788,0.23240800516462234,1.8,0.6235659970838409,0.12241879475091355,0.15302349343864194,1,1,0.8,-8.619999999999996
2017,38,2018-05-19,las palmas,girona,2017|2018-05-19|las palmas|girona,2017|2018-05-19|laspalmas|girona,A,A,0.286499267366317,0.27155489616605677,0.44194583646762625,0.44194583646762625,1.0730049266598085,0.15544656910130927,3.1,3.5,2.25,1.0527393753200205,0.306420233463035,0.2714007782101167,0.42217898832684825,2.25,0.44194583646762625,-0.0056218679478409195,0.0,1,1,1.25,-7.369999999999996
2017,38,2018-05-19,leganes,betis,2017|2018-05-19|leganes|betis,2017|2018-05-19|leganes|betis,H,A,0.35754986564354246,0.21654649200397055,0.42590364235248696,0.42590364235248696,1.062565062322554,0.06835377670894449,2.7,3.6,2.5,1.0481481481481483,0.3533568904593639,0.26501766784452296,0.38162544169611307,2.5,0.42590364235248696,0.06475910588121736,0.04317273725414491,1,0,-1.0,-8.369999999999996
2017,38,2018-05-19,malaga,getafe,2017|2018-05-19|malaga|getafe,2017|2018-05-19|malaga|getafe,A,A,0.27248242287985036,0.22839980562165696,0.49911777149849257,0.49911777149849257,1.0383883619659484,0.2266353486186422,3.3,3.3,2.25,1.0505050505050506,0.28846153846153844,0.28846153846153844,0.423076923076923,2.25,0.49911777149849257,0.1230149858716083,0.09841198869728665,1,1,1.25,-7.119999999999996
2017,38,2018-05-19,sevilla,alaves,2017|2018-05-19|sevilla|alaves,2017|2018-05-19|sevilla|alaves,H,H,0.6973183125348966,0.1610658842343004,0.1416158032308031,0.6973183125348966,0.8222970008236143,0.5362524283005963,1.4,4.75,8.0,1.0498120300751879,0.6803939122649956,0.20053715308863027,0.11906893464637423,1.4,0.6973183125348966,-0.023754362451144817,0.0,1,1,0.3999999999999999,-6.719999999999996
2017,38,2018-05-19,villarreal,real madrid,2017|2018-05-19|villarreal|real madrid,2017|2018-05-19|villarreal|realmadrid,D,A,0.2957796106161999,0.33576346617260056,0.3684569232111996,0.3684569232111996,1.0946150587688788,0.03269345703859905,3.1,4.1,2.1,1.0426735603761568,0.3093783686669062,0.23392022996766082,0.45670140136543297,2.1,0.3684569232111996,-0.22624046125648078,0.0,1,0,-1.0,-7.719999999999996
2017,38,2018-05-20,ath bilbao,espanol,2017|2018-05-20|ath bilbao|espanol,2017|2018-05-20|athbilbao|espanol,A,H,0.5394441143755608,0.2555702794758729,0.20498560614856629,0.5394441143755608,1.0064817125346321,0.2838738348996879,2.04,3.5,3.6,1.0536881419234359,0.46521931767833413,0.27115640230394333,0.2636242800177227,2.04,0.5394441143755608,0.10046599332614414,0.09660191665975398,1,0,-1.0,-8.719999999999995
2017,38,2018-05-20,ath madrid,eibar,2017|2018-05-20|ath madrid|eibar,2017|2018-05-20|athmadrid|eibar,D,H,0.6591818567353183,0.22210214762267175,0.11871599564201003,0.6591818567353183,0.8618830469880746,0.4370797091126465,1.61,3.8,6.0,1.050942573825869,0.5910104204468868,0.2504017833998652,0.15858779615324795,1.61,0.6591818567353183,0.06128278934386244,0.10046358908829907,1,0,-1.0,-9.719999999999995
2017,38,2018-05-20,barcelona,sociedad,2017|2018-05-20|barcelona|sociedad,2017|2018-05-20|barcelona|sociedad,H,H,0.8571070780373141,0.10901553519637328,0.03387738676631269,0.8571070780373141,0.48844192917218704,0.7480915428409408,1.22,7.0,11.0,1.0534383649137746,0.7780921584478578,0.13561034761519808,0.08629749393694423,1.22,0.8571070780373141,0.0456706352055232,0.20759379638874184,1,1,0.21999999999999997,-9.499999999999996
2017,38,2018-05-20,valencia,la coruna,2017|2018-05-20|valencia|la coruna,2017|2018-05-20|valencia|lacoruna,H,H,0.793955871590815,0.15029981326394826,0.0557443151452366,0.793955871590815,0.6289567523209039,0.6436560583268668,1.4,4.75,8.0,1.0498120300751879,0.6803939122649956,0.20053715308863027,0.11906893464637423,1.4,0.793955871590815,0.111538220227141,0.27884555056785254,1,1,0.3999999999999999,-9.099999999999996
