Season,Matchday,Date,HomeTeam_norm,AwayTeam_norm,pred_key,pred_key_match,y_true,y_pred,proba_H,proba_D,proba_A,conf_maxprob,entropy,margin_top12,B365H,B365D,B365A,overround,pH_mkt,pD_mkt,pA_mkt,odds_pick,p_pick,ev_pick,kelly_pick,bet_placed,correct,profit,cum_profit_season
2024,1,2024-08-15,ath bilbao,getafe,2024|2024-08-15|ath bilbao|getafe,2024|2024-08-15|athbilbao|getafe,D,H,0.7597876664023304,0.18283647567095324,0.0573758579267163,0.7597876664023304,0.6833827834453368,0.5769511907313771,1.48,4.0,8.0,1.0506756756756757,0.6430868167202572,0.2379421221864952,0.1189710610932476,1.48,0.7597876664023304,0.124485746275449,0.25934530474051876,1,0,-1.0,-1.0
2024,1,2024-08-15,betis,girona,2024|2024-08-15|betis|girona,2024|2024-08-15|betis|girona,D,A,0.28396875080403705,0.34581484378361393,0.37021640541234907,0.37021640541234907,1.0925618688747625,0.024401561628735136,2.35,3.4,3.0,1.0529828952857738,0.4041204437400951,0.2793185419968304,0.3165610142630745,3.0,0.37021640541234907,0.11064921623704727,0.05532460811852363,1,0,-1.0,-2.0
2024,1,2024-08-16,celta,alaves,2024|2024-08-16|celta|alaves,2024|2024-08-16|celta|alaves,H,H,0.4643937731611444,0.3253409409845088,0.21026528585434676,0.4643937731611444,1.0494043909480937,0.1390528321766356,2.0,3.2,4.1,1.0564024390243902,0.4733044733044733,0.2958152958152958,0.2308802308802309,2.0,0.4643937731611444,-0.07121245367771123,0.0,1,1,1.0,-1.0
2024,1,2024-08-16,las palmas,sevilla,2024|2024-08-16|las palmas|sevilla,2024|2024-08-16|laspalmas|sevilla,D,A,0.22362295433176527,0.3504261786944426,0.4259508669737921,0.4259508669737921,1.06591960240716,0.0755246882793495,2.8,3.25,2.63,1.0450633017172941,0.34174279831277615,0.2944245647002379,0.36383263698698604,2.63,0.4259508669737921,0.12025078014107315,0.07377348474912464,1,0,-1.0,-2.0
2024,1,2024-08-17,osasuna,leganes,2024|2024-08-17|osasuna|leganes,2024|2024-08-17|osasuna|leganes,D,H,0.5388951822570675,0.29500154288692004,0.16610327485601245,0.5388951822570675,0.9914734005864885,0.2438936393701474,1.85,3.3,4.5,1.0657930657930659,0.5071721311475409,0.28432377049180324,0.2085040983606557,1.85,0.5388951822570675,-0.0030439128244251767,0.0,1,0,-1.0,-3.0
2024,1,2024-08-17,valencia,barcelona,2024|2024-08-17|valencia|barcelona,2024|2024-08-17|valencia|barcelona,A,A,0.08180242757323743,0.2842160183361078,0.6339815540906548,0.6339815540906548,0.8512656374545252,0.349765535754547,4.75,3.8,1.73,1.0517188926072407,0.20017356089094587,0.25021695111368236,0.5496094879953717,1.73,0.6339815540906548,0.09678808857683285,0.1325864227079902,1,1,0.73,-2.27
2024,1,2024-08-18,mallorca,real madrid,2024|2024-08-18|mallorca|real madrid,2024|2024-08-18|mallorca|realmadrid,D,A,0.033092199938680934,0.20247053896046247,0.7644372611008565,0.7644372611008565,0.641510950251156,0.5619667221403941,8.0,4.2,1.45,1.0527504105090313,0.1187365958276467,0.22616494443361276,0.6550984597387405,1.45,0.7644372611008565,0.1084340285962419,0.2409645079916487,1,0,-1.0,-3.27
2024,1,2024-08-18,sociedad,vallecano,2024|2024-08-18|sociedad|vallecano,2024|2024-08-18|sociedad|vallecano,A,H,0.7034660477253781,0.21687701221392477,0.07965694006069712,0.7034660477253781,0.7804484519116452,0.4865890355114534,1.57,3.75,7.0,1.0464664846830452,0.6086603675149267,0.25482580719958264,0.1365138252854907,1.57,0.7034660477253781,0.1044416949288437,0.1832310437348135,1,0,-1.0,-4.27
2024,1,2024-08-19,valladolid,espanol,2024|2024-08-19|valladolid|espanol,2024|2024-08-19|valladolid|espanol,H,H,0.3738722471733963,0.3675834957309741,0.2585442570956296,0.3738722471733963,1.085440029856597,0.006288751442422191,2.38,3.0,3.4,1.0476190476190477,0.40106951871657753,0.3181818181818181,0.2807486631016043,2.38,0.3738722471733963,-0.11018405172731682,0.0,1,1,1.38,-2.89
2024,1,2024-08-19,villarreal,ath madrid,2024|2024-08-19|villarreal|ath madrid,2024|2024-08-19|villarreal|athmadrid,D,A,0.1889776109328093,0.40136598542699436,0.40965640364019623,0.40965640364019623,1.0468525979999677,0.008290418213201867,3.3,3.7,2.1,1.0494910494910494,0.28874024526198444,0.25752508361204013,0.4537346711259755,2.1,0.40965640364019623,-0.13972155235558792,0.0,1,0,-1.0,-3.89
2024,2,2024-08-23,celta,valencia,2024|2024-08-23|celta|valencia,2024|2024-08-23|celta|valencia,H,H,0.47141278856042895,0.30936108714539456,0.21922612429417643,0.47141278856042895,1.0501779539924334,0.1620517014150344,2.1,3.4,3.6,1.0480859010270773,0.4543429844097996,0.28062360801781744,0.26503340757238314,2.1,0.47141278856042895,-0.010033144023099183,0.0,1,1,1.1,-2.79
2024,2,2024-08-23,sevilla,villarreal,2024|2024-08-23|sevilla|villarreal,2024|2024-08-23|sevilla|villarreal,A,D,0.33129249788633175,0.3487151414649977,0.31999236064867054,0.3487151414649977,1.0979858577347308,0.017422643578665964,2.4,3.6,2.8,1.0515873015873016,0.39622641509433965,0.2641509433962264,0.33962264150943394,3.6,0.3487151414649977,0.25537450927399175,0.09822096510538143,1,0,-1.0,-3.79
2024,2,2024-08-24,barcelona,ath bilbao,2024|2024-08-24|barcelona|ath bilbao,2024|2024-08-24|barcelona|athbilbao,H,H,0.6645451289024374,0.24024170194864528,0.09521316914891724,0.6645451289024374,0.8380858724808548,0.4243034269537922,1.62,4.2,5.0,1.055379188712522,0.5848930481283423,0.22560160427807488,0.18950534759358292,1.62,0.6645451289024374,0.07656310882194872,0.12348888519669146,1,1,0.6200000000000001,-3.17
2024,2,2024-08-24,espanol,sociedad,2024|2024-08-24|espanol|sociedad,2024|2024-08-24|espanol|sociedad,A,A,0.13687259082469527,0.36022854298456397,0.5028988661907408,0.5028988661907408,0.9856741782107379,0.14267032320617679,3.9,3.2,2.05,1.0567151344590369,0.2426484187164787,0.29572776031070835,0.46162382097281307,2.05,0.5028988661907408,0.030942675691018495,0.029469214943827142,1,1,1.0499999999999998,-2.12
2024,2,2024-08-24,getafe,vallecano,2024|2024-08-24|getafe|vallecano,2024|2024-08-24|getafe|vallecano,D,D,0.3083718720027814,0.3562250265167207,0.3354031014804979,0.3562250265167207,1.096878376040432,0.02082192503622282,2.45,3.0,3.2,1.0539965986394557,0.3872529245663574,0.3162565550625252,0.2964905203711174,3.0,0.3562250265167207,0.06867507955016217,0.03433753977508108,1,1,2.0,-0.1200000000000001
2024,2,2024-08-24,osasuna,mallorca,2024|2024-08-24|osasuna|mallorca,2024|2024-08-24|osasuna|mallorca,H,D,0.3563400234489972,0.3722590818722471,0.27140089467875567,0.3722590818722471,1.0894997237067767,0.01591905842324992,2.45,3.1,3.1,1.053324555628703,0.3875,0.30625,0.30625,3.1,0.3722590818722471,0.154003153803966,0.07333483514474572,1,0,-1.0,-1.12
2024,2,2024-08-25,alaves,betis,2024|2024-08-25|alaves|betis,2024|2024-08-25|alaves|betis,D,H,0.40267850922043535,0.35060681929714765,0.24671467148241694,0.40267850922043535,1.079033383948266,0.0520716899232877,2.38,3.1,3.25,1.0504410200804888,0.39999205971097346,0.30709067810068286,0.2929172621883437,2.38,0.40267850922043535,-0.04162514805536388,0.0,1,0,-1.0,-2.12
2024,2,2024-08-25,ath madrid,girona,2024|2024-08-25|ath madrid|girona,2024|2024-08-25|athmadrid|girona,H,H,0.5999379735728747,0.2741904545609358,0.12587157186618952,0.5999379735728747,0.9221775770721103,0.3257475190119389,1.6,4.1,5.5,1.0507206208425721,0.5948298601951991,0.23212872592983383,0.17304141387496702,1.6,0.5999379735728747,-0.040099242283400394,0.0,1,1,0.6000000000000001,-1.52
2024,2,2024-08-25,leganes,las palmas,2024|2024-08-25|leganes|las palmas,2024|2024-08-25|leganes|laspalmas,H,H,0.505981419683409,0.33001115735673847,0.1640074229598524,0.505981419683409,1.0070621858631268,0.17597026232667057,2.25,3.0,3.6,1.0555555555555554,0.4210526315789474,0.31578947368421056,0.26315789473684215,2.25,0.505981419683409,0.13845819428767037,0.11076655543013629,1,1,1.25,-0.27
2024,2,2024-08-25,real madrid,valladolid,2024|2024-08-25|real madrid|valladolid,2024|2024-08-25|realmadrid|valladolid,H,H,0.8473326772115389,0.12258890433192189,0.03007841845653911,0.8473326772115389,0.5030680792732124,0.724743772879617,1.18,7.5,15.0,1.0474576271186442,0.8090614886731391,0.12729234088457386,0.06364617044228693,1.18,0.8473326772115389,-0.00014744089038412622,0.0,1,1,0.17999999999999994,-0.09000000000000008
2024,3,2024-08-26,villarreal,celta,2024|2024-08-26|villarreal|celta,2024|2024-08-26|villarreal|celta,H,H,0.49336370528554574,0.3596901909395681,0.1469461037748862,0.49336370528554574,0.9981503131241947,0.13367351434597763,1.91,3.4,3.8,1.0808357512197493,0.48440311937612485,0.2721205758848231,0.2434763047390522,1.91,0.49336370528554574,-0.057675322904607695,0.0,1,1,0.9099999999999999,0.8199999999999998
2024,3,2024-08-27,mallorca,sevilla,2024|2024-08-27|mallorca|sevilla,2024|2024-08-27|mallorca|sevilla,D,D,0.35306586158424963,0.38336998994263394,0.26356414847311643,0.38336998994263394,1.0865867439432608,0.030304128358384308,2.38,3.1,3.25,1.0504410200804888,0.39999205971097346,0.30709067810068286,0.2929172621883437,3.1,0.38336998994263394,0.18844696882216527,0.0897366518200787,1,1,2.1,2.92
2024,3,2024-08-27,vallecano,barcelona,2024|2024-08-27|vallecano|barcelona,2024|2024-08-27|vallecano|barcelona,A,A,0.06118666194698659,0.30074786160769323,0.6380654764453202,0.6380654764453202,0.8189803333598863,0.33731761483762696,5.25,3.8,1.62,1.0709180358303165,0.17786252925370546,0.2457311259426194,0.5764063448036751,1.62,0.6380654764453202,0.03366607184141879,0.0543001158732561,1,1,0.6200000000000001,3.54
2024,3,2024-08-28,ath bilbao,valencia,2024|2024-08-28|ath bilbao|valencia,2024|2024-08-28|athbilbao|valencia,H,H,0.651933539347908,0.2513428079971,0.09672365265499207,0.651933539347908,0.8519306483319303,0.40059073135080797,1.62,3.9,5.75,1.0476072505058012,0.5892322244994482,0.24475800094592468,0.16600977455462715,1.62,0.651933539347908,0.056132333743610985,0.09053602216711448,1,1,0.6200000000000001,4.16
2024,3,2024-08-28,ath madrid,espanol,2024|2024-08-28|ath madrid|espanol,2024|2024-08-28|athmadrid|espanol,D,H,0.8293992131149628,0.122245584502472,0.04835520238256525,0.8293992131149628,0.5585452472835766,0.7071536286124908,1.3,5.25,11.0,1.0506160506160505,0.7321711568938194,0.18129952456418386,0.08652931854199684,1.3,0.8293992131149628,0.07821897704945166,0.26072992349817214,1,0,-1.0,3.16
2024,3,2024-08-28,sociedad,alaves,2024|2024-08-28|sociedad|alaves,2024|2024-08-28|sociedad|alaves,A,H,0.6067850072632566,0.27026611293955094,0.12294887979719246,0.6067850072632566,0.9144394928268524,0.33651889432370563,1.7,3.5,5.75,1.0478626233101935,0.5613668061366807,0.27266387726638774,0.16596931659693168,1.7,0.6067850072632566,0.031534512347536126,0.04504930335362304,1,0,-1.0,2.16
2024,3,2024-08-28,valladolid,leganes,2024|2024-08-28|valladolid|leganes,2024|2024-08-28|valladolid|leganes,D,H,0.41882398701136775,0.364289889354332,0.21688612363430018,0.41882398701136775,1.0638513124706135,0.05453409765703576,2.3,3.0,3.6,1.0458937198067635,0.4157043879907621,0.31870669745958424,0.26558891454965355,2.3,0.41882398701136775,-0.03670482987385426,0.0,1,0,-1.0,1.1600000000000001
2024,3,2024-08-29,girona,osasuna,2024|2024-08-29|girona|osasuna,2024|2024-08-29|girona|osasuna,H,H,0.6258371322006508,0.28483745214881717,0.08932541565053202,0.6258371322006508,0.8667801219153082,0.3409996800518337,1.7,4.0,4.33,1.0691821763347371,0.550173120294781,0.23382357612528193,0.2160033035799371,1.7,0.6258371322006508,0.0639231247411064,0.091318749630152,1,1,0.7,1.86
2024,3,2024-08-29,las palmas,real madrid,2024|2024-08-29|las palmas|real madrid,2024|2024-08-29|laspalmas|realmadrid,D,A,0.028481106714009042,0.2010768199744183,0.7704420733115726,0.7704420733115726,0.6248155808065502,0.5693652533371543,8.0,5.0,1.38,1.0496376811594204,0.11908871246116672,0.19054193993786675,0.6903693476009666,1.38,0.7704420733115726,0.06321006116997002,0.16634226623676326,1,0,-1.0,0.8600000000000001
2024,3,2024-09-18,betis,getafe,2024|2024-09-18|betis|getafe,2024|2024-09-18|betis|getafe,H,H,0.6456794241503779,0.24757634772983889,0.1067442281197831,0.6456794241503779,0.8669003745119678,0.39810307642053905,1.91,3.0,5.0,1.056893542757417,0.4953764861294584,0.3153896961690885,0.18923381770145312,1.91,0.6456794241503779,0.23324770012722185,0.2563161539859581,1,1,0.9099999999999999,1.77
2024,4,2024-08-31,ath bilbao,ath madrid,2024|2024-08-31|ath bilbao|ath madrid,2024|2024-08-31|athbilbao|athmadrid,A,A,0.2137630540184967,0.38373011760627374,0.4025068283752296,0.4025068283752296,1.0636536345414975,0.018776710768955873,3.0,3.3,2.38,1.056531703590527,0.31549771029163654,0.28681610026512416,0.39768618944323936,2.38,0.4025068283752296,-0.042033748466953624,0.0,1,1,1.38,3.15
2024,4,2024-08-31,barcelona,valladolid,2024|2024-08-31|barcelona|valladolid,2024|2024-08-31|barcelona|valladolid,H,H,0.8520019833374283,0.11595912558627114,0.032038891076300556,0.8520019833374283,0.4965376475094413,0.7360428577511571,1.25,6.25,10.0,1.06,0.7547169811320755,0.1509433962264151,0.09433962264150944,1.25,0.8520019833374283,0.06500247917178534,0.26000991668714135,1,1,0.25,3.4
2024,4,2024-08-31,espanol,vallecano,2024|2024-08-31|espanol|vallecano,2024|2024-08-31|espanol|vallecano,H,D,0.2718826700290103,0.418768980489135,0.30934834948185475,0.418768980489135,1.0815618497684787,0.10942063100728028,2.8,3.0,2.8,1.0476190476190477,0.3409090909090909,0.3181818181818181,0.3409090909090909,3.0,0.418768980489135,0.25630694146740507,0.12815347073370253,1,0,-1.0,2.4
2024,4,2024-08-31,leganes,mallorca,2024|2024-08-31|leganes|mallorca,2024|2024-08-31|leganes|mallorca,A,H,0.4292092097282109,0.32786725690511315,0.242923533366676,0.4292092097282109,1.0723886792948958,0.10134195282309777,2.5,3.0,3.2,1.0458333333333334,0.38247011952191234,0.31872509960159356,0.298804780876494,2.5,0.4292092097282109,0.07302302432052732,0.04868201621368488,1,0,-1.0,1.4
2024,4,2024-08-31,valencia,villarreal,2024|2024-08-31|valencia|villarreal,2024|2024-08-31|valencia|villarreal,D,D,0.2224936826623566,0.4419388848588715,0.3355674324787718,0.4419388848588715,1.0616731077374084,0.1063714523800997,2.8,3.4,2.45,1.059423769507803,0.3371104815864023,0.2776203966005666,0.38526912181303113,3.4,0.4419388848588715,0.5025922085201631,0.20941342021673462,1,1,2.4,3.8
2024,4,2024-09-01,alaves,las palmas,2024|2024-09-01|alaves|las palmas,2024|2024-09-01|alaves|laspalmas,H,H,0.4594526163555709,0.4334182700595306,0.10712911358489843,0.4594526163555709,0.9589819662589519,0.02603434629604029,1.95,3.4,4.0,1.0569381598793364,0.48519443453442745,0.27827327863003926,0.23653228683553335,1.95,0.4594526163555709,-0.10406739810663679,0.0,1,1,0.95,4.75
2024,4,2024-09-01,getafe,sociedad,2024|2024-09-01|getafe|sociedad,2024|2024-09-01|getafe|sociedad,D,D,0.1864532745681248,0.444025583942251,0.3695211414896242,0.444025583942251,1.041530395214554,0.07450444245262677,3.5,2.9,2.38,1.050709939148073,0.2719249862107005,0.3281853281853282,0.39988968560397137,2.9,0.444025583942251,0.28767419343252787,0.15140747022764625,1,1,1.9,6.6499999999999995
2024,4,2024-09-01,osasuna,celta,2024|2024-09-01|osasuna|celta,2024|2024-09-01|osasuna|celta,H,D,0.3208392855275212,0.40147179793212134,0.2776889165403574,0.40147179793212134,1.086915260061053,0.08063251240460012,2.45,3.25,3.0,1.0491889063317634,0.38902743142144636,0.2932668329177058,0.31770573566084787,3.25,0.40147179793212134,0.3047833432793944,0.13545926367973082,1,0,-1.0,5.6499999999999995
2024,4,2024-09-01,real madrid,betis,2024|2024-09-01|real madrid|betis,2024|2024-09-01|realmadrid|betis,H,H,0.8003493658375385,0.1477177560206495,0.05193287814181196,0.8003493658375385,0.6143536909760121,0.652631609816889,1.29,5.75,9.5,1.05436999982261,0.7352198929977456,0.16494498468992902,0.09983512231232546,1.29,0.8003493658375385,0.032450681930424635,0.1118989032083608,1,1,0.29000000000000004,5.9399999999999995
2024,4,2024-09-01,sevilla,girona,2024|2024-09-01|sevilla|girona,2024|2024-09-01|sevilla|girona,A,D,0.25033163874450604,0.3983870902127827,0.3512812710427113,0.3983870902127827,1.0808487694603768,0.047105819170071395,2.35,3.8,2.75,1.0523261732668228,0.40437264196575406,0.25007255489987423,0.3455548031343717,3.8,0.3983870902127827,0.5138709428085741,0.18352533671734791,1,0,-1.0,4.9399999999999995
2024,5,2024-09-13,betis,leganes,2024|2024-09-13|betis|leganes,2024|2024-09-13|betis|leganes,H,H,0.6427240834374156,0.27991424723567127,0.0773616693269131,0.6427240834374156,0.8385054885598278,0.36280983620174434,1.62,3.7,6.25,1.0475542208875541,0.5892620527978799,0.2580012231169096,0.1527367240852105,1.62,0.6427240834374156,0.041213015168613365,0.0664726051106667,1,1,0.6200000000000001,5.56
2024,5,2024-09-14,espanol,alaves,2024|2024-09-14|espanol|alaves,2024|2024-09-14|espanol|alaves,H,D,0.257126689695861,0.40864992358144864,0.33422338672269036,0.40864992358144864,1.0812159962781918,0.07442653685875827,2.63,3.2,2.8,1.0498709940249864,0.3621665319320938,0.2976556184316896,0.34017784963621667,3.2,0.40864992358144864,0.30767975546063575,0.13985443430028896,1,0,-1.0,4.56
2024,5,2024-09-14,mallorca,villarreal,2024|2024-09-14|mallorca|villarreal,2024|2024-09-14|mallorca|villarreal,A,D,0.31392333265370315,0.4055026780635242,0.28057398928277266,0.4055026780635242,1.0863180807620783,0.09157934540982104,2.45,3.4,2.88,1.0495031345871682,0.38891095400746684,0.2802446580347923,0.3308443879577409,3.4,0.4055026780635242,0.37870910541598224,0.1577954605899926,1,0,-1.0,3.5599999999999996
2024,5,2024-09-14,sevilla,getafe,2024|2024-09-14|sevilla|getafe,2024|2024-09-14|sevilla|getafe,H,H,0.4992180210815931,0.33278159162122023,0.16800038729718675,0.4992180210815931,1.0126394036239317,0.16643642946037285,2.2,3.0,3.7,1.058149058149058,0.4295665634674923,0.315015479876161,0.25541795665634676,2.2,0.4992180210815931,0.09827964637950481,0.081899705316254,1,1,1.2000000000000002,4.76
2024,5,2024-09-14,sociedad,real madrid,2024|2024-09-14|sociedad|real madrid,2024|2024-09-14|sociedad|realmadrid,A,A,0.0790224577650525,0.30842671341649036,0.612550828818457,0.612550828818457,0.86357970257536,0.30412411540196665,4.75,3.9,1.67,1.065738967409311,0.19754022535296703,0.24059386421194706,0.5618659104350859,1.67,0.612550828818457,0.02295988412682315,0.03426848377137784,1,1,0.6699999999999999,5.43
2024,5,2024-09-15,ath madrid,valencia,2024|2024-09-15|ath madrid|valencia,2024|2024-09-15|athmadrid|valencia,H,H,0.8182171364800207,0.1359679056034726,0.045814957916506784,0.8182171364800207,0.5767127376534789,0.6822492308765481,1.33,4.5,11.0,1.0650110123794334,0.705983027882764,0.2086572060186836,0.08535976609855238,1.33,0.8182171364800207,0.08822879151842761,0.2673599742982654,1,1,0.33000000000000007,5.76
2024,5,2024-09-15,celta,valladolid,2024|2024-09-15|celta|valladolid,2024|2024-09-15|celta|valladolid,H,H,0.6438597275864859,0.2665490977511432,0.08959117466237089,0.6438597275864859,0.8520438899688425,0.3773106298353427,1.67,3.75,5.5,1.0472872436944294,0.5717651950932151,0.2546261002148451,0.17360870469193984,1.67,0.6438597275864859,0.07524574506943144,0.11230708219318127,1,1,0.6699999999999999,6.43
2024,5,2024-09-15,girona,barcelona,2024|2024-09-15|girona|barcelona,2024|2024-09-15|girona|barcelona,A,A,0.13540817807917116,0.37476978818854845,0.4898220337322804,0.4898220337322804,0.9881511810101491,0.11505224554373195,4.2,3.8,1.8,1.0568086883876358,0.225296442687747,0.24901185770750986,0.5256916996047432,1.8,0.4898220337322804,-0.11832033928189528,0.0,1,1,0.8,7.23
2024,5,2024-09-15,las palmas,ath bilbao,2024|2024-09-15|las palmas|ath bilbao,2024|2024-09-15|laspalmas|athbilbao,A,A,0.13480205917593235,0.39670361119339825,0.4684943296306695,0.4684943296306695,0.992141956945869,0.07179071843727125,3.8,3.4,2.0,1.0572755417956656,0.24890190336749632,0.2781844802342606,0.47291361639824303,2.0,0.4684943296306695,-0.06301134073866099,0.0,1,1,1.0,8.23
2024,5,2024-09-16,vallecano,osasuna,2024|2024-09-16|vallecano|osasuna,2024|2024-09-16|vallecano|osasuna,H,H,0.4454529713861461,0.38371053043185815,0.17083649818199587,0.4454529713861461,1.029641545382873,0.061742440954287936,2.05,3.1,4.0,1.060385523210071,0.46002596920793914,0.30421072157299195,0.2357633092190688,2.05,0.4454529713861461,-0.08682140865840055,0.0,1,1,1.0499999999999998,9.28
2024,6,2024-09-20,alaves,sevilla,2024|2024-09-20|alaves|sevilla,2024|2024-09-20|alaves|sevilla,H,H,0.5178916347308211,0.29433372918931594,0.18777463607986294,0.5178916347308211,1.0148048359432076,0.22355790554150518,2.15,3.1,3.7,1.057967194501328,0.43963204292832503,0.3049060942889996,0.2554618627826753,2.15,0.5178916347308211,0.1134670146712653,0.09866696927936114,1,1,1.15,10.43
2024,6,2024-09-21,osasuna,las palmas,2024|2024-09-21|osasuna|las palmas,2024|2024-09-21|osasuna|laspalmas,H,H,0.5953042519012817,0.2504112271960629,0.15428452090265538,0.5953042519012817,0.9438572088223924,0.34489302470521876,1.9,3.4,4.2,1.0585286746277458,0.4972144846796657,0.27785515320334264,0.22493036211699163,1.9,0.5953042519012817,0.13107807861243514,0.1456423095693724,1,1,0.8999999999999999,11.33
2024,6,2024-09-21,real madrid,espanol,2024|2024-09-21|real madrid|espanol,2024|2024-09-21|realmadrid|espanol,H,H,0.8513131175624185,0.11801532939857755,0.03067155303900389,0.8513131175624185,0.4961046946258714,0.733297788163841,1.17,7.0,19.0,1.050189576505366,0.8138538734549016,0.13602986170603354,0.050116264839064985,1.17,0.8513131175624185,-0.003963652451970473,0.0,1,1,0.16999999999999993,11.5
2024,6,2024-09-21,valencia,girona,2024|2024-09-21|valencia|girona,2024|2024-09-21|valencia|girona,H,D,0.20277379386159117,0.4769105850724753,0.32031562106593353,0.4769105850724753,1.0413388345943693,0.15659496400654177,2.88,3.3,2.5,1.0502525252525254,0.33060831930752577,0.28853089685020433,0.38086078384226973,3.3,0.4769105850724753,0.5738049307391684,0.24948040466920365,1,0,-1.0,10.5
2024,6,2024-09-21,valladolid,sociedad,2024|2024-09-21|valladolid|sociedad,2024|2024-09-21|valladolid|sociedad,D,D,0.1879375642051648,0.4164634309997881,0.39559900479504717,0.4164634309997881,1.04582927587547,0.020864426204740938,3.9,3.0,2.2,1.0442890442890442,0.24553571428571433,0.31919642857142855,0.43526785714285715,3.0,0.4164634309997881,0.24939029299936433,0.12469514649968216,1,1,2.0,12.5
2024,6,2024-09-22,ath bilbao,celta,2024|2024-09-22|ath bilbao|celta,2024|2024-09-22|athbilbao|celta,H,H,0.620616678716189,0.24862818488611757,0.1307551363976934,0.620616678716189,0.90811192832281,0.3719884938300714,1.7,3.7,5.25,1.0489817548641078,0.5607678983833718,0.2576501154734411,0.18158198614318705,1.7,0.620616678716189,0.05504835381752121,0.07864050545360174,1,1,0.7,13.2
2024,6,2024-09-22,getafe,leganes,2024|2024-09-22|getafe|leganes,2024|2024-09-22|getafe|leganes,D,H,0.487265066983657,0.38842597735272827,0.12430895566361462,0.487265066983657,0.9768161636151178,0.09883908963092874,2.05,2.8,4.75,1.0554740509811114,0.462166623229954,0.33837199200764484,0.19946138476240116,2.05,0.487265066983657,-0.0011066126835032053,0.0,1,0,-1.0,12.2
2024,6,2024-09-22,vallecano,ath madrid,2024|2024-09-22|vallecano|ath madrid,2024|2024-09-22|vallecano|athmadrid,D,A,0.08399545892832806,0.3444742113245922,0.5715303297470797,0.5715303297470797,0.8949103389251343,0.22705611842248752,5.0,3.4,1.8,1.0496732026143791,0.19053549190535493,0.28019925280199254,0.5292652552926526,1.8,0.5715303297470797,0.028754593544743523,0.035943241930929404,1,0,-1.0,11.2
2024,6,2024-09-22,villarreal,barcelona,2024|2024-09-22|villarreal|barcelona,2024|2024-09-22|villarreal|barcelona,A,A,0.12527370192969656,0.315104658574012,0.5596216394962914,0.5596216394962914,0.9489813035492725,0.24451698092227941,3.9,3.9,1.85,1.0533610533610533,0.24342105263157898,0.24342105263157898,0.513157894736842,1.85,0.5596216394962914,0.035300033068139114,0.04152945066839895,1,1,0.8500000000000001,12.049999999999999
2024,6,2024-09-23,betis,mallorca,2024|2024-09-23|betis|mallorca,2024|2024-09-23|betis|mallorca,A,H,0.5909753859465746,0.2985140162875857,0.11051059776583959,0.5909753859465746,0.9151423154382989,0.2924613696589889,1.85,3.3,4.75,1.0540971593603172,0.5127995419972192,0.28747853111965327,0.1997219268831275,1.85,0.5909753859465746,0.0933044640011631,0.10976995764842716,1,0,-1.0,11.049999999999999
2024,7,2024-09-17,mallorca,sociedad,2024|2024-09-17|mallorca|sociedad,2024|2024-09-17|mallorca|sociedad,H,D,0.3015850338281215,0.43159067764098924,0.2668242885308892,0.43159067764098924,1.0766858567731967,0.13000564381286772,2.9,2.75,3.0,1.0417972831765936,0.33099297893681046,0.3490471414242728,0.3199598796389167,2.75,0.43159067764098924,0.18687436351272035,0.10678535057869734,1,0,-1.0,10.049999999999999
2024,7,2024-09-19,leganes,ath bilbao,2024|2024-09-19|leganes|ath bilbao,2024|2024-09-19|leganes|athbilbao,A,A,0.16966324748248407,0.3959181548547453,0.43441859766277074,0.43441859766277074,1.0300045257263941,0.03850044280802545,3.75,3.2,2.05,1.066971544715447,0.2499285646252024,0.2928850366701591,0.4571863987046386,2.05,0.43441859766277074,-0.10944187479132,0.0,1,1,1.0499999999999998,11.1
2024,7,2024-09-24,real madrid,alaves,2024|2024-09-24|real madrid|alaves,2024|2024-09-24|realmadrid|alaves,H,H,0.8211051035161674,0.13020498763523483,0.048689908848597765,0.8211051035161674,0.5744397165188619,0.6909001158809326,1.2,6.5,13.0,1.064102564102564,0.783132530120482,0.14457831325301207,0.07228915662650603,1.2,0.8211051035161674,-0.014673875780599172,0.0,1,1,0.19999999999999996,11.299999999999999
2024,7,2024-09-24,sevilla,valladolid,2024|2024-09-24|sevilla|valladolid,2024|2024-09-24|sevilla|valladolid,H,H,0.6210054016054876,0.2897043319246002,0.08929026646991221,0.6210054016054876,0.8704827115391129,0.33130106968088735,1.65,3.8,5.5,1.05103668261563,0.5766312594840667,0.25037936267071315,0.17298937784522,1.65,0.6210054016054876,0.0246589126490544,0.03793678869085293,1,1,0.6499999999999999,11.95
2024,7,2024-09-24,valencia,osasuna,2024|2024-09-24|valencia|osasuna,2024|2024-09-24|valencia|osasuna,D,H,0.4869484699041429,0.39390838328057004,0.11914314681528715,0.4869484699041429,0.9708548968561361,0.09304008662357288,2.0,3.1,4.0,1.0725806451612903,0.4661654135338346,0.3007518796992481,0.2330827067669173,2.0,0.4869484699041429,-0.02610306019171421,0.0,1,0,-1.0,10.95
2024,7,2024-09-25,barcelona,getafe,2024|2024-09-25|barcelona|getafe,2024|2024-09-25|barcelona|getafe,H,H,0.8887828706141966,0.06478493228482385,0.046432197100979594,0.8887828706141966,0.4246211309349371,0.8239979383293727,1.25,6.25,10.0,1.06,0.7547169811320755,0.1509433962264151,0.09433962264150944,1.25,0.8887828706141966,0.11097858826774573,0.4439143530709829,1,1,0.25,11.2
2024,7,2024-09-25,girona,vallecano,2024|2024-09-25|girona|vallecano,2024|2024-09-25|girona|vallecano,D,H,0.6779800592550055,0.2202392623952816,0.10178067834971301,0.6779800592550055,0.8292816253686245,0.4577407968597239,1.73,3.7,4.5,1.0705271745734173,0.5399533013361008,0.2524646517057984,0.20758204695810092,1.73,0.6779800592550055,0.1729055025111595,0.236856852755013,1,0,-1.0,10.2
2024,7,2024-09-26,celta,ath madrid,2024|2024-09-26|celta|ath madrid,2024|2024-09-26|celta|athmadrid,A,A,0.1549277602948774,0.3293753974533595,0.5156968422517632,0.5156968422517632,0.9962120407590251,0.18632144479840368,3.8,3.7,1.91,1.056988374431196,0.24896952615818213,0.25569843227056543,0.49533204157125243,1.91,0.5156968422517632,-0.015019031299132402,0.0,1,1,0.9099999999999999,11.11
2024,7,2024-09-26,espanol,villarreal,2024|2024-09-26|espanol|villarreal,2024|2024-09-26|espanol|villarreal,A,A,0.1720415253881534,0.3872113640724772,0.44074711053936944,0.44074711053936944,1.0312736541109846,0.05353574646689224,3.25,3.5,2.15,1.058522872476361,0.2906808305166586,0.269917914051183,0.43940125543215836,2.15,0.44074711053936944,-0.052393712340355725,0.0,1,1,1.15,12.26
2024,7,2024-09-26,las palmas,betis,2024|2024-09-26|las palmas|betis,2024|2024-09-26|laspalmas|betis,D,A,0.18334326361303224,0.400480489164572,0.4161762472223957,0.4161762472223957,1.042337825999833,0.015695758057823694,3.1,3.1,2.38,1.0653293575494713,0.30279898218829515,0.30279898218829515,0.3944020356234097,2.38,0.4161762472223957,-0.009500531610698193,0.0,1,0,-1.0,11.26
2024,8,2024-09-27,valladolid,mallorca,2024|2024-09-27|valladolid|mallorca,2024|2024-09-27|valladolid|mallorca,A,D,0.26134560707825316,0.49476671172294173,0.2438876811988051,0.49476671172294173,1.042991751966692,0.23342110464468857,3.0,2.9,2.63,1.0583890564223593,0.31494404756988886,0.3258041871412644,0.35925176528884667,2.9,0.49476671172294173,0.43482346399653093,0.22885445473501628,1,0,-1.0,10.26
2024,8,2024-09-28,getafe,alaves,2024|2024-09-28|getafe|alaves,2024|2024-09-28|getafe|alaves,H,D,0.26775320300384625,0.5087467455350877,0.22350005146106597,0.5087467455350877,1.0315090557609452,0.24099354253124144,2.55,2.88,3.1,1.0619597301286106,0.3692765851842661,0.32696364313190224,0.3037597716838317,2.88,0.5087467455350877,0.4651906271410525,0.24744182294736838,1,0,-1.0,9.26
2024,8,2024-09-28,osasuna,barcelona,2024|2024-09-28|osasuna|barcelona,2024|2024-09-28|osasuna|barcelona,H,A,0.039906732917911386,0.2316216476315787,0.7284716194505098,0.7284716194505098,0.698114020120127,0.4968499718189311,7.0,4.5,1.45,1.0547345374931583,0.13544369486248053,0.21069019200830302,0.6538661131292164,1.45,0.7284716194505098,0.05628384820323912,0.12507521822942028,1,0,-1.0,8.26
2024,8,2024-09-28,sociedad,valencia,2024|2024-09-28|sociedad|valencia,2024|2024-09-28|sociedad|valencia,H,H,0.5700378350373158,0.3080235915642166,0.12193857339846761,0.5700378350373158,0.9397010603516909,0.26201424347309915,1.85,3.25,4.75,1.0587591640223217,0.5105415460934271,0.29061595700702775,0.19884249689954528,1.85,0.5700378350373158,0.054569994819034184,0.0641999939047461,1,1,0.8500000000000001,9.11
2024,8,2024-09-28,vallecano,leganes,2024|2024-09-28|vallecano|leganes,2024|2024-09-28|vallecano|leganes,D,H,0.5698314196474652,0.29435472023718695,0.1358138601153478,0.5698314196474652,0.9516167808405925,0.27547669941027825,1.9,3.0,5.0,1.0596491228070175,0.4966887417218543,0.31456953642384106,0.18874172185430466,1.9,0.5698314196474652,0.08267969733018388,0.09186633036687099,1,0,-1.0,8.11
2024,8,2024-09-29,ath bilbao,sevilla,2024|2024-09-29|ath bilbao|sevilla,2024|2024-09-29|athbilbao|sevilla,D,H,0.6002114213204963,0.22176242222648257,0.17802615645302103,0.6002114213204963,0.9476410404592351,0.37844899909401375,1.7,3.7,5.0,1.0585055643879173,0.5557224391709222,0.2553319315109642,0.18894562931811357,1.7,0.6002114213204963,0.02035941624484372,0.029084880349776746,1,0,-1.0,7.109999999999999
2024,8,2024-09-29,ath madrid,real madrid,2024|2024-09-29|ath madrid|real madrid,2024|2024-09-29|athmadrid|realmadrid,D,A,0.26641006078191637,0.3071153026320767,0.4264746365860068,0.4264746365860068,1.0783876870500735,0.11935933395393011,2.8,3.3,2.5,1.0601731601731603,0.3368721927317272,0.2858309514087382,0.3772968558595345,2.5,0.4264746365860068,0.06618659146501704,0.04412439431001136,1,0,-1.0,6.109999999999999
2024,8,2024-09-29,betis,espanol,2024|2024-09-29|betis|espanol,2024|2024-09-29|betis|espanol,H,H,0.6464750862532617,0.2617119431170217,0.09181297062971662,0.6464750862532617,0.8520829865028009,0.38476314313624,1.65,3.4,5.75,1.0740912965976905,0.5642542752002309,0.2738292806118767,0.16191644418789233,1.65,0.6464750862532617,0.06668389231788169,0.10259060356597184,1,1,0.6499999999999999,6.759999999999999
2024,8,2024-09-29,celta,girona,2024|2024-09-29|celta|girona,2024|2024-09-29|celta|girona,D,H,0.46134788337876514,0.3129485450701011,0.22570357155113382,0.46134788337876514,1.0564247067706076,0.14839933830866403,2.1,3.6,3.25,1.0616605616605617,0.4485336400230017,0.26164462334675104,0.2898217366302473,2.1,0.46134788337876514,-0.031169444904593058,0.0,1,0,-1.0,5.759999999999999
2024,8,2024-09-30,villarreal,las palmas,2024|2024-09-30|villarreal|las palmas,2024|2024-09-30|villarreal|laspalmas,H,H,0.7980728696923512,0.13569561337638794,0.06623151693126078,0.7980728696923512,0.6308320382121522,0.6623772563159633,1.45,4.33,6.5,1.074448208477037,0.6418691631412705,0.2149446389272153,0.1431861979315142,1.45,0.7980728696923512,0.15720566105390926,0.3493459134531317,1,1,0.44999999999999996,6.209999999999999
2024,9,2024-10-04,leganes,valencia,2024|2024-10-04|leganes|valencia,2024|2024-10-04|leganes|valencia,D,D,0.29211148012041455,0.45305049201381925,0.25483802786576626,0.45305049201381925,1.0665776376925202,0.1609390118934047,2.9,2.88,2.8,1.0491926655719759,0.32865992826866647,0.3309422888816433,0.34039778284969024,2.88,0.45305049201381925,0.30478541699979933,0.16211990265946774,1,1,1.88,8.09
2024,9,2024-10-05,espanol,mallorca,2024|2024-10-05|espanol|mallorca,2024|2024-10-05|espanol|mallorca,H,D,0.25122515323843003,0.4621110292345888,0.2866638175269811,0.4621110292345888,1.0619412224201679,0.1754472117076077,3.1,3.0,2.55,1.0480708412397217,0.30778515389257693,0.3180446590223295,0.3741701870850936,3.0,0.4621110292345888,0.3863330877037664,0.1931665438518832,1,0,-1.0,7.089999999999999
2024,9,2024-10-05,getafe,osasuna,2024|2024-10-05|getafe|osasuna,2024|2024-10-05|getafe|osasuna,D,D,0.4204102227266362,0.4384972713907007,0.14109250588266317,0.4384972713907007,1.0021006075574395,0.01808704866406452,2.2,2.9,3.9,1.0557832971626075,0.43052912066996574,0.32660829843928435,0.2428625808907499,2.9,0.4384972713907007,0.27164208703303205,0.1429695194910695,1,1,1.9,8.989999999999998
2024,9,2024-10-05,las palmas,celta,2024|2024-10-05|las palmas|celta,2024|2024-10-05|laspalmas|celta,A,A,0.15903626322729172,0.34630974902366735,0.4946539877490409,0.4946539877490409,1.0078274479538851,0.14834423872537356,3.1,3.5,2.25,1.0527393753200205,0.306420233463035,0.2714007782101167,0.42217898832684825,2.25,0.4946539877490409,0.112971472435342,0.0903771779482736,1,1,1.25,10.239999999999998
2024,9,2024-10-05,real madrid,villarreal,2024|2024-10-05|real madrid|villarreal,2024|2024-10-05|realmadrid|villarreal,H,H,0.7648610041689738,0.16096842713903886,0.07417056869198727,0.7648610041689738,0.6919923450728352,0.603892577029935,1.27,6.25,8.5,1.065048633626679,0.7393104408029781,0.15022788157116518,0.11046167762585674,1.27,0.7648610041689738,-0.028626524705403195,0.0,1,1,0.27,10.509999999999998
2024,9,2024-10-05,valladolid,vallecano,2024|2024-10-05|valladolid|vallecano,2024|2024-10-05|valladolid|vallecano,A,D,0.29478756943839896,0.43155163064172236,0.2736607999198787,0.43155163064172236,1.0773730312404672,0.1367640612033234,3.1,3.0,2.5,1.0559139784946237,0.3054989816700611,0.3156822810590631,0.3788187372708758,3.0,0.43155163064172236,0.29465489192516714,0.14732744596258357,1,0,-1.0,9.509999999999998
2024,9,2024-10-06,alaves,barcelona,2024|2024-10-06|alaves|barcelona,2024|2024-10-06|alaves|barcelona,A,A,0.07884692182287562,0.2639766691815581,0.6571764089955664,0.6571764089955664,0.8277642348915323,0.3931997398140083,5.25,4.5,1.57,1.0496410878576483,0.18146792525524946,0.2117125794644577,0.6068194952802928,1.57,0.6571764089955664,0.03176696212303931,0.055731512496560186,1,1,0.5700000000000001,10.079999999999998
2024,9,2024-10-06,girona,ath bilbao,2024|2024-10-06|girona|ath bilbao,2024|2024-10-06|girona|athbilbao,H,H,0.42077540589743617,0.40159963313376945,0.1776249609687943,0.42077540589743617,1.037576281208177,0.01917577276366672,2.35,3.3,3.1,1.0511428630852104,0.4048278591214879,0.2882865057380293,0.3068856351404828,2.35,0.42077540589743617,-0.011177796141024876,0.0,1,1,1.35,11.43
2024,9,2024-10-06,sevilla,betis,2024|2024-10-06|sevilla|betis,2024|2024-10-06|sevilla|betis,H,H,0.3458268857456748,0.3416748301532824,0.3124982841010429,0.3458268857456748,1.0976123597298704,0.004152055592392345,2.45,3.2,3.0,1.0539965986394557,0.3872529245663574,0.2964905203711174,0.3162565550625252,2.45,0.3458268857456748,-0.1527241299230967,0.0,1,1,1.4500000000000002,12.879999999999999
2024,9,2024-10-06,sociedad,ath madrid,2024|2024-10-06|sociedad|ath madrid,2024|2024-10-06|sociedad|athmadrid,D,D,0.22664936466440364,0.4448467838925346,0.3285038514430617,0.4448467838925346,1.0624571058914327,0.11634293244947291,3.3,3.2,2.3,1.050312911725955,0.28851430811446493,0.29753038024304196,0.4139553116424932,3.2,0.4448467838925346,0.4235097084561109,0.19250441293459586,1,1,2.2,15.079999999999998
2024,10,2024-10-18,alaves,valladolid,2024|2024-10-18|alaves|valladolid,2024|2024-10-18|alaves|valladolid,A,H,0.6971088515259036,0.2310283655130643,0.07186278296103202,0.6971088515259036,0.7792470818139471,0.46608048601283936,1.62,3.9,5.75,1.0476072505058012,0.5892322244994482,0.24475800094592468,0.16600977455462715,1.62,0.6971088515259036,0.12931633947196397,0.20857474108381283,1,0,-1.0,14.079999999999998
2024,10,2024-10-19,ath bilbao,espanol,2024|2024-10-19|ath bilbao|espanol,2024|2024-10-19|athbilbao|espanol,H,H,0.7151155582950351,0.21766047571166847,0.06722396599329626,0.7151155582950351,0.7531652609097972,0.4974550825833667,1.45,4.2,7.5,1.0610837438423646,0.6499535747446611,0.22438873413803773,0.12565769111730113,1.45,0.7151155582950351,0.03691755952780096,0.08203902117289102,1,1,0.44999999999999996,14.53
2024,10,2024-10-19,celta,real madrid,2024|2024-10-19|celta|real madrid,2024|2024-10-19|celta|realmadrid,A,A,0.10951176302037777,0.2969180931466949,0.5935701438329273,0.5935701438329273,0.9123631693032368,0.2966520506862324,4.75,4.5,1.6,1.0577485380116958,0.1990324809951624,0.21008984105044923,0.5908776779543885,1.6,0.5935701438329273,-0.05028776986731631,0.0,1,1,0.6000000000000001,15.129999999999999
2024,10,2024-10-19,girona,sociedad,2024|2024-10-19|girona|sociedad,2024|2024-10-19|girona|sociedad,A,H,0.39825608724332284,0.3096620676063124,0.2920818451503648,0.39825608724332284,1.0891384851491652,0.08859401963701047,2.4,3.4,2.88,1.0580065359477124,0.3938223938223938,0.277992277992278,0.3281853281853282,2.4,0.39825608724332284,-0.04418539061602522,0.0,1,0,-1.0,14.129999999999999
2024,10,2024-10-19,osasuna,betis,2024|2024-10-19|osasuna|betis,2024|2024-10-19|osasuna|betis,A,A,0.30937456703551486,0.3183769677633714,0.37224846520111377,0.37224846520111377,1.095201170250104,0.05387149743774239,2.5,3.4,2.7,1.064488017429194,0.375767498976668,0.2762996316004912,0.34793286942284074,2.7,0.37224846520111377,0.005070856043007277,0.0029828564958866333,1,1,1.7000000000000002,15.83
2024,10,2024-10-20,ath madrid,leganes,2024|2024-10-20|ath madrid|leganes,2024|2024-10-20|athmadrid|leganes,H,H,0.7947659432143512,0.15394073001006064,0.051293326775588136,0.7947659432143512,0.622966943687548,0.6408252132042906,1.33,4.75,10.0,1.062406015037594,0.7077140835102618,0.1981599433828733,0.09412597310686482,1.33,0.7947659432143512,0.05703870447508719,0.17284455901541568,1,1,0.33000000000000007,16.16
2024,10,2024-10-20,barcelona,sevilla,2024|2024-10-20|barcelona|sevilla,2024|2024-10-20|barcelona|sevilla,H,H,0.8169705614738705,0.11808519636554887,0.06494424216058069,0.8169705614738705,0.5949958390062069,0.6988853651083216,1.3,5.75,8.0,1.06814381270903,0.7201565557729942,0.16281800391389434,0.11702544031311157,1.3,0.8169705614738705,0.06206172991603168,0.2068724330534389,1,1,0.30000000000000004,16.46
2024,10,2024-10-20,mallorca,vallecano,2024|2024-10-20|mallorca|vallecano,2024|2024-10-20|mallorca|vallecano,H,H,0.5408392137866248,0.24445793664152654,0.2147028495718486,0.5408392137866248,1.0071089950048964,0.29638127714509827,2.05,3.1,4.0,1.060385523210071,0.46002596920793914,0.30421072157299195,0.2357633092190688,2.05,0.5408392137866248,0.10872038826258079,0.10354322691674363,1,1,1.0499999999999998,17.509999999999998
2024,10,2024-10-20,villarreal,getafe,2024|2024-10-20|villarreal|getafe,2024|2024-10-20|villarreal|getafe,D,H,0.7387219422873605,0.16506032867627973,0.09621772903635972,0.7387219422873605,0.7463162037282729,0.5736616136110808,1.67,3.8,5.0,1.0619602899464229,0.5638651471984806,0.24780389363722696,0.18833095916429252,1.67,0.7387219422873605,0.23366564361989206,0.3487546919699882,1,0,-1.0,16.509999999999998
2024,10,2024-10-21,valencia,las palmas,2024|2024-10-21|valencia|las palmas,2024|2024-10-21|valencia|laspalmas,A,H,0.6252969226139796,0.2578299498609975,0.11687312752502299,0.6252969226139796,0.8939593355242024,0.3674669727529821,1.62,3.8,5.5,1.062260027172308,0.5811043763554468,0.24773397097258518,0.17116165267196795,1.62,0.6252969226139796,0.01298101463464707,0.02093712037846301,1,0,-1.0,15.51
2024,11,2024-10-25,espanol,sevilla,2024|2024-10-25|espanol|sevilla,2024|2024-10-25|espanol|sevilla,A,D,0.25147074254219925,0.3796289676205575,0.36890028983724327,0.3796289676205575,1.0827092143558197,0.010728677783314211,3.0,3.25,2.4,1.0576923076923077,0.3151515151515151,0.2909090909090909,0.393939393939394,3.25,0.3796289676205575,0.23379414476681182,0.1039085087852497,1,0,-1.0,14.51
2024,11,2024-10-26,las palmas,girona,2024|2024-10-26|las palmas|girona,2024|2024-10-26|laspalmas|girona,H,D,0.18202318233406903,0.5880474865222255,0.22992933114370542,0.5880474865222255,0.9603132145035478,0.3581181553785201,2.88,3.4,2.45,1.0495031345871682,0.3308443879577409,0.2802446580347923,0.38891095400746684,3.4,0.5880474865222255,0.9993614541755665,0.4164006059064861,1,0,-1.0,13.51
2024,11,2024-10-26,real madrid,barcelona,2024|2024-10-26|real madrid|barcelona,2024|2024-10-26|realmadrid|barcelona,A,H,0.4520280549890877,0.23791576516283014,0.3100561798480821,0.4520280549890877,1.0636002370584945,0.14197187514100562,2.0,4.1,3.25,1.051594746716698,0.47546833184656556,0.23193577163247103,0.29259589652096346,2.0,0.4520280549890877,-0.09594389002182457,0.0,1,0,-1.0,12.51
2024,11,2024-10-26,valladolid,villarreal,2024|2024-10-26|valladolid|villarreal,2024|2024-10-26|valladolid|villarreal,A,D,0.128768499498247,0.579946350214439,0.291285150287314,0.579946350214439,0.9391944323707464,0.28866119992712497,3.5,3.75,2.0,1.0523809523809524,0.27149321266968324,0.25339366515837103,0.4751131221719457,3.75,0.579946350214439,1.1747988133041463,0.427199568474235,1,0,-1.0,11.51
2024,11,2024-10-26,vallecano,alaves,2024|2024-10-26|vallecano|alaves,2024|2024-10-26|vallecano|alaves,H,H,0.3635662458988095,0.33767902629469837,0.29875472780649226,0.3635662458988095,1.0953937380190342,0.02588721960411111,2.25,3.1,3.5,1.0527393753200203,0.4221789883268483,0.3064202334630351,0.27140077821011677,2.25,0.3635662458988095,-0.1819759467276787,0.0,1,1,1.25,12.76
2024,11,2024-10-27,betis,ath madrid,2024|2024-10-27|betis|ath madrid,2024|2024-10-27|betis|athmadrid,H,A,0.30422051976300296,0.31345399907817334,0.38232548115882375,0.38232548115882375,1.0932614280093764,0.06887148208065041,3.1,3.4,2.3,1.0514809009157662,0.3067869752844252,0.27971753628874063,0.41349548842683403,2.3,0.38232548115882375,-0.12065139333470548,0.0,1,0,-1.0,11.76
2024,11,2024-10-27,getafe,valencia,2024|2024-10-27|getafe|valencia,2024|2024-10-27|getafe|valencia,D,H,0.4884720393061728,0.3603761057009744,0.15115185499285275,0.4884720393061728,1.0033763848228499,0.1280959336051984,2.1,3.1,3.8,1.0619290160886086,0.4484202512371526,0.30376855728968405,0.2478111914731633,2.1,0.4884720393061728,0.025791282542962923,0.023446620493602657,1,0,-1.0,10.76
2024,11,2024-10-27,leganes,celta,2024|2024-10-27|leganes|celta,2024|2024-10-27|leganes|celta,H,A,0.18485961222428218,0.38637291201355495,0.4287674757621629,0.4287674757621629,1.042592218612869,0.04239456374860795,3.25,3.25,2.3,1.0501672240802677,0.2929936305732484,0.2929936305732484,0.41401273885350315,2.3,0.4287674757621629,-0.013834805747025447,0.0,1,0,-1.0,9.76
2024,11,2024-10-27,sociedad,osasuna,2024|2024-10-27|sociedad|osasuna,2024|2024-10-27|sociedad|osasuna,A,H,0.6018181171521045,0.27245245845651267,0.12572942439138277,0.6018181171521045,0.9205862046990203,0.32936565869559187,1.75,3.6,5.0,1.0492063492063493,0.5446293494704992,0.264750378214826,0.19062027231467474,1.75,0.6018181171521045,0.05318170501618291,0.07090894002157722,1,0,-1.0,8.76
2024,11,2024-10-28,mallorca,ath bilbao,2024|2024-10-28|mallorca|ath bilbao,2024|2024-10-28|mallorca|athbilbao,D,H,0.3579478743461467,0.34240994702771266,0.2996421786261406,0.3579478743461467,1.0958394910956222,0.015537927318434064,2.9,3.1,2.55,1.0595650941132848,0.32544256895841916,0.30444627418690823,0.3701111568546728,2.9,0.3579478743461467,0.03804883560382544,0.02002570294938181,1,0,-1.0,7.76
2024,12,2024-11-01,alaves,mallorca,2024|2024-11-01|alaves|mallorca,2024|2024-11-01|alaves|mallorca,H,H,0.4587433128528665,0.4000606581322387,0.1411960290148948,0.4587433128528665,1.0003997734254968,0.058682654720627836,2.25,3.0,3.4,1.0718954248366013,0.4146341463414634,0.31097560975609756,0.27439024390243905,2.25,0.4587433128528665,0.03217245391894963,0.025737963135159702,1,1,1.25,9.01
2024,12,2024-11-02,girona,leganes,2024|2024-11-02|girona|leganes,2024|2024-11-02|girona|leganes,H,H,0.6503805071889112,0.25926859693088716,0.09035089588020156,0.6503805071889112,0.8469849248743839,0.391111910258024,1.7,3.5,5.5,1.0557677616501147,0.557163531114327,0.27062228654124454,0.17221418234442837,1.7,0.6503805071889112,0.10564686222114894,0.15092408888735565,1,1,0.7,9.709999999999999
2024,12,2024-11-02,osasuna,valladolid,2024|2024-11-02|osasuna|valladolid,2024|2024-11-02|osasuna|valladolid,H,H,0.5772039338088499,0.3278198015827114,0.09497626460843878,0.5772039338088499,0.9064088353917906,0.24938413222613853,1.6,3.7,6.25,1.05527027027027,0.5922653348700219,0.2561147394032527,0.1516199257267256,1.6,0.5772039338088499,-0.07647370590584007,0.0,1,1,0.6000000000000001,10.309999999999999
2024,12,2024-11-03,ath bilbao,betis,2024|2024-11-03|ath bilbao|betis,2024|2024-11-03|athbilbao|betis,D,H,0.47428911529694423,0.26310990150439717,0.26260098319865866,0.47428911529694423,1.0562192693001329,0.21117921379254706,1.91,3.5,4.0,1.0592744951383695,0.4942630185348632,0.26972639011473964,0.23601059135039718,1.91,0.47428911529694423,-0.09410778978283663,0.0,1,0,-1.0,9.309999999999999
2024,12,2024-11-03,ath madrid,las palmas,2024|2024-11-03|ath madrid|las palmas,2024|2024-11-03|athmadrid|laspalmas,H,H,0.7838336556317896,0.1525127499325876,0.06365359443562268,0.7838336556317896,0.6530316825828213,0.6313209056992021,1.27,6.0,9.5,1.059331399364553,0.7433005150942166,0.1573319423616092,0.09936754254417422,1.27,0.7838336556317896,-0.004531257347627132,0.0,1,1,0.27,9.58
2024,12,2024-11-03,barcelona,espanol,2024|2024-11-03|barcelona|espanol,2024|2024-11-03|barcelona|espanol,H,H,0.8665381961051418,0.09396755506508024,0.039494248829777895,0.8665381961051418,0.473975442293058,0.7725706410400616,1.13,9.0,19.0,1.048698442270869,0.8438610343466245,0.10595144097907619,0.050187524674299246,1.13,0.8665381961051418,-0.02081183840118983,0.0,1,1,0.1299999999999999,9.709999999999999
2024,12,2024-11-03,sevilla,sociedad,2024|2024-11-03|sevilla|sociedad,2024|2024-11-03|sevilla|sociedad,A,A,0.27771959129474366,0.2978332309961783,0.42444717770907814,0.42444717770907814,1.08027816811969,0.12661394671289983,2.9,3.0,2.63,1.0583890564223593,0.3258041871412644,0.31494404756988886,0.35925176528884667,2.63,0.42444717770907814,0.11629607737487546,0.07134728673305243,1,1,1.63,11.34
2024,12,2024-11-04,celta,getafe,2024|2024-11-04|celta|getafe,2024|2024-11-04|celta|getafe,H,H,0.6054112451191641,0.2621075479771948,0.13248120690364093,0.6054112451191641,0.9225722891169665,0.3433036971419693,1.95,3.2,4.5,1.047542735042735,0.4895461499235085,0.29831718510963795,0.21213666496685363,1.95,0.6054112451191641,0.18055192798236996,0.19005466103407365,1,1,0.95,12.29
2024,12,2024-12-18,espanol,valencia,2024|2024-12-18|espanol|valencia,2024|2024-12-18|espanol|valencia,D,H,0.4002025605094301,0.3214685460286205,0.27832889346194933,0.4002025605094301,1.0872888947447588,0.07873401448080958,2.6,3.0,3.0,1.051282051282051,0.3658536585365854,0.3170731707317074,0.3170731707317074,2.6,0.4002025605094301,0.04052665732451832,0.02532916082782395,1,0,-1.0,11.29
2024,12,2025-01-03,valencia,real madrid,2024|2025-01-03|valencia|real madrid,2024|2025-01-03|valencia|realmadrid,A,A,0.05851033796689999,0.21853717575401002,0.72295248627909,0.72295248627909,0.7329700753980903,0.50441531052508,7.0,4.5,1.42,1.0693047171920411,0.13359816015053314,0.20781936023416264,0.6585824796153043,1.42,0.72295248627909,0.026592530516307777,0.06331554884835186,1,1,0.41999999999999993,11.709999999999999
2024,13,2024-11-08,vallecano,las palmas,2024|2024-11-08|vallecano|las palmas,2024|2024-11-08|vallecano|laspalmas,A,H,0.5491091546667899,0.310470100721677,0.14042074461153312,0.5491091546667899,0.9679763899106506,0.23863905394511287,1.83,3.4,4.5,1.0627879567127398,0.5141647343482205,0.27674160701683637,0.209093658634943,1.83,0.5491091546667899,0.004869753040225522,0.00586717233762111,1,0,-1.0,10.709999999999999
2024,13,2024-11-09,leganes,sevilla,2024|2024-11-09|leganes|sevilla,2024|2024-11-09|leganes|sevilla,H,D,0.26456059333862053,0.38909063264040455,0.34634877402097486,0.38909063264040455,1.0862983330268237,0.042741858619429696,2.88,3.2,2.55,1.0518790849673203,0.33009708737864074,0.29708737864077667,0.37281553398058254,3.2,0.38909063264040455,0.24509002444929462,0.11140455656786118,1,0,-1.0,9.709999999999999
2024,13,2024-11-09,real madrid,osasuna,2024|2024-11-09|real madrid|osasuna,2024|2024-11-09|realmadrid|osasuna,H,H,0.8159271596067875,0.12846833733988341,0.05560450305332895,0.8159271596067875,0.5902793175108701,0.6874588222669041,1.2,7.0,13.0,1.0531135531135531,0.7913043478260869,0.13565217391304346,0.07304347826086957,1.2,0.8159271596067875,-0.020887408471855023,0.0,1,1,0.19999999999999996,9.909999999999998
2024,13,2024-11-09,villarreal,alaves,2024|2024-11-09|villarreal|alaves,2024|2024-11-09|villarreal|alaves,H,H,0.6624731749152808,0.23130622869386072,0.10622059639085847,0.6624731749152808,0.8495970854808101,0.43116694622142004,1.62,4.0,5.5,1.0491021324354657,0.5883926183471516,0.23829901043059643,0.17330837122225196,1.62,0.6624731749152808,0.07320654336275495,0.11807506993992732,1,1,0.6200000000000001,10.53
2024,13,2024-11-10,betis,celta,2024|2024-11-10|betis|celta,2024|2024-11-10|betis|celta,D,H,0.5473756049906952,0.23907301535554723,0.21355137965375762,0.5473756049906952,1.0016669549388288,0.3083025896351479,1.95,3.4,4.0,1.0569381598793364,0.48519443453442745,0.27827327863003926,0.23653228683553335,1.95,0.5473756049906952,0.06738242973185549,0.07092887340195314,1,0,-1.0,9.53
2024,13,2024-11-10,getafe,girona,2024|2024-11-10|getafe|girona,2024|2024-11-10|getafe|girona,A,D,0.36474490571197465,0.38132248085111525,0.25393261343691004,0.38132248085111525,1.0835647776797046,0.0165775751391406,2.45,3.2,3.0,1.0539965986394557,0.3872529245663574,0.2964905203711174,0.3162565550625252,3.2,0.38132248085111525,0.22023193872356894,0.10010542669253134,1,0,-1.0,8.53
2024,13,2024-11-10,mallorca,ath madrid,2024|2024-11-10|mallorca|ath madrid,2024|2024-11-10|mallorca|athmadrid,A,A,0.23274622857195273,0.2812431852417582,0.48601058618628906,0.48601058618628906,1.0467346872532222,0.2047674009445309,3.6,3.1,2.2,1.0549038774845227,0.2633204633204633,0.30579150579150577,0.43088803088803085,2.2,0.48601058618628906,0.06922328960983604,0.05768607467486336,1,1,1.2000000000000002,9.729999999999999
2024,13,2024-11-10,sociedad,barcelona,2024|2024-11-10|sociedad|barcelona,2024|2024-11-10|sociedad|barcelona,H,A,0.10302001703006473,0.20248787797670406,0.6944921049932311,0.6944921049932311,0.8107296691216885,0.492004227016527,4.75,4.1,1.65,1.0604893608744699,0.19851808377962,0.22999046291541345,0.5714914533049666,1.65,0.6944921049932311,0.14591197323883126,0.2244799588289712,1,0,-1.0,8.729999999999999
2024,13,2024-11-10,valladolid,ath bilbao,2024|2024-11-10|valladolid|ath bilbao,2024|2024-11-10|valladolid|athbilbao,D,A,0.14480542336173574,0.30284008370118876,0.5523544929370755,0.5523544929370755,0.9694330050296446,0.24951440923588675,4.5,3.4,1.85,1.056880409821586,0.21026241016212607,0.2782884840381081,0.5114491057997661,1.85,0.5523544929370755,0.02185581193358971,0.025712719921870242,1,0,-1.0,7.7299999999999995
2024,13,2024-12-18,villarreal,vallecano,2024|2024-12-18|villarreal|vallecano,2024|2024-12-18|villarreal|vallecano,D,H,0.5948032376635473,0.23103567127111777,0.17416109106533492,0.5948032376635473,0.9519188322468684,0.36376756639242946,1.8,3.6,4.5,1.0555555555555556,0.5263157894736842,0.2631578947368421,0.21052631578947367,1.8,0.5948032376635473,0.07064582779438511,0.08830728474298138,1,0,-1.0,6.7299999999999995
2024,14,2024-11-22,getafe,valladolid,2024|2024-11-22|getafe|valladolid,2024|2024-11-22|getafe|valladolid,H,H,0.6116538588866041,0.28485651154893643,0.10348962956445948,0.6116538588866041,0.8931401853931131,0.32679734733766763,1.65,3.4,6.5,1.0540244069655835,0.5749967477559516,0.27904253935215295,0.1459607128918954,1.65,0.6116538588866041,0.00922886716289667,0.014198257173687187,1,1,0.6499999999999999,7.379999999999999
2024,14,2024-11-23,ath madrid,alaves,2024|2024-11-23|ath madrid|alaves,2024|2024-11-23|athmadrid|alaves,H,H,0.7315648705533283,0.1836657073270918,0.08476942211957998,0.7315648705533283,0.7491073705729783,0.5478991632262364,1.36,4.75,9.0,1.0569315445476435,0.6956875508543532,0.19918633034987795,0.10512611879576893,1.36,0.7315648705533283,-0.005071776047473442,0.0,1,1,0.3600000000000001,7.739999999999999
2024,14,2024-11-23,celta,barcelona,2024|2024-11-23|celta|barcelona,2024|2024-11-23|celta|barcelona,D,A,0.10988559466858337,0.22307894716640841,0.6670354581650081,0.6670354581650081,0.8474224007760391,0.4439565109985997,4.75,4.33,1.65,1.0475338040671698,0.20097329076358317,0.22046723582610164,0.5785594734103152,1.65,0.6670354581650081,0.10060850597226328,0.15478231688040509,1,0,-1.0,6.739999999999999
2024,14,2024-11-23,girona,espanol,2024|2024-11-23|girona|espanol,2024|2024-11-23|girona|espanol,H,H,0.6154669516353456,0.23849027260355804,0.14604277576109645,0.6154669516353456,0.921555240082529,0.37697667903178755,1.67,3.9,5.25,1.0456888420960277,0.5726391743927508,0.24520703108612663,0.1821537945211226,1.67,0.6154669516353456,0.027829809231027125,0.041537028703025565,1,1,0.6699999999999999,7.409999999999999
2024,14,2024-11-23,las palmas,mallorca,2024|2024-11-23|las palmas|mallorca,2024|2024-11-23|laspalmas|mallorca,A,D,0.28037644333386413,0.43953162430288506,0.2800919323632509,0.43953162430288506,1.0743034028042655,0.15915518096902093,2.8,3.0,2.7,1.060846560846561,0.3366583541147132,0.31421446384039897,0.34912718204488774,3.0,0.43953162430288506,0.3185948729086552,0.1592974364543276,1,0,-1.0,6.409999999999999
2024,14,2024-11-23,valencia,betis,2024|2024-11-23|valencia|betis,2024|2024-11-23|valencia|betis,H,A,0.2064970267683137,0.381502281615228,0.41200069161645836,0.41200069161645836,1.0587064561145039,0.03049841000123038,3.0,3.0,2.6,1.051282051282051,0.3170731707317074,0.3170731707317074,0.3658536585365854,2.6,0.41200069161645836,0.07120179820279182,0.04450112387674489,1,0,-1.0,5.409999999999999
2024,14,2024-11-24,ath bilbao,sociedad,2024|2024-11-24|ath bilbao|sociedad,2024|2024-11-24|athbilbao|sociedad,H,H,0.4581887235409926,0.39737117591649707,0.14444010054251044,0.4581887235409926,1.0038078948913665,0.06081754762449554,2.25,3.0,3.6,1.0555555555555554,0.4210526315789474,0.31578947368421056,0.26315789473684215,2.25,0.4581887235409926,0.030924627967233387,0.02473970237378671,1,1,1.25,6.659999999999999
2024,14,2024-11-24,leganes,real madrid,2024|2024-11-24|leganes|real madrid,2024|2024-11-24|leganes|realmadrid,A,A,0.04973166639839538,0.15108312613415326,0.7991852074674515,0.7991852074674515,0.6139335638144148,0.6481020813332983,7.5,4.5,1.42,1.0597809076682316,0.125812167749557,0.20968694624926165,0.6645008860011814,1.42,0.7991852074674515,0.13484299460378102,0.3210547490566215,1,1,0.41999999999999993,7.079999999999999
2024,14,2024-11-24,osasuna,villarreal,2024|2024-11-24|osasuna|villarreal,2024|2024-11-24|osasuna|villarreal,D,H,0.3628592399575841,0.34494586302916713,0.29219489701324874,0.3628592399575841,1.0944916852609095,0.01791337692841699,2.55,3.4,2.75,1.049910873440285,0.3735144312393889,0.28013582342954163,0.34634974533106966,2.55,0.3628592399575841,-0.0747089381081606,0.0,1,0,-1.0,6.079999999999999
2024,14,2024-11-24,sevilla,vallecano,2024|2024-11-24|sevilla|vallecano,2024|2024-11-24|sevilla|vallecano,H,H,0.4296852383889977,0.2924603617470796,0.2778543998639227,0.4296852383889977,1.0783510122061426,0.13722487664191807,2.3,3.2,3.3,1.0503129117259553,0.41395531164249316,0.2975303802430419,0.2885143081144649,2.3,0.4296852383889977,-0.01172395170530538,0.0,1,1,1.2999999999999998,7.379999999999999
2024,15,2024-11-29,mallorca,valencia,2024|2024-11-29|mallorca|valencia,2024|2024-11-29|mallorca|valencia,H,H,0.6143246476827566,0.2528549560057677,0.1328203963114757,0.6143246476827566,0.9151108428559438,0.36146969167698895,2.0,3.0,4.5,1.0555555555555554,0.4736842105263159,0.31578947368421056,0.2105263157894737,2.0,0.6143246476827566,0.22864929536551326,0.22864929536551326,1,1,1.0,8.379999999999999
2024,15,2024-11-30,alaves,leganes,2024|2024-11-30|alaves|leganes,2024|2024-11-30|alaves|leganes,D,H,0.6218648785949303,0.28625500877231747,0.09188011263275213,0.6218648785949303,0.872817133539434,0.33560986982261287,1.8,3.4,5.0,1.0496732026143791,0.5292652552926526,0.28019925280199254,0.19053549190535493,1.8,0.6218648785949303,0.11935678147087464,0.14919597683859329,1,0,-1.0,7.379999999999999
2024,15,2024-11-30,barcelona,las palmas,2024|2024-11-30|barcelona|las palmas,2024|2024-11-30|barcelona|laspalmas,A,H,0.8396048516168843,0.10989730465950898,0.05049784372360666,0.8396048516168843,0.54023692232474,0.7297075469573753,1.17,8.5,13.0,1.049270990447461,0.8145663632007667,0.11212266411116434,0.07331097268806899,1.17,0.8396048516168843,-0.01766232360824549,0.0,1,0,-1.0,6.379999999999999
2024,15,2024-11-30,espanol,celta,2024|2024-11-30|espanol|celta,2024|2024-11-30|espanol|celta,H,A,0.20970608512068084,0.38839706202723423,0.401896852852085,0.401896852852085,1.0612416865538448,0.013499790824850755,3.3,3.4,2.2,1.0516934046345812,0.288135593220339,0.2796610169491525,0.43220338983050843,2.2,0.401896852852085,-0.11582692372541298,0.0,1,0,-1.0,5.379999999999999
2024,15,2024-11-30,valladolid,ath madrid,2024|2024-11-30|valladolid|ath madrid,2024|2024-11-30|valladolid|athmadrid,A,A,0.09554400374519485,0.3132890058635246,0.5911669903912805,0.5911669903912805,0.8987166833118767,0.2778779845277559,6.0,4.2,1.53,1.0583566760037348,0.15747684164093514,0.22496691662990734,0.6175562417291575,1.53,0.5911669903912805,-0.09551450470134082,0.0,1,1,0.53,5.909999999999999
2024,15,2024-12-01,real madrid,getafe,2024|2024-12-01|real madrid|getafe,2024|2024-12-01|realmadrid|getafe,H,H,0.7531333836659645,0.1408922478484391,0.10597436848559641,0.7531333836659645,0.7275036462633954,0.6122411358175254,1.36,4.5,10.0,1.057516339869281,0.6953028430160691,0.21013597033374534,0.09456118665018541,1.36,0.7531333836659645,0.02426140178571179,0.06739278273808828,1,1,0.3600000000000001,6.27
2024,15,2024-12-01,sociedad,betis,2024|2024-12-01|sociedad|betis,2024|2024-12-01|sociedad|betis,H,H,0.5930516347496021,0.21099889351843645,0.19594947173196148,0.5930516347496021,0.9575253700500594,0.3820527412311656,1.8,3.6,4.5,1.0555555555555556,0.5263157894736842,0.2631578947368421,0.21052631578947367,1.8,0.5930516347496021,0.06749294254928379,0.08436617818660473,1,1,0.8,7.069999999999999
2024,15,2024-12-01,vallecano,ath bilbao,2024|2024-12-01|vallecano|ath bilbao,2024|2024-12-01|vallecano|athbilbao,A,A,0.31085690167384245,0.34211396364653535,0.34702913467962226,0.34702913467962226,1.0974446396884172,0.004915171033086918,2.8,3.1,2.7,1.050093872674518,0.34010564811052413,0.30719219829337663,0.3527021535960991,2.7,0.34702913467962226,-0.06302133636501983,0.0,1,1,1.7000000000000002,8.77
2024,15,2024-12-01,villarreal,girona,2024|2024-12-01|villarreal|girona,2024|2024-12-01|villarreal|girona,D,H,0.6026641019850665,0.25817676943597184,0.13915912857896176,0.6026641019850665,0.9292270964931839,0.34448733254909464,1.83,3.7,4.2,1.0548135957972022,0.5180518051805181,0.25622562256225623,0.22572257225722572,1.83,0.6026641019850665,0.10287530663267175,0.12394615256948402,1,0,-1.0,7.77
2024,15,2024-12-02,sevilla,osasuna,2024|2024-12-02|sevilla|osasuna,2024|2024-12-02|sevilla|osasuna,D,H,0.43626030687426914,0.3051070284100815,0.2586326647156494,0.43626030687426914,1.0738362750396058,0.13115327846418762,2.1,3.4,3.5,1.0560224089635852,0.4509283819628648,0.2785145888594165,0.27055702917771884,2.1,0.43626030687426914,-0.08385335556403473,0.0,1,0,-1.0,6.77
2024,16,2024-12-06,celta,mallorca,2024|2024-12-06|celta|mallorca,2024|2024-12-06|celta|mallorca,H,H,0.5622708701680879,0.2959633762067842,0.14176575362512794,0.5622708701680879,0.961031409935911,0.26630749396130365,1.85,3.4,4.5,1.056880409821586,0.5114491057997661,0.2782884840381081,0.21026241016212607,1.85,0.5622708701680879,0.04020110981096259,0.047295423307014806,1,1,0.8500000000000001,7.619999999999999
2024,16,2024-12-07,betis,barcelona,2024|2024-12-07|betis|barcelona,2024|2024-12-07|betis|barcelona,D,A,0.07625557505822028,0.15706454720513402,0.7666798777366458,0.7666798777366458,0.69069428165288,0.6096153305315117,5.0,4.5,1.57,1.0591648973814578,0.18882801015635442,0.2098089001737271,0.6013630896699185,1.57,0.7666798777366458,0.20368740804653396,0.3573463299061999,1,0,-1.0,6.619999999999999
2024,16,2024-12-07,girona,real madrid,2024|2024-12-07|girona|real madrid,2024|2024-12-07|girona|realmadrid,A,A,0.12602463701661565,0.2326049106568685,0.6413704523265159,0.6413704523265159,0.8851297238909608,0.4087655416696474,4.5,3.9,1.73,1.0566671607134035,0.21030484383766596,0.24265943519730693,0.5470357209650272,1.73,0.6413704523265159,0.10957088252487251,0.15009709934914042,1,1,0.73,7.35
2024,16,2024-12-07,las palmas,valladolid,2024|2024-12-07|las palmas|valladolid,2024|2024-12-07|laspalmas|valladolid,H,H,0.4827334368309177,0.3829028748674852,0.13436368830159712,0.4827334368309177,0.9888425037084491,0.09983056196343248,1.8,3.6,4.5,1.0555555555555556,0.5263157894736842,0.2631578947368421,0.21052631578947367,1.8,0.4827334368309177,-0.13107981370434807,0.0,1,1,0.8,8.149999999999999
2024,16,2024-12-07,valencia,vallecano,2024|2024-12-07|valencia|vallecano,2024|2024-12-07|valencia|vallecano,A,H,0.4288809462974096,0.3076457627763514,0.2634732909262391,0.4288809462974096,1.0771565748125087,0.12123518352105817,2.25,2.9,3.75,1.0559386973180076,0.420899854862119,0.3265602322206096,0.2525399129172714,2.25,0.4288809462974096,-0.03501787083082841,0.0,1,0,-1.0,7.1499999999999995
2024,16,2024-12-08,ath bilbao,villarreal,2024|2024-12-08|ath bilbao|villarreal,2024|2024-12-08|athbilbao|villarreal,H,H,0.5213385971773048,0.22168603736051656,0.2569753654621787,0.5213385971773048,1.0227169998058838,0.2643632317151261,1.95,3.6,3.8,1.0537561853351327,0.4866595517609392,0.26360725720384204,0.24973319103521877,1.95,0.5213385971773048,0.01661026449574432,0.01748448894288876,1,1,0.95,8.1
2024,16,2024-12-08,ath madrid,sevilla,2024|2024-12-08|ath madrid|sevilla,2024|2024-12-08|athmadrid|sevilla,H,H,0.746831693049099,0.14749819453402838,0.10567011241687266,0.746831693049099,0.7378008095456283,0.5993334985150707,1.38,4.75,8.5,1.0528110557724235,0.6882884418683941,0.19996590521650184,0.11174565291510398,1.38,0.746831693049099,0.030627736407756567,0.08059930633620152,1,1,0.3799999999999999,8.479999999999999
2024,16,2024-12-08,leganes,sociedad,2024|2024-12-08|leganes|sociedad,2024|2024-12-08|leganes|sociedad,A,A,0.1288441383620569,0.3026566966426351,0.5684991649953081,0.5684991649953081,0.946806201859602,0.26584246835267294,4.75,3.1,1.91,1.0566671703748476,0.1992361660245302,0.3052812221343608,0.49548261184110914,1.91,0.5684991649953081,0.08583340514103832,0.09432242323191026,1,1,0.9099999999999999,9.389999999999999
2024,16,2024-12-08,osasuna,alaves,2024|2024-12-08|osasuna|alaves,2024|2024-12-08|osasuna|alaves,D,H,0.47861248405762646,0.3094035583143574,0.21198395762801625,0.47861248405762646,1.0444753543985072,0.16920892574326907,2.05,3.3,3.75,1.0575018477457503,0.4612804025719877,0.28655297735532564,0.2521666200726866,2.05,0.47861248405762646,-0.018844407681865794,0.0,1,0,-1.0,8.389999999999999
2024,16,2024-12-09,getafe,espanol,2024|2024-12-09|getafe|espanol,2024|2024-12-09|getafe|espanol,H,H,0.593831320278714,0.3275407876705148,0.07862789205077111,0.593831320278714,0.8750163626672496,0.2662905326081992,1.8,3.1,5.75,1.0520492441951066,0.528069915568064,0.30662124129758556,0.16530884313435049,1.8,0.593831320278714,0.06889637650168523,0.08612047062710654,1,1,0.8,9.19
2024,17,2024-12-13,valladolid,valencia,2024|2024-12-13|valladolid|valencia,2024|2024-12-13|valladolid|valencia,H,A,0.3113483156383298,0.33289048064381777,0.3557612037178525,0.3557612037178525,1.0971323568574327,0.02287072307403476,3.1,3.1,2.38,1.0653293575494713,0.30279898218829515,0.30279898218829515,0.3944020356234097,2.38,0.3557612037178525,-0.15328833515151097,0.0,1,0,-1.0,8.19
2024,17,2024-12-14,espanol,osasuna,2024|2024-12-14|espanol|osasuna,2024|2024-12-14|espanol|osasuna,D,D,0.31644408726091017,0.38362310643489494,0.299932806304195,0.38362310643489494,1.092828717768831,0.06717901917398478,2.75,3.2,2.6,1.0607517482517483,0.34281005356407085,0.2946023897816234,0.36258755665430564,3.2,0.38362310643489494,0.22759394059166393,0.10345179117802905,1,1,2.2,10.39
2024,17,2024-12-14,mallorca,girona,2024|2024-12-14|mallorca|girona,2024|2024-12-14|mallorca|girona,H,H,0.47451021077068967,0.31265529268922965,0.2128344965400807,0.47451021077068967,1.0465502061853496,0.16185491808146002,2.3,3.1,3.25,1.0650555615492503,0.40822528363047,0.3028768233387358,0.28889789303079416,2.3,0.47451021077068967,0.09137348477258611,0.07028729597891241,1,1,1.2999999999999998,11.69
2024,17,2024-12-14,sevilla,celta,2024|2024-12-14|sevilla|celta,2024|2024-12-14|sevilla|celta,H,H,0.40764494517711014,0.306691682022329,0.28566337280056087,0.40764494517711014,1.0862058280291962,0.10095326315478115,2.2,3.25,3.3,1.0652680652680653,0.42669584245076586,0.2888402625820569,0.2844638949671772,2.2,0.40764494517711014,-0.10318112061035761,0.0,1,1,1.2000000000000002,12.89
2024,17,2024-12-14,vallecano,real madrid,2024|2024-12-14|vallecano|real madrid,2024|2024-12-14|vallecano|realmadrid,D,A,0.10627896692362104,0.313393527254156,0.580327505822223,0.580327505822223,0.9176659682453379,0.26693397856806705,6.0,3.8,1.57,1.0667672365627445,0.15623526947048655,0.24668726758497875,0.5970774629445346,1.57,0.580327505822223,-0.08888581585910982,0.0,1,0,-1.0,11.89
2024,17,2024-12-15,alaves,ath bilbao,2024|2024-12-15|alaves|ath bilbao,2024|2024-12-15|alaves|athbilbao,D,D,0.2246459115009639,0.40560118943344414,0.36975289906559194,0.40560118943344414,1.0693310444542783,0.0358482903678522,3.6,3.1,2.15,1.0654747020088355,0.26070799921768045,0.30275767651085467,0.4365343242714649,3.1,0.40560118943344414,0.25736368724367686,0.12255413678270326,1,1,2.1,13.99
2024,17,2024-12-15,ath madrid,getafe,2024|2024-12-15|ath madrid|getafe,2024|2024-12-15|athmadrid|getafe,H,H,0.7665200041750235,0.12846726407940615,0.1050127317455704,0.7665200041750235,0.7041031223895783,0.6380527400956174,1.4,4.33,9.0,1.0563437076139155,0.6761868406440866,0.21862853970016655,0.1051846196557468,1.4,0.7665200041750235,0.07312800584503287,0.1828200146125822,1,1,0.3999999999999999,14.39
2024,17,2024-12-15,barcelona,leganes,2024|2024-12-15|barcelona|leganes,2024|2024-12-15|barcelona|leganes,A,H,0.8746541741417694,0.1022790396112384,0.023066786246992273,0.8746541741417694,0.43728798122507795,0.772375134530531,1.13,8.0,19.0,1.0625873311597578,0.8328310777491644,0.11763738973206948,0.049531532518766096,1.13,0.8746541741417694,-0.011640783219800693,0.0,1,0,-1.0,13.39
2024,17,2024-12-15,sociedad,las palmas,2024|2024-12-15|sociedad|las palmas,2024|2024-12-15|sociedad|laspalmas,D,H,0.7534695762953206,0.17913540817066234,0.06739501553401714,0.7534695762953206,0.7031025006076628,0.5743341681246583,1.4,4.33,8.0,1.0702325965028043,0.6674116604369774,0.21579129898655158,0.11679704057647104,1.4,0.7534695762953206,0.054857406813448806,0.13714351703362204,1,0,-1.0,12.39
2024,17,2024-12-15,villarreal,betis,2024|2024-12-15|villarreal|betis,2024|2024-12-15|villarreal|betis,A,H,0.555771095353705,0.2510189880925796,0.1932099165537155,0.555771095353705,0.9910572608679813,0.30475210726112534,1.75,3.8,4.33,1.0655333483825036,0.5362840799830516,0.24697293157114222,0.2167429884458061,1.75,0.555771095353705,-0.027400583131016343,0.0,1,0,-1.0,11.39
2024,18,2024-12-20,girona,valladolid,2024|2024-12-20|girona|valladolid,2024|2024-12-20|girona|valladolid,H,H,0.7002424174498219,0.22075274411563497,0.07900483843454312,0.7002424174498219,0.7835440166019714,0.4794896733341869,1.38,5.0,8.0,1.0496376811594204,0.6903693476009666,0.19054193993786675,0.11908871246116672,1.38,0.7002424174498219,-0.03366546391924591,0.0,1,1,0.3799999999999999,11.77
2024,18,2024-12-21,barcelona,ath madrid,2024|2024-12-21|barcelona|ath madrid,2024|2024-12-21|barcelona|athmadrid,A,H,0.6627626334162817,0.27555968406243936,0.06167768252127889,0.6627626334162817,0.7996263734108535,0.38720294935384236,1.9,3.8,3.9,1.0458839406207827,0.5032258064516129,0.25161290322580643,0.2451612903225807,1.9,0.6627626334162817,0.25924900349093516,0.2880544483232613,1,0,-1.0,10.77
2024,18,2024-12-21,celta,sociedad,2024|2024-12-21|celta|sociedad,2024|2024-12-21|celta|sociedad,H,D,0.36366443804546783,0.40204494195487556,0.23429061999965675,0.40204494195487556,1.0741959956941203,0.038380503909407726,2.9,3.1,2.6,1.0520236159835714,0.3277755185034567,0.3066287108580724,0.36559577063847093,3.1,0.40204494195487556,0.24633932006011416,0.11730443812386389,1,0,-1.0,9.77
2024,18,2024-12-21,getafe,mallorca,2024|2024-12-21|getafe|mallorca,2024|2024-12-21|getafe|mallorca,A,H,0.42495445893229605,0.39864303464207984,0.17640250642562405,0.42495445893229605,1.036348288973738,0.026311424290216212,2.3,2.75,3.9,1.0548292287422723,0.41218293620292085,0.3447348193697156,0.2430822444273636,2.3,0.42495445893229605,-0.02260474445571925,0.0,1,0,-1.0,8.77
2024,18,2024-12-21,osasuna,ath bilbao,2024|2024-12-21|osasuna|ath bilbao,2024|2024-12-21|osasuna|athbilbao,A,D,0.20807619529687651,0.4147026861811284,0.3772211185219951,0.4147026861811284,1.0594290174490615,0.0374815676591333,3.9,3.1,2.1,1.055181377762023,0.2430011198208287,0.3057110862262038,0.4512877939529675,3.1,0.4147026861811284,0.285578327161498,0.13598967960071334,1,0,-1.0,7.77
2024,18,2024-12-22,betis,vallecano,2024|2024-12-22|betis|vallecano,2024|2024-12-22|betis|vallecano,D,H,0.5879259829775672,0.27647839690083986,0.1355956201215929,0.5879259829775672,0.9386568921789942,0.3114475860767273,1.8,3.5,4.75,1.0517961570593148,0.5281969817315331,0.27164416203335984,0.20015885623510724,1.8,0.5879259829775672,0.058266769359620885,0.0728334616995261,1,0,-1.0,6.77
2024,18,2024-12-22,las palmas,espanol,2024|2024-12-22|las palmas|espanol,2024|2024-12-22|laspalmas|espanol,H,H,0.538400592673933,0.25323404230273,0.208365365023337,0.538400592673933,1.00796726734473,0.28516655037120303,1.85,3.6,4.33,1.0492652005354084,0.5151610291323099,0.2647355288596593,0.22010344200803078,1.85,0.538400592673933,-0.003958903553223869,0.0,1,1,0.8500000000000001,7.619999999999999
2024,18,2024-12-22,leganes,villarreal,2024|2024-12-22|leganes|villarreal,2024|2024-12-22|leganes|villarreal,A,A,0.12527462826068592,0.264292765126307,0.6104326066130069,0.6104326066130069,0.913221978013891,0.3461398414866999,4.2,3.4,1.91,1.0557730945781454,0.22551743297680232,0.2785803583831088,0.4959022086400889,1.91,0.6104326066130069,0.1659262786308432,0.18233656992400352,1,1,0.9099999999999999,8.53
2024,18,2024-12-22,real madrid,sevilla,2024|2024-12-22|real madrid|sevilla,2024|2024-12-22|realmadrid|sevilla,H,H,0.7600085074552132,0.1373737171791504,0.10261777536563647,0.7600085074552132,0.71489397121278,0.6226347902760628,1.33,5.5,9.0,1.0448089921774133,0.7196336410554626,0.17402049865523006,0.10634586028930725,1.33,0.7600085074552132,0.010811314915433634,0.032761560349798886,1,1,0.33000000000000007,8.86
2024,18,2024-12-22,valencia,alaves,2024|2024-12-22|valencia|alaves,2024|2024-12-22|valencia|alaves,D,H,0.4205788560384097,0.3429505552654083,0.23647058869618204,0.4205788560384097,1.0722625693668757,0.07762830077300142,2.25,3.1,3.5,1.0527393753200203,0.4221789883268483,0.3064202334630351,0.27140077821011677,2.25,0.4205788560384097,-0.0536975739135781,0.0,1,0,-1.0,7.859999999999999
2024,19,2024-12-03,mallorca,barcelona,2024|2024-12-03|mallorca|barcelona,2024|2024-12-03|mallorca|barcelona,A,A,0.07133964396767725,0.15181064078828543,0.7768497152440373,0.7768497152440373,0.6707008084633379,0.6250390744557519,5.75,4.33,1.53,1.058454696937181,0.1643084432253056,0.21819250543776147,0.6174990513369328,1.53,0.7768497152440373,0.18858006432337715,0.3558114421195795,1,1,0.53,8.39
2024,19,2024-12-04,ath bilbao,real madrid,2024|2024-12-04|ath bilbao|real madrid,2024|2024-12-04|athbilbao|realmadrid,H,A,0.30724240262177843,0.3360456797150835,0.35671191766313803,0.35671191766313803,1.0967511265561138,0.020666237948054555,3.2,3.3,2.25,1.0599747474747474,0.2948183442525313,0.2858844550327576,0.41929720071471116,2.25,0.35671191766313803,-0.1973981852579394,0.0,1,0,-1.0,7.39
2024,19,2025-01-10,vallecano,celta,2024|2025-01-10|vallecano|celta,2024|2025-01-10|vallecano|celta,H,D,0.31615546909428816,0.34989952482929904,0.3339450060764128,0.34989952482929904,1.0977563008244322,0.015954518752886226,2.75,3.1,2.7,1.0565873791680245,0.34416118421052627,0.30530427631578944,0.3505345394736841,3.1,0.34989952482929904,0.08468852697082707,0.04032786998610813,1,0,-1.0,6.39
2024,19,2025-01-11,alaves,girona,2024|2025-01-11|alaves|girona,2024|2025-01-11|alaves|girona,A,D,0.32603578929543425,0.34026938402625206,0.3336948266783138,0.34026938402625206,1.0984599542818598,0.00657455734793827,2.75,3.1,2.75,1.0498533724340176,0.3463687150837989,0.30726256983240224,0.3463687150837989,3.1,0.34026938402625206,0.054835090481381465,0.026111947848276886,1,0,-1.0,5.39
2024,19,2025-01-11,espanol,leganes,2024|2025-01-11|espanol|leganes,2024|2025-01-11|espanol|leganes,D,H,0.4830574963613606,0.3946908887179187,0.12225161492072074,0.4830574963613606,0.9753404561816992,0.0883666076434419,2.1,3.0,4.0,1.0595238095238095,0.449438202247191,0.3146067415730337,0.23595505617977527,2.1,0.4830574963613606,0.014420742358857264,0.013109765780779329,1,0,-1.0,4.39
2024,19,2025-01-11,sevilla,valencia,2024|2025-01-11|sevilla|valencia,2024|2025-01-11|sevilla|valencia,D,H,0.4922727127270655,0.26612081767488,0.24160646959805454,0.4922727127270655,1.0443654542492926,0.22615189505218553,2.0,3.3,4.0,1.053030303030303,0.47482014388489213,0.2877697841726619,0.23741007194244607,2.0,0.4922727127270655,-0.01545457454586896,0.0,1,0,-1.0,3.3899999999999997
2024,19,2025-01-11,valladolid,betis,2024|2025-01-11|valladolid|betis,2024|2025-01-11|valladolid|betis,H,A,0.11416477736473618,0.2408491027151391,0.6449861199201248,0.6449861199201248,0.8734629905094604,0.4041370172049857,4.5,3.5,1.83,1.0543845953682018,0.21076011846001974,0.27097729516288255,0.5182625863770978,1.83,0.6449861199201248,0.1803245994538284,0.21725855355882936,1,0,-1.0,2.3899999999999997
2024,19,2025-01-12,ath madrid,osasuna,2024|2025-01-12|ath madrid|osasuna,2024|2025-01-12|athmadrid|osasuna,H,H,0.7633826687337824,0.1328048777885464,0.10381245347767121,0.7633826687337824,0.7093792891687344,0.6305777909452359,1.33,5.0,10.0,1.0518796992481203,0.7147962830593281,0.1901358112937813,0.09506790564689065,1.33,0.7633826687337824,0.015298949415930574,0.046360452775547185,1,1,0.33000000000000007,2.7199999999999998
2024,19,2025-01-12,las palmas,getafe,2024|2025-01-12|las palmas|getafe,2024|2025-01-12|laspalmas|getafe,A,H,0.40897826973980567,0.27115854964766256,0.3198631806125318,0.40897826973980567,1.084140468621701,0.0891150891272739,2.45,2.9,3.3,1.056021154543322,0.3865105008077544,0.32653473344103395,0.28695476575121165,2.45,0.40897826973980567,0.001996760862523983,0.0013770764569130916,1,0,-1.0,1.7199999999999998
2024,19,2025-01-13,sociedad,villarreal,2024|2025-01-13|sociedad|villarreal,2024|2025-01-13|sociedad|villarreal,H,H,0.4576492467752299,0.2411772451986508,0.30117350802611936,0.4576492467752299,1.0621593282572652,0.15647573874911053,2.0,3.3,4.0,1.053030303030303,0.47482014388489213,0.2877697841726619,0.23741007194244607,2.0,0.4576492467752299,-0.08470150644954022,0.0,1,1,1.0,2.7199999999999998
2024,20,2025-01-17,espanol,valladolid,2024|2025-01-17|espanol|valladolid,2024|2025-01-17|espanol|valladolid,H,H,0.5415781487559252,0.3669866690696428,0.09143518217443194,0.5415781487559252,0.9187352336191141,0.17459147968628247,1.75,3.4,5.25,1.0560224089635855,0.5411140583554376,0.27851458885941643,0.18037135278514588,1.75,0.5415781487559252,-0.052238239677130816,0.0,1,1,0.75,3.4699999999999998
2024,20,2025-01-18,betis,alaves,2024|2025-01-18|betis|alaves,2024|2025-01-18|betis|alaves,A,H,0.6037295780401771,0.2522154807683776,0.14405494119144524,0.6037295780401771,0.9311941891039164,0.35151409727179955,1.75,3.6,4.75,1.0597326649958227,0.5392195506503745,0.2621206148994876,0.19865983445013796,1.75,0.6037295780401771,0.05652676157031,0.07536901542708001,1,0,-1.0,2.4699999999999998
2024,20,2025-01-18,getafe,barcelona,2024|2025-01-18|getafe|barcelona,2024|2025-01-18|getafe|barcelona,D,A,0.04800861532026971,0.0864604129967675,0.8655309716829627,0.8655309716829627,0.4824263366383577,0.7790705586861951,6.5,4.2,1.5,1.0586080586080586,0.1453287197231834,0.22491349480968856,0.629757785467128,1.5,0.8655309716829627,0.298296457524444,0.596592915048888,1,0,-1.0,1.4699999999999998
2024,20,2025-01-18,girona,sevilla,2024|2025-01-18|girona|sevilla,2024|2025-01-18|girona|sevilla,A,H,0.5245560762348742,0.2654132075891665,0.21003071617595928,0.5245560762348742,1.0182603357504418,0.25914286864570774,1.91,3.5,4.0,1.0592744951383695,0.4942630185348632,0.26972639011473964,0.23601059135039718,1.91,0.5245560762348742,0.0019021056086097055,0.002090225943527149,1,0,-1.0,0.46999999999999975
2024,20,2025-01-18,leganes,ath madrid,2024|2025-01-18|leganes|ath madrid,2024|2025-01-18|leganes|athmadrid,H,A,0.10964843940133437,0.3155186355486291,0.5748329250500366,0.5748329250500366,0.9246089417454573,0.2593142895014075,7.0,4.0,1.5,1.0595238095238095,0.1348314606741573,0.23595505617977527,0.6292134831460674,1.5,0.5748329250500366,-0.13775061242494513,0.0,1,0,-1.0,-0.5300000000000002
2024,20,2025-01-19,celta,ath bilbao,2024|2025-01-19|celta|ath bilbao,2024|2025-01-19|celta|athbilbao,A,H,0.4074253559421531,0.35068461843828225,0.24189002561956463,0.4074253559421531,1.076605171468711,0.056740737503870875,2.8,3.2,2.6,1.0542582417582418,0.33876221498371334,0.29641693811074915,0.3648208469055374,2.8,0.4074253559421531,0.14079099663802863,0.07821722035446035,1,0,-1.0,-1.5300000000000002
2024,20,2025-01-19,osasuna,vallecano,2024|2025-01-19|osasuna|vallecano,2024|2025-01-19|osasuna|vallecano,D,H,0.46956763921089717,0.31944135410696733,0.21099100668213552,0.46956763921089717,1.0477962207743385,0.15012628510392984,2.15,3.0,3.8,1.061607507139943,0.43812451960030746,0.31398923904688697,0.24788624135280551,2.15,0.46956763921089717,0.009570424303428915,0.008322108089938187,1,0,-1.0,-2.5300000000000002
2024,20,2025-01-19,real madrid,las palmas,2024|2025-01-19|real madrid|las palmas,2024|2025-01-19|realmadrid|laspalmas,H,H,0.8397807060747666,0.09547189882006872,0.06474739510516472,0.8397807060747666,0.5481246180363647,0.744308807254698,1.14,7.5,17.0,1.0693498452012384,0.820304960432349,0.12468635398571704,0.05500868558193399,1.14,0.8397807060747666,-0.042649995074766134,0.0,1,1,0.1399999999999999,-2.3900000000000006
2024,20,2025-01-19,valencia,sociedad,2024|2025-01-19|valencia|sociedad,2024|2025-01-19|valencia|sociedad,H,D,0.30753532825827795,0.36651153561564803,0.32595313612607396,0.36651153561564803,1.0959058928067134,0.04055839948957407,3.1,3.0,2.55,1.0480708412397217,0.30778515389257693,0.3180446590223295,0.3741701870850936,3.0,0.36651153561564803,0.09953460684694415,0.049767303423472076,1,0,-1.0,-3.3900000000000006
2024,20,2025-01-20,villarreal,mallorca,2024|2025-01-20|villarreal|mallorca,2024|2025-01-20|villarreal|mallorca,H,H,0.6563874324840974,0.24669714405224902,0.09691542346365366,0.6563874324840974,0.8478100952054811,0.40969028843184835,1.73,3.5,5.25,1.054225158271401,0.5483028720626633,0.2710182767624021,0.1806788511749347,1.73,0.6563874324840974,0.13555025819748845,0.18568528520203897,1,1,0.73,-2.66
2024,21,2025-01-24,las palmas,osasuna,2024|2025-01-24|las palmas|osasuna,2024|2025-01-24|laspalmas|osasuna,D,H,0.38404925734347706,0.28372417456727456,0.33222656808924844,0.38404925734347706,1.0910445906153716,0.051822689254228615,2.5,3.1,3.0,1.0559139784946237,0.3788187372708758,0.3054989816700611,0.3156822810590631,2.5,0.38404925734347706,-0.03987685664130736,0.0,1,0,-1.0,-3.66
2024,21,2025-01-25,ath madrid,villarreal,2024|2025-01-25|ath madrid|villarreal,2024|2025-01-25|athmadrid|villarreal,D,H,0.5533053326447852,0.15207867252154586,0.29461599483366885,0.5533053326447852,0.9739346817847774,0.25868933781111636,1.7,4.0,4.75,1.0487616099071206,0.5608856088560886,0.23837638376383766,0.2007380073800738,1.7,0.5533053326447852,-0.05938093450386517,0.0,1,0,-1.0,-4.66
2024,21,2025-01-25,mallorca,betis,2024|2025-01-25|mallorca|betis,2024|2025-01-25|mallorca|betis,A,H,0.4266406986256558,0.3164103801932769,0.2569489211810674,0.4266406986256558,1.0766785978465818,0.1102303184323789,2.25,3.0,3.5,1.0634920634920633,0.41791044776119407,0.3134328358208956,0.2686567164179105,2.25,0.4266406986256558,-0.040058428092274445,0.0,1,0,-1.0,-5.66
2024,21,2025-01-25,sevilla,espanol,2024|2025-01-25|sevilla|espanol,2024|2025-01-25|sevilla|espanol,D,H,0.5998558892751669,0.2269698245660417,0.1731742861587914,0.5998558892751669,0.9468016979540532,0.37288606470912516,1.7,3.8,4.75,1.061919504643963,0.5539358600583091,0.24781341107871718,0.19825072886297374,1.7,0.5998558892751669,0.01975501176778366,0.028221445382548085,1,0,-1.0,-6.66
2024,21,2025-01-25,valladolid,real madrid,2024|2025-01-25|valladolid|real madrid,2024|2025-01-25|valladolid|realmadrid,A,A,0.048903132975907294,0.16043696349125972,0.7906599035328329,0.7906599035328329,0.6268777048075183,0.6302229400415732,10.0,6.0,1.27,1.0540682414698161,0.09487051792828687,0.15811752988047809,0.7470119521912351,1.27,0.7906599035328329,0.004138077486697783,0.015326212913695493,1,1,0.27,-6.390000000000001
2024,21,2025-01-26,ath bilbao,leganes,2024|2025-01-26|ath bilbao|leganes,2024|2025-01-26|athbilbao|leganes,D,H,0.7087413592605573,0.17357912756794563,0.11767951317149715,0.7087413592605573,0.7997622368925896,0.5351622316926117,1.38,5.0,7.5,1.0579710144927537,0.6849315068493151,0.18904109589041096,0.12602739726027395,1.38,0.7087413592605573,-0.021936924220431087,0.0,1,0,-1.0,-7.390000000000001
2024,21,2025-01-26,barcelona,valencia,2024|2025-01-26|barcelona|valencia,2024|2025-01-26|barcelona|valencia,H,H,0.8246281597409201,0.12098036932787852,0.05439147093120135,0.8246281597409201,0.5728963129526907,0.7036477904130416,1.22,7.5,10.0,1.0530054644808744,0.7784120394395433,0.12662169174883237,0.09496626881162429,1.22,0.8246281597409201,0.006046354883922467,0.02748343129055667,1,1,0.21999999999999997,-7.17
2024,21,2025-01-26,sociedad,getafe,2024|2025-01-26|sociedad|getafe,2024|2025-01-26|sociedad|getafe,A,H,0.5715503236771713,0.2483179843899744,0.1801316919328542,0.5715503236771713,0.9744027876402478,0.32323233928719686,1.75,3.4,5.5,1.0473644003055769,0.5455871626549963,0.28081692195477753,0.1735959153902261,1.75,0.5715503236771713,0.00021306643504975797,0.00028408858006634397,1,0,-1.0,-8.17
2024,21,2025-01-26,vallecano,girona,2024|2025-01-26|vallecano|girona,2024|2025-01-26|vallecano|girona,H,A,0.3042669924488331,0.30550041443918635,0.39023259311198055,0.39023259311198055,1.0915093263121,0.0847321786727942,2.75,2.9,2.88,1.0556861720654824,0.344454984121747,0.3266383470120015,0.3289066688662515,2.88,0.39023259311198055,0.123869868162504,0.06588822774601277,1,0,-1.0,-9.17
2024,21,2025-01-27,alaves,celta,2024|2025-01-27|alaves|celta,2024|2025-01-27|alaves|celta,D,D,0.31618913153374356,0.38543198945604584,0.2983788790102106,0.38543198945604584,1.092388817358733,0.06924285792230228,2.63,3.0,3.0,1.046894803548796,0.36319612590799033,0.31840193704600483,0.31840193704600483,3.0,0.38543198945604584,0.15629596836813753,0.07814798418406876,1,1,2.0,-7.17
2024,22,2025-01-31,leganes,vallecano,2024|2025-01-31|leganes|vallecano,2024|2025-01-31|leganes|vallecano,A,A,0.2357041261206714,0.27340376068693534,0.49089211319239323,0.49089211319239323,1.0444708458361547,0.2174883525054579,3.3,3.0,2.38,1.056531703590527,0.28681610026512416,0.31549771029163654,0.39768618944323936,2.38,0.49089211319239323,0.1683232293978958,0.12197335463615638,1,1,1.38,-5.790000000000001
2024,22,2025-02-01,ath madrid,mallorca,2024|2025-02-01|ath madrid|mallorca,2024|2025-02-01|athmadrid|mallorca,H,H,0.7425441097598571,0.17028268231336416,0.08717320792677878,0.7425441097598571,0.735176251779528,0.5722614274464929,1.4,4.33,8.5,1.0628796553263338,0.6720287764529735,0.21728413095477203,0.11068709259225445,1.4,0.7425441097598571,0.039561753663799826,0.09890438415949959,1,1,0.3999999999999999,-5.390000000000001
2024,22,2025-02-01,espanol,real madrid,2024|2025-02-01|espanol|real madrid,2024|2025-02-01|espanol|realmadrid,H,A,0.056598187767352905,0.16029949272388147,0.7831023195087656,0.7831023195087656,0.647461740274925,0.6228028267848842,9.0,5.75,1.3,1.054254923820141,0.10539302079661615,0.16496298907296442,0.7296439901304195,1.3,0.7831023195087656,0.018033015361395344,0.060110051204651134,1,0,-1.0,-6.390000000000001
2024,22,2025-02-01,getafe,sevilla,2024|2025-02-01|getafe|sevilla,2024|2025-02-01|getafe|sevilla,D,D,0.33256355971930945,0.4295816602561043,0.23785478002458613,0.4295816602561043,1.0706815484433314,0.09701810053679483,2.45,2.9,3.25,1.0606831592053267,0.384811677043993,0.3250995202613045,0.29008880269470244,2.9,0.4295816602561043,0.24578681474270236,0.12936148144352758,1,1,1.9,-4.49
2024,22,2025-02-01,villarreal,valladolid,2024|2025-02-01|villarreal|valladolid,2024|2025-02-01|villarreal|valladolid,H,H,0.7960985447669969,0.16339704316552114,0.04050441206748186,0.7960985447669969,0.6074128162072074,0.6327015016014758,1.22,7.0,10.0,1.0625292740046839,0.7714348688560723,0.13445007714348686,0.09411505400044082,1.22,0.7960985447669969,-0.028759775384263775,0.0,1,1,0.21999999999999997,-4.2700000000000005
2024,22,2025-02-02,barcelona,alaves,2024|2025-02-02|barcelona|alaves,2024|2025-02-02|barcelona|alaves,H,H,0.8604361369817394,0.09839941372047821,0.04116444929778239,0.8604361369817394,0.4888199624859457,0.7620367232612612,1.2,7.5,13.0,1.0435897435897437,0.7985257985257985,0.12776412776412777,0.07371007371007371,1.2,0.8604361369817394,0.0325233643780872,0.16261682189043603,1,1,0.19999999999999996,-4.07
2024,22,2025-02-02,betis,ath bilbao,2024|2025-02-02|betis|ath bilbao,2024|2025-02-02|betis|athbilbao,D,A,0.3322628235246104,0.3054112177247895,0.3623259587506001,0.3623259587506001,1.0961811923416596,0.03006313522598969,2.9,3.3,2.45,1.056021154543322,0.32653473344103395,0.28695476575121165,0.3865105008077544,2.45,0.3623259587506001,-0.11230140106102982,0.0,1,0,-1.0,-5.07
2024,22,2025-02-02,osasuna,sociedad,2024|2025-02-02|osasuna|sociedad,2024|2025-02-02|osasuna|sociedad,H,A,0.29870532699303143,0.33197760180144104,0.3693170712055276,0.3693170712055276,1.0948692450103281,0.037339469404086556,3.0,3.0,2.55,1.0588235294117647,0.31481481481481477,0.31481481481481477,0.3703703703703704,2.55,0.3693170712055276,-0.05824146842590472,0.0,1,0,-1.0,-6.07
2024,22,2025-02-02,valencia,celta,2024|2025-02-02|valencia|celta,2024|2025-02-02|valencia|celta,H,H,0.41010604794318045,0.29974282888094606,0.29015112317587355,0.41010604794318045,1.0857024667190407,0.1103632190622344,2.3,3.1,3.25,1.0650555615492503,0.40822528363047,0.3028768233387358,0.28889789303079416,2.3,0.41010604794318045,-0.05675608973068513,0.0,1,1,1.2999999999999998,-4.770000000000001
2024,22,2025-02-03,girona,las palmas,2024|2025-02-03|girona|las palmas,2024|2025-02-03|girona|laspalmas,H,H,0.6430148665925464,0.22308369932317096,0.13390143408428268,0.6430148665925464,0.8878483848394828,0.4199311672693754,1.6,4.2,5.0,1.063095238095238,0.5879059350503919,0.22396416573348263,0.18812989921612544,1.6,0.6430148665925464,0.028823786548074215,0.04803964424679035,1,1,0.6000000000000001,-4.170000000000001
2024,23,2025-02-07,vallecano,valladolid,2024|2025-02-07|vallecano|valladolid,2024|2025-02-07|vallecano|valladolid,H,H,0.6745287656529337,0.250291188959847,0.07518004538721927,0.6745287656529337,0.8068316487819186,0.42423757669308676,1.5,4.1,7.0,1.0534262485481998,0.6328555678059536,0.23153252480705624,0.13561190738699008,1.5,0.6745287656529337,0.011793148479400606,0.02358629695880121,1,1,0.5,-3.670000000000001
2024,23,2025-02-08,ath bilbao,girona,2024|2025-02-08|ath bilbao|girona,2024|2025-02-08|athbilbao|girona,H,H,0.6278527521690529,0.2136149037949589,0.1585323440359882,0.6278527521690529,0.9139499370356492,0.414237848374094,1.65,4.0,5.0,1.0560606060606061,0.5738880918220947,0.23672883787661403,0.18938307030129126,1.65,0.6278527521690529,0.03595704107893721,0.05531852473682649,1,1,0.6499999999999999,-3.020000000000001
2024,23,2025-02-08,celta,betis,2024|2025-02-08|celta|betis,2024|2025-02-08|celta|betis,H,H,0.429770368990073,0.2985521553228602,0.2716774756870668,0.429770368990073,1.0778696144850823,0.13121821366721276,2.25,3.4,3.2,1.051062091503268,0.42285270112708895,0.27982899339292655,0.29731830547998445,2.25,0.429770368990073,-0.03301666977233586,0.0,1,1,1.25,-1.770000000000001
2024,23,2025-02-08,las palmas,villarreal,2024|2025-02-08|las palmas|villarreal,2024|2025-02-08|laspalmas|villarreal,A,A,0.14173045427970796,0.238801959465872,0.6194675862544201,0.6194675862544201,0.915570059550137,0.3806656267885481,4.75,3.9,1.7,1.0551718663173772,0.1995185073728558,0.24300331026181163,0.5574781823653325,1.7,0.6194675862544201,0.053094896632514155,0.07584985233216308,1,1,0.7,-1.070000000000001
2024,23,2025-02-08,real madrid,ath madrid,2024|2025-02-08|real madrid|ath madrid,2024|2025-02-08|realmadrid|athmadrid,D,H,0.605976424964709,0.19305972476398517,0.20096385027130584,0.605976424964709,0.9435509440219185,0.40501257469340324,1.85,3.6,4.2,1.0564135564135564,0.5116751269035532,0.2629441624365482,0.22538071065989848,1.85,0.605976424964709,0.12105638618471182,0.14241927786436684,1,0,-1.0,-2.070000000000001
2024,23,2025-02-09,alaves,getafe,2024|2025-02-09|alaves|getafe,2024|2025-02-09|alaves|getafe,A,H,0.4256831773200864,0.30314792192946916,0.2711689007504444,0.4256831773200864,1.0792554656225968,0.12253525539061727,2.3,2.9,3.6,1.0573879726803266,0.4111855061047657,0.32611264277274515,0.26270185112248917,2.3,0.4256831773200864,-0.020928692163801332,0.0,1,0,-1.0,-3.070000000000001
2024,23,2025-02-09,sevilla,barcelona,2024|2025-02-09|sevilla|barcelona,2024|2025-02-09|sevilla|barcelona,A,A,0.11438633832588575,0.18468196467222414,0.7009316970018901,0.7009316970018901,0.8090319071922036,0.516249732329666,5.25,4.5,1.55,1.0578597030209933,0.18005808325266215,0.21006776379477252,0.6098741529525653,1.55,0.7009316970018901,0.08644413035292964,0.1571711460962357,1,1,0.55,-2.520000000000001
2024,23,2025-02-09,sociedad,espanol,2024|2025-02-09|sociedad|espanol,2024|2025-02-09|sociedad|espanol,H,H,0.6702891505485029,0.23383216837497867,0.09587868107651851,0.6702891505485029,0.8327441793301805,0.43645698217352424,1.6,3.9,5.75,1.0553232998885171,0.5922355737488446,0.24296844051234656,0.16479598573880894,1.6,0.6702891505485029,0.07246264087760473,0.1207710681293412,1,1,0.6000000000000001,-1.9200000000000008
2024,23,2025-02-09,valencia,leganes,2024|2025-02-09|valencia|leganes,2024|2025-02-09|valencia|leganes,H,H,0.6281320628243854,0.24377658940029792,0.12809134777531667,0.6281320628243854,0.8994050683327574,0.3843554734240875,1.73,3.4,5.5,1.0539705109579303,0.5484353462181424,0.2790568085168783,0.1725078452649793,1.73,0.6281320628243854,0.08666846868618672,0.11872392970710509,1,1,0.73,-1.1900000000000008
2024,23,2025-02-10,mallorca,osasuna,2024|2025-02-10|mallorca|osasuna,2024|2025-02-10|mallorca|osasuna,D,H,0.5225025886194086,0.29349171174213706,0.18400569963845434,0.5225025886194086,1.0104456266098392,0.2290108768772715,2.0,3.0,4.33,1.0642802155504234,0.4698010849909584,0.3132007233273056,0.21699819168173598,2.0,0.5225025886194086,0.04500517723881714,0.04500517723881714,1,0,-1.0,-2.190000000000001
2024,24,2025-02-14,girona,getafe,2024|2025-02-14|girona|getafe,2024|2025-02-14|girona|getafe,A,H,0.5582432361502213,0.2659886949486903,0.17576806890108826,0.5582432361502213,0.9832715755990566,0.292254541201531,1.95,3.25,4.33,1.0514597027299106,0.4877224600135166,0.29263347600810996,0.2196440639783735,1.95,0.5582432361502213,0.08857431049293152,0.09323611630834897,1,0,-1.0,-3.190000000000001
2024,24,2025-02-15,ath madrid,celta,2024|2025-02-15|ath madrid|celta,2024|2025-02-15|athmadrid|celta,D,H,0.7321672658090405,0.1627297482129216,0.10510298597803792,0.7321672658090405,0.7604905833780774,0.5694375175961188,1.39,4.5,8.0,1.066646682653877,0.674473067915691,0.20833723653395783,0.11718969555035127,1.39,0.7321672658090405,0.017712499474566157,0.04541666531940041,1,0,-1.0,-4.190000000000001
2024,24,2025-02-15,leganes,alaves,2024|2025-02-15|leganes|alaves,2024|2025-02-15|leganes|alaves,D,A,0.2813958933045197,0.3280009044124093,0.390603202283071,0.390603202283071,1.0896349606315034,0.06260229787066168,3.1,2.9,2.6,1.0520236159835714,0.3066287108580724,0.3277755185034567,0.36559577063847093,2.6,0.390603202283071,0.015568325935984673,0.00973020370999042,1,0,-1.0,-5.190000000000001
2024,24,2025-02-15,osasuna,real madrid,2024|2025-02-15|osasuna|real madrid,2024|2025-02-15|osasuna|realmadrid,D,A,0.10464120305199084,0.20664009193753868,0.6887187050104704,0.6887187050104704,0.8188618779455827,0.4820786130729317,5.75,4.1,1.57,1.0547581576618867,0.1648842838663405,0.23124015420279465,0.6038755619308649,1.57,0.6887187050104704,0.08128836686643853,0.14261116994112022,1,0,-1.0,-6.190000000000001
2024,24,2025-02-15,villarreal,valencia,2024|2025-02-15|villarreal|valencia,2024|2025-02-15|villarreal|valencia,D,H,0.7016661245852522,0.1838033867020648,0.11453048871268291,0.7016661245852522,0.8081188330996248,0.5178627378831875,1.5,4.5,5.5,1.0707070707070707,0.6226415094339622,0.20754716981132074,0.16981132075471697,1.5,0.7016661245852522,0.05249918687787836,0.10499837375575671,1,0,-1.0,-7.190000000000001
2024,24,2025-02-16,betis,sociedad,2024|2025-02-16|betis|sociedad,2024|2025-02-16|betis|sociedad,H,H,0.391816176655767,0.33638920845245857,0.27179461489177453,0.391816176655767,1.0876777167526548,0.05542696820330845,2.55,3.1,2.9,1.059565094113285,0.3701111568546727,0.3044462741869082,0.3254425689584191,2.55,0.391816176655767,-0.0008687495277941437,0.0,1,1,1.5499999999999998,-5.640000000000001
2024,24,2025-02-16,espanol,ath bilbao,2024|2025-02-16|espanol|ath bilbao,2024|2025-02-16|espanol|athbilbao,D,A,0.12342427555879106,0.23697564496099582,0.6396000794802131,0.6396000794802131,0.8852614161443784,0.4026244345192173,5.5,3.4,1.73,1.0539705109579303,0.1725078452649793,0.2790568085168783,0.5484353462181424,1.73,0.6396000794802131,0.10650813750076871,0.1459015582202311,1,0,-1.0,-6.640000000000001
2024,24,2025-02-16,mallorca,las palmas,2024|2025-02-16|mallorca|las palmas,2024|2025-02-16|mallorca|laspalmas,H,H,0.5857256977658496,0.2807127487280899,0.13356155350606064,0.5857256977658496,0.9388160389495439,0.3050129490377597,1.73,3.5,5.25,1.054225158271401,0.5483028720626633,0.2710182767624021,0.1806788511749347,1.73,0.5857256977658496,0.013305457134919763,0.018226653609479126,1,1,0.73,-5.910000000000001
2024,24,2025-02-16,valladolid,sevilla,2024|2025-02-16|valladolid|sevilla,2024|2025-02-16|valladolid|sevilla,A,A,0.16533892210983786,0.2599052236254289,0.5747558542647332,0.5747558542647332,0.9660817570809492,0.3148506306393043,4.0,3.4,1.95,1.0569381598793366,0.2365322868355333,0.2782732786300392,0.48519443453442734,1.95,0.5747558542647332,0.12077391581622965,0.12713043770129437,1,1,0.95,-4.960000000000001
2024,24,2025-02-17,barcelona,vallecano,2024|2025-02-17|barcelona|vallecano,2024|2025-02-17|barcelona|vallecano,H,H,0.8198326727507852,0.11557899970876846,0.06458832754044631,0.8198326727507852,0.5892143894486671,0.7042536730420167,1.22,7.0,11.0,1.0534383649137746,0.7780921584478578,0.13561034761519808,0.08629749393694423,1.22,0.8198326727507852,0.0001958607559579273,0.0008902761634451241,1,1,0.21999999999999997,-4.740000000000001
2024,25,2025-02-21,celta,osasuna,2024|2025-02-21|celta|osasuna,2024|2025-02-21|celta|osasuna,H,H,0.6289985965282692,0.2250091066241958,0.14599229684753506,0.6289985965282692,0.9081656721097884,0.40398948990407335,1.67,3.75,5.25,1.055945252352438,0.5670771224886585,0.2525383452149492,0.1803845322963923,1.67,0.6289985965282692,0.05042765620220946,0.07526515851076039,1,1,0.6699999999999999,-4.070000000000001
2024,25,2025-02-22,alaves,espanol,2024|2025-02-22|alaves|espanol,2024|2025-02-22|alaves|espanol,A,H,0.6050972031142352,0.2743881865072199,0.12051461037854494,0.6050972031142352,0.9138293253868974,0.3307090166070153,1.8,3.25,5.25,1.0537240537240538,0.5272305909617613,0.29200463499420626,0.18076477404403243,1.8,0.6050972031142352,0.08917496560562338,0.11146870700702922,1,0,-1.0,-5.070000000000001
2024,25,2025-02-22,las palmas,barcelona,2024|2025-02-22|las palmas|barcelona,2024|2025-02-22|laspalmas|barcelona,A,A,0.08546945976377053,0.14269459751613267,0.7718359427200968,0.7718359427200968,0.6879462629884315,0.6291413452039641,8.5,7.0,1.25,1.0605042016806723,0.1109350237717908,0.1347068145800317,0.7543581616481775,1.25,0.7718359427200968,-0.035205071599878984,0.0,1,1,0.25,-4.820000000000001
2024,25,2025-02-22,valencia,ath madrid,2024|2025-02-22|valencia|ath madrid,2024|2025-02-22|valencia|athmadrid,A,A,0.16596179189675286,0.19494461777060387,0.6390935903326432,0.6390935903326432,0.9029341919531182,0.44414897256203933,4.2,3.4,1.91,1.0557730945781454,0.22551743297680232,0.2785803583831088,0.4959022086400889,1.91,0.6390935903326432,0.22066875753534854,0.2424931401487347,1,1,0.9099999999999999,-3.910000000000001
2024,25,2025-02-22,vallecano,villarreal,2024|2025-02-22|vallecano|villarreal,2024|2025-02-22|vallecano|villarreal,A,A,0.30019272551706283,0.2819453538998013,0.4178619205831358,0.4178619205831358,1.0828138333389312,0.11766919506607298,2.88,3.5,2.38,1.0531045751633987,0.32971295577967413,0.27130666075584614,0.39898038346447967,2.38,0.4178619205831358,-0.00548862901213687,0.0,1,1,1.38,-2.530000000000001
2024,25,2025-02-23,ath bilbao,valladolid,2024|2025-02-23|ath bilbao|valladolid,2024|2025-02-23|athbilbao|valladolid,H,H,0.8406862788134,0.12027345921419871,0.03904026197240132,0.8406862788134,0.5272414871075115,0.7204128195992012,1.17,7.0,19.0,1.050189576505366,0.8138538734549016,0.13602986170603354,0.050116264839064985,1.17,0.8406862788134,-0.016397053788322097,0.0,1,1,0.16999999999999993,-2.360000000000001
2024,25,2025-02-23,getafe,betis,2024|2025-02-23|getafe|betis,2024|2025-02-23|getafe|betis,A,D,0.2592234360531474,0.3842447402826548,0.35653182366419783,0.3842447402826548,1.0851917743964403,0.027712916618456984,2.6,3.1,2.9,1.0520236159835714,0.36559577063847093,0.3066287108580724,0.3277755185034567,3.1,0.3842447402826548,0.19115869487622994,0.09102794994106188,1,0,-1.0,-3.360000000000001
2024,25,2025-02-23,real madrid,girona,2024|2025-02-23|real madrid|girona,2024|2025-02-23|realmadrid|girona,H,H,0.8351271126981461,0.0952855148251685,0.06958737247668542,0.8351271126981461,0.5599328649515297,0.7398415978729775,1.29,6.25,8.5,1.0528408572731418,0.73628772391809,0.15196978621669383,0.11174248986521604,1.29,0.8351271126981461,0.0773139753806085,0.2665999151055465,1,1,0.29000000000000004,-3.070000000000001
2024,25,2025-02-23,sociedad,leganes,2024|2025-02-23|sociedad|leganes,2024|2025-02-23|sociedad|leganes,H,H,0.6606027041853924,0.24185839684904706,0.09753889896556052,0.6606027041853924,0.8442043262169389,0.41874430733634527,1.55,3.75,7.0,1.0546850998463901,0.6117098747451208,0.25284008156131665,0.13545004369356248,1.55,0.6606027041853924,0.023934191487358203,0.04351671179519673,1,1,0.55,-2.5200000000000014
2024,25,2025-02-24,sevilla,mallorca,2024|2025-02-24|sevilla|mallorca,2024|2025-02-24|sevilla|mallorca,D,H,0.5094712059261841,0.27689448195679156,0.2136343121170244,0.5094712059261841,1.0288859126528032,0.23257672396939255,2.05,3.2,3.9,1.0567151344590369,0.46162382097281307,0.29572776031070835,0.2426484187164787,2.05,0.5094712059261841,0.04441597214867732,0.042300925855883166,1,0,-1.0,-3.5200000000000014
2024,26,2025-02-28,valladolid,las palmas,2024|2025-02-28|valladolid|las palmas,2024|2025-02-28|valladolid|laspalmas,D,A,0.32825571174728907,0.3188417509880044,0.35290253726470655,0.35290253726470655,1.0976902333677345,0.02464682551741748,3.1,3.2,2.4,1.051747311827957,0.30670926517571884,0.2971246006389776,0.39616613418530355,2.4,0.35290253726470655,-0.15303391056470433,0.0,1,0,-1.0,-4.520000000000001
2024,26,2025-03-01,ath madrid,ath bilbao,2024|2025-03-01|ath madrid|ath bilbao,2024|2025-03-01|athmadrid|athbilbao,H,H,0.4555899330093376,0.27791389228161595,0.2664961747090464,0.4555899330093376,1.0664340340139131,0.17767604072772164,2.05,3.5,3.6,1.0512969415408442,0.46400294605045106,0.27177315411526415,0.2642238998342846,2.05,0.4555899330093376,-0.06604063733085802,0.0,1,1,1.0499999999999998,-3.4700000000000015
2024,26,2025-03-01,betis,real madrid,2024|2025-03-01|betis|real madrid,2024|2025-03-01|betis|realmadrid,H,A,0.12813984379774535,0.17492662700534903,0.6969335291969057,0.6969335291969057,0.8198839331049623,0.5220069021915567,4.33,4.0,1.73,1.058981564298015,0.21808394971463146,0.23607587556608858,0.54584017471928,1.73,0.6969335291969057,0.2056950055106468,0.28177398015157096,1,0,-1.0,-4.4700000000000015
2024,26,2025-03-01,girona,celta,2024|2025-03-01|girona|celta,2024|2025-03-01|girona|celta,D,H,0.4385127903169749,0.30824597472963344,0.2532412349533918,0.4385127903169749,1.0720613995455386,0.13026681558734143,2.2,3.5,3.25,1.0479520479520479,0.43374642516682554,0.2726406101048618,0.2936129647283127,2.2,0.4385127903169749,-0.03527186130265514,0.0,1,0,-1.0,-5.4700000000000015
2024,26,2025-03-01,vallecano,sevilla,2024|2025-03-01|vallecano|sevilla,2024|2025-03-01|vallecano|sevilla,D,H,0.3886407276458127,0.27071655195737476,0.3406427203968125,0.3886407276458127,1.0878903590856932,0.04799800724900022,2.3,3.2,3.3,1.0503129117259553,0.41395531164249316,0.2975303802430419,0.2885143081144649,2.3,0.3886407276458127,-0.10612632641463082,0.0,1,0,-1.0,-6.4700000000000015
2024,26,2025-03-02,barcelona,sociedad,2024|2025-03-02|barcelona|sociedad,2024|2025-03-02|barcelona|sociedad,H,H,0.7958180965443041,0.10510321331493996,0.09907869014075588,0.7958180965443041,0.6475846232284828,0.6907148832293641,1.25,5.75,12.0,1.0572463768115943,0.7566826593557231,0.1644962302947224,0.07882111034955448,1.25,0.7958180965443041,-0.005227379319619835,0.0,1,1,0.25,-6.2200000000000015
2024,26,2025-03-02,leganes,getafe,2024|2025-03-02|leganes|getafe,2024|2025-03-02|leganes|getafe,H,D,0.32448482319609784,0.3524804847362625,0.3230346920676397,0.3524804847362625,1.0977933509185922,0.02799566154016464,3.1,2.88,2.6,1.0544182519988972,0.30593234188592905,0.32930217355777086,0.36476548455630003,2.88,0.3524804847362625,0.01514379604043592,0.00805521065980634,1,0,-1.0,-7.2200000000000015
2024,26,2025-03-02,mallorca,alaves,2024|2025-03-02|mallorca|alaves,2024|2025-03-02|mallorca|alaves,D,H,0.4092568651956793,0.350163979428253,0.2405791553760677,0.4092568651956793,1.0758355810604896,0.05909288576742627,2.25,3.1,3.5,1.0527393753200203,0.4221789883268483,0.3064202334630351,0.27140077821011677,2.25,0.4092568651956793,-0.07917205330972166,0.0,1,0,-1.0,-8.220000000000002
2024,26,2025-03-02,osasuna,valencia,2024|2025-03-02|osasuna|valencia,2024|2025-03-02|osasuna|valencia,D,H,0.4494231789829116,0.3747958819061873,0.1757809391109012,0.4494231789829116,1.0328572481432345,0.07462729707672433,2.3,3.2,3.3,1.0503129117259553,0.41395531164249316,0.2975303802430419,0.2885143081144649,2.3,0.4494231789829116,0.03367331166069665,0.025902547431305118,1,0,-1.0,-9.220000000000002
2024,26,2025-04-27,villarreal,espanol,2024|2025-04-27|villarreal|espanol,2024|2025-04-27|villarreal|espanol,H,H,0.7747227598624161,0.1661340117104183,0.05914322842716558,0.7747227598624161,0.6631968269515094,0.6085887481519978,1.44,5.0,6.25,1.0544444444444443,0.6585879873551107,0.1896733403582719,0.15173867228661753,1.44,0.7747227598624161,0.1156007742018792,0.26272903227699823,1,1,0.43999999999999995,-8.780000000000001
2024,27,2025-03-08,alaves,villarreal,2024|2025-03-08|alaves|villarreal,2024|2025-03-08|alaves|villarreal,H,H,0.4003753992433616,0.32030369660064345,0.27932090415599486,0.4003753992433616,1.0873900597099233,0.08007170264271812,3.1,3.25,2.38,1.0504410200804888,0.30709067810068286,0.2929172621883437,0.39999205971097346,3.1,0.4003753992433616,0.241163737654421,0.11483987507353381,1,1,2.1,-6.6800000000000015
2024,27,2025-03-08,celta,leganes,2024|2025-03-08|celta|leganes,2024|2025-03-08|celta|leganes,H,H,0.7101385879629319,0.20161246437780977,0.08824894765925828,0.7101385879629319,0.7801733520109573,0.5085261235851222,1.55,3.8,7.0,1.0511763279165656,0.6137517305029996,0.2503461005999077,0.13590216889709275,1.55,0.7101385879629319,0.10071481134254456,0.18311783880462645,1,1,0.55,-6.130000000000002
2024,27,2025-03-08,valencia,valladolid,2024|2025-03-08|valencia|valladolid,2024|2025-03-08|valencia|valladolid,H,H,0.7198615563484698,0.20269610312901049,0.07744234052251979,0.7198615563484698,0.7582431471580455,0.5171654532194594,1.38,4.5,9.0,1.0579710144927537,0.6849315068493151,0.2100456621004566,0.1050228310502283,1.38,0.7198615563484698,-0.0065910522391117166,0.0,1,1,0.3799999999999999,-5.750000000000002
2024,27,2025-03-09,ath bilbao,mallorca,2024|2025-03-09|ath bilbao|mallorca,2024|2025-03-09|athbilbao|mallorca,D,H,0.6661821742616735,0.19869418565311847,0.1351236400852081,0.6661821742616735,0.862144198898056,0.467487988608555,1.62,3.7,6.0,1.054220887554221,0.5855356860262699,0.2563696787466371,0.15809463522709288,1.62,0.6661821742616735,0.07921512230391109,0.12776632629663076,1,0,-1.0,-6.750000000000002
2024,27,2025-03-09,betis,las palmas,2024|2025-03-09|betis|las palmas,2024|2025-03-09|betis|laspalmas,H,H,0.6998557779532035,0.21223090150870816,0.08791332053808831,0.6998557779532035,0.792492990795334,0.48762487644449537,1.42,4.5,7.5,1.0597809076682316,0.6645008860011814,0.20968694624926165,0.125812167749557,1.42,0.6998557779532035,-0.006204795306451016,0.0,1,1,0.41999999999999993,-6.330000000000002
2024,27,2025-03-09,getafe,ath madrid,2024|2025-03-09|getafe|ath madrid,2024|2025-03-09|getafe|athmadrid,H,A,0.1911955224392259,0.2572501763579835,0.5515543012027906,0.5515543012027906,0.9937783329233216,0.2943041248448071,4.5,3.1,1.95,1.0576233802040256,0.21011470281543268,0.30500521376433776,0.48488008342022937,1.95,0.5515543012027906,0.07553088734544167,0.07950619720572807,1,0,-1.0,-7.330000000000002
2024,27,2025-03-09,real madrid,vallecano,2024|2025-03-09|real madrid|vallecano,2024|2025-03-09|realmadrid|vallecano,H,H,0.8214670948020195,0.11596075005758333,0.06257215514039711,0.8214670948020195,0.5848050071876644,0.7055063447444362,1.29,5.75,9.5,1.05436999982261,0.7352198929977456,0.16494498468992902,0.09983512231232546,1.29,0.8214670948020195,0.05969255229460521,0.20583638722277656,1,1,0.29000000000000004,-7.040000000000002
2024,27,2025-03-09,sociedad,sevilla,2024|2025-03-09|sociedad|sevilla,2024|2025-03-09|sociedad|sevilla,A,H,0.38814629041971227,0.31193503243706994,0.29991867714321774,0.38814629041971227,1.0918983436852774,0.07621125798264233,2.2,3.2,3.5,1.0527597402597402,0.4317656129529684,0.2968388589051658,0.27139552814186585,2.2,0.38814629041971227,-0.14607816107663296,0.0,1,0,-1.0,-8.040000000000001
2024,27,2025-03-10,espanol,girona,2024|2025-03-10|espanol|girona,2024|2025-03-10|espanol|girona,D,D,0.22043149974882356,0.4123268644493816,0.3672416358017948,0.4123268644493816,1.0665048143145133,0.045085228647586795,3.1,3.2,2.4,1.051747311827957,0.30670926517571884,0.2971246006389776,0.39616613418530355,3.2,0.4123268644493816,0.31944596623802124,0.14520271192637327,1,1,2.2,-5.840000000000002
2024,27,2025-03-27,barcelona,osasuna,2024|2025-03-27|barcelona|osasuna,2024|2025-03-27|barcelona|osasuna,H,H,0.676574724483458,0.13665291557716602,0.18677235993937585,0.676574724483458,0.8497066814212212,0.48980236454408216,1.29,7.0,7.0,1.060908084163898,0.7306889352818372,0.13465553235908143,0.13465553235908143,1.29,0.676574724483458,-0.12721860541633914,0.0,1,1,0.29000000000000004,-5.550000000000002
2024,28,2025-03-14,las palmas,alaves,2024|2025-03-14|las palmas|alaves,2024|2025-03-14|laspalmas|alaves,D,D,0.322294000213707,0.37308561753259817,0.30462038225369487,0.37308561753259817,1.0948722801218014,0.05079161731889115,2.88,3.0,2.75,1.0441919191919191,0.33252720677146314,0.3192261185006046,0.3482466747279323,3.0,0.37308561753259817,0.1192568525977945,0.05962842629889725,1,1,2.0,-3.5500000000000016
2024,28,2025-03-15,girona,valencia,2024|2025-03-15|girona|valencia,2024|2025-03-15|girona|valencia,D,H,0.5104456188931653,0.307278874064469,0.18227550704236567,0.5104456188931653,1.0161248226299437,0.2031667448286963,1.92,3.5,3.9,1.0629578754578755,0.4899849235408142,0.2687917294852466,0.2412233469739393,1.92,0.5104456188931653,-0.019944411725122624,0.0,1,0,-1.0,-4.550000000000002
2024,28,2025-03-15,mallorca,espanol,2024|2025-03-15|mallorca|espanol,2024|2025-03-15|mallorca|espanol,H,H,0.656563730863151,0.24744462403277062,0.09599164510407834,0.656563730863151,0.8467688926230066,0.4091191068303804,1.77,3.3,5.0,1.0680020544427324,0.528998749639319,0.28373569298836204,0.18726555737231895,1.77,0.656563730863151,0.16211780362777728,0.21054260211399647,1,1,0.77,-3.7800000000000016
2024,28,2025-03-15,valladolid,celta,2024|2025-03-15|valladolid|celta,2024|2025-03-15|valladolid|celta,A,A,0.19258963542661303,0.29166328837128175,0.5157470762021052,0.5157470762021052,1.018103018167639,0.2240837878308235,5.0,3.8,1.63,1.0766548272521796,0.18576055662188098,0.24442178502879075,0.5698176583493282,1.63,0.5157470762021052,-0.15933226579056853,0.0,1,1,0.6299999999999999,-3.1500000000000017
2024,28,2025-03-15,villarreal,real madrid,2024|2025-03-15|villarreal|real madrid,2024|2025-03-15|villarreal|realmadrid,A,A,0.18712540076027373,0.16635521146918072,0.6465193877705456,0.6465193877705456,0.8939782089498816,0.4593939870102719,3.1,3.75,2.15,1.0543635908977245,0.3059482022578503,0.25291718053315626,0.44113461720899344,2.15,0.6465193877705456,0.3900166837066731,0.3391449423536288,1,1,1.15,-2.0000000000000018
2024,28,2025-03-16,ath madrid,barcelona,2024|2025-03-16|ath madrid|barcelona,2024|2025-03-16|athmadrid|barcelona,A,A,0.3303460883322556,0.22598760614798075,0.4436663055197636,0.4436663055197636,1.0625617062821884,0.11332021718750801,3.1,3.6,2.2,1.0549038774845227,0.30579150579150577,0.2633204633204633,0.43088803088803085,2.2,0.4436663055197636,-0.023934127856519938,0.0,1,1,1.2000000000000002,-0.8000000000000016
2024,28,2025-03-16,leganes,betis,2024|2025-03-16|leganes|betis,2024|2025-03-16|leganes|betis,A,A,0.2321498038282402,0.3406386170955529,0.42721157907620694,0.42721157907620694,1.0692033297810948,0.08657296198065406,3.8,3.3,2.05,1.0539930758159257,0.24967706218859564,0.28750692009595863,0.46281601771544567,2.05,0.42721157907620694,-0.1242162628937758,0.0,1,1,1.0499999999999998,0.24999999999999822
2024,28,2025-03-16,osasuna,getafe,2024|2025-03-16|osasuna|getafe,2024|2025-03-16|osasuna|getafe,A,H,0.48726820203817145,0.337501262048156,0.17523053591367266,0.48726820203817145,1.02209679945112,0.14976693999001545,2.25,2.88,3.8,1.0548245614035088,0.4213444213444213,0.32917532917532916,0.24948024948024947,2.25,0.48726820203817145,0.09635345458588573,0.07708276366870859,1,0,-1.0,-0.7500000000000018
2024,28,2025-03-16,sevilla,ath bilbao,2024|2025-03-16|sevilla|ath bilbao,2024|2025-03-16|sevilla|athbilbao,A,A,0.3230198311114128,0.26471111278758797,0.4122690561009992,0.4122690561009992,1.0821606510608828,0.08924922498958637,2.9,3.2,2.5,1.0573275862068967,0.32613126783530366,0.29555646147574394,0.3783122706889523,2.5,0.4122690561009992,0.03067264025249794,0.020448426834998628,1,1,1.5,0.7499999999999982
2024,28,2025-03-16,vallecano,sociedad,2024|2025-03-16|vallecano|sociedad,2024|2025-03-16|vallecano|sociedad,D,H,0.45600981911991056,0.33384777892951084,0.21014240195057848,0.45600981911991056,1.0521478237387403,0.12216204019039972,2.5,3.0,3.1,1.0559139784946237,0.3788187372708758,0.3156822810590631,0.3054989816700611,2.5,0.45600981911991056,0.14002454779977647,0.09334969853318431,1,0,-1.0,-0.2500000000000018
2024,29,2025-03-29,alaves,vallecano,2024|2025-03-29|alaves|vallecano,2024|2025-03-29|alaves|vallecano,A,H,0.4423010138845214,0.26167229599228364,0.296026690123195,0.4423010138845214,1.071982667497024,0.14627432376132643,2.15,2.9,4.1,1.0538463043010542,0.441351150705271,0.3272086117297699,0.2314402375649592,2.15,0.4423010138845214,-0.04905282014827905,0.0,1,0,-1.0,-1.2500000000000018
2024,29,2025-03-29,espanol,ath madrid,2024|2025-03-29|espanol|ath madrid,2024|2025-03-29|espanol|athmadrid,D,A,0.0847765690445278,0.15554438192794334,0.7596790490275289,0.7596790490275289,0.7074517495454281,0.6041346670995855,5.5,3.75,1.62,1.0657687991021323,0.1705981465880371,0.25021061499578773,0.5791912384161753,1.62,0.7596790490275289,0.2306800594245969,0.3720646119751562,1,0,-1.0,-2.2500000000000018
2024,29,2025-03-29,real madrid,leganes,2024|2025-03-29|real madrid|leganes,2024|2025-03-29|realmadrid|leganes,H,H,0.8527621788390443,0.1046785934815115,0.04255922767944429,0.8527621788390443,0.5064217947524224,0.7480835853575327,1.14,8.0,17.0,1.0610165118679051,0.8267477203647416,0.11781155015197567,0.05544072948328267,1.14,0.8527621788390443,-0.02785111612348963,0.0,1,1,0.1399999999999999,-2.110000000000002
2024,29,2025-03-29,sociedad,valladolid,2024|2025-03-29|sociedad|valladolid,2024|2025-03-29|sociedad|valladolid,H,H,0.7236325519762051,0.20542319118362856,0.07094425684016642,0.7236325519762051,0.7469029751830503,0.5182093607925766,1.33,4.75,11.0,1.0533151059466848,0.7138221933809216,0.19987021414665804,0.08630759247242052,1.33,0.7236325519762051,-0.03756870587164712,0.0,1,1,0.33000000000000007,-1.7800000000000018
2024,29,2025-03-30,ath bilbao,osasuna,2024|2025-03-30|ath bilbao|osasuna,2024|2025-03-30|athbilbao|osasuna,D,H,0.6980847063402928,0.18410653497847104,0.11780875868123612,0.6980847063402928,0.8144112924113164,0.5139781713618218,1.45,4.1,7.0,1.0764147542953262,0.6406965063065074,0.22658778881571606,0.13271570487777654,1.45,0.6980847063402928,0.012222824193424575,0.027161831540943503,1,0,-1.0,-2.780000000000002
2024,29,2025-03-30,barcelona,girona,2024|2025-03-30|barcelona|girona,2024|2025-03-30|barcelona|girona,H,H,0.7720416698829965,0.12493656545653502,0.1030217646604686,0.7720416698829965,0.693751230056743,0.6471051044264615,1.25,6.5,10.0,1.0538461538461539,0.759124087591241,0.14598540145985403,0.09489051094890512,1.25,0.7720416698829965,-0.03494791264625438,0.0,1,1,0.25,-2.530000000000002
2024,29,2025-03-30,betis,sevilla,2024|2025-03-30|betis|sevilla,2024|2025-03-30|betis|sevilla,H,H,0.5709863885060519,0.22213224381582877,0.20688136767811932,0.5709863885060519,0.9801333573329699,0.34885414469022313,1.83,3.5,4.33,1.0631092553630697,0.5140093406910212,0.2687534552755911,0.21723720403338773,1.83,0.5709863885060519,0.04490509096607498,0.05410251923623491,1,1,0.8300000000000001,-1.7000000000000017
2024,29,2025-03-30,getafe,villarreal,2024|2025-03-30|getafe|villarreal,2024|2025-03-30|getafe|villarreal,A,A,0.19142498625852206,0.2391062208741232,0.5694687928673547,0.5694687928673547,0.9792397844944027,0.33036257199323155,3.25,3.1,2.35,1.055804867747215,0.29142914291429145,0.3055305530553056,0.4030403040304031,2.35,0.5694687928673547,0.3382516632382837,0.25055678758391386,1,1,1.35,-0.35000000000000164
2024,29,2025-03-30,valencia,mallorca,2024|2025-03-30|valencia|mallorca,2024|2025-03-30|valencia|mallorca,H,H,0.48661721034609806,0.2937384798401399,0.21964430981376207,0.48661721034609806,1.0432732192856604,0.19287873050595816,2.15,3.1,3.75,1.0543635908977245,0.44113461720899344,0.3059482022578503,0.25291718053315626,2.15,0.48661721034609806,0.046227002244110804,0.04019739325574853,1,1,1.15,0.7999999999999983
2024,29,2025-03-31,celta,las palmas,2024|2025-03-31|celta|las palmas,2024|2025-03-31|celta|laspalmas,D,H,0.6186808786166937,0.19941286079139323,0.1819062605919131,0.6186808786166937,0.9286144719567191,0.41926801782530054,1.57,4.1,5.5,1.0626632960018076,0.5993833395353783,0.22951996172452294,0.1710966987400989,1.57,0.6186808786166937,-0.028671020571790773,0.0,1,0,-1.0,-0.20000000000000173
2024,30,2025-04-04,vallecano,espanol,2024|2025-04-04|vallecano|espanol,2024|2025-04-04|vallecano|espanol,A,H,0.6492676166697118,0.28927641979155794,0.061455963538730264,0.6492676166697118,0.8106632852343756,0.35999119687815384,1.65,3.5,6.0,1.0584415584415585,0.5725971370143149,0.2699386503067484,0.1574642126789366,1.65,0.6492676166697118,0.07129156750502436,0.10967933462311441,1,0,-1.0,-1.2000000000000017
2024,30,2025-04-05,barcelona,betis,2024|2025-04-05|barcelona|betis,2024|2025-04-05|barcelona|betis,D,H,0.7287631324601365,0.15912806775828603,0.11210879978157748,0.7287631324601365,0.7683961624285863,0.5696350647018504,1.36,5.5,7.0,1.0599694423223833,0.6936936936936937,0.17153153153153156,0.13477477477477479,1.36,0.7287631324601365,-0.008882139854214322,0.0,1,0,-1.0,-2.200000000000002
2024,30,2025-04-05,girona,alaves,2024|2025-04-05|girona|alaves,2024|2025-04-05|girona|alaves,A,H,0.45050108415040613,0.31109851173526465,0.2384004041143292,0.45050108415040613,1.0642994158236885,0.13940257241514148,2.05,3.4,3.6,1.059700302885382,0.4603234298608499,0.27754795035727714,0.26212861978187285,2.05,0.45050108415040613,-0.07647277749166753,0.0,1,0,-1.0,-3.200000000000002
2024,30,2025-04-05,mallorca,celta,2024|2025-04-05|mallorca|celta,2024|2025-04-05|mallorca|celta,A,A,0.33267002158769654,0.3290183362565715,0.338311642155732,0.338311642155732,1.098546586520194,0.005641620568035466,2.63,3.2,2.8,1.0498709940249864,0.3621665319320938,0.2976556184316896,0.34017784963621667,2.8,0.338311642155732,-0.05272740196395054,0.0,1,1,1.7999999999999998,-1.400000000000002
2024,30,2025-04-05,real madrid,valencia,2024|2025-04-05|real madrid|valencia,2024|2025-04-05|realmadrid|valencia,A,H,0.7359953310334976,0.1546587711714311,0.10934589779507127,0.7359953310334976,0.7562902312444857,0.5813365598620664,1.3,5.75,8.5,1.0607908715325594,0.7251483679525222,0.16394658753709201,0.11090504451038577,1.3,0.7359953310334976,-0.04320606965645313,0.0,1,0,-1.0,-2.400000000000002
2024,30,2025-04-06,las palmas,sociedad,2024|2025-04-06|las palmas|sociedad,2024|2025-04-06|laspalmas|sociedad,A,A,0.26906582608432916,0.33529878891776765,0.39563538499790324,0.39563538499790324,1.0864792905237781,0.060336596080135585,3.2,3.2,2.35,1.050531914893617,0.2974683544303798,0.2974683544303798,0.40506329113924056,2.35,0.39563538499790324,-0.07025684525492726,0.0,1,1,1.35,-1.0500000000000018
2024,30,2025-04-06,sevilla,ath madrid,2024|2025-04-06|sevilla|ath madrid,2024|2025-04-06|sevilla|athmadrid,A,A,0.2582739976754204,0.24926020074737948,0.49246580157720005,0.49246580157720005,1.0447495000137288,0.23419180390177963,3.5,3.2,2.2,1.0527597402597402,0.27139552814186585,0.2968388589051658,0.4317656129529684,2.2,0.49246580157720005,0.08342476346984029,0.0695206362248669,1,1,1.2000000000000002,0.14999999999999836
2024,30,2025-04-06,valladolid,getafe,2024|2025-04-06|valladolid|getafe,2024|2025-04-06|valladolid|getafe,A,A,0.22879212025883108,0.27767302190280074,0.49353485783836815,0.49353485783836815,1.0417559496125657,0.2158618359355674,4.75,3.1,1.9,1.059422750424448,0.19871794871794876,0.3044871794871795,0.49679487179487186,1.9,0.49353485783836815,-0.06228377010710057,0.0,1,1,0.8999999999999999,1.0499999999999983
2024,30,2025-04-06,villarreal,ath bilbao,2024|2025-04-06|villarreal|ath bilbao,2024|2025-04-06|villarreal|athbilbao,D,H,0.4474349953904345,0.27593079587105174,0.27663420873851363,0.4474349953904345,1.0706192236907057,0.1708007866519209,2.2,3.3,3.25,1.0652680652680653,0.42669584245076586,0.2844638949671772,0.2888402625820569,2.2,0.4474349953904345,-0.015643010141043967,0.0,1,0,-1.0,0.04999999999999827
2024,30,2025-04-07,leganes,osasuna,2024|2025-04-07|leganes|osasuna,2024|2025-04-07|leganes|osasuna,D,D,0.3160995680757691,0.3426807173585728,0.341219714565658,0.3426807173585728,1.0979364845498698,0.0014610027929147784,2.7,3.1,2.75,1.0565873791680245,0.3505345394736841,0.30530427631578944,0.34416118421052627,3.1,0.3426807173585728,0.062310223811575804,0.02967153514836943,1,1,2.1,2.1499999999999986
2024,31,2025-04-11,valencia,sevilla,2024|2025-04-11|valencia|sevilla,2024|2025-04-11|valencia|sevilla,H,D,0.3350632566383929,0.39874289251807077,0.26619385084353625,0.39874289251807077,1.085305426867513,0.06367963587967784,2.3,3.1,3.4,1.0514809009157662,0.41349548842683403,0.3067869752844252,0.27971753628874063,3.1,0.39874289251807077,0.2361029668060194,0.11242998419334256,1,0,-1.0,1.1499999999999981
2024,31,2025-04-12,celta,espanol,2024|2025-04-12|celta|espanol,2024|2025-04-12|celta|espanol,A,H,0.6889577243102296,0.18053788800551557,0.13050438768425485,0.6889577243102296,0.831488478334806,0.5084198363047141,1.62,3.7,6.0,1.054220887554221,0.5855356860262699,0.2563696787466371,0.15809463522709288,1.62,0.6889577243102296,0.11611151338257203,0.18727663448801937,1,0,-1.0,0.14999999999999813
2024,31,2025-04-12,getafe,las palmas,2024|2025-04-12|getafe|las palmas,2024|2025-04-12|getafe|laspalmas,A,H,0.5182501197765259,0.33510722690467676,0.14664265331879742,0.5182501197765259,0.9885369137355052,0.18314289287184915,1.75,3.3,5.5,1.0562770562770563,0.540983606557377,0.28688524590163933,0.1721311475409836,1.75,0.5182501197765259,-0.09306229039107966,0.0,1,0,-1.0,-0.8500000000000019
2024,31,2025-04-12,leganes,barcelona,2024|2025-04-12|leganes|barcelona,2024|2025-04-12|leganes|barcelona,A,A,0.08329549737306369,0.0946681749681116,0.8220363276588247,0.8220363276588247,0.5912830054480173,0.7273681526907131,8.5,6.0,1.3,1.0535444947209651,0.11166785969935578,0.15819613457408735,0.730136005726557,1.3,0.8220363276588247,0.06864722595647219,0.2288240865215739,1,1,0.30000000000000004,-0.5500000000000018
2024,31,2025-04-12,sociedad,mallorca,2024|2025-04-12|sociedad|mallorca,2024|2025-04-12|sociedad|mallorca,A,H,0.5274033385483512,0.25277155817407654,0.21982510327757226,0.5274033385483512,1.0180742438507535,0.27463178037427466,1.75,3.4,5.5,1.0473644003055769,0.5455871626549963,0.28081692195477753,0.1735959153902261,1.75,0.5274033385483512,-0.0770441575403854,0.0,1,0,-1.0,-1.5500000000000018
2024,31,2025-04-13,alaves,real madrid,2024|2025-04-13|alaves|real madrid,2024|2025-04-13|alaves|realmadrid,A,A,0.13195503431367353,0.1476924321871057,0.7203525334992208,0.7203525334992208,0.7860138560132787,0.5726601013121151,5.25,4.1,1.62,1.0516625801178647,0.18111910994764396,0.2319208115183246,0.5869600785340313,1.62,0.7203525334992208,0.16697110426873774,0.26930823269151244,1,1,0.6200000000000001,-0.9300000000000017
2024,31,2025-04-13,ath bilbao,vallecano,2024|2025-04-13|ath bilbao|vallecano,2024|2025-04-13|athbilbao|vallecano,H,H,0.48967683666087897,0.25143228915534377,0.25889087418377726,0.48967683666087897,1.046608584755476,0.2307859624771017,1.75,3.4,5.5,1.0473644003055769,0.5455871626549963,0.28081692195477753,0.1735959153902261,1.75,0.48967683666087897,-0.14306553584346177,0.0,1,1,0.75,-0.18000000000000171
2024,31,2025-04-13,betis,villarreal,2024|2025-04-13|betis|villarreal,2024|2025-04-13|betis|villarreal,A,A,0.38436766052488824,0.21107230469734176,0.40456003477777,0.40456003477777,1.06195850370742,0.02019237425288173,2.35,3.3,3.1,1.0511428630852104,0.4048278591214879,0.2882865057380293,0.3068856351404828,3.1,0.40456003477777,0.254136107811087,0.1210171941957557,1,1,2.1,1.9199999999999984
2024,31,2025-04-13,osasuna,girona,2024|2025-04-13|osasuna|girona,2024|2025-04-13|osasuna|girona,H,H,0.40356261976488617,0.3368918238550351,0.25954555638007876,0.40356261976488617,1.0828193557755523,0.06667079590985109,2.45,3.2,3.1,1.0432439104674127,0.39124433050680335,0.2995464405442714,0.3092092289489253,2.45,0.40356261976488617,-0.01127158157602881,0.0,1,1,1.4500000000000002,3.3699999999999983
2024,31,2025-04-14,ath madrid,valladolid,2024|2025-04-14|ath madrid|valladolid,2024|2025-04-14|athmadrid|valladolid,H,H,0.7500407804266344,0.17970443810075967,0.07025478147260596,0.7500407804266344,0.7107551998798379,0.5703363423258747,1.14,8.0,19.0,1.0548245614035088,0.8316008316008316,0.1185031185031185,0.04989604989604989,1.14,0.7500407804266344,-0.1449535103136369,0.0,1,1,0.1399999999999999,3.5099999999999985
2024,32,2025-04-18,espanol,getafe,2024|2025-04-18|espanol|getafe,2024|2025-04-18|espanol|getafe,H,D,0.20052679737334586,0.4353317069407412,0.3641414956859129,0.4353317069407412,1.0521106312632373,0.07119021125482827,2.88,2.63,3.0,1.0607836924376848,0.32732613132872007,0.3584407825957087,0.31423308607557127,2.63,0.4353317069407412,0.14492238925414924,0.08890944126021426,1,0,-1.0,2.5099999999999985
2024,32,2025-04-19,barcelona,celta,2024|2025-04-19|barcelona|celta,2024|2025-04-19|barcelona|celta,H,H,0.7137484398815281,0.16150384883294927,0.12474771128552253,0.7137484398815281,0.7948092787839032,0.5522445910485789,1.3,5.75,8.0,1.06814381270903,0.7201565557729942,0.16281800391389434,0.11702544031311157,1.3,0.7137484398815281,-0.0721270281540134,0.0,1,1,0.30000000000000004,2.8099999999999987
2024,32,2025-04-19,las palmas,ath madrid,2024|2025-04-19|las palmas|ath madrid,2024|2025-04-19|laspalmas|athmadrid,H,A,0.11340679982595653,0.20046282097001605,0.6861303792040274,0.6861303792040274,0.8274868871396959,0.48566755823401137,5.75,4.2,1.55,1.0571695718960796,0.16450818118642996,0.22521953376713624,0.6102722850464337,1.55,0.6861303792040274,0.06350208776624255,0.11545834139316827,1,0,-1.0,1.8099999999999985
2024,32,2025-04-19,mallorca,leganes,2024|2025-04-19|mallorca|leganes,2024|2025-04-19|mallorca|leganes,D,H,0.5104097688464753,0.35577471733766813,0.13381551381585663,0.5104097688464753,0.9800920090832305,0.15463505150880713,1.85,3.1,5.0,1.0631211857018308,0.5084467771034935,0.3034279153682139,0.18812530752829262,1.85,0.5104097688464753,-0.055741927634020694,0.0,1,0,-1.0,0.8099999999999985
2024,32,2025-04-19,vallecano,valencia,2024|2025-04-19|vallecano|valencia,2024|2025-04-19|vallecano|valencia,D,H,0.42316063238127205,0.3561205143667752,0.22071885325195273,0.42316063238127205,1.0650855787659952,0.06704011801449683,2.25,3.0,3.4,1.0718954248366013,0.4146341463414634,0.31097560975609756,0.27439024390243905,2.25,0.42316063238127205,-0.0478885771421379,0.0,1,0,-1.0,-0.1900000000000015
2024,32,2025-04-20,real madrid,ath bilbao,2024|2025-04-20|real madrid|ath bilbao,2024|2025-04-20|realmadrid|athbilbao,H,H,0.5805621098576457,0.18731687253847853,0.23212101760387574,0.5805621098576457,0.9684445585816437,0.34844109225376996,1.65,3.9,5.25,1.052947052947053,0.5755850727387729,0.24351676154332702,0.18089816571790004,1.65,0.5805621098576457,-0.04207251873488471,0.0,1,1,0.6499999999999999,0.4599999999999984
2024,32,2025-04-20,sevilla,alaves,2024|2025-04-20|sevilla|alaves,2024|2025-04-20|sevilla|alaves,D,H,0.45715727821842594,0.3235075379310632,0.21933518385051082,0.45715727821842594,1.0556838913233664,0.13364974028736276,2.0,3.1,4.2,1.0606758832565284,0.4713975380159305,0.30412744388124546,0.22447501810282403,2.0,0.45715727821842594,-0.08568544356314817,0.0,1,0,-1.0,-0.5400000000000016
2024,32,2025-04-20,valladolid,osasuna,2024|2025-04-20|valladolid|osasuna,2024|2025-04-20|valladolid|osasuna,A,A,0.19562413919229554,0.2393661814402647,0.5650096793674398,0.5650096793674398,0.9839799583498722,0.3256434979271752,4.5,3.4,1.83,1.0627879567127396,0.20909365863494306,0.2767416070168364,0.5141647343482206,1.83,0.5650096793674398,0.03396771324241493,0.040924955713752924,1,1,0.8300000000000001,0.2899999999999985
2024,32,2025-04-20,villarreal,sociedad,2024|2025-04-20|villarreal|sociedad,2024|2025-04-20|villarreal|sociedad,D,H,0.5703755547853492,0.2626912856658643,0.16693315954878657,0.5703755547853492,0.9702399165799624,0.3076842691194849,1.7,3.7,5.0,1.0585055643879173,0.5557224391709222,0.2553319315109642,0.18894562931811357,1.7,0.5703755547853492,-0.030361556864906436,0.0,1,0,-1.0,-0.7100000000000015
2024,32,2025-04-21,girona,betis,2024|2025-04-21|girona|betis,2024|2025-04-21|girona|betis,A,A,0.27785627296366044,0.30243789747285416,0.4197058295634854,0.4197058295634854,1.0819053379779637,0.11726793209063124,2.88,3.3,2.45,1.0584157905586478,0.328058429701765,0.28630553864881314,0.38563603164942173,2.45,0.4197058295634854,0.028279282430539343,0.019502953400371958,1,1,1.4500000000000002,0.7399999999999987
2024,33,2025-04-22,barcelona,mallorca,2024|2025-04-22|barcelona|mallorca,2024|2025-04-22|barcelona|mallorca,H,H,0.7791250973059171,0.12803823044440554,0.0928366722496774,0.7791250973059171,0.6782947931085448,0.6510868668615115,1.2,7.0,13.0,1.0531135531135531,0.7913043478260869,0.13565217391304346,0.07304347826086957,1.2,0.7791250973059171,-0.06504988323289956,0.0,1,1,0.19999999999999996,0.9399999999999986
2024,33,2025-04-22,valencia,espanol,2024|2025-04-22|valencia|espanol,2024|2025-04-22|valencia|espanol,D,H,0.6137364985108554,0.22393343815384437,0.16233006333530015,0.6137364985108554,0.9298513270852591,0.38980306035701107,1.95,3.3,4.1,1.0597532548752062,0.48390557939914164,0.28594420600858367,0.23015021459227467,1.95,0.6137364985108554,0.1967861720961681,0.20714333904859802,1,0,-1.0,-0.060000000000001386
2024,33,2025-04-23,alaves,sociedad,2024|2025-04-23|alaves|sociedad,2024|2025-04-23|alaves|sociedad,H,H,0.4280404442908196,0.32372716758636577,0.24823238812281465,0.4280404442908196,1.0742099593549272,0.10431327670445384,2.35,3.0,3.4,1.0529828952857738,0.4041204437400951,0.3165610142630745,0.2793185419968304,2.35,0.4280404442908196,0.005895044083426226,0.0043666993210564635,1,1,1.35,1.2899999999999987
2024,33,2025-04-23,ath bilbao,las palmas,2024|2025-04-23|ath bilbao|las palmas,2024|2025-04-23|athbilbao|laspalmas,H,H,0.7143083436727826,0.17403356315001975,0.11165809317719769,0.7143083436727826,0.7894107986327414,0.5402747805227629,1.36,5.25,7.0,1.0686274509803921,0.6880733944954128,0.1782437745740498,0.13368283093053734,1.36,0.7143083436727826,-0.028540652605015593,0.0,1,1,0.3600000000000001,1.6499999999999988
2024,33,2025-04-23,celta,villarreal,2024|2025-04-23|celta|villarreal,2024|2025-04-23|celta|villarreal,H,A,0.32624074326625013,0.19498744684522953,0.47877180988852036,0.47877180988852036,1.0368284461906954,0.15253106662227023,2.5,3.4,2.8,1.0512605042016807,0.38049560351718625,0.2797761790567546,0.33972821742605913,2.8,0.47877180988852036,0.3405610676878569,0.1892005931599205,1,0,-1.0,0.6499999999999988
2024,33,2025-04-23,getafe,real madrid,2024|2025-04-23|getafe|real madrid,2024|2025-04-23|getafe|realmadrid,A,A,0.1408086358577157,0.17535806394445907,0.6838333001978252,0.6838333001978252,0.8412047578985362,0.5084752362533661,4.75,3.6,1.75,1.0597326649958227,0.19865983445013796,0.2621206148994876,0.5392195506503745,1.75,0.6838333001978252,0.19670827534619406,0.2622777004615921,1,1,0.75,1.3999999999999988
2024,33,2025-04-24,ath madrid,vallecano,2024|2025-04-24|ath madrid|vallecano,2024|2025-04-24|athmadrid|vallecano,H,H,0.5912728717986556,0.23577157600813015,0.1729555521932142,0.5912728717986556,0.9548537867505125,0.3555012957905255,1.53,4.0,6.5,1.057440925087984,0.6180910495661476,0.23641982645905146,0.1454891239748009,1.53,0.5912728717986556,-0.0953525061480569,0.0,1,1,0.53,1.9299999999999988
2024,33,2025-04-24,betis,valladolid,2024|2025-04-24|betis|valladolid,2024|2025-04-24|betis|valladolid,H,H,0.7915515079033466,0.15186526246693785,0.05658322962971564,0.7915515079033466,0.6337725983697007,0.6396862454364087,1.2,7.0,13.0,1.0531135531135531,0.7913043478260869,0.13565217391304346,0.07304347826086957,1.2,0.7915515079033466,-0.050138190515984116,0.0,1,1,0.19999999999999996,2.129999999999999
2024,33,2025-04-24,leganes,girona,2024|2025-04-24|leganes|girona,2024|2025-04-24|leganes|girona,D,D,0.3212444903465519,0.34448011961798397,0.3342753900354641,0.34448011961798397,1.098204716580168,0.01020472958251989,2.75,3.1,2.75,1.0498533724340176,0.3463687150837989,0.30726256983240224,0.3463687150837989,3.1,0.34448011961798397,0.06788837081575039,0.0323277956265478,1,1,2.1,4.229999999999999
2024,33,2025-04-24,osasuna,sevilla,2024|2025-04-24|osasuna|sevilla,2024|2025-04-24|osasuna|sevilla,H,A,0.33035515756811107,0.29632182804387347,0.3733230143880155,0.3733230143880155,1.0941553843144545,0.04296785681990445,2.5,3.0,3.2,1.0458333333333334,0.38247011952191234,0.31872509960159356,0.298804780876494,3.2,0.3733230143880155,0.19463364604164968,0.08846983910984076,1,0,-1.0,3.2299999999999986
2024,34,2025-05-02,vallecano,getafe,2024|2025-05-02|vallecano|getafe,2024|2025-05-02|vallecano|getafe,H,H,0.373635970459463,0.31271041556747,0.31365361397306696,0.373635970459463,1.0950242366865537,0.05998235648639605,2.38,3.0,3.4,1.0476190476190477,0.40106951871657753,0.3181818181818181,0.2807486631016043,2.38,0.373635970459463,-0.11074639030647815,0.0,1,1,1.38,4.6099999999999985
2024,34,2025-05-03,alaves,ath madrid,2024|2025-05-03|alaves|ath madrid,2024|2025-05-03|alaves|athmadrid,D,A,0.2596269942691234,0.24444059750122862,0.4959324082296479,0.4959324082296479,1.042278319419741,0.2363054139605245,3.7,3.1,2.15,1.057967194501328,0.2554618627826753,0.3049060942889996,0.43963204292832503,2.15,0.4959324082296479,0.06625467769374294,0.057612763211950385,1,0,-1.0,3.6099999999999985
2024,34,2025-05-03,las palmas,valencia,2024|2025-05-03|las palmas|valencia,2024|2025-05-03|laspalmas|valencia,A,A,0.2852883368754401,0.3126411224436848,0.40207054068087517,0.40207054068087517,1.087669535004527,0.08942941823719036,2.63,3.3,2.7,1.0536288102828029,0.3608748481166464,0.28760631834750905,0.3515188335358444,2.7,0.40207054068087517,0.085590459838363,0.05034732931668411,1,1,1.7000000000000002,5.309999999999999
2024,34,2025-05-03,valladolid,barcelona,2024|2025-05-03|valladolid|barcelona,2024|2025-05-03|valladolid|barcelona,A,A,0.07346155455684202,0.060324662001848425,0.8662137834413096,0.8662137834413096,0.48560881018387425,0.7927522288844676,15.0,8.0,1.14,1.068859649122807,0.062371768567911365,0.11694706606483381,0.8206811653672549,1.14,0.8662137834413096,-0.012516286876907118,0.0,1,1,0.1399999999999999,5.449999999999998
2024,34,2025-05-03,villarreal,osasuna,2024|2025-05-03|villarreal|osasuna,2024|2025-05-03|villarreal|osasuna,H,H,0.6839540070948438,0.19424817871352035,0.1217978141916359,0.6839540070948438,0.8345408595267179,0.4897058283813234,1.53,4.2,6.0,1.0583566760037348,0.6175562417291575,0.22496691662990734,0.15747684164093514,1.53,0.6839540070948438,0.046449630855111,0.0876408129341717,1,1,0.53,5.979999999999999
2024,34,2025-05-04,espanol,betis,2024|2025-05-04|espanol|betis,2024|2025-05-04|espanol|betis,A,A,0.21404362550573383,0.3152246116019635,0.4707317628923027,0.4707317628923027,1.048562480712769,0.15550715129033915,3.3,3.0,2.38,1.056531703590527,0.28681610026512416,0.31549771029163654,0.39768618944323936,2.38,0.4707317628923027,0.1203415956836803,0.0872040548432466,1,1,1.38,7.3599999999999985
2024,34,2025-05-04,real madrid,celta,2024|2025-05-04|real madrid|celta,2024|2025-05-04|realmadrid|celta,H,H,0.6996166488644165,0.13568578433422832,0.1646975668013551,0.6996166488644165,0.8179954358399848,0.5349190820630614,1.33,5.75,7.0,1.068649885583524,0.7035790761700825,0.16274089935760172,0.1336800244723157,1.33,0.6996166488644165,-0.06950985701032594,0.0,1,1,0.33000000000000007,7.689999999999999
2024,34,2025-05-04,sevilla,leganes,2024|2025-05-04|sevilla|leganes,2024|2025-05-04|sevilla|leganes,D,H,0.5260143476755293,0.2781356477882658,0.1958500045362047,0.5260143476755293,1.0131560339634975,0.24787869988726352,1.77,3.5,4.75,1.0612123529161888,0.532383315987511,0.269233848370827,0.19838283564166198,1.77,0.5260143476755293,-0.06895460461431302,0.0,1,0,-1.0,6.689999999999999
2024,34,2025-05-04,sociedad,ath bilbao,2024|2025-05-04|sociedad|ath bilbao,2024|2025-05-04|sociedad|athbilbao,D,H,0.39967241664238445,0.27568179463776366,0.32464578871985195,0.39967241664238445,1.0869949680603073,0.07502662792253251,2.55,3.0,3.0,1.0588235294117647,0.3703703703703704,0.31481481481481477,0.31481481481481477,2.55,0.39967241664238445,0.019164662438080238,0.012364298347148542,1,0,-1.0,5.689999999999999
2024,34,2025-05-05,girona,mallorca,2024|2025-05-05|girona|mallorca,2024|2025-05-05|girona|mallorca,H,H,0.5235378745396643,0.30625619219108746,0.17020593326924824,0.5235378745396643,1.002600050323476,0.2172816823485768,2.0,3.1,4.2,1.0606758832565284,0.4713975380159305,0.30412744388124546,0.22447501810282403,2.0,0.5235378745396643,0.047075749079328544,0.047075749079328544,1,1,1.0,6.689999999999999
2024,35,2025-05-09,las palmas,vallecano,2024|2025-05-09|las palmas|vallecano,2024|2025-05-09|laspalmas|vallecano,A,H,0.39836173477684883,0.3173040177338183,0.28433424748933295,0.39836173477684883,1.0884618566291537,0.08105771704303055,2.45,3.25,3.0,1.0491889063317634,0.38902743142144636,0.2932668329177058,0.31770573566084787,2.45,0.39836173477684883,-0.02401374979672022,0.0,1,0,-1.0,5.689999999999999
2024,35,2025-05-10,ath madrid,sociedad,2024|2025-05-10|ath madrid|sociedad,2024|2025-05-10|athmadrid|sociedad,H,H,0.5208468269211082,0.26919035257936935,0.20996282049952242,0.5208468269211082,1.020731519061109,0.2516564743417388,1.67,3.7,5.0,1.069072665479851,0.5601138393532957,0.25280813830270366,0.18707802234400076,1.67,0.5208468269211082,-0.13018579904174937,0.0,1,1,0.6699999999999999,6.3599999999999985
2024,35,2025-05-10,celta,sevilla,2024|2025-05-10|celta|sevilla,2024|2025-05-10|celta|sevilla,H,H,0.5272550036038798,0.23701135043730034,0.23573364595881996,0.5272550036038798,1.019340908227657,0.2902436531665794,1.8,3.6,4.5,1.0555555555555556,0.5263157894736842,0.2631578947368421,0.21052631578947367,1.8,0.5272550036038798,-0.0509409935130164,0.0,1,1,0.8,7.159999999999998
2024,35,2025-05-10,girona,villarreal,2024|2025-05-10|girona|villarreal,2024|2025-05-10|girona|villarreal,A,A,0.28577804810315555,0.24196548211817648,0.47225646977866803,0.47225646977866803,1.055590197464585,0.18647842167551248,3.1,3.8,2.1,1.0619290160886086,0.30376855728968405,0.2478111914731633,0.4484202512371526,2.1,0.47225646977866803,-0.00826141346479714,0.0,1,1,1.1,8.259999999999998
2024,35,2025-05-10,mallorca,valladolid,2024|2025-05-10|mallorca|valladolid,2024|2025-05-10|mallorca|valladolid,H,H,0.7015591356992562,0.23155304289013598,0.06688782141060783,0.7015591356992562,0.7683314201351065,0.4700060928091202,1.33,5.25,9.0,1.0534670008354219,0.7137192704203014,0.18080888183980967,0.10547184773988898,1.33,0.7015591356992562,-0.06692634951998919,0.0,1,1,0.33000000000000007,8.589999999999998
2024,35,2025-05-10,valencia,getafe,2024|2025-05-10|valencia|getafe,2024|2025-05-10|valencia|getafe,H,H,0.4555755162196101,0.23918974345228147,0.3052347403281085,0.4555755162196101,1.0625453017527562,0.15034077589150163,2.0,3.0,4.33,1.0642802155504234,0.4698010849909584,0.3132007233273056,0.21699819168173598,2.0,0.4555755162196101,-0.08884896756077976,0.0,1,1,1.0,9.589999999999998
2024,35,2025-05-11,ath bilbao,alaves,2024|2025-05-11|ath bilbao|alaves,2024|2025-05-11|athbilbao|alaves,H,H,0.41946616126268765,0.31739344887954124,0.26314038985777105,0.41946616126268765,1.0799757211094718,0.10207271238314641,1.8,2.9,4.5,1.1226053639846745,0.4948805460750853,0.3071672354948805,0.1979522184300341,1.8,0.41946616126268765,-0.24496090972716222,0.0,1,1,0.8,10.389999999999999
2024,35,2025-05-11,barcelona,real madrid,2024|2025-05-11|barcelona|real madrid,2024|2025-05-11|barcelona|realmadrid,H,H,0.48100414573535105,0.20289344879299187,0.3161024054716571,0.48100414573535105,1.0397188297475037,0.16490174026369397,1.9,3.7,3.2,1.1090860597439545,0.47454909819639274,0.24368737474949898,0.28176352705410823,1.9,0.48100414573535105,-0.08609212310283298,0.0,1,1,0.8999999999999999,11.29
2024,35,2025-05-11,betis,osasuna,2024|2025-05-11|betis|osasuna,2024|2025-05-11|betis|osasuna,D,H,0.6429724926792482,0.2295422861538133,0.1274852211669385,0.6429724926792482,0.8843692865880186,0.41343020652543483,1.62,3.75,5.75,1.0578636607622114,0.5835193829916785,0.25208037345240514,0.1644002435559164,1.62,0.6429724926792482,0.0416154381403821,0.06712167441997112,1,0,-1.0,10.29
2024,35,2025-05-11,leganes,espanol,2024|2025-05-11|leganes|espanol,2024|2025-05-11|leganes|espanol,H,H,0.4387178954579467,0.35518092548382724,0.20610117905822614,0.4387178954579467,1.0546305486824359,0.08353696997411947,2.4,3.0,3.2,1.0625,0.39215686274509803,0.3137254901960784,0.29411764705882354,2.4,0.4387178954579467,0.052922949099072025,0.037802106499337164,1,1,1.4,11.689999999999998
2024,36,2025-05-13,sevilla,las palmas,2024|2025-05-13|sevilla|las palmas,2024|2025-05-13|sevilla|laspalmas,H,H,0.6224696018381233,0.24693704196258065,0.13059335619929605,0.6224696018381233,0.9063043643181701,0.3755325598755426,1.67,3.7,5.25,1.0595488559560415,0.5651484514786961,0.255080517289033,0.17977103123227092,1.67,0.6224696018381233,0.03952423506966585,0.05899139562636694,1,1,0.6699999999999999,12.36
2024,36,2025-05-13,sociedad,celta,2024|2025-05-13|sociedad|celta,2024|2025-05-13|sociedad|celta,A,A,0.3578254432894369,0.26158605189140166,0.38058850481916146,0.38058850481916146,1.0861879813749258,0.02276306152972457,2.3,3.3,3.1,1.0603935568872456,0.41002004008016035,0.28577154308617236,0.30420841683366734,3.1,0.38058850481916146,0.17982436493940057,0.08563064997114313,1,1,2.1,14.459999999999999
2024,36,2025-05-13,valladolid,girona,2024|2025-05-13|valladolid|girona,2024|2025-05-13|valladolid|girona,A,A,0.13347289853055966,0.1974271722723584,0.669099929197082,0.669099929197082,0.8579572693082529,0.47167275692472366,4.75,3.9,1.73,1.044971254280655,0.20146613117544301,0.2453754161752191,0.5531584526493378,1.73,0.669099929197082,0.15754287751095192,0.21581216097390674,1,1,0.73,15.189999999999998
2024,36,2025-05-14,alaves,valencia,2024|2025-05-14|alaves|valencia,2024|2025-05-14|alaves|valencia,H,H,0.5050388666354835,0.3431139596976712,0.15184717366684528,0.5050388666354835,0.9982423799702969,0.16192490693781225,2.1,3.1,3.7,1.0690413916220367,0.4454368932038835,0.301747572815534,0.2528155339805825,2.1,0.5050388666354835,0.060581619934515385,0.05507419994046853,1,1,1.1,16.29
2024,36,2025-05-14,real madrid,mallorca,2024|2025-05-14|real madrid|mallorca,2024|2025-05-14|realmadrid|mallorca,H,H,0.7447377176025053,0.1423908139445622,0.11287146845293249,0.7447377176025053,0.7432665004030811,0.6023469036579431,1.38,5.25,7.0,1.0579710144927537,0.6849315068493151,0.18003913894324852,0.1350293542074364,1.38,0.7447377176025053,0.027738050291457206,0.0729948691880453,1,1,0.3799999999999999,16.669999999999998
2024,36,2025-05-14,villarreal,leganes,2024|2025-05-14|villarreal|leganes,2024|2025-05-14|villarreal|leganes,H,H,0.7544777433801774,0.13954630526680412,0.10597595135301843,0.7544777433801774,0.7252429695764544,0.6149314381133733,1.33,5.75,8.0,1.0507927427263812,0.7155356795644564,0.16550651370795255,0.11895780672759089,1.33,0.7544777433801774,0.003455398695635964,0.010470905138290798,1,1,0.33000000000000007,17.0
2024,36,2025-05-15,espanol,barcelona,2024|2025-05-15|espanol|barcelona,2024|2025-05-15|espanol|barcelona,A,A,0.050362830728974656,0.061529108620983035,0.8881080606500423,0.8881080606500423,0.427452185581449,0.8265789520290593,9.0,5.75,1.3,1.054254923820141,0.10539302079661615,0.16496298907296442,0.7296439901304195,1.3,0.8881080606500423,0.15454047884505506,0.5151349294835168,1,1,0.30000000000000004,17.299999999999997
2024,36,2025-05-15,getafe,ath bilbao,2024|2025-05-15|getafe|ath bilbao,2024|2025-05-15|getafe|athbilbao,A,D,0.33725485696768054,0.34469341817594457,0.31805172485637495,0.34469341817594457,1.0980421255808108,0.007438561208264027,3.2,2.75,2.63,1.056364500518493,0.2958259197905802,0.3442337975744933,0.3599402826349265,2.75,0.34469341817594457,-0.052093100016152416,0.0,1,0,-1.0,16.299999999999997
2024,36,2025-05-15,osasuna,ath madrid,2024|2025-05-15|osasuna|ath madrid,2024|2025-05-15|osasuna|athmadrid,H,A,0.2935418177414149,0.24561137378469775,0.46084680847388737,0.46084680847388737,1.0616572981027612,0.16730499073247246,3.6,3.3,2.1,1.0569985569985572,0.26279863481228666,0.28668941979522183,0.4505119453924914,2.1,0.46084680847388737,-0.032221702204836444,0.0,1,0,-1.0,15.299999999999999
2024,36,2025-05-15,vallecano,betis,2024|2025-05-15|vallecano|betis,2024|2025-05-15|vallecano|betis,D,A,0.28038897515818495,0.305915500187241,0.4136955246545741,0.4136955246545741,1.084014818334767,0.10778002446733309,3.0,3.2,2.4,1.0625,0.3137254901960784,0.29411764705882354,0.39215686274509803,2.4,0.4136955246545741,-0.0071307408290220975,0.0,1,0,-1.0,14.299999999999999
2024,37,2025-05-18,ath madrid,betis,2024|2025-05-18|ath madrid|betis,2024|2025-05-18|athmadrid|betis,H,H,0.47226717416592656,0.24240415357803222,0.28532867225604114,0.47226717416592656,1.0556570734217336,0.18693850190988542,1.91,3.6,3.8,1.0644958819387036,0.491838642410297,0.26094772416768536,0.2472136334220177,1.91,0.47226717416592656,-0.09796969734308031,0.0,1,1,0.9099999999999999,15.209999999999999
2024,37,2025-05-18,barcelona,villarreal,2024|2025-05-18|barcelona|villarreal,2024|2025-05-18|barcelona|villarreal,A,H,0.5180035099797573,0.21970129280347359,0.26229519721676914,0.5180035099797573,1.0247088324581455,0.25570831276298817,1.83,4.1,3.75,1.0570171931227508,0.5169718061229637,0.23074595248903015,0.25228224138800626,1.83,0.5180035099797573,-0.05205357673704408,0.0,1,0,-1.0,14.209999999999999
2024,37,2025-05-18,celta,vallecano,2024|2025-05-18|celta|vallecano,2024|2025-05-18|celta|vallecano,A,H,0.5175838041273638,0.2093531166989298,0.27306307917370637,0.5175838041273638,1.022694877695595,0.24452072495365745,1.75,3.9,4.33,1.058785710055918,0.539701816903434,0.2421738922002589,0.21812429089630705,1.75,0.5175838041273638,-0.09422834277711334,0.0,1,0,-1.0,13.209999999999999
2024,37,2025-05-18,las palmas,leganes,2024|2025-05-18|las palmas|leganes,2024|2025-05-18|laspalmas|leganes,A,A,0.25019031584169665,0.2820951368969723,0.467714547261331,0.467714547261331,1.0590564395820845,0.1856194103643587,2.9,3.5,2.35,1.0560737868147994,0.3265184597062326,0.2705438666137356,0.40293767368003175,2.35,0.467714547261331,0.0991291860641279,0.07342902671416882,1,1,1.35,14.559999999999999
2024,37,2025-05-18,mallorca,getafe,2024|2025-05-18|mallorca|getafe,2024|2025-05-18|mallorca|getafe,A,H,0.5007450670235141,0.26676492213923675,0.23249001083724927,0.5007450670235141,1.0380257708340848,0.23398014488427732,2.0,3.2,4.2,1.0505952380952381,0.4759206798866855,0.29745042492917845,0.22662889518413595,2.0,0.5007450670235141,0.0014901340470281355,0.0014901340470281355,1,0,-1.0,13.559999999999999
2024,37,2025-05-18,osasuna,espanol,2024|2025-05-18|osasuna|espanol,2024|2025-05-18|osasuna|espanol,H,H,0.5457428060925807,0.2275646514951391,0.22669254241228012,0.5457428060925807,1.0038227708120637,0.31817815459744164,1.8,3.3,4.75,1.0691121743753322,0.5196419691695674,0.2834410740924913,0.19691695673794132,1.8,0.5457428060925807,-0.017662949033354636,0.0,1,1,0.8,14.36
2024,37,2025-05-18,sevilla,real madrid,2024|2025-05-18|sevilla|real madrid,2024|2025-05-18|sevilla|realmadrid,A,A,0.15775909857553932,0.15611737497660189,0.6861235264478587,0.6861235264478587,0.8397255585122476,0.5283644278723194,4.2,4.0,1.75,1.0595238095238095,0.2247191011235955,0.23595505617977527,0.5393258426966292,1.75,0.6861235264478587,0.20071617128375263,0.2676215617116702,1,1,0.75,15.11
2024,37,2025-05-18,sociedad,girona,2024|2025-05-18|sociedad|girona,2024|2025-05-18|sociedad|girona,H,H,0.4352724693040244,0.30366610317561027,0.26106142752036543,0.4352724693040244,1.0745749693417301,0.13160636612841414,2.05,3.1,4.1,1.0542879622344612,0.4626865671641791,0.3059701492537313,0.23134328358208955,2.05,0.4352724693040244,-0.10769143792675001,0.0,1,1,1.0499999999999998,16.16
2024,37,2025-05-18,valencia,ath bilbao,2024|2025-05-18|valencia|ath bilbao,2024|2025-05-18|valencia|athbilbao,A,H,0.5605087172021302,0.2634360054402161,0.1760552773576537,0.5605087172021302,0.9816939551598026,0.29707271176191413,2.2,3.0,3.8,1.0510366826156299,0.4324734446130501,0.31714719271623676,0.2503793626707132,2.2,0.5605087172021302,0.2331191778446866,0.1942659815372388,1,0,-1.0,15.159999999999998
2024,37,2025-05-18,valladolid,alaves,2024|2025-05-18|valladolid|alaves,2024|2025-05-18|valladolid|alaves,A,A,0.12555737476731813,0.18670695582272348,0.6877356694099583,0.6877356694099583,0.8313193545628861,0.5010287135872349,6.0,3.75,1.6,1.0583333333333333,0.15748031496062992,0.25196850393700787,0.5905511811023622,1.6,0.6877356694099583,0.10037707105593341,0.16729511842655564,1,1,0.6000000000000001,15.759999999999998
2024,38,2025-05-23,betis,valencia,2024|2025-05-23|betis|valencia,2024|2025-05-23|betis|valencia,D,H,0.49609288546398944,0.26745143671925325,0.23645567781675736,0.49609288546398944,1.0414445549530515,0.2286414487447362,1.91,3.75,3.75,1.056893542757417,0.4953764861294584,0.2523117569352708,0.2523117569352708,1.91,0.49609288546398944,-0.05246258876378018,0.0,1,0,-1.0,14.759999999999998
2024,38,2025-05-24,alaves,osasuna,2024|2025-05-24|alaves|osasuna,2024|2025-05-24|alaves|osasuna,D,A,0.24734476580747194,0.2851080172350673,0.4675472169574608,0.4675472169574608,1.0587672081093014,0.18243919972239353,3.2,3.2,2.35,1.050531914893617,0.2974683544303798,0.2974683544303798,0.40506329113924056,2.35,0.4675472169574608,0.09873595985003292,0.07313774803706141,1,0,-1.0,13.759999999999998
2024,38,2025-05-24,espanol,las palmas,2024|2025-05-24|espanol|las palmas,2024|2025-05-24|espanol|laspalmas,H,H,0.7152075353791589,0.16957311605657366,0.11521934856426741,0.7152075353791589,0.7896071709920824,0.5456344193225853,1.38,4.75,8.0,1.060163996948894,0.6835147045597626,0.19857900890367836,0.11790628653655903,1.38,0.7152075353791589,-0.013013601176760758,0.0,1,1,0.3799999999999999,14.139999999999999
2024,38,2025-05-24,getafe,celta,2024|2025-05-24|getafe|celta,2024|2025-05-24|getafe|celta,A,A,0.13775216878194574,0.30098034294767023,0.5612674882703841,0.5612674882703841,0.9586205518208744,0.26028714532271385,4.1,3.75,1.85,1.0511096462315974,0.23204281294422613,0.25370014215235387,0.51425704490342,1.85,0.5612674882703841,0.03834485330021059,0.04511159211789481,1,1,0.8500000000000001,14.989999999999998
2024,38,2025-05-24,leganes,valladolid,2024|2025-05-24|leganes|valladolid,2024|2025-05-24|leganes|valladolid,H,H,0.707820020061314,0.22513070865512513,0.06704927128356096,0.707820020061314,0.7614737921860932,0.4826893114061888,1.3,5.5,9.5,1.056312108943688,0.7282229965156793,0.17212543554006968,0.09965156794425085,1.3,0.707820020061314,-0.07983397392029185,0.0,1,1,0.30000000000000004,15.29
2024,38,2025-05-24,real madrid,sociedad,2024|2025-05-24|real madrid|sociedad,2024|2025-05-24|realmadrid|sociedad,H,H,0.7220572764557536,0.1811026974736701,0.09684002607057635,0.7220572764557536,0.7706790046457748,0.5409545789820834,1.42,5.0,6.5,1.05807150595883,0.6655744419414295,0.18902314151136598,0.1454024165472046,1.42,0.7220572764557536,0.025321332567170007,0.0602888870646905,1,1,0.41999999999999993,15.709999999999999
2024,38,2025-05-24,vallecano,mallorca,2024|2025-05-24|vallecano|mallorca,2024|2025-05-24|vallecano|mallorca,D,H,0.7125746075247767,0.20651950246851664,0.0809058900067066,0.7125746075247767,0.7706616425264952,0.5060551050562601,1.53,4.2,6.25,1.051690009337068,0.621470932916652,0.22639298270535177,0.1521360843779964,1.53,0.7125746075247767,0.09023914951290846,0.17026254625077067,1,0,-1.0,14.709999999999999
2024,38,2025-05-25,ath bilbao,barcelona,2024|2025-05-25|ath bilbao|barcelona,2024|2025-05-25|athbilbao|barcelona,A,A,0.20590074632080688,0.11445778465123431,0.6796414690279589,0.6796414690279589,0.8359610505925898,0.47374072270715195,3.2,3.75,2.1,1.0553571428571429,0.2961082910321489,0.25267907501410036,0.45121263395375066,2.1,0.6796414690279589,0.42724708495871366,0.38840644087155785,1,1,1.1,15.809999999999999
2024,38,2025-05-25,girona,ath madrid,2024|2025-05-25|girona|ath madrid,2024|2025-05-25|girona|athmadrid,A,A,0.25653147423254186,0.22131728228041442,0.5221512434870438,0.5221512434870438,1.0220863226568078,0.2656197692545019,3.8,3.75,1.91,1.0533847708275925,0.24982124483353968,0.25315219476465356,0.49702656040180676,1.91,0.5221512434870438,-0.0026911249397464365,0.0,1,1,0.9099999999999999,16.72
2024,38,2025-05-25,villarreal,sevilla,2024|2025-05-25|villarreal|sevilla,2024|2025-05-25|villarreal|sevilla,H,H,0.6455008034882482,0.16116526373514678,0.193333932776605,0.6455008034882482,0.8944459678052947,0.45216687071164324,1.48,5.0,6.0,1.0423423423423424,0.648228176318064,0.19187554019014694,0.1598962834917891,1.48,0.6455008034882482,-0.04465881083739265,0.0,1,1,0.48,17.2
