Season,Matchday,Date,HomeTeam_norm,AwayTeam_norm,pred_key,pred_key_match,y_true,y_pred,proba_H,proba_D,proba_A,conf_maxprob,entropy,margin_top12,B365H,B365D,B365A,overround,pH_mkt,pD_mkt,pA_mkt,odds_pick,p_pick,ev_pick,kelly_pick,bet_placed,correct,profit,cum_profit_season
2020,1,2020-09-12,cadiz,osasuna,2020|2020-09-12|cadiz|osasuna,2020|2020-09-12|cadiz|osasuna,A,H,0.4953380826125115,0.18118055649924986,0.32348136088823864,0.4953380826125115,1.0225715481144153,0.17185672172427285,2.8,3.0,2.75,1.054112554112554,0.33880903490759756,0.3162217659137577,0.3449691991786448,2.8,0.4953380826125115,0.38694663131503215,0.21497035073057344,1,0,-1.0,-1.0
2020,1,2020-09-12,eibar,celta,2020|2020-09-12|eibar|celta,2020|2020-09-12|eibar|celta,D,D,0.25929364320949966,0.42715457952202984,0.3135517772684705,0.42715457952202984,1.0769891543661485,0.11360280225355934,2.5,3.25,2.9,1.0525198938992042,0.3800403225806452,0.2923387096774194,0.3276209677419355,3.25,0.42715457952202984,0.38825238344659696,0.1725566148651542,1,1,2.25,1.25
2020,1,2020-09-12,granada,ath bilbao,2020|2020-09-12|granada|ath bilbao,2020|2020-09-12|granada|athbilbao,H,D,0.22487747648566964,0.45379479988814786,0.32132772362618256,0.45379479988814786,1.0589113093384168,0.1324670762619653,2.75,3.1,2.75,1.0498533724340176,0.3463687150837989,0.30726256983240224,0.3463687150837989,3.1,0.45379479988814786,0.40676387965325844,0.19369708554917067,1,0,-1.0,0.25
2020,1,2020-09-13,alaves,betis,2020|2020-09-13|alaves|betis,2020|2020-09-13|alaves|betis,A,D,0.330353309123735,0.3384538327449471,0.3311928581313179,0.3384538327449471,1.0985529113495527,0.007260974613629234,2.8,3.2,2.6,1.0542582417582418,0.33876221498371334,0.29641693811074915,0.3648208469055374,3.2,0.3384538327449471,0.08305226478383088,0.03775102944719585,1,0,-1.0,-0.75
2020,1,2020-09-13,valencia,levante,2020|2020-09-13|valencia|levante,2020|2020-09-13|valencia|levante,H,H,0.554726587899476,0.19807643824409277,0.2471969738564311,0.554726587899476,0.9930702750311617,0.3075296140430449,2.1,3.5,3.5,1.0476190476190474,0.4545454545454546,0.27272727272727276,0.27272727272727276,2.1,0.554726587899476,0.16492583458889976,0.14993257689899978,1,1,1.1,0.3500000000000001
2020,1,2020-09-13,valladolid,sociedad,2020|2020-09-13|valladolid|sociedad,2020|2020-09-13|valladolid|sociedad,D,A,0.3205736440233699,0.330154121300184,0.34927223467644597,0.34927223467644597,1.0979745473383278,0.019118113376261958,2.8,3.2,2.6,1.0542582417582418,0.33876221498371334,0.29641693811074915,0.3648208469055374,2.6,0.34927223467644597,-0.09189218984124048,0.0,1,0,-1.0,-0.6499999999999999
2020,1,2020-09-13,villarreal,huesca,2020|2020-09-13|villarreal|huesca,2020|2020-09-13|villarreal|huesca,D,H,0.5198288230325511,0.35163429673520424,0.12853688023224477,0.5198288230325511,0.9713148081695121,0.16819452629734682,1.57,4.0,6.0,1.0536093418259023,0.6045340050377834,0.23727959697732998,0.15818639798488665,1.57,0.5198288230325511,-0.18386874783889479,0.0,1,0,-1.0,-1.65
2020,1,2021-01-12,ath madrid,sevilla,2020|2021-01-12|ath madrid|sevilla,2020|2021-01-12|athmadrid|sevilla,H,H,0.4770545558669918,0.30913596537984017,0.21380947875316803,0.4770545558669918,1.045834795496042,0.16791859048715163,1.9,3.2,4.5,1.0610380116959064,0.496038580778505,0.29452290733723735,0.20943851188425766,1.9,0.4770545558669918,-0.09359634385271554,0.0,1,1,0.8999999999999999,-0.75
2020,1,2021-02-09,real madrid,getafe,2020|2021-02-09|real madrid|getafe,2020|2021-02-09|realmadrid|getafe,H,H,0.6465881002671767,0.23837384032994832,0.11503805940287498,0.6465881002671767,0.8725187934045905,0.4082142599372284,1.53,4.0,6.5,1.057440925087984,0.6180910495661476,0.23641982645905146,0.1454891239748009,1.53,0.6465881002671767,-0.010720206591219583,0.0,1,1,0.53,-0.21999999999999997
2020,1,2021-02-24,barcelona,elche,2020|2021-02-24|barcelona|elche,2020|2021-02-24|barcelona|elche,H,H,0.8769790289507634,0.08026330480000278,0.042757666249233925,0.8769790289507634,0.4523635612417967,0.7967157241507606,1.12,9.0,19.0,1.0565998329156223,0.8450286617908678,0.10515912235619687,0.04981221585293536,1.12,0.8769790289507634,-0.01778348757514489,0.0,1,1,0.1200000000000001,-0.09999999999999987
2020,2,2020-09-19,celta,valencia,2020|2020-09-19|celta|valencia,2020|2020-09-19|celta|valencia,H,H,0.5164455908353839,0.23479227447666073,0.2487621346879554,0.5164455908353839,1.0275787211065621,0.2676834561474285,2.2,3.6,3.1,1.0549038774845225,0.4308880308880309,0.2633204633204634,0.3057915057915058,2.2,0.5164455908353839,0.13618029983784463,0.11348358319820384,1,1,1.2000000000000002,1.1000000000000003
2020,2,2020-09-19,getafe,osasuna,2020|2020-09-19|getafe|osasuna,2020|2020-09-19|getafe|osasuna,H,H,0.5826281990212473,0.22758583951549807,0.1897859614632546,0.5826281990212473,0.9670155406540719,0.35504235950574925,1.95,3.25,4.33,1.0514597027299106,0.4877224600135166,0.29263347600810996,0.2196440639783735,1.95,0.5826281990212473,0.13612498809143225,0.14328946114887606,1,1,0.95,2.0500000000000003
2020,2,2020-09-19,villarreal,eibar,2020|2020-09-19|villarreal|eibar,2020|2020-09-19|villarreal|eibar,H,H,0.5523026685084538,0.3175307388462463,0.13016659264529995,0.5523026685084538,0.9575465023565248,0.2347719296622075,1.57,4.0,6.0,1.0536093418259023,0.6045340050377834,0.23727959697732998,0.15818639798488665,1.57,0.5523026685084538,-0.13288481044172756,0.0,1,1,0.5700000000000001,2.62
2020,2,2020-09-20,betis,valladolid,2020|2020-09-20|betis|valladolid,2020|2020-09-20|betis|valladolid,H,H,0.5468748800693063,0.2525754005882019,0.20054971934249186,0.5468748800693063,0.9998353430885651,0.2942994794811044,1.85,3.6,4.33,1.0492652005354084,0.5151610291323099,0.2647355288596593,0.22010344200803078,1.85,0.5468748800693063,0.011718528128216665,0.0137865036802549,1,1,0.8500000000000001,3.4700000000000006
2020,2,2020-09-20,granada,alaves,2020|2020-09-20|granada|alaves,2020|2020-09-20|granada|alaves,H,D,0.34998725451460594,0.4189430748875852,0.2310696705978088,0.4189430748875852,1.0704514459173475,0.06895582037297926,2.05,3.1,4.2,1.0484807613053089,0.46524924066464185,0.30766482043952115,0.22708593889583706,3.1,0.4189430748875852,0.29872353215151415,0.14224930102453054,1,0,-1.0,2.4700000000000006
2020,2,2020-09-20,huesca,cadiz,2020|2020-09-20|huesca|cadiz,2020|2020-09-20|huesca|cadiz,A,H,0.43607750889115443,0.3434668210835033,0.2204556700253423,0.43607750889115443,1.0623088999539751,0.09261068780765114,2.1,3.1,4.0,1.0487711213517665,0.4540461369461735,0.3075796411570853,0.23837422189674112,2.1,0.43607750889115443,-0.08423723132857569,0.0,1,0,-1.0,1.4700000000000004
2020,2,2020-09-20,sociedad,real madrid,2020|2020-09-20|sociedad|real madrid,2020|2020-09-20|sociedad|realmadrid,D,A,0.30747064803323415,0.1544335926335332,0.5380957593332326,0.5380957593332326,0.9845719990899335,0.23062511129999846,4.75,3.8,1.72,1.0550795593635252,0.19953596287703013,0.24941995359628769,0.5510440835266821,1.72,0.5380957593332326,-0.07447529394683994,0.0,1,0,-1.0,0.4700000000000004
2020,2,2021-01-06,ath bilbao,barcelona,2020|2021-01-06|ath bilbao|barcelona,2020|2021-01-06|athbilbao|barcelona,A,A,0.18921506307921634,0.31749609131882717,0.4932888456019564,0.4932888456019564,1.0278663758873288,0.17579275428312924,4.2,3.6,1.83,1.0623211033047097,0.2241273729332517,0.2614819350887937,0.5143906919779547,1.83,0.4932888456019564,-0.09728141254841977,0.0,1,1,0.8300000000000001,1.3000000000000005
2020,2,2021-02-17,levante,ath madrid,2020|2021-02-17|levante|ath madrid,2020|2021-02-17|levante|athmadrid,D,A,0.18468011877020216,0.26991052995576587,0.5454093512740319,0.5454093512740319,0.996078369300337,0.27549882131826603,4.75,3.4,1.8,1.0601995184038528,0.19857235561323813,0.2774172615184945,0.5240103828682673,1.8,0.5454093512740319,-0.018263167706742578,0.0,1,0,-1.0,0.3000000000000005
2020,2,2021-03-17,sevilla,elche,2020|2021-03-17|sevilla|elche,2020|2021-03-17|sevilla|elche,H,H,0.7655057456608018,0.14715060687773848,0.08734364746145962,0.7655057456608018,0.6994773676052074,0.6183551387830633,1.4,4.5,8.0,1.0615079365079365,0.6728971962616822,0.20934579439252335,0.11775700934579439,1.4,0.7655057456608018,0.07170804392512242,0.17927010981280608,1,1,0.3999999999999999,0.7000000000000004
2020,3,2020-09-26,alaves,getafe,2020|2020-09-26|alaves|getafe,2020|2020-09-26|alaves|getafe,D,A,0.30154706569961864,0.3334312091981997,0.36502172510218156,0.36502172510218156,1.0955854649020815,0.031590515903981875,3.5,2.9,2.37,1.0524828001912243,0.2714669405166285,0.32763251441662067,0.40090054506675094,2.37,0.36502172510218156,-0.1348985115078296,0.0,1,0,-1.0,-0.2999999999999996
2020,3,2020-09-26,betis,real madrid,2020|2020-09-26|betis|real madrid,2020|2020-09-26|betis|realmadrid,A,A,0.31210885768938657,0.18361953187764452,0.5042716104329689,0.5042716104329689,1.0198800102101,0.1921627527435823,4.0,4.0,1.8,1.0555555555555556,0.23684210526315788,0.23684210526315788,0.5263157894736842,1.8,0.5042716104329689,-0.092311101220656,0.0,1,1,0.8,0.5000000000000004
2020,3,2020-09-26,elche,sociedad,2020|2020-09-26|elche|sociedad,2020|2020-09-26|elche|sociedad,A,A,0.21167239102266663,0.3427614250960717,0.4455661838812617,0.4455661838812617,1.0558686638929031,0.10280475878518996,4.2,3.3,1.95,1.0539460539460541,0.22590837282780407,0.287519747235387,0.48657187993680884,1.95,0.4455661838812617,-0.13114594143153974,0.0,1,1,0.95,1.4500000000000004
2020,3,2020-09-26,valencia,huesca,2020|2020-09-26|valencia|huesca,2020|2020-09-26|valencia|huesca,D,H,0.3900907257041171,0.37582340484831794,0.23408586944756488,0.3900907257041171,1.0749247324530196,0.014267320855799182,2.0,3.4,4.0,1.0441176470588236,0.4788732394366197,0.28169014084507044,0.23943661971830985,2.0,0.3900907257041171,-0.2198185485917658,0.0,1,0,-1.0,0.4500000000000004
2020,3,2020-09-27,ath madrid,granada,2020|2020-09-27|ath madrid|granada,2020|2020-09-27|athmadrid|granada,H,H,0.6643154428617437,0.23434374719428014,0.10134080994397618,0.6643154428617437,0.8437247498883812,0.42997169566746357,1.5,4.0,7.5,1.05,0.6349206349206349,0.23809523809523808,0.12698412698412698,1.5,0.6643154428617437,-0.0035268357073844347,0.0,1,1,0.5,0.9500000000000004
2020,3,2020-09-27,barcelona,villarreal,2020|2020-09-27|barcelona|villarreal,2020|2020-09-27|barcelona|villarreal,H,H,0.575571026986594,0.29299767935618404,0.13143129365722186,0.575571026986594,0.9443321122843005,0.28257334763041,1.53,4.33,6.0,1.0512083201255868,0.6217557060086298,0.21969658895916944,0.15854770503220061,1.53,0.575571026986594,-0.11937632871051113,0.0,1,1,0.53,1.4800000000000004
2020,3,2020-09-27,cadiz,sevilla,2020|2020-09-27|cadiz|sevilla,2020|2020-09-27|cadiz|sevilla,A,A,0.22547213548334893,0.2705901493701134,0.5039377151465377,0.5039377151465377,1.0349057109764885,0.23334756577642435,5.0,3.6,1.7,1.0660130718954248,0.187614960147149,0.26057633353770693,0.5518087063151441,1.7,0.5039377151465377,-0.14330588425088586,0.0,1,1,0.7,2.1800000000000006
2020,3,2020-09-27,eibar,ath bilbao,2020|2020-09-27|eibar|ath bilbao,2020|2020-09-27|eibar|athbilbao,A,D,0.30154969140920174,0.36103690987277115,0.33741339871802717,0.36103690987277115,1.095900919798946,0.02362351115474398,3.0,3.0,2.55,1.0588235294117647,0.31481481481481477,0.31481481481481477,0.3703703703703704,3.0,0.36103690987277115,0.08311072961831345,0.041555364809156725,1,0,-1.0,1.1800000000000004
2020,3,2020-09-27,osasuna,levante,2020|2020-09-27|osasuna|levante,2020|2020-09-27|osasuna|levante,A,H,0.3952258625860982,0.2978778621705968,0.30689627524330504,0.3952258625860982,1.0901586171592785,0.08832958734279317,2.3,3.2,3.25,1.0549749163879598,0.41212601545472566,0.29621557360808404,0.2916584109371904,2.3,0.3952258625860982,-0.0909805160519741,0.0,1,0,-1.0,0.18000000000000038
2020,3,2020-09-27,valladolid,celta,2020|2020-09-27|valladolid|celta,2020|2020-09-27|valladolid|celta,D,D,0.29775687870105194,0.3834319149797344,0.3188112063192136,0.3834319149797344,1.0927321298381796,0.06462070866052078,2.8,3.0,2.7,1.060846560846561,0.3366583541147132,0.31421446384039897,0.34912718204488774,3.0,0.3834319149797344,0.15029574493920317,0.07514787246960158,1,1,2.0,2.1800000000000006
2020,4,2020-09-29,getafe,betis,2020|2020-09-29|getafe|betis,2020|2020-09-29|getafe|betis,H,H,0.398121348460118,0.3013696692909108,0.3005089822489711,0.398121348460118,1.0894324576895058,0.09675167916920718,2.45,3.1,3.0,1.064077243800746,0.3835842441740565,0.303155289750464,0.3132604660754795,2.45,0.398121348460118,-0.024602696272710833,0.0,1,1,1.4500000000000002,3.630000000000001
2020,4,2020-09-29,sociedad,valencia,2020|2020-09-29|sociedad|valencia,2020|2020-09-29|sociedad|valencia,A,H,0.6772200032167504,0.19085983070748774,0.13192016607576185,0.6772200032167504,0.8472697493901975,0.4863601725092626,1.53,4.2,5.75,1.0656030528153289,0.6133566993028307,0.22343708331745973,0.16320621737970972,1.53,0.6772200032167504,0.03614660492162808,0.06820114136156241,1,0,-1.0,2.630000000000001
2020,4,2020-09-30,eibar,elche,2020|2020-09-30|eibar|elche,2020|2020-09-30|eibar|elche,A,H,0.5363641544864077,0.23725963020491717,0.22637621530867508,0.5363641544864077,1.011740269096657,0.2991045242814906,1.8,3.5,4.5,1.0634920634920635,0.5223880597014926,0.26865671641791045,0.208955223880597,1.8,0.5363641544864077,-0.034544521924466054,0.0,1,0,-1.0,1.6300000000000008
2020,4,2020-09-30,huesca,ath madrid,2020|2020-09-30|huesca|ath madrid,2020|2020-09-30|huesca|athmadrid,D,A,0.22625010315172311,0.11231342460918671,0.6614364722390902,0.6614364722390902,0.8552015570367985,0.4351863690873671,7.5,4.2,1.45,1.0610837438423646,0.12565769111730113,0.22438873413803773,0.6499535747446611,1.45,0.6614364722390902,-0.04091711525331926,0.0,1,0,-1.0,0.6300000000000008
2020,4,2020-09-30,real madrid,valladolid,2020|2020-09-30|real madrid|valladolid,2020|2020-09-30|realmadrid|valladolid,H,H,0.7127064907810281,0.2160359613948652,0.07125754782410679,0.7127064907810281,0.7606411458523704,0.4966705293861629,1.22,6.0,11.0,1.0772478887232986,0.7608946276227807,0.15471524094996542,0.08439013142725386,1.22,0.7127064907810281,-0.13049808124714574,0.0,1,1,0.21999999999999997,0.8500000000000008
2020,4,2020-09-30,villarreal,alaves,2020|2020-09-30|villarreal|alaves,2020|2020-09-30|villarreal|alaves,H,H,0.5352926377146832,0.30225555478230987,0.16245180750300703,0.5352926377146832,0.9914058169626052,0.2330370829323733,1.57,3.8,5.75,1.0740136133743388,0.5930489774315686,0.24502286699146386,0.1619281555769674,1.57,0.5352926377146832,-0.15959055878794742,0.0,1,1,0.5700000000000001,1.4200000000000008
2020,4,2020-10-01,ath bilbao,cadiz,2020|2020-10-01|ath bilbao|cadiz,2020|2020-10-01|athbilbao|cadiz,A,H,0.6981036147925177,0.17208516996373552,0.12981121524374678,0.6981036147925177,0.8187516627902358,0.5260184448287821,1.53,3.8,6.5,1.0705988198248262,0.6104945747546898,0.245804394572283,0.143701030673027,1.53,0.6981036147925177,0.06809853063255211,0.12848779364632473,1,0,-1.0,0.4200000000000008
2020,4,2020-10-01,celta,barcelona,2020|2020-10-01|celta|barcelona,2020|2020-10-01|celta|barcelona,A,A,0.21933030571218154,0.14720905240807022,0.6334606418797482,0.6334606418797482,0.9040119776212272,0.4141303361675666,5.75,4.2,1.53,1.065603052815329,0.1632062173797097,0.22343708331745968,0.6133566993028305,1.53,0.6334606418797482,-0.03080521792398533,0.0,1,1,0.53,0.9500000000000008
2020,4,2020-10-01,sevilla,levante,2020|2020-10-01|sevilla|levante,2020|2020-10-01|sevilla|levante,H,H,0.7491868960663289,0.1389798963387153,0.11183320759495563,0.7491868960663289,0.7356050754983583,0.6102069997276136,1.4,4.5,7.5,1.0698412698412698,0.6676557863501484,0.20771513353115725,0.12462908011869436,1.4,0.7491868960663289,0.04886165449286045,0.12215413623215116,1,1,0.3999999999999999,1.3500000000000008
2020,4,2021-01-12,granada,osasuna,2020|2021-01-12|granada|osasuna,2020|2021-01-12|granada|osasuna,H,H,0.3539954377874258,0.33829402091299665,0.30771054129957764,0.3539954377874258,1.0969369689158537,0.015701416874429164,2.3,3.1,3.4,1.0514809009157662,0.41349548842683403,0.3067869752844252,0.27971753628874063,2.3,0.3539954377874258,-0.18581049308892067,0.0,1,1,1.2999999999999998,2.6500000000000004
2020,5,2020-10-03,ath madrid,villarreal,2020|2020-10-03|ath madrid|villarreal,2020|2020-10-03|athmadrid|villarreal,D,H,0.6915279721499468,0.1840825679207629,0.12438945992929015,0.6915279721499468,0.825876887419023,0.5074454042291838,1.61,3.9,5.5,1.0593464506507986,0.5863218893505356,0.24204570303958015,0.1716324076098841,1.61,0.6915279721499468,0.11336003516141435,0.18583612321543333,1,0,-1.0,1.6500000000000006
2020,5,2020-10-03,elche,huesca,2020|2020-10-03|elche|huesca,2020|2020-10-03|elche|huesca,D,D,0.2976713244638718,0.4212782943593854,0.28105038117674286,0.4212782943593854,1.0816018548222228,0.12360696989551362,3.1,3.1,2.45,1.053324555628703,0.30625,0.30625,0.3875,3.1,0.4212782943593854,0.3059627125140948,0.14569652976861655,1,1,2.1,3.750000000000001
2020,5,2020-10-03,sociedad,getafe,2020|2020-10-03|sociedad|getafe,2020|2020-10-03|sociedad|getafe,H,H,0.4137903879513598,0.32098266546126736,0.2652269465873728,0.4137903879513598,1.0818824494538712,0.09280772249009245,2.25,3.1,3.5,1.0527393753200203,0.4221789883268483,0.3064202334630351,0.27140077821011677,2.25,0.4137903879513598,-0.06897162710944049,0.0,1,1,1.25,5.0
2020,5,2020-10-03,valencia,betis,2020|2020-10-03|valencia|betis,2020|2020-10-03|valencia|betis,A,H,0.3564796756888809,0.35130454947257916,0.29221577483854,0.3564796756888809,1.0947034678636371,0.005175126216301729,2.8,3.2,2.6,1.0542582417582418,0.33876221498371334,0.29641693811074915,0.3648208469055374,2.8,0.3564796756888809,-0.0018569080711335895,0.0,1,0,-1.0,4.0
2020,5,2020-10-03,valladolid,eibar,2020|2020-10-03|valladolid|eibar,2020|2020-10-03|valladolid|eibar,A,H,0.3653932092850777,0.33865723331413905,0.2959495574007832,0.3653932092850777,1.0948960215244705,0.02673597597093863,2.35,3.0,3.4,1.0529828952857738,0.4041204437400951,0.3165610142630745,0.2793185419968304,2.35,0.3653932092850777,-0.14132595818006743,0.0,1,0,-1.0,3.0000000000000004
2020,5,2020-10-04,alaves,ath bilbao,2020|2020-10-04|alaves|ath bilbao,2020|2020-10-04|alaves|athbilbao,H,D,0.2597777749873357,0.37692692486515755,0.3632953001475068,0.37692692486515755,1.0857817723889995,0.013631624717650781,3.3,2.9,2.37,1.0697988175072417,0.28325914935707225,0.32232937685459945,0.39441147378832836,2.9,0.37692692486515755,0.09308808210895692,0.0489937274257668,1,0,-1.0,2.0000000000000004
2020,5,2020-10-04,barcelona,sevilla,2020|2020-10-04|barcelona|sevilla,2020|2020-10-04|barcelona|sevilla,D,H,0.510239263808664,0.3680244574442678,0.12173627874706813,0.510239263808664,0.9675711349762828,0.1422148063643962,1.57,4.33,5.25,1.0583657478525161,0.6018171661844011,0.2182108431661685,0.17997199064943042,1.57,0.510239263808664,-0.19892435582039747,0.0,1,0,-1.0,1.0000000000000004
2020,5,2020-10-04,cadiz,granada,2020|2020-10-04|cadiz|granada,2020|2020-10-04|cadiz|granada,D,H,0.3889132798457722,0.252493206429752,0.3585935137244759,0.3889132798457722,1.0825748269311595,0.030319766121296277,3.0,3.0,2.6,1.051282051282051,0.3170731707317074,0.3170731707317074,0.3658536585365854,3.0,0.3889132798457722,0.16673983953731653,0.08336991976865826,1,0,-1.0,4.440892098500626e-16
2020,5,2020-10-04,levante,real madrid,2020|2020-10-04|levante|real madrid,2020|2020-10-04|levante|realmadrid,A,A,0.2166306567769407,0.2436680486172265,0.5397012946058328,0.5397012946058328,1.0082516947591116,0.29603324598860636,6.0,4.5,1.5,1.0555555555555554,0.15789473684210528,0.2105263157894737,0.6315789473684211,1.5,0.5397012946058328,-0.19044805809125076,0.0,1,1,0.5,0.5000000000000004
2020,5,2020-10-04,osasuna,celta,2020|2020-10-04|osasuna|celta,2020|2020-10-04|osasuna|celta,H,D,0.25972715092818155,0.39735880999781437,0.342914039074004,0.39735880999781437,1.083885439393062,0.05444477092381039,2.7,3.1,2.75,1.0565873791680245,0.3505345394736841,0.30530427631578944,0.34416118421052627,3.1,0.39735880999781437,0.23181231099322452,0.11038681475867834,1,0,-1.0,-0.49999999999999956
2020,6,2020-10-17,celta,ath madrid,2020|2020-10-17|celta|ath madrid,2020|2020-10-17|celta|athmadrid,A,A,0.1935525909404257,0.20633590255995596,0.6001115064996183,0.6001115064996183,0.9499436528258227,0.3937756039396624,5.5,3.3,1.75,1.0562770562770563,0.1721311475409836,0.28688524590163933,0.540983606557377,1.75,0.6001115064996183,0.05019513637433204,0.06692684849910939,1,1,0.75,0.25000000000000044
2020,6,2020-10-17,getafe,barcelona,2020|2020-10-17|getafe|barcelona,2020|2020-10-17|getafe|barcelona,H,A,0.24376250978134809,0.1773802991544087,0.5788571910642432,0.5788571910642432,0.9673185424969335,0.3350946812828951,4.75,3.8,1.72,1.0550795593635252,0.19953596287703013,0.24941995359628769,0.5510440835266821,1.72,0.5788571910642432,-0.004365631369501799,0.0,1,0,-1.0,-0.7499999999999996
2020,6,2020-10-17,granada,sevilla,2020|2020-10-17|granada|sevilla,2020|2020-10-17|granada|sevilla,H,A,0.18061232720177675,0.38180720001383733,0.4375804727843859,0.4375804727843859,1.0383773452500082,0.055773272770548554,4.2,3.4,1.9,1.0585286746277458,0.22493036211699163,0.27785515320334264,0.4972144846796657,1.9,0.4375804727843859,-0.1685971017096668,0.0,1,0,-1.0,-1.7499999999999996
2020,6,2020-10-17,real madrid,cadiz,2020|2020-10-17|real madrid|cadiz,2020|2020-10-17|realmadrid|cadiz,A,H,0.8052128281163727,0.13506449336128504,0.05972267852234227,0.8052128281163727,0.6131488840870588,0.6701483347550877,1.18,7.0,15.0,1.0569814366424537,0.8017715332926084,0.13515577275503968,0.06307269395235185,1.18,0.8052128281163727,-0.04984886282268022,0.0,1,0,-1.0,-2.7499999999999996
2020,6,2020-10-18,alaves,elche,2020|2020-10-18|alaves|elche,2020|2020-10-18|alaves|elche,A,H,0.5946274495869982,0.21331834885290962,0.1920542015600922,0.5946274495869982,0.9555548733941753,0.3813091007340886,1.75,3.3,5.5,1.0562770562770563,0.540983606557377,0.28688524590163933,0.1721311475409836,1.75,0.5946274495869982,0.040598036777246826,0.05413071570299577,1,0,-1.0,-3.7499999999999996
2020,6,2020-10-18,ath bilbao,levante,2020|2020-10-18|ath bilbao|levante,2020|2020-10-18|athbilbao|levante,H,H,0.5242238454849218,0.17641400935758172,0.2993621451574965,0.5242238454849218,1.005688447801575,0.22486170032742536,2.05,3.2,4.0,1.0503048780487805,0.46444121915820036,0.29753265602322204,0.23802612481857766,2.05,0.5242238454849218,0.07465888324408965,0.07110369832770444,1,1,1.0499999999999998,-2.6999999999999997
2020,6,2020-10-18,betis,sociedad,2020|2020-10-18|betis|sociedad,2020|2020-10-18|betis|sociedad,A,H,0.34720984130377347,0.3276259299656872,0.3251642287305394,0.34720984130377347,1.0981773068178402,0.01958391133808629,2.5,3.25,2.9,1.0525198938992042,0.3800403225806452,0.2923387096774194,0.3276209677419355,2.5,0.34720984130377347,-0.13197539674056635,0.0,1,0,-1.0,-3.6999999999999997
2020,6,2020-10-18,eibar,osasuna,2020|2020-10-18|eibar|osasuna,2020|2020-10-18|eibar|osasuna,D,H,0.42267151989584945,0.3053242543079993,0.27200422579615124,0.42267151989584945,1.0803512101702757,0.11734726558785014,2.6,3.0,3.0,1.051282051282051,0.3658536585365854,0.3170731707317074,0.3170731707317074,2.6,0.42267151989584945,0.09894595172920861,0.061841219830755384,1,0,-1.0,-4.699999999999999
2020,6,2020-10-18,huesca,valladolid,2020|2020-10-18|huesca|valladolid,2020|2020-10-18|huesca|valladolid,D,H,0.4714478710340758,0.2451408780727662,0.283411250893158,0.4714478710340758,1.056493546657462,0.18803662014091782,2.25,2.9,3.8,1.052429925388183,0.42230312320367885,0.3276489748994061,0.2500479018969151,2.25,0.4714478710340758,0.060757709826670614,0.048606167861336494,1,0,-1.0,-5.699999999999999
2020,6,2020-10-18,villarreal,valencia,2020|2020-10-18|villarreal|valencia,2020|2020-10-18|villarreal|valencia,H,H,0.5559601953944339,0.2924128103663853,0.15162699423918086,0.5559601953944339,0.9719475160559611,0.2635473850280486,1.6,4.0,5.25,1.0654761904761905,0.5865921787709497,0.2346368715083799,0.17877094972067037,1.6,0.5559601953944339,-0.11046368736890577,0.0,1,1,0.6000000000000001,-5.1
2020,7,2020-10-23,elche,valencia,2020|2020-10-23|elche|valencia,2020|2020-10-23|elche|valencia,H,D,0.2841116258242624,0.36454341807033713,0.3513449561054005,0.36454341807033713,1.0928891208955167,0.013198461964936625,3.2,3.1,2.4,1.051747311827957,0.2971246006389776,0.30670926517571884,0.39616613418530355,3.1,0.36454341807033713,0.13008459601804512,0.06194504572287862,1,0,-1.0,-6.1
2020,7,2020-10-24,ath madrid,betis,2020|2020-10-24|ath madrid|betis,2020|2020-10-24|athmadrid|betis,H,H,0.6239302789078687,0.2640096731532203,0.112060047938911,0.6239302789078687,0.891186454428082,0.35992060575464835,1.55,3.8,6.5,1.0621653389055767,0.6074019427025696,0.24775605557604816,0.144842001721382,1.55,0.6239302789078687,-0.03290806769280352,0.0,1,1,0.55,-5.55
2020,7,2020-10-24,barcelona,real madrid,2020|2020-10-24|barcelona|real madrid,2020|2020-10-24|barcelona|realmadrid,A,H,0.47829048015826875,0.307487469337441,0.2142220505042903,0.47829048015826875,1.0454443030525329,0.17080301082082777,2.0,3.6,3.6,1.0555555555555556,0.47368421052631576,0.2631578947368421,0.2631578947368421,2.0,0.47829048015826875,-0.043419039683462446,0.0,1,0,-1.0,-6.55
2020,7,2020-10-24,osasuna,ath bilbao,2020|2020-10-24|osasuna|ath bilbao,2020|2020-10-24|osasuna|athbilbao,H,A,0.2771834453376732,0.33738499150108175,0.38543156316124505,0.38543156316124505,1.089693693427213,0.048046571660163295,3.25,2.9,2.4,1.069186560565871,0.28778168286127764,0.3225139549307422,0.3897043622079801,2.4,0.38543156316124505,-0.07496424841301197,0.0,1,0,-1.0,-7.55
2020,7,2020-10-24,sevilla,eibar,2020|2020-10-24|sevilla|eibar,2020|2020-10-24|sevilla|eibar,A,H,0.7133345829347728,0.15593633236239285,0.13072908470283423,0.7133345829347728,0.7967305095043875,0.55739825057238,1.45,4.33,7.5,1.0539353879642166,0.6543619089837492,0.21912812194605918,0.12650996907019152,1.45,0.7133345829347728,0.03433514525542053,0.0763003227898234,1,0,-1.0,-8.549999999999999
2020,7,2020-10-25,cadiz,villarreal,2020|2020-10-25|cadiz|villarreal,2020|2020-10-25|cadiz|villarreal,D,A,0.29974930544644685,0.28356179934519116,0.416688895208362,0.416688895208362,1.0832965528085956,0.11693958976191515,3.6,3.3,2.1,1.0569985569985572,0.26279863481228666,0.28668941979522183,0.4505119453924914,2.1,0.416688895208362,-0.1249533200624397,0.0,1,0,-1.0,-9.549999999999999
2020,7,2020-10-25,getafe,granada,2020|2020-10-25|getafe|granada,2020|2020-10-25|getafe|granada,A,H,0.6020346922525195,0.23968002006093822,0.15828528768654224,0.6020346922525195,0.9396438274157373,0.36235467219158124,1.85,3.1,5.0,1.0631211857018308,0.5084467771034935,0.3034279153682139,0.18812530752829262,1.85,0.6020346922525195,0.1137641806671611,0.13384021254960127,1,0,-1.0,-10.549999999999999
2020,7,2020-10-25,sociedad,huesca,2020|2020-10-25|sociedad|huesca,2020|2020-10-25|sociedad|huesca,H,H,0.5439474142297531,0.25630238778795533,0.19975019798229154,0.5439474142297531,1.0018756239917948,0.2876450264417978,1.57,3.75,6.0,1.070276008492569,0.595120015869867,0.249156913310851,0.15572307081928186,1.57,0.5439474142297531,-0.14600255965928755,0.0,1,1,0.5700000000000001,-9.98
2020,7,2020-10-25,valladolid,alaves,2020|2020-10-25|valladolid|alaves,2020|2020-10-25|valladolid|alaves,A,H,0.44918649795140675,0.3118549889128553,0.2389585131357379,0.44918649795140675,1.06493119602362,0.13733150903855146,2.3,2.9,3.5,1.0653244806168345,0.40812223562525135,0.3236831523924407,0.268194611982308,2.3,0.44918649795140675,0.0331289452882354,0.02548380406787339,1,0,-1.0,-10.98
2020,7,2020-10-26,levante,celta,2020|2020-10-26|levante|celta,2020|2020-10-26|levante|celta,D,D,0.31744469928243724,0.428333074505153,0.2542222262124097,0.428333074505153,1.0755855868364848,0.11088837522271577,2.37,3.25,3.0,1.0629665692956831,0.3969465648854962,0.2894656488549619,0.313587786259542,3.25,0.428333074505153,0.3920824921417473,0.17425888539633214,1,1,2.25,-8.73
2020,8,2020-10-30,eibar,cadiz,2020|2020-10-30|eibar|cadiz,2020|2020-10-30|eibar|cadiz,A,D,0.35631920581439824,0.3953933433064165,0.24828745087918525,0.3953933433064165,1.0804773205589302,0.03907413749201827,2.55,2.75,3.3,1.0588235294117647,0.3703703703703704,0.3434343434343434,0.2861952861952862,2.75,0.3953933433064165,0.0873316940926454,0.04990382519579738,1,0,-1.0,-9.73
2020,8,2020-10-31,alaves,barcelona,2020|2020-10-31|alaves|barcelona,2020|2020-10-31|alaves|barcelona,D,A,0.2170897461656476,0.15216464343311797,0.6307456104012344,0.6307456104012344,0.9087677093087487,0.41365586423558687,6.5,4.75,1.44,1.0588169140800718,0.14530005310674457,0.19883165161975572,0.6558682952734998,1.44,0.6307456104012344,-0.09172632102222245,0.0,1,0,-1.0,-10.73
2020,8,2020-10-31,ath bilbao,sevilla,2020|2020-10-31|ath bilbao|sevilla,2020|2020-10-31|athbilbao|sevilla,H,A,0.30514302766681595,0.31382700115678974,0.3810299711763943,0.3810299711763943,1.093542508043673,0.06720297001960457,3.0,3.0,2.6,1.051282051282051,0.3170731707317074,0.3170731707317074,0.3658536585365854,2.6,0.3810299711763943,-0.009322074941374825,0.0,1,0,-1.0,-11.73
2020,8,2020-10-31,osasuna,ath madrid,2020|2020-10-31|osasuna|ath madrid,2020|2020-10-31|osasuna|athmadrid,A,A,0.1771073417378433,0.27329089884395763,0.5496017594181991,0.5496017594181991,0.9900610512793435,0.2763108605742415,5.5,3.3,1.75,1.0562770562770563,0.1721311475409836,0.28688524590163933,0.540983606557377,1.75,0.5496017594181991,-0.03819692101815153,0.0,1,1,0.75,-10.98
2020,8,2020-10-31,real madrid,huesca,2020|2020-10-31|real madrid|huesca,2020|2020-10-31|realmadrid|huesca,H,H,0.6904085284537627,0.186096342833133,0.12349512871310434,0.6904085284537627,0.826992840142515,0.5043121856206296,1.33,5.25,9.0,1.0534670008354219,0.7137192704203014,0.18080888183980967,0.10547184773988898,1.33,0.6904085284537627,-0.0817566571564956,0.0,1,1,0.33000000000000007,-10.649999999999999
2020,8,2020-11-01,betis,elche,2020|2020-11-01|betis|elche,2020|2020-11-01|betis|elche,H,H,0.7265946831965635,0.14716195247752079,0.12624336432591568,0.7265946831965635,0.775325593432644,0.5794327307190428,1.45,4.33,7.5,1.0539353879642166,0.6543619089837492,0.21912812194605918,0.12650996907019152,1.45,0.7265946831965635,0.05356229063501705,0.11902731252226012,1,1,0.44999999999999996,-10.2
2020,8,2020-11-01,celta,sociedad,2020|2020-11-01|celta|sociedad,2020|2020-11-01|celta|sociedad,A,A,0.32677622516280636,0.3169020220495773,0.3563217527876164,0.3563217527876164,1.0973604809593744,0.029545527624810053,3.0,3.2,2.45,1.0539965986394557,0.3162565550625252,0.2964905203711174,0.3872529245663574,2.45,0.3563217527876164,-0.12701170567033981,0.0,1,1,1.4500000000000002,-8.75
2020,8,2020-11-01,granada,levante,2020|2020-11-01|granada|levante,2020|2020-11-01|granada|levante,D,A,0.3458006313921454,0.30633717042365105,0.3478621981842035,0.3478621981842035,1.0969459051001436,0.0020615667920581005,2.25,3.2,3.4,1.051062091503268,0.42285270112708895,0.29731830547998445,0.27982899339292655,3.4,0.3478621981842035,0.18273147382629185,0.07613811409428828,1,0,-1.0,-9.75
2020,8,2020-11-01,valencia,getafe,2020|2020-11-01|valencia|getafe,2020|2020-11-01|valencia|getafe,D,D,0.29555142717405425,0.35310383764172315,0.3513447351842227,0.35310383764172315,1.0953321285896982,0.0017591024575004388,3.1,3.1,2.45,1.053324555628703,0.30625,0.30625,0.3875,3.1,0.35310383764172315,0.09462189668934184,0.04505804604254374,1,1,2.1,-7.6499999999999995
2020,8,2020-11-02,villarreal,valladolid,2020|2020-11-02|villarreal|valladolid,2020|2020-11-02|villarreal|valladolid,H,H,0.5811895074137668,0.21397983526377898,0.20483065732245417,0.5811895074137668,0.9701025232953209,0.3672096721499879,1.61,4.0,5.5,1.052936194240542,0.5898914063547392,0.23743129105778257,0.17267730258747824,1.61,0.5811895074137668,-0.06428489306383534,0.0,1,1,0.6100000000000001,-7.039999999999999
2020,9,2020-11-06,elche,celta,2020|2020-11-06|elche|celta,2020|2020-11-06|elche|celta,D,A,0.2043493717541463,0.2554537145199567,0.5401969137258971,0.5401969137258971,1.0057774736019498,0.2847431992059404,4.0,3.3,1.95,1.065850815850816,0.23455440131219243,0.2843083652268999,0.4811372334609076,1.95,0.5401969137258971,0.0533839817654993,0.05619366501631506,1,0,-1.0,-8.04
2020,9,2020-11-07,ath madrid,cadiz,2020|2020-11-07|ath madrid|cadiz,2020|2020-11-07|athmadrid|cadiz,H,H,0.7528965010298171,0.13895868174544632,0.10814481722473662,0.7528965010298171,0.7284834174394319,0.6139378192843707,1.4,4.2,10.0,1.0523809523809524,0.6787330316742082,0.2262443438914027,0.09502262443438914,1.4,0.7528965010298171,0.05405510144174386,0.13513775360435967,1,1,0.3999999999999999,-7.64
2020,9,2020-11-07,barcelona,betis,2020|2020-11-07|barcelona|betis,2020|2020-11-07|barcelona|betis,H,H,0.6920077693701214,0.19567105192393722,0.11232117870594131,0.6920077693701214,0.8195486504244353,0.49633671744618424,1.4,5.0,7.5,1.0476190476190477,0.6818181818181818,0.19090909090909092,0.12727272727272726,1.4,0.6920077693701214,-0.031189122881830067,0.0,1,1,0.3999999999999999,-7.239999999999999
2020,9,2020-11-07,huesca,eibar,2020|2020-11-07|huesca|eibar,2020|2020-11-07|huesca|eibar,D,H,0.4775359076934938,0.2676258786776432,0.2548382136288629,0.4775359076934938,1.0541255733416603,0.2099100290158506,2.05,3.3,3.6,1.0686129588568614,0.4564841498559078,0.28357348703170027,0.25994236311239194,2.05,0.4775359076934938,-0.021051389228337825,0.0,1,0,-1.0,-8.24
2020,9,2020-11-07,sevilla,osasuna,2020|2020-11-07|sevilla|osasuna,2020|2020-11-07|sevilla|osasuna,H,H,0.7225400768731879,0.12607070322358224,0.15138921990322993,0.7225400768731879,0.7817020646380646,0.5711508569699579,1.5,4.0,7.0,1.0595238095238095,0.6292134831460674,0.23595505617977527,0.1348314606741573,1.5,0.7225400768731879,0.08381011530978183,0.16762023061956366,1,1,0.5,-7.739999999999999
2020,9,2020-11-08,getafe,villarreal,2020|2020-11-08|getafe|villarreal,2020|2020-11-08|getafe|villarreal,A,H,0.44520635788003066,0.24443723949533272,0.31035640262463665,0.44520635788003066,1.067758625901552,0.134849955255394,2.5,3.1,3.0,1.0559139784946237,0.3788187372708758,0.3054989816700611,0.3156822810590631,2.5,0.44520635788003066,0.11301589470007667,0.07534392980005111,1,0,-1.0,-8.74
2020,9,2020-11-08,levante,alaves,2020|2020-11-08|levante|alaves,2020|2020-11-08|levante|alaves,D,H,0.49581478047798655,0.24535082373476835,0.25883439578724515,0.49581478047798655,1.0424063923742313,0.2369803846907414,2.15,3.4,3.4,1.0533515731874146,0.44155844155844154,0.2792207792207792,0.2792207792207792,2.15,0.49581478047798655,0.06600177802767104,0.05739285045884439,1,0,-1.0,-9.74
2020,9,2020-11-08,sociedad,granada,2020|2020-11-08|sociedad|granada,2020|2020-11-08|sociedad|granada,H,H,0.6462672904830319,0.19665347248271664,0.15707923703425153,0.6462672904830319,0.8926972437264862,0.44961381800031525,1.65,3.8,5.25,1.0596946912736387,0.571920017200602,0.24833369167920874,0.1797462911201892,1.65,0.6462672904830319,0.06634102929700253,0.10206312199538851,1,1,0.6499999999999999,-9.09
2020,9,2020-11-08,valencia,real madrid,2020|2020-11-08|valencia|real madrid,2020|2020-11-08|valencia|realmadrid,H,A,0.21929231825978862,0.2440111746399272,0.5366965071002842,0.5366965071002842,1.0109292682352327,0.292685332460357,6.0,4.75,1.45,1.0668481548699336,0.15622341933654663,0.1973348454777431,0.6464417351857102,1.45,0.5366965071002842,-0.22179006470458798,0.0,1,0,-1.0,-10.09
2020,9,2020-11-08,valladolid,ath bilbao,2020|2020-11-08|valladolid|ath bilbao,2020|2020-11-08|valladolid|athbilbao,H,D,0.31982243609063776,0.3496560887925249,0.33052147511683727,0.3496560887925249,1.0979295221578886,0.01913461367568764,3.3,2.9,2.37,1.0697988175072417,0.28325914935707225,0.32232937685459945,0.39441147378832836,2.9,0.3496560887925249,0.01400265749832219,0.007369819735959048,1,0,-1.0,-11.09
2020,10,2020-11-20,osasuna,huesca,2020|2020-11-20|osasuna|huesca,2020|2020-11-20|osasuna|huesca,D,D,0.3097382973284935,0.39248531919225627,0.29777638347925023,0.39248531919225627,1.0908261444136393,0.08274702186376276,2.4,3.0,3.25,1.0576923076923077,0.393939393939394,0.3151515151515151,0.2909090909090909,3.0,0.39248531919225627,0.1774559575767688,0.0887279787883844,1,1,2.0,-9.09
2020,10,2020-11-21,ath madrid,barcelona,2020|2020-11-21|ath madrid|barcelona,2020|2020-11-21|athmadrid|barcelona,H,A,0.36068988809119606,0.24155843461920384,0.39775167728960015,0.39775167728960015,1.077675402423177,0.03706178919840408,2.9,3.5,2.37,1.0524828001912243,0.32763251441662067,0.2714669405166285,0.40090054506675094,2.37,0.39775167728960015,-0.057328524823647586,0.0,1,0,-1.0,-10.09
2020,10,2020-11-21,levante,elche,2020|2020-11-21|levante|elche,2020|2020-11-21|levante|elche,D,H,0.6769939615330717,0.1842008718299745,0.13880516663695383,0.6769939615330717,0.8498047480770057,0.4927930897030972,1.57,4.0,5.75,1.0608557186374965,0.600404620505123,0.2356588135482608,0.1639365659466162,1.57,0.6769939615330717,0.06288051960692259,0.11031670106477647,1,0,-1.0,-11.09
2020,10,2020-11-21,sevilla,celta,2020|2020-11-21|sevilla|celta,2020|2020-11-21|sevilla|celta,H,H,0.5770470348161848,0.20641064024530953,0.2165423249385057,0.5770470348161848,0.9742745453392989,0.36050470987767913,1.72,3.6,5.25,1.0496493170911776,0.5538948478987163,0.26463864955160893,0.18146650254967467,1.72,0.5770470348161848,-0.007479100116162152,0.0,1,1,0.72,-10.37
2020,10,2020-11-21,villarreal,real madrid,2020|2020-11-21|villarreal|real madrid,2020|2020-11-21|villarreal|realmadrid,D,A,0.32990345276285044,0.25417172333547144,0.4159248239016782,0.4159248239016782,1.078869012217031,0.08602137113882774,2.87,3.8,2.25,1.0560343949304154,0.32994385166033147,0.24919443533293456,0.420861713006734,2.25,0.4159248239016782,-0.06416914622122416,0.0,1,0,-1.0,-11.37
2020,10,2020-11-22,alaves,valencia,2020|2020-11-22|alaves|valencia,2020|2020-11-22|alaves|valencia,D,H,0.4179819066309713,0.2157206810119989,0.36629741235702984,0.4179819066309713,1.0633549056521368,0.05168449427394145,2.7,3.2,2.8,1.0400132275132274,0.35612082670906203,0.3004769475357711,0.34340222575516693,2.7,0.4179819066309713,0.12855114790362265,0.07561832229624861,1,0,-1.0,-12.37
2020,10,2020-11-22,cadiz,sociedad,2020|2020-11-22|cadiz|sociedad,2020|2020-11-22|cadiz|sociedad,A,A,0.22191329954427846,0.2586835358267931,0.5194031646289284,0.5194031646289284,1.0241103550426145,0.26071962880213534,4.0,3.8,1.85,1.0536984352773824,0.23725953425582186,0.249746878164023,0.5129935875801553,1.85,0.5194031646289284,-0.03910414543648233,0.0,1,1,0.8500000000000001,-11.52
2020,10,2020-11-22,eibar,getafe,2020|2020-11-22|eibar|getafe,2020|2020-11-22|eibar|getafe,D,A,0.2604420507037444,0.3153389546800775,0.42421899461617807,0.42421899461617807,1.078097250548142,0.10888003993610057,3.4,3.0,2.35,1.0529828952857738,0.2793185419968304,0.3165610142630745,0.4041204437400951,2.35,0.42421899461617807,-0.003085362651981449,0.0,1,0,-1.0,-12.52
2020,10,2020-11-22,granada,valladolid,2020|2020-11-22|granada|valladolid,2020|2020-11-22|granada|valladolid,A,H,0.4029929384632723,0.3214510164913688,0.275556045045359,0.4029929384632723,1.0862544824414122,0.08154192197190346,2.1,3.2,3.8,1.0518483709273183,0.4527177959791511,0.29709605361131797,0.2501861504095309,2.1,0.4029929384632723,-0.15371482922712826,0.0,1,0,-1.0,-13.52
2020,10,2020-11-23,ath bilbao,betis,2020|2020-11-23|ath bilbao|betis,2020|2020-11-23|athbilbao|betis,H,H,0.4223660301213531,0.2948696307406593,0.28276433913798765,0.4223660301213531,1.0813027122697996,0.1274963993806938,2.2,3.3,3.4,1.0516934046345812,0.43220338983050843,0.288135593220339,0.2796610169491525,2.2,0.4223660301213531,-0.07079473373302314,0.0,1,1,1.2000000000000002,-12.32
2020,11,2020-11-27,valladolid,levante,2020|2020-11-27|valladolid|levante,2020|2020-11-27|valladolid|levante,D,D,0.32376113578175164,0.3640203266107222,0.3122185376075262,0.3640203266107222,1.096419093744939,0.04025919082897056,2.55,3.3,2.8,1.0523300229182584,0.37265577737447064,0.2879612825166364,0.33938294010889286,3.3,0.3640203266107222,0.20126707781538322,0.08750742513712315,1,1,2.3,-10.02
2020,11,2020-11-28,elche,cadiz,2020|2020-11-28|elche|cadiz,2020|2020-11-28|elche|cadiz,D,A,0.3485324307217947,0.2600455222857041,0.3914220469925013,0.3914220469925013,1.0847581948217109,0.04288961627070664,3.2,3.0,2.45,1.0539965986394557,0.2964905203711174,0.3162565550625252,0.3872529245663574,2.45,0.3914220469925013,-0.04101598486837166,0.0,1,0,-1.0,-11.02
2020,11,2020-11-28,huesca,sevilla,2020|2020-11-28|huesca|sevilla,2020|2020-11-28|huesca|sevilla,A,A,0.2827740457263024,0.3002900089348984,0.41693594533879913,0.41693594533879913,1.083169787051302,0.11664593640390075,4.0,3.3,2.0,1.053030303030303,0.23741007194244607,0.2877697841726619,0.47482014388489213,2.0,0.41693594533879913,-0.1661281093224018,0.0,1,1,1.0,-10.02
2020,11,2020-11-28,real madrid,alaves,2020|2020-11-28|real madrid|alaves,2020|2020-11-28|realmadrid|alaves,A,H,0.7055505983317286,0.1869492689598377,0.10750013270843363,0.7055505983317286,0.7993318547714422,0.518601329371891,1.33,5.25,9.0,1.0534670008354219,0.7137192704203014,0.18080888183980967,0.10547184773988898,1.33,0.7055505983317286,-0.06161770421880089,0.0,1,0,-1.0,-11.02
2020,11,2020-11-28,valencia,ath madrid,2020|2020-11-28|valencia|ath madrid,2020|2020-11-28|valencia|athmadrid,A,D,0.2038983451378632,0.4102607879374609,0.38584086692467595,0.4102607879374609,1.0572004413420255,0.02441992101278495,4.75,3.8,1.72,1.0550795593635252,0.19953596287703013,0.24941995359628769,0.5510440835266821,3.8,0.4102607879374609,0.5589909941623514,0.19963964077226837,1,0,-1.0,-12.02
2020,11,2020-11-29,barcelona,osasuna,2020|2020-11-29|barcelona|osasuna,2020|2020-11-29|barcelona|osasuna,H,H,0.7705404632435203,0.15003232472115868,0.07942721203532095,0.7705404632435203,0.6866307840509358,0.6205081385223616,1.25,6.0,11.0,1.0575757575757576,0.7564469914040115,0.15759312320916904,0.08595988538681948,1.25,0.7705404632435203,-0.036824420945599595,0.0,1,1,0.25,-11.77
2020,11,2020-11-29,celta,granada,2020|2020-11-29|celta|granada,2020|2020-11-29|celta|granada,H,H,0.5167350363404947,0.27116214502867936,0.21210281863082597,0.5167350363404947,1.0239428725579292,0.2455728913118153,2.0,3.5,3.75,1.0523809523809524,0.4751131221719457,0.27149321266968324,0.25339366515837103,2.0,0.5167350363404947,0.03347007268098934,0.03347007268098934,1,1,1.0,-10.77
2020,11,2020-11-29,getafe,ath bilbao,2020|2020-11-29|getafe|ath bilbao,2020|2020-11-29|getafe|athbilbao,D,D,0.32915874983268023,0.36308951511809473,0.30775173504922504,0.36308951511809473,1.0962879891482054,0.0339307652854145,2.8,2.9,2.8,1.059113300492611,0.33720930232558133,0.3255813953488372,0.33720930232558133,2.9,0.36308951511809473,0.05295959384247473,0.027873470443407752,1,1,1.9,-8.87
2020,11,2020-11-29,sociedad,villarreal,2020|2020-11-29|sociedad|villarreal,2020|2020-11-29|sociedad|villarreal,D,H,0.47633993867253327,0.26664810735097727,0.25701195397648946,0.47633993867253327,1.0549119953778705,0.209691831321556,2.1,3.6,3.4,1.0480859010270775,0.45434298440979953,0.2650334075723831,0.2806236080178174,2.1,0.47633993867253327,0.0003138712123199605,0.0002853374657454186,1,0,-1.0,-9.87
2020,11,2020-11-30,betis,eibar,2020|2020-11-30|betis|eibar,2020|2020-11-30|betis|eibar,A,H,0.4963192962364301,0.2891239017159833,0.21455680204758662,0.4963192962364301,1.0367049834456408,0.20719539452044683,1.75,3.75,4.5,1.06031746031746,0.5389221556886228,0.251497005988024,0.20958083832335334,1.75,0.4963192962364301,-0.13144123158624732,0.0,1,0,-1.0,-10.87
2020,12,2020-12-04,ath bilbao,celta,2020|2020-12-04|ath bilbao|celta,2020|2020-12-04|athbilbao|celta,A,H,0.4313284627518533,0.27896057546482844,0.28971096178331823,0.4313284627518533,1.077757194974974,0.1416175009685351,2.05,3.25,3.8,1.0586550804779302,0.46077791250816164,0.290644529428225,0.24857755806361348,2.05,0.4313284627518533,-0.11577665135870074,0.0,1,0,-1.0,-11.87
2020,12,2020-12-05,ath madrid,valladolid,2020|2020-12-05|ath madrid|valladolid,2020|2020-12-05|athmadrid|valladolid,H,H,0.7292398221578135,0.13558302319809853,0.1351771546440881,0.7292398221578135,0.7716898147864449,0.5936567989597149,1.4,4.33,9.5,1.050495754397541,0.6799510719539813,0.21984561217911633,0.1002033158669025,1.4,0.7292398221578135,0.02093575102093881,0.052339377552347036,1,1,0.3999999999999999,-11.469999999999999
2020,12,2020-12-05,cadiz,barcelona,2020|2020-12-05|cadiz|barcelona,2020|2020-12-05|cadiz|barcelona,H,A,0.17521114288343814,0.1462091059056483,0.6785797512109136,0.6785797512109136,0.8494166878434481,0.5033686083274755,8.5,5.0,1.36,1.052941176470588,0.11173184357541902,0.18994413407821234,0.6983240223463688,1.36,0.6785797512109136,-0.07713153835315739,0.0,1,0,-1.0,-12.469999999999999
2020,12,2020-12-05,levante,getafe,2020|2020-12-05|levante|getafe,2020|2020-12-05|levante|getafe,H,A,0.3201540405493935,0.29825017581411967,0.3815957836364868,0.3815957836364868,1.0930970788317722,0.06144174308709327,2.9,3.1,2.55,1.0595650941132848,0.32544256895841916,0.30444627418690823,0.3701111568546728,2.55,0.3815957836364868,-0.0269307517269588,0.0,1,0,-1.0,-13.469999999999999
2020,12,2020-12-05,sevilla,real madrid,2020|2020-12-05|sevilla|real madrid,2020|2020-12-05|sevilla|realmadrid,A,H,0.3838013091737307,0.2553155204976453,0.36088317032862405,0.3838013091737307,1.0839230779046374,0.022918138845106628,2.5,3.5,2.7,1.0560846560846562,0.3787575150300601,0.2705410821643286,0.3507014028056112,2.5,0.3838013091737307,-0.04049672706567331,0.0,1,0,-1.0,-14.469999999999999
2020,12,2020-12-06,alaves,sociedad,2020|2020-12-06|alaves|sociedad,2020|2020-12-06|alaves|sociedad,D,A,0.20166332409737794,0.3088055016892441,0.48953117421337794,0.48953117421337794,1.0354299295886815,0.18072567252413385,4.75,3.5,1.8,1.0517961570593148,0.20015885623510724,0.27164416203335984,0.5281969817315331,1.8,0.48953117421337794,-0.11884388641591975,0.0,1,0,-1.0,-15.469999999999999
2020,12,2020-12-06,granada,huesca,2020|2020-12-06|granada|huesca,2020|2020-12-06|granada|huesca,D,D,0.3196457587905536,0.3668139426692088,0.3135402985402377,0.3668139426692088,1.0960999017481914,0.04716818387865518,2.3,3.1,3.4,1.0514809009157662,0.41349548842683403,0.3067869752844252,0.27971753628874063,3.1,0.3668139426692088,0.13712322227454732,0.0652967725116892,1,1,2.1,-13.37
2020,12,2020-12-06,osasuna,betis,2020|2020-12-06|osasuna|betis,2020|2020-12-06|osasuna|betis,A,H,0.36171796343986534,0.31392242609483884,0.32435961046529577,0.36171796343986534,1.0967383047035337,0.037358352974569575,2.62,3.3,2.7,1.0550800627136505,0.36175395858708886,0.28721071863581,0.3510353227771011,2.62,0.36171796343986534,-0.05229893578755285,0.0,1,0,-1.0,-14.37
2020,12,2020-12-06,villarreal,elche,2020|2020-12-06|villarreal|elche,2020|2020-12-06|villarreal|elche,D,H,0.769032744061881,0.12804152419903847,0.10292573173908055,0.769032744061881,0.6991684789705784,0.6409912198628426,1.3,5.5,9.5,1.056312108943688,0.7282229965156793,0.17212543554006968,0.09965156794425085,1.3,0.769032744061881,-0.0002574327195546122,0.0,1,0,-1.0,-15.37
2020,12,2020-12-07,eibar,valencia,2020|2020-12-07|eibar|valencia,2020|2020-12-07|eibar|valencia,D,D,0.33765077833404195,0.3410878197667303,0.3212614018992277,0.3410878197667303,1.0982736564062703,0.003437041432688359,2.45,3.1,3.1,1.053324555628703,0.3875,0.30625,0.30625,3.1,0.3410878197667303,0.05737224127686402,0.027320114893744772,1,1,2.1,-13.27
2020,13,2020-12-11,valladolid,osasuna,2020|2020-12-11|valladolid|osasuna,2020|2020-12-11|valladolid|osasuna,H,H,0.3716618988976416,0.32049548135457645,0.3078426197477819,0.3716618988976416,1.0952376296615596,0.05116641754306517,2.5,3.1,3.0,1.0559139784946237,0.3788187372708758,0.3054989816700611,0.3156822810590631,2.5,0.3716618988976416,-0.07084525275589593,0.0,1,1,1.5,-11.77
2020,13,2020-12-12,getafe,sevilla,2020|2020-12-12|getafe|sevilla,2020|2020-12-12|getafe|sevilla,A,A,0.29635460046567064,0.31465933366590576,0.38898606586842366,0.38898606586842366,1.0915407387795535,0.0743267322025179,3.75,3.2,2.1,1.0553571428571429,0.25267907501410036,0.2961082910321489,0.45121263395375066,2.1,0.38898606586842366,-0.18312926167631027,0.0,1,1,1.1,-10.67
2020,13,2020-12-12,huesca,alaves,2020|2020-12-12|huesca|alaves,2020|2020-12-12|huesca|alaves,H,H,0.44578418707129897,0.27868693225335767,0.2755288806753433,0.44578418707129897,1.0714010280029658,0.1670972548179413,2.2,3.2,3.5,1.0527597402597402,0.4317656129529684,0.2968388589051658,0.27139552814186585,2.2,0.44578418707129897,-0.019274788443142232,0.0,1,1,1.2000000000000002,-9.469999999999999
2020,13,2020-12-12,real madrid,ath madrid,2020|2020-12-12|real madrid|ath madrid,2020|2020-12-12|realmadrid|athmadrid,H,D,0.27647731404253856,0.4595343036925684,0.263988382264893,0.4595343036925684,1.0643466162670365,0.18305698965002987,2.3,3.3,3.1,1.0603935568872456,0.41002004008016035,0.28577154308617236,0.30420841683366734,3.3,0.4595343036925684,0.5164632021854757,0.2245492183415112,1,0,-1.0,-10.469999999999999
2020,13,2020-12-12,valencia,ath bilbao,2020|2020-12-12|valencia|ath bilbao,2020|2020-12-12|valencia|athbilbao,D,D,0.2937334610479219,0.3725817645498257,0.33368477440225236,0.3725817645498257,1.0939358107834782,0.03889699014757336,3.25,3.1,2.35,1.055804867747215,0.29142914291429145,0.3055305530553056,0.4030403040304031,3.1,0.3725817645498257,0.1550034701044598,0.07381117624021895,1,1,2.1,-8.37
2020,13,2020-12-13,barcelona,levante,2020|2020-12-13|barcelona|levante,2020|2020-12-13|barcelona|levante,H,H,0.7805262175178846,0.14421623294395525,0.0752575495381601,0.7805262175178846,0.6673496749890514,0.6363099845739294,1.22,7.0,11.0,1.0534383649137746,0.7780921584478578,0.13561034761519808,0.08629749393694423,1.22,0.7805262175178846,-0.047758014628180745,0.0,1,1,0.21999999999999997,-8.149999999999999
2020,13,2020-12-13,betis,villarreal,2020|2020-12-13|betis|villarreal,2020|2020-12-13|betis|villarreal,D,A,0.2864363248494412,0.30886391810153785,0.404699757049021,0.404699757049021,1.0870794093588112,0.09583583894748315,3.1,3.5,2.25,1.0527393753200205,0.306420233463035,0.2714007782101167,0.42217898832684825,2.25,0.404699757049021,-0.08942554663970281,0.0,1,0,-1.0,-9.149999999999999
2020,13,2020-12-13,elche,granada,2020|2020-12-13|elche|granada,2020|2020-12-13|elche|granada,A,A,0.3271168876490517,0.2680256592731833,0.40485745307776505,0.40485745307776505,1.0845150830660228,0.07774056542871333,3.4,3.1,2.3,1.0514809009157662,0.27971753628874063,0.3067869752844252,0.41349548842683403,2.3,0.40485745307776505,-0.06882785792114043,0.0,1,1,1.2999999999999998,-7.85
2020,13,2020-12-13,sociedad,eibar,2020|2020-12-13|sociedad|eibar,2020|2020-12-13|sociedad|eibar,D,H,0.6108534840821602,0.25068081002154446,0.13846570589629523,0.6108534840821602,0.9216892670553822,0.36017267406061576,1.6,3.75,6.0,1.0583333333333333,0.5905511811023622,0.25196850393700787,0.15748031496062992,1.6,0.6108534840821602,-0.022634425468543606,0.0,1,0,-1.0,-8.85
2020,13,2020-12-14,celta,cadiz,2020|2020-12-14|celta|cadiz,2020|2020-12-14|celta|cadiz,H,H,0.5963042414674145,0.23502949006496165,0.16866626846762384,0.5963042414674145,0.948822782770658,0.3612747514024528,1.72,3.6,5.25,1.0496493170911776,0.5538948478987163,0.26463864955160893,0.18146650254967467,1.72,0.5963042414674145,0.02564329532395282,0.03561568794993447,1,1,0.72,-8.129999999999999
2020,14,2020-12-18,ath bilbao,huesca,2020|2020-12-18|ath bilbao|huesca,2020|2020-12-18|athbilbao|huesca,H,H,0.46888744132758065,0.31587418079674984,0.21523837787566957,0.46888744132758065,1.0497569396778532,0.1530132605308308,1.9,3.3,4.33,1.0602929747210774,0.4963871326339192,0.28579865212255956,0.21781421524352113,1.9,0.46888744132758065,-0.10911386147759683,0.0,1,1,0.8999999999999999,-7.2299999999999995
2020,14,2020-12-19,ath madrid,elche,2020|2020-12-19|ath madrid|elche,2020|2020-12-19|athmadrid|elche,H,H,0.8201747012365889,0.09401774195799716,0.08580755680541384,0.8201747012365889,0.5955863853125866,0.7261569592785917,1.2,6.0,19.0,1.0526315789473684,0.7916666666666667,0.15833333333333333,0.05,1.2,0.8201747012365889,-0.015790358516093395,0.0,1,1,0.19999999999999996,-7.029999999999999
2020,14,2020-12-19,barcelona,valencia,2020|2020-12-19|barcelona|valencia,2020|2020-12-19|barcelona|valencia,D,H,0.7565141517969198,0.13972356517475812,0.10376228302832198,0.7565141517969198,0.7211709593520222,0.6167905866221617,1.3,6.0,8.5,1.0535444947209651,0.730136005726557,0.15819613457408735,0.11166785969935578,1.3,0.7565141517969198,-0.01653160266400419,0.0,1,0,-1.0,-8.03
2020,14,2020-12-19,levante,sociedad,2020|2020-12-19|levante|sociedad,2020|2020-12-19|levante|sociedad,H,A,0.26021307054985565,0.2279783260741132,0.5118086033760311,0.5118086033760311,1.0301917714199988,0.2515955328261754,3.4,3.4,2.15,1.0533515731874146,0.2792207792207792,0.2792207792207792,0.44155844155844154,2.15,0.5118086033760311,0.10038849725846677,0.08729434544214502,1,0,-1.0,-9.03
2020,14,2020-12-19,osasuna,villarreal,2020|2020-12-19|osasuna|villarreal,2020|2020-12-19|osasuna|villarreal,A,A,0.2640897329276685,0.3286563424533876,0.40725392461894383,0.40725392461894383,1.0831802024359107,0.07859758216555623,3.6,3.4,2.1,1.0480859010270773,0.26503340757238314,0.28062360801781744,0.4543429844097996,2.1,0.40725392461894383,-0.1447667583002179,0.0,1,1,1.1,-7.93
2020,14,2020-12-19,sevilla,valladolid,2020|2020-12-19|sevilla|valladolid,2020|2020-12-19|sevilla|valladolid,D,H,0.6602896550366654,0.1692268634288639,0.1704834815344708,0.6602896550366654,0.8763101080447472,0.4898061735021946,1.53,3.75,7.5,1.05359477124183,0.6203473945409429,0.2531017369727047,0.12655086848635236,1.53,0.6602896550366654,0.01024317220609805,0.019326740011505753,1,0,-1.0,-8.93
2020,14,2020-12-20,cadiz,getafe,2020|2020-12-20|cadiz|getafe,2020|2020-12-20|cadiz|getafe,A,D,0.19460962151462516,0.43883637010149373,0.36655400838388114,0.43883637010149373,1.0478444453433617,0.0722823617176126,3.3,2.9,2.45,1.056021154543322,0.28695476575121165,0.32653473344103395,0.3865105008077544,2.9,0.43883637010149373,0.27262547329433173,0.14348709120754302,1,0,-1.0,-9.93
2020,14,2020-12-20,celta,alaves,2020|2020-12-20|celta|alaves,2020|2020-12-20|celta|alaves,H,H,0.5509723973535854,0.26401891907637004,0.18500868357004455,0.5509723973535854,0.9921964041475078,0.28695347827721535,1.7,4.0,4.75,1.0487616099071206,0.5608856088560886,0.23837638376383766,0.2007380073800738,1.7,0.5509723973535854,-0.06334692449890489,0.0,1,1,0.7,-9.23
2020,14,2020-12-20,eibar,real madrid,2020|2020-12-20|eibar|real madrid,2020|2020-12-20|eibar|realmadrid,A,A,0.2575700882094299,0.20098605703467812,0.541443854755892,0.541443854755892,1.004054911317306,0.28387376654646207,6.5,4.2,1.5,1.0586080586080586,0.1453287197231834,0.22491349480968856,0.629757785467128,1.5,0.541443854755892,-0.18783421786616206,0.0,1,1,0.5,-8.73
2020,14,2020-12-20,granada,betis,2020|2020-12-20|granada|betis,2020|2020-12-20|granada|betis,H,D,0.3530339729093282,0.36652220529316815,0.2804438217975036,0.36652220529316815,1.0920039106076675,0.013488232383839949,2.45,3.4,2.87,1.0507129681140748,0.38846314616134875,0.27992197296920723,0.3316148808694441,3.4,0.36652220529316815,0.24617549799677163,0.10257312416532152,1,0,-1.0,-9.73
2020,15,2020-12-22,elche,osasuna,2020|2020-12-22|elche|osasuna,2020|2020-12-22|elche|osasuna,D,A,0.3116699787692428,0.2729260400664052,0.41540398116435195,0.41540398116435195,1.082691395384173,0.10373400239510916,3.3,3.0,2.37,1.0583045646336786,0.286335628851033,0.31496919173613624,0.39869517941283067,2.37,0.41540398116435195,-0.015492564640485873,0.0,1,0,-1.0,-10.73
2020,15,2020-12-22,huesca,levante,2020|2020-12-22|huesca|levante,2020|2020-12-22|huesca|levante,D,H,0.3790341581862166,0.29804966329108146,0.3229161785227019,0.3790341581862166,1.0935120207954123,0.05611797966351473,2.62,3.4,2.6,1.0604124209871852,0.35993485342019543,0.2773615635179153,0.3627035830618892,2.62,0.3790341581862166,-0.006930505552112387,0.0,1,0,-1.0,-11.73
2020,15,2020-12-22,sociedad,ath madrid,2020|2020-12-22|sociedad|ath madrid,2020|2020-12-22|sociedad|athmadrid,A,D,0.256186021618489,0.46067331884747115,0.2831406595340398,0.46067331884747115,1.0632097217731529,0.17753265931343137,3.3,3.2,2.25,1.0599747474747474,0.2858844550327576,0.2948183442525313,0.41929720071471116,3.2,0.46067331884747115,0.4741546203119078,0.21552482741450352,1,0,-1.0,-12.73
2020,15,2020-12-22,valencia,sevilla,2020|2020-12-22|valencia|sevilla,2020|2020-12-22|valencia|sevilla,A,D,0.28735091564743864,0.37918670539617744,0.3334623789563839,0.37918670539617744,1.0922654971011607,0.04572432643979352,3.75,3.4,2.0,1.0607843137254902,0.2513863216266174,0.27726432532347506,0.47134935304990755,3.4,0.37918670539617744,0.2892347983470033,0.12051449931125137,1,0,-1.0,-13.73
2020,15,2020-12-22,valladolid,barcelona,2020|2020-12-22|valladolid|barcelona,2020|2020-12-22|valladolid|barcelona,A,A,0.18504082307867037,0.16942694164562402,0.6455322352757056,0.6455322352757056,0.8955229096957531,0.4604914121970352,7.0,5.4,1.36,1.0633364456893868,0.1343480169764379,0.17415483682130836,0.6914971462022538,1.36,0.6455322352757056,-0.12207616002504035,0.0,1,1,0.3600000000000001,-13.37
2020,15,2020-12-22,villarreal,ath bilbao,2020|2020-12-22|villarreal|ath bilbao,2020|2020-12-22|villarreal|athbilbao,D,H,0.4786389899560867,0.2862884570021187,0.23507255304179467,0.4786389899560867,1.051094572336289,0.19235053295396803,2.0,3.4,3.8,1.0572755417956656,0.47291361639824303,0.2781844802342606,0.24890190336749632,2.0,0.4786389899560867,-0.042722020087826496,0.0,1,0,-1.0,-14.37
2020,15,2020-12-23,alaves,eibar,2020|2020-12-23|alaves|eibar,2020|2020-12-23|alaves|eibar,H,D,0.30370186322770165,0.3774703116471386,0.3188278251251597,0.3774703116471386,1.0941330475843336,0.0586424865219789,2.75,2.87,2.9,1.056896005592389,0.3440606849796408,0.32967487236725157,0.32626444265310767,2.87,0.3774703116471386,0.0833397944272879,0.04456673498785449,1,0,-1.0,-15.37
2020,15,2020-12-23,betis,cadiz,2020|2020-12-23|betis|cadiz,2020|2020-12-23|betis|cadiz,H,H,0.5172175819418051,0.2555683202771751,0.22721409778101975,0.5172175819418051,1.026360331830492,0.26164926166463004,1.9,3.5,4.1,1.0559325142123601,0.49843695727683224,0.2705800625217089,0.23098298020145888,1.9,0.5172175819418051,-0.017286594310570336,0.0,1,1,0.8999999999999999,-14.469999999999999
2020,15,2020-12-23,getafe,celta,2020|2020-12-23|getafe|celta,2020|2020-12-23|getafe|celta,D,A,0.31999008588586886,0.3035793094706007,0.3764306046435304,0.3764306046435304,1.0942990619197754,0.05644051875766154,2.75,3.0,2.8,1.0541125541125542,0.3449691991786447,0.31622176591375767,0.3388090349075975,2.8,0.3764306046435304,0.05400569300188507,0.030003162778825043,1,0,-1.0,-15.469999999999999
2020,15,2020-12-23,real madrid,granada,2020|2020-12-23|real madrid|granada,2020|2020-12-23|realmadrid|granada,H,H,0.7546465829940151,0.13356594578909767,0.11178747121688722,0.7546465829940151,0.7262707228198626,0.6210806372049175,1.33,5.25,9.0,1.0534670008354219,0.7137192704203014,0.18080888183980967,0.10547184773988898,1.33,0.7546465829940151,0.0036799553820401343,0.011151379945576162,1,1,0.33000000000000007,-15.139999999999999
2020,16,2020-12-29,barcelona,eibar,2020|2020-12-29|barcelona|eibar,2020|2020-12-29|barcelona|eibar,D,H,0.7713840561570391,0.15199783110743187,0.07661811273552906,0.7713840561570391,0.6834002966678393,0.6193862250496072,1.28,5.75,9.5,1.0604262013729977,0.7367320790343247,0.1640029671589453,0.09926495380673005,1.28,0.7713840561570391,-0.012628408118989937,0.0,1,0,-1.0,-16.14
2020,16,2020-12-29,cadiz,valladolid,2020|2020-12-29|cadiz|valladolid,2020|2020-12-29|cadiz|valladolid,D,D,0.3019337887814938,0.36087657860857825,0.33718963260992796,0.36087657860857825,1.0959545778713733,0.02368694599865029,2.87,2.9,2.75,1.0568960055923893,0.3296748723672515,0.3262644426531076,0.3440606849796407,2.9,0.36087657860857825,0.04654207796487686,0.024495830507829927,1,1,1.9,-14.24
2020,16,2020-12-29,levante,betis,2020|2020-12-29|levante|betis,2020|2020-12-29|levante|betis,H,H,0.4509426544348137,0.2959716392916916,0.25308570627349464,0.4509426544348137,1.0672271521989725,0.15497101514312206,2.4,3.4,2.9,1.0556118999323867,0.39471577261809454,0.27862289831865494,0.3266613290632506,2.4,0.4509426544348137,0.0822623706435528,0.05875883617396629,1,1,1.4,-12.84
2020,16,2020-12-29,sevilla,villarreal,2020|2020-12-29|sevilla|villarreal,2020|2020-12-29|sevilla|villarreal,H,H,0.418390932869258,0.23121207796879506,0.3503969891619469,0.418390932869258,1.0706092189123748,0.0679939437073111,2.25,3.3,3.25,1.0551670551670551,0.4212076583210604,0.2871870397643594,0.2916053019145803,2.25,0.418390932869258,-0.058620401044169546,0.0,1,1,1.25,-11.59
2020,16,2020-12-30,ath madrid,getafe,2020|2020-12-30|ath madrid|getafe,2020|2020-12-30|athmadrid|getafe,H,H,0.6665204873835007,0.2056732482963915,0.1278062643201078,0.6665204873835007,0.8585904492970644,0.4608472390871092,1.44,4.2,8.5,1.050186741363212,0.6612580573460769,0.22671704823294064,0.11202489442098243,1.44,0.6665204873835007,-0.04021049816775907,0.0,1,1,0.43999999999999995,-11.15
2020,16,2020-12-30,celta,huesca,2020|2020-12-30|celta|huesca,2020|2020-12-30|celta|huesca,H,H,0.5047734619281071,0.3235168419713305,0.17170969610056236,0.5047734619281071,1.0127201165196453,0.1812566199567766,1.75,3.75,4.6,1.0554865424430642,0.5413887799136916,0.2526480972930561,0.20596312279325227,1.75,0.5047734619281071,-0.1166464416258125,0.0,1,1,0.75,-10.4
2020,16,2020-12-30,elche,real madrid,2020|2020-12-30|elche|real madrid,2020|2020-12-30|elche|realmadrid,D,A,0.24992293921151446,0.16785555836656485,0.5822215024219206,0.5822215024219206,0.9610335974982049,0.3322985632104062,10.0,6.5,1.25,1.0538461538461539,0.09489051094890512,0.14598540145985403,0.759124087591241,1.25,0.5822215024219206,-0.27222312197259924,0.0,1,0,-1.0,-11.4
2020,16,2020-12-30,granada,valencia,2020|2020-12-30|granada|valencia,2020|2020-12-30|granada|valencia,H,H,0.3653664360615409,0.3018683579257336,0.3327652060127255,0.3653664360615409,1.0955855553879377,0.03260123004881538,2.2,3.3,3.4,1.0516934046345812,0.43220338983050843,0.288135593220339,0.2796610169491525,2.2,0.3653664360615409,-0.19619384066460988,0.0,1,1,1.2000000000000002,-10.2
2020,16,2020-12-31,ath bilbao,sociedad,2020|2020-12-31|ath bilbao|sociedad,2020|2020-12-31|athbilbao|sociedad,A,A,0.3008857376316598,0.2646532357809344,0.4344610265874057,0.4344610265874057,1.0753719877521204,0.13357528895574589,3.0,3.2,2.5,1.0458333333333334,0.31872509960159356,0.298804780876494,0.38247011952191234,2.5,0.4344610265874057,0.08615256646851421,0.05743504431234281,1,1,1.5,-8.7
2020,16,2020-12-31,osasuna,alaves,2020|2020-12-31|osasuna|alaves,2020|2020-12-31|osasuna|alaves,D,H,0.4161973263476447,0.2949850785602582,0.288817595092097,0.4161973263476447,1.0836634917853503,0.12121224778738654,2.35,3.25,3.1,1.055804867747215,0.4030403040304031,0.29142914291429145,0.3055305530553056,2.35,0.4161973263476447,-0.021936283083034858,0.0,1,0,-1.0,-9.7
2020,17,2021-01-02,betis,sevilla,2020|2021-01-02|betis|sevilla,2020|2021-01-02|betis|sevilla,D,A,0.23911022520549305,0.29304787980246094,0.467841894992046,0.467841894992046,1.0572031908700965,0.17479401518958504,3.9,3.5,1.95,1.0549450549450552,0.24305555555555552,0.27083333333333326,0.48611111111111105,1.95,0.467841894992046,-0.08770830476551034,0.0,1,0,-1.0,-10.7
2020,17,2021-01-02,getafe,valladolid,2020|2021-01-02|getafe|valladolid,2020|2021-01-02|getafe|valladolid,A,H,0.5083445540014029,0.27537351489316053,0.21628193110543656,0.5083445540014029,1.0302378182599912,0.23297103910824235,1.95,3.1,4.5,1.0576233802040256,0.48488008342022937,0.30500521376433776,0.21011470281543268,1.95,0.5083445540014029,-0.008728119697264392,0.0,1,0,-1.0,-11.7
2020,17,2021-01-02,real madrid,celta,2020|2021-01-02|real madrid|celta,2020|2021-01-02|realmadrid|celta,H,H,0.6530824022548292,0.19482993869335916,0.15208765905181165,0.6530824022548292,0.8833428038493663,0.45825246356147,1.44,4.75,6.5,1.0588169140800718,0.6558682952734998,0.19883165161975572,0.14530005310674457,1.44,0.6530824022548292,-0.05956134075304603,0.0,1,1,0.43999999999999995,-11.26
2020,17,2021-01-02,villarreal,levante,2020|2021-01-02|villarreal|levante,2020|2021-01-02|villarreal|levante,H,H,0.579613947724651,0.25008940426276516,0.1702966480125838,0.579613947724651,0.964186906934198,0.32952454346188587,1.65,3.8,5.5,1.05103668261563,0.5766312594840667,0.25037936267071315,0.17298937784522,1.65,0.579613947724651,-0.04363698625432588,0.0,1,1,0.6499999999999999,-10.61
2020,17,2021-01-03,alaves,ath madrid,2020|2021-01-03|alaves|ath madrid,2020|2021-01-03|alaves|athmadrid,A,A,0.18578978578639563,0.26625316525796316,0.5479570489556412,0.5479570489556412,0.9946731213866973,0.28170388369767807,7.0,3.75,1.53,1.0631185807656396,0.13437554891972597,0.25083435798348847,0.6147900930967856,1.53,0.5479570489556412,-0.16162571509786888,0.0,1,1,0.53,-10.08
2020,17,2021-01-03,ath bilbao,elche,2020|2021-01-03|ath bilbao|elche,2020|2021-01-03|athbilbao|elche,H,H,0.6193275742961014,0.21700598953050104,0.16366643617339754,0.6193275742961014,0.9245050949548441,0.40232158476560037,1.5,3.8,8.0,1.0548245614035088,0.6320166320166319,0.24948024948024947,0.1185031185031185,1.5,0.6193275742961014,-0.07100863855584788,0.0,1,1,0.5,-9.58
2020,17,2021-01-03,eibar,granada,2020|2021-01-03|eibar|granada,2020|2021-01-03|eibar|granada,H,H,0.4028956866202977,0.3382242071450131,0.2588801062346892,0.4028956866202977,1.0827621781539911,0.06467147947528457,2.37,3.0,3.3,1.0583045646336784,0.3986951794128308,0.3149691917361363,0.28633562885103303,2.37,0.4028956866202977,-0.0451372227098944,0.0,1,1,1.37,-8.209999999999999
2020,17,2021-01-03,huesca,barcelona,2020|2021-01-03|huesca|barcelona,2020|2021-01-03|huesca|barcelona,A,A,0.17340238731047092,0.2196608832794596,0.6069367294100694,0.6069367294100694,0.9398209859035329,0.3872758461306098,6.5,4.75,1.44,1.0588169140800718,0.14530005310674457,0.19883165161975572,0.6558682952734998,1.44,0.6069367294100694,-0.12601110964950013,0.0,1,1,0.43999999999999995,-7.77
2020,17,2021-01-03,sociedad,osasuna,2020|2021-01-03|sociedad|osasuna,2020|2021-01-03|sociedad|osasuna,D,H,0.6000367610491774,0.27679685551534317,0.12316638343547946,0.6000367610491774,0.9199524353365265,0.3232399055338342,1.53,4.0,6.5,1.057440925087984,0.6180910495661476,0.23641982645905146,0.1454891239748009,1.53,0.6000367610491774,-0.08194375559475864,0.0,1,0,-1.0,-8.77
2020,17,2021-01-04,valencia,cadiz,2020|2021-01-04|valencia|cadiz,2020|2021-01-04|valencia|cadiz,D,H,0.5108779628227924,0.2901010925537517,0.1990209446234558,0.5108779628227924,1.023414277232031,0.2207768702690407,2.0,3.4,3.75,1.0607843137254902,0.47134935304990755,0.27726432532347506,0.2513863216266174,2.0,0.5108779628227924,0.021755925645584817,0.021755925645584817,1,0,-1.0,-9.77
2020,18,2021-01-08,celta,villarreal,2020|2021-01-08|celta|villarreal,2020|2021-01-08|celta|villarreal,A,A,0.2979026074452339,0.3222585047517398,0.3798388878030262,0.3798388878030262,1.0933697320081328,0.05758038305128643,3.4,3.3,2.2,1.0516934046345812,0.2796610169491525,0.288135593220339,0.43220338983050843,2.2,0.3798388878030262,-0.16435444683334227,0.0,1,1,1.2000000000000002,-8.57
2020,18,2021-01-09,granada,barcelona,2020|2021-01-09|granada|barcelona,2020|2021-01-09|granada|barcelona,A,A,0.1708762012036507,0.22293035466974317,0.6061934441266061,0.6061934441266061,0.9399358903741508,0.38326308945686294,6.5,5.25,1.4,1.0586080586080586,0.1453287197231834,0.17993079584775085,0.6747404844290658,1.4,0.6061934441266061,-0.15132917822275146,0.0,1,1,0.3999999999999999,-8.17
2020,18,2021-01-09,osasuna,real madrid,2020|2021-01-09|osasuna|real madrid,2020|2021-01-09|osasuna|realmadrid,D,A,0.22636033387079646,0.2570403719829551,0.5165992941462484,0.5165992941462484,1.0266896013971432,0.2595589221632933,6.5,4.75,1.45,1.0540276420494208,0.14596026490066225,0.1997350993377483,0.6543046357615894,1.45,0.5165992941462484,-0.25093102348793983,0.0,1,0,-1.0,-9.17
2020,18,2021-01-09,sevilla,sociedad,2020|2021-01-09|sevilla|sociedad,2020|2021-01-09|sevilla|sociedad,H,H,0.4150077128520301,0.2281518607264388,0.3568404264215312,0.4150077128520301,1.0698440610268183,0.0581672864304989,2.2,3.1,3.6,1.0549038774845227,0.43088803088803085,0.30579150579150577,0.2633204633204633,2.2,0.4150077128520301,-0.08698303172553373,0.0,1,1,1.2000000000000002,-7.969999999999999
2020,18,2021-01-10,cadiz,alaves,2020|2021-01-10|cadiz|alaves,2020|2021-01-10|cadiz|alaves,H,H,0.35194399156645756,0.30659886949367543,0.34145713893986696,0.35194399156645756,1.0969019945579004,0.010486852626590604,2.7,2.9,3.0,1.0485312899106003,0.3532277710109622,0.32886723507917176,0.317904993909866,2.7,0.35194399156645756,-0.04975122277056454,0.0,1,1,1.7000000000000002,-6.27
2020,18,2021-01-10,levante,eibar,2020|2021-01-10|levante|eibar,2020|2021-01-10|levante|eibar,H,H,0.4412964043924142,0.26879964178912036,0.28990395381846545,0.4412964043924142,1.0731041671325383,0.15139245057394873,2.25,3.4,3.2,1.051062091503268,0.42285270112708895,0.27982899339292655,0.29731830547998445,2.25,0.4412964043924142,-0.0070830901170680916,0.0,1,1,1.25,-5.02
2020,18,2021-01-10,valladolid,valencia,2020|2021-01-10|valladolid|valencia,2020|2021-01-10|valladolid|valencia,A,D,0.31146605473969524,0.34842605632852486,0.3401078889317799,0.34842605632852486,1.097473779182457,0.008318167396744958,2.37,3.25,3.1,1.0522138811236401,0.4010030050349261,0.2924237298254692,0.3065732651396048,3.25,0.34842605632852486,0.1323846830677058,0.05883763691898035,1,0,-1.0,-6.02
2020,18,2021-01-11,elche,getafe,2020|2021-01-11|elche|getafe,2020|2021-01-11|elche|getafe,A,A,0.2551163835231786,0.3383658449644093,0.40651777151241203,0.40651777151241203,1.0810784626508991,0.06815192654800273,4.33,2.9,2.1,1.0519649446144628,0.2195385724585436,0.3277937995674117,0.4526676279740447,2.1,0.40651777151241203,-0.14631267982393475,0.0,1,1,1.1,-4.919999999999999
2020,18,2021-01-11,huesca,betis,2020|2021-01-11|huesca|betis,2020|2021-01-11|huesca|betis,A,H,0.3693830724013672,0.3141076521276421,0.3165092754709908,0.3693830724013672,1.0957322970982992,0.052873796930376415,2.8,3.3,2.55,1.0523300229182584,0.33938294010889286,0.2879612825166364,0.37265577737447064,2.8,0.3693830724013672,0.03427260272382804,0.019040334846571135,1,0,-1.0,-5.919999999999999
2020,18,2021-03-10,ath madrid,ath bilbao,2020|2021-03-10|ath madrid|ath bilbao,2020|2021-03-10|athmadrid|athbilbao,H,H,0.4696190639713373,0.33300997300471963,0.19737096302394294,0.4696190639713373,1.0413938248209098,0.13660909096661766,1.8,3.3,5.25,1.049062049062049,0.5295735900962861,0.28885832187070154,0.1815680880330124,1.8,0.4696190639713373,-0.1546856848515928,0.0,1,1,0.8,-5.119999999999999
2020,19,2020-12-15,real madrid,ath bilbao,2020|2020-12-15|real madrid|ath bilbao,2020|2020-12-15|realmadrid|athbilbao,H,H,0.5628414341343013,0.28093612413310476,0.15622244173259403,0.5628414341343013,0.9702045590577729,0.28190531000119656,1.53,4.33,5.75,1.058454696937181,0.6174990513369328,0.21819250543776147,0.1643084432253056,1.53,0.5628414341343013,-0.13885260577451897,0.0,1,1,0.53,-4.589999999999999
2020,19,2020-12-16,barcelona,sociedad,2020|2020-12-16|barcelona|sociedad,2020|2020-12-16|barcelona|sociedad,H,H,0.5196093903016133,0.2802371919028001,0.20015341779558657,0.5196093903016133,1.0186528523053808,0.23937219839881324,1.6,4.5,5.0,1.0472222222222223,0.5968169761273209,0.21220159151193632,0.19098143236074272,1.6,0.5196093903016133,-0.16862497551741862,0.0,1,1,0.6000000000000001,-3.989999999999999
2020,19,2021-01-19,alaves,sevilla,2020|2021-01-19|alaves|sevilla,2020|2021-01-19|alaves|sevilla,A,A,0.22002536194117686,0.23813972475220788,0.5418349133066153,0.5418349133066153,1.006860418177433,0.30369518855440736,5.5,3.6,1.66,1.0620055981501766,0.17120265856872743,0.261559617257778,0.5672377241734945,1.66,0.5418349133066153,-0.10055404391101869,0.0,1,1,0.6599999999999999,-3.329999999999999
2020,19,2021-01-19,cadiz,levante,2020|2021-01-19|cadiz|levante,2020|2021-01-19|cadiz|levante,D,D,0.3073592461925319,0.347001588157778,0.34563916564969016,0.347001588157778,1.0970720653677948,0.0013624225080878238,2.9,3.1,2.55,1.0595650941132848,0.32544256895841916,0.30444627418690823,0.3701111568546728,3.1,0.347001588157778,0.07570492328911171,0.03604996347100558,1,1,2.1,-1.2299999999999986
2020,19,2021-01-19,valladolid,elche,2020|2021-01-19|valladolid|elche,2020|2021-01-19|valladolid|elche,D,H,0.45504607985970796,0.26453950108208935,0.2804144190582027,0.45504607985970796,1.0666020242758107,0.17463166080150527,1.83,3.4,4.6,1.0579570388383437,0.5165125495376485,0.27800528401585206,0.20548216644649933,1.83,0.45504607985970796,-0.16726567385673435,0.0,1,0,-1.0,-2.2299999999999986
2020,19,2021-01-20,betis,celta,2020|2021-01-20|betis|celta,2020|2021-01-20|betis|celta,H,H,0.4480272231609827,0.2869359669687317,0.26503680987028555,0.4480272231609827,1.0698989134251782,0.161091256192251,2.1,3.5,3.4,1.0560224089635855,0.45092838196286467,0.2705570291777188,0.27851458885941643,2.1,0.4480272231609827,-0.05914283136193621,0.0,1,1,1.1,-1.1299999999999986
2020,19,2021-01-20,getafe,huesca,2020|2021-01-20|getafe|huesca,2020|2021-01-20|getafe|huesca,H,H,0.4846536912784819,0.31851248908659163,0.19683381963492638,0.4846536912784819,1.035385587040945,0.16614120219189027,1.9,3.25,4.5,1.056230319388214,0.49829642248722317,0.29131175468483816,0.21039182282793867,1.9,0.4846536912784819,-0.07915798657088441,0.0,1,1,0.8999999999999999,-0.22999999999999865
2020,19,2021-01-20,villarreal,granada,2020|2021-01-20|villarreal|granada,2020|2021-01-20|villarreal|granada,D,H,0.6961478779868285,0.19092459179450805,0.11292753021866336,0.6961478779868285,0.8145835574228679,0.5052232861923205,1.5,4.0,7.0,1.0595238095238095,0.6292134831460674,0.23595505617977527,0.1348314606741573,1.5,0.6961478779868285,0.0442218169802428,0.0884436339604856,1,0,-1.0,-1.2299999999999986
2020,19,2021-01-21,eibar,ath madrid,2020|2021-01-21|eibar|ath madrid,2020|2021-01-21|eibar|athmadrid,A,A,0.1581359129432135,0.2831651332536769,0.5586989538031096,0.5586989538031096,0.9741701885841516,0.2755338205494327,6.5,3.4,1.66,1.0503734394591944,0.14646805418591372,0.2800124565318939,0.5735194892821923,1.66,0.5586989538031096,-0.07255973668683807,0.0,1,1,0.6599999999999999,-0.5699999999999987
2020,19,2021-01-21,valencia,osasuna,2020|2021-01-21|valencia|osasuna,2020|2021-01-21|valencia|osasuna,D,H,0.47426528517310945,0.3044392939937108,0.2212954208331797,0.47426528517310945,1.0496313787975415,0.16982599117939867,2.05,3.5,3.5,1.059233449477352,0.4605263157894737,0.2697368421052631,0.2697368421052631,2.05,0.47426528517310945,-0.027756165395125654,0.0,1,0,-1.0,-1.5699999999999987
2020,20,2021-01-22,levante,valladolid,2020|2021-01-22|levante|valladolid,2020|2021-01-22|levante|valladolid,D,H,0.5310926608379971,0.2551262512360092,0.21378108792599365,0.5310926608379971,1.0144090839928879,0.2759664096019879,1.95,3.4,4.0,1.0569381598793364,0.48519443453442745,0.27827327863003926,0.23653228683553335,1.95,0.5310926608379971,0.035630688634094354,0.037505988035888796,1,0,-1.0,-2.5699999999999985
2020,20,2021-01-23,alaves,real madrid,2020|2021-01-23|alaves|real madrid,2020|2021-01-23|alaves|realmadrid,A,A,0.19420192135993306,0.26243530198663445,0.5433627766534325,0.5433627766534325,1.000781539038242,0.280927474666798,5.5,4.33,1.55,1.0579263543578525,0.17186279656351228,0.2183014736949925,0.6098357297414951,1.55,0.5433627766534325,-0.15778769618717964,0.0,1,1,0.55,-2.0199999999999987
2020,20,2021-01-23,huesca,villarreal,2020|2021-01-23|huesca|villarreal,2020|2021-01-23|huesca|villarreal,D,A,0.22986807929255335,0.2525978559080673,0.5175340647993794,0.5175340647993794,1.0264164531919733,0.26493620889131203,4.33,3.75,1.8,1.0531691044393123,0.21928755908581452,0.25320403489108717,0.5275084060230983,1.8,0.5175340647993794,-0.06843868336111714,0.0,1,0,-1.0,-3.0199999999999987
2020,20,2021-01-23,sevilla,cadiz,2020|2021-01-23|sevilla|cadiz,2020|2021-01-23|sevilla|cadiz,H,H,0.7159260571252627,0.16797171709775494,0.11610222577698223,0.7159260571252627,0.7889028754315155,0.5479543400275078,1.45,4.2,8.0,1.0527504105090313,0.6550984597387405,0.22616494443361276,0.1187365958276467,1.45,0.7159260571252627,0.03809278283163087,0.08465062851473527,1,1,0.44999999999999996,-2.5699999999999985
2020,20,2021-01-23,sociedad,betis,2020|2021-01-23|sociedad|betis,2020|2021-01-23|sociedad|betis,D,H,0.5859882696306151,0.27187783244935054,0.14213389792003428,0.5859882696306151,0.9445802209800187,0.3141104371812646,1.8,3.75,4.33,1.0531691044393123,0.5275084060230983,0.25320403489108717,0.21928755908581452,1.8,0.5859882696306151,0.05477888533510722,0.06847360666888402,1,0,-1.0,-3.5699999999999985
2020,20,2021-01-24,ath madrid,valencia,2020|2021-01-24|ath madrid|valencia,2020|2021-01-24|athmadrid|valencia,H,H,0.7428522325812648,0.1527096855427112,0.10443808187602394,0.7428522325812648,0.7437358814594333,0.5901425470385535,1.4,4.75,8.0,1.0498120300751879,0.6803939122649956,0.20053715308863027,0.11906893464637423,1.4,0.7428522325812648,0.03999312561377061,0.09998281403442655,1,1,0.3999999999999999,-3.169999999999999
2020,20,2021-01-24,celta,eibar,2020|2021-01-24|celta|eibar,2020|2021-01-24|celta|eibar,D,H,0.47212455057798547,0.2793911105129055,0.24848433890910895,0.47212455057798547,1.0565823690415257,0.19273344006507998,2.05,3.4,3.75,1.0485891917742707,0.4652011310772599,0.2804889172671714,0.25430995165556874,2.05,0.47212455057798547,-0.032144671315129936,0.0,1,0,-1.0,-4.169999999999999
2020,20,2021-01-24,elche,barcelona,2020|2021-01-24|elche|barcelona,2020|2021-01-24|elche|barcelona,A,A,0.17189241508111305,0.2074438164570606,0.6206637684618262,0.6206637684618262,0.9250056975054084,0.4132199520047657,8.0,5.25,1.36,1.0507703081232491,0.11896034655114963,0.18127290903032325,0.6997667444185273,1.36,0.6206637684618262,-0.15589727489191624,0.0,1,1,0.3600000000000001,-3.8099999999999987
2020,20,2021-01-24,osasuna,granada,2020|2021-01-24|osasuna|granada,2020|2021-01-24|osasuna|granada,H,H,0.44709867743682863,0.2565077702352267,0.2963935523279447,0.44709867743682863,1.0693416721722082,0.15070512510888395,2.5,3.1,3.0,1.0559139784946237,0.3788187372708758,0.3054989816700611,0.3156822810590631,2.5,0.44709867743682863,0.11774669359207157,0.07849779572804771,1,1,1.5,-2.3099999999999987
2020,20,2021-01-25,ath bilbao,getafe,2020|2021-01-25|ath bilbao|getafe,2020|2021-01-25|athbilbao|getafe,H,H,0.40003459930760116,0.3310071929883596,0.26895820770403916,0.40003459930760116,1.08567569269412,0.06902740631924154,2.3,3.0,3.6,1.0458937198067635,0.4157043879907621,0.31870669745958424,0.26558891454965355,2.3,0.40003459930760116,-0.07992042159251744,0.0,1,1,1.2999999999999998,-1.009999999999999
2020,21,2021-01-29,valladolid,huesca,2020|2021-01-29|valladolid|huesca,2020|2021-01-29|valladolid|huesca,A,H,0.39882198531749974,0.3426142374900085,0.2585637771924917,0.39882198531749974,1.0833411537494637,0.05620774782749122,2.2,3.1,3.6,1.0549038774845227,0.43088803088803085,0.30579150579150577,0.2633204633204633,2.2,0.39882198531749974,-0.12259163230150055,0.0,1,0,-1.0,-2.009999999999999
2020,21,2021-01-30,eibar,sevilla,2020|2021-01-30|eibar|sevilla,2020|2021-01-30|eibar|sevilla,A,A,0.2228610163813938,0.3020204395121657,0.4751185441064406,0.4751185441064406,1.0497365892912678,0.17309810459427494,4.0,3.25,2.0,1.0576923076923077,0.23636363636363636,0.2909090909090909,0.4727272727272727,2.0,0.4751185441064406,-0.04976291178711878,0.0,1,1,1.0,-1.009999999999999
2020,21,2021-01-30,real madrid,levante,2020|2021-01-30|real madrid|levante,2020|2021-01-30|realmadrid|levante,A,H,0.7645881579013919,0.1389998580628385,0.09641198403576957,0.7645881579013919,0.7050348115816201,0.6255882998385534,1.33,5.5,8.0,1.0586978810663021,0.7101928819304333,0.17173755144863206,0.11806956662093454,1.33,0.7645881579013919,0.01690225000885126,0.05121893942076138,1,0,-1.0,-2.009999999999999
2020,21,2021-01-30,valencia,elche,2020|2021-01-30|valencia|elche,2020|2021-01-30|valencia|elche,H,H,0.5449864370104791,0.25455725152884434,0.20045631146067655,0.5449864370104791,1.0012615991721368,0.29042918548163477,1.66,3.75,5.5,1.0508944870390655,0.5732351306281267,0.25375208449138403,0.17301278488048913,1.66,0.5449864370104791,-0.09532251456260471,0.0,1,1,0.6599999999999999,-1.349999999999999
2020,21,2021-01-30,villarreal,sociedad,2020|2021-01-30|villarreal|sociedad,2020|2021-01-30|villarreal|sociedad,D,H,0.39580127030962436,0.2899663605525205,0.3142323691378552,0.39580127030962436,1.089583683066476,0.08156890117176918,2.4,3.2,3.1,1.051747311827957,0.39616613418530355,0.2971246006389776,0.30670926517571884,2.4,0.39580127030962436,-0.05007695125690159,0.0,1,0,-1.0,-2.3499999999999988
2020,21,2021-01-31,barcelona,ath bilbao,2020|2021-01-31|barcelona|ath bilbao,2020|2021-01-31|barcelona|athbilbao,H,H,0.7310531388582318,0.1871080298058341,0.08183883133593424,0.7310531388582318,0.7474652484616038,0.5439451090523977,1.36,5.25,7.5,1.0591036414565826,0.6942607775720708,0.1798466014281936,0.12589262099973553,1.36,0.7310531388582318,-0.005767731152804767,0.0,1,1,0.3600000000000001,-1.9899999999999989
2020,21,2021-01-31,cadiz,ath madrid,2020|2021-01-31|cadiz|ath madrid,2020|2021-01-31|cadiz|athmadrid,A,A,0.12068982622255925,0.22841759835122144,0.6508925754262191,0.6508925754262191,0.8719794473549568,0.4224749770749977,9.0,4.0,1.44,1.0555555555555556,0.10526315789473684,0.23684210526315788,0.6578947368421052,1.44,0.6508925754262191,-0.06271469138624447,0.0,1,1,0.43999999999999995,-1.549999999999999
2020,21,2021-01-31,getafe,alaves,2020|2021-01-31|getafe|alaves,2020|2021-01-31|getafe|alaves,D,H,0.49199363354365183,0.31720377210341466,0.19080259435293354,0.49199363354365183,1.0292502830737151,0.17478986144023717,1.9,3.2,4.5,1.0610380116959064,0.496038580778505,0.29452290733723735,0.20943851188425766,1.9,0.49199363354365183,-0.06521209626706148,0.0,1,0,-1.0,-2.549999999999999
2020,21,2021-01-31,granada,celta,2020|2021-01-31|granada|celta,2020|2021-01-31|granada|celta,D,A,0.3343675189275508,0.2649171167589831,0.40071536431346605,0.40071536431346605,1.0846597920711032,0.06634784538591526,2.7,3.3,2.62,1.0550800627136505,0.3510353227771011,0.28721071863581,0.36175395858708886,2.62,0.40071536431346605,0.04987425450128102,0.030786576852642605,1,0,-1.0,-3.549999999999999
2020,21,2021-02-01,betis,osasuna,2020|2021-02-01|betis|osasuna,2020|2021-02-01|betis|osasuna,H,H,0.51846520176836,0.2689407157550287,0.21259408247661127,0.51846520176836,1.022935329834868,0.24952448601333127,1.8,3.6,4.33,1.0642802155504234,0.5220012055455093,0.26100060277275466,0.21699819168173598,1.8,0.51846520176836,-0.06676263681695205,0.0,1,1,0.8,-2.749999999999999
2020,22,2021-02-05,alaves,valladolid,2020|2021-02-05|alaves|valladolid,2020|2021-02-05|alaves|valladolid,H,D,0.3509847334736527,0.36865263386017183,0.28036263266617556,0.36865263386017183,1.0918931910828338,0.01766790038651911,2.6,3.0,3.0,1.051282051282051,0.3658536585365854,0.3170731707317074,0.3170731707317074,3.0,0.36865263386017183,0.10595790158051555,0.05297895079025777,1,0,-1.0,-3.749999999999999
2020,22,2021-02-06,elche,villarreal,2020|2021-02-06|elche|villarreal,2020|2021-02-06|elche|villarreal,D,A,0.2124742042735973,0.22111786438266298,0.5664079313437397,0.5664079313437397,0.9847579966852544,0.34529006696107667,6.5,3.8,1.53,1.070598819824826,0.14370103067302703,0.24580439457228306,0.6104945747546899,1.53,0.5664079313437397,-0.1333958650440783,0.0,1,0,-1.0,-4.749999999999999
2020,22,2021-02-06,huesca,real madrid,2020|2021-02-06|huesca|real madrid,2020|2021-02-06|huesca|realmadrid,A,A,0.14691785278246827,0.20011190885472616,0.6529702383628055,0.6529702383628055,0.8820382189297409,0.45285832950807936,7.0,4.5,1.44,1.0595238095238095,0.1348314606741573,0.2097378277153558,0.6554307116104868,1.44,0.6529702383628055,-0.05972285675756006,0.0,1,1,0.43999999999999995,-4.309999999999999
2020,22,2021-02-06,levante,granada,2020|2021-02-06|levante|granada,2020|2021-02-06|levante|granada,D,H,0.4381876672815987,0.3339717452549302,0.2278405874634712,0.4381876672815987,1.0648196686225582,0.10421592202666852,2.2,3.3,3.4,1.0516934046345812,0.43220338983050843,0.288135593220339,0.2796610169491525,2.2,0.4381876672815987,-0.035987131980482756,0.0,1,0,-1.0,-5.309999999999999
2020,22,2021-02-06,sevilla,getafe,2020|2021-02-06|sevilla|getafe,2020|2021-02-06|sevilla|getafe,H,H,0.5595337780346016,0.27308541572129363,0.16738080624410479,0.5595337780346016,0.9785413940473169,0.28644836231330795,1.72,3.6,4.75,1.0696994424044608,0.543512809103045,0.25967834212701035,0.19680884876994467,1.72,0.5595337780346016,-0.03760190178048528,0.0,1,1,0.72,-4.589999999999999
2020,22,2021-02-07,ath bilbao,valencia,2020|2021-02-07|ath bilbao|valencia,2020|2021-02-07|athbilbao|valencia,D,H,0.4412244651649847,0.3308974183714731,0.22787811646354228,0.4412244651649847,1.0639845577968656,0.11032704679351163,2.15,3.2,3.6,1.055394056847545,0.4407039020657996,0.2960979342004591,0.26319816373374144,2.15,0.4412244651649847,-0.05136739989528294,0.0,1,0,-1.0,-5.589999999999999
2020,22,2021-02-07,betis,barcelona,2020|2021-02-07|betis|barcelona,2020|2021-02-07|betis|barcelona,A,A,0.13607083303665377,0.22526966580170704,0.638659501161639,0.638659501161639,0.8935234816076741,0.413389835359932,5.75,4.6,1.5,1.0579710144927537,0.1643835616438356,0.20547945205479454,0.6301369863013698,1.5,0.638659501161639,-0.04201074825754142,0.0,1,1,0.5,-5.089999999999999
2020,22,2021-02-07,osasuna,eibar,2020|2021-02-07|osasuna|eibar,2020|2021-02-07|osasuna|eibar,H,H,0.3648343393589347,0.34146467132282865,0.2937009893182365,0.3648343393589347,1.094614785708761,0.023369668036106073,2.55,3.0,3.0,1.0588235294117647,0.3703703703703704,0.31481481481481477,0.31481481481481477,2.55,0.3648343393589347,-0.0696724346347165,0.0,1,1,1.5499999999999998,-3.539999999999999
2020,22,2021-02-07,sociedad,cadiz,2020|2021-02-07|sociedad|cadiz,2020|2021-02-07|sociedad|cadiz,H,H,0.7215981812734265,0.18299683603197348,0.0954049826946001,0.7215981812734265,0.7703949064492503,0.538601345241453,1.45,4.2,8.0,1.0527504105090313,0.6550984597387405,0.22616494443361276,0.1187365958276467,1.45,0.7215981812734265,0.04631736284646831,0.10292747299215181,1,1,0.44999999999999996,-3.089999999999999
2020,22,2021-02-08,ath madrid,celta,2020|2021-02-08|ath madrid|celta,2020|2021-02-08|athmadrid|celta,D,H,0.6690651618997941,0.2048452451007622,0.12608959299944367,0.6690651618997941,0.8547636189331593,0.46421991679903196,1.6,3.6,6.5,1.0566239316239316,0.5915065722952477,0.262891809908999,0.14560161779575329,1.6,0.6690651618997941,0.07050425903967067,0.1175070983994511,1,0,-1.0,-4.089999999999999
2020,23,2021-02-12,celta,elche,2020|2021-02-12|celta|elche,2020|2021-02-12|celta|elche,H,H,0.612720529270401,0.23746496612491158,0.1498145046046874,0.612720529270401,0.9259521235964479,0.3752555631454894,1.45,4.2,8.0,1.0527504105090313,0.6550984597387405,0.22616494443361276,0.1187365958276467,1.45,0.612720529270401,-0.1115552325579186,0.0,1,1,0.44999999999999996,-3.6399999999999992
2020,23,2021-02-13,barcelona,alaves,2020|2021-02-13|barcelona|alaves,2020|2021-02-13|barcelona|alaves,H,H,0.8176507664487017,0.12258589486071242,0.05976333869058578,0.8176507664487017,0.5902852829838539,0.6950648715879892,1.28,6.0,9.0,1.0590277777777777,0.7377049180327869,0.15737704918032788,0.10491803278688525,1.28,0.8176507664487017,0.046592981054338206,0.16640350376549357,1,1,0.28,-3.3599999999999994
2020,23,2021-02-13,eibar,valladolid,2020|2021-02-13|eibar|valladolid,2020|2021-02-13|eibar|valladolid,D,H,0.5200684397639002,0.2746119390147566,0.20531962122134323,0.5200684397639002,1.0199849641184298,0.24545650074914355,1.95,3.3,4.2,1.0539460539460541,0.48657187993680884,0.287519747235387,0.22590837282780407,1.95,0.5200684397639002,0.014133457539605265,0.01487732372590028,1,0,-1.0,-4.359999999999999
2020,23,2021-02-13,granada,ath madrid,2020|2021-02-13|granada|ath madrid,2020|2021-02-13|granada|athmadrid,A,A,0.13854246568939327,0.24285109068084426,0.6186064436297624,0.6186064436297624,0.9146568640885181,0.3757553529489181,5.0,3.3,1.8,1.0585858585858587,0.18893129770992365,0.2862595419847328,0.5248091603053434,1.8,0.6186064436297624,0.11349159853357227,0.14186449816696534,1,1,0.8,-3.559999999999999
2020,23,2021-02-13,sevilla,huesca,2020|2021-02-13|sevilla|huesca,2020|2021-02-13|sevilla|huesca,H,H,0.6688551656453833,0.23257469936502426,0.09857013498959248,0.6688551656453833,0.8366114516285319,0.436280466280359,1.5,3.9,7.5,1.0564102564102564,0.6310679611650485,0.24271844660194178,0.1262135922330097,1.5,0.6688551656453833,0.003282748468074914,0.006565496936149828,1,1,0.5,-3.059999999999999
2020,23,2021-02-14,getafe,sociedad,2020|2021-02-14|getafe|sociedad,2020|2021-02-14|getafe|sociedad,A,A,0.22039800570469134,0.2616004930779143,0.5180015012173944,0.5180015012173944,1.0248316338278347,0.25640100813948014,3.75,3.25,2.1,1.0505494505494504,0.2538354253835426,0.29288702928870297,0.4532775453277546,2.1,0.5180015012173944,0.08780315255652826,0.07982104777866206,1,1,1.1,-1.959999999999999
2020,23,2021-02-14,levante,osasuna,2020|2021-02-14|levante|osasuna,2020|2021-02-14|levante|osasuna,A,H,0.43896764723011,0.34125258212482856,0.21977977064506135,0.43896764723011,1.0613015029673774,0.09771506510528144,2.25,3.2,3.4,1.051062091503268,0.42285270112708895,0.29731830547998445,0.27982899339292655,2.25,0.43896764723011,-0.012322793732252424,0.0,1,0,-1.0,-2.959999999999999
2020,23,2021-02-14,real madrid,valencia,2020|2021-02-14|real madrid|valencia,2020|2021-02-14|realmadrid|valencia,H,H,0.6964530697374613,0.20446785134198722,0.09907907892055132,0.6964530697374613,0.8055608898547522,0.49198521839547416,1.4,4.75,8.0,1.0498120300751879,0.6803939122649956,0.20053715308863027,0.11906893464637423,1.4,0.6964530697374613,-0.024965702367554188,0.0,1,1,0.3999999999999999,-2.559999999999999
2020,23,2021-02-14,villarreal,betis,2020|2021-02-14|villarreal|betis,2020|2021-02-14|villarreal|betis,A,H,0.5548881715874149,0.26456720480495877,0.1805446236076264,0.5548881715874149,0.9876594643651949,0.2903209667824561,1.9,3.4,4.2,1.0585286746277458,0.4972144846796657,0.27785515320334264,0.22493036211699163,1.9,0.5548881715874149,0.05428752601608822,0.06031947335120914,1,0,-1.0,-3.559999999999999
2020,23,2021-02-15,cadiz,ath bilbao,2020|2021-02-15|cadiz|ath bilbao,2020|2021-02-15|cadiz|athbilbao,A,A,0.23171452818997385,0.32440744084488493,0.44387803096514117,0.44387803096514117,1.0645478361733138,0.11947059012025624,4.0,3.1,2.05,1.0603855232100707,0.23576330921906882,0.30421072157299206,0.46002596920793926,2.05,0.44387803096514117,-0.09005003652146076,0.0,1,1,1.0499999999999998,-2.5099999999999993
2020,24,2021-02-19,betis,getafe,2020|2021-02-19|betis|getafe,2020|2021-02-19|betis|getafe,H,H,0.38987423646366665,0.3777007268709901,0.2324250366653432,0.38987423646366665,1.0741358616420635,0.012173509592676546,2.05,3.1,4.1,1.0542879622344612,0.4626865671641791,0.3059701492537313,0.23134328358208955,2.05,0.38987423646366665,-0.20075781524948338,0.0,1,1,1.0499999999999998,-1.4599999999999995
2020,24,2021-02-20,ath madrid,levante,2020|2021-02-20|ath madrid|levante,2020|2021-02-20|athmadrid|levante,A,H,0.6804577736797278,0.19065994887086415,0.12888227744940803,0.6804577736797278,0.8420041492367547,0.4897978248088637,1.53,4.0,7.0,1.046451914098973,0.6245817532902074,0.23890252063350434,0.13651572607628817,1.53,0.6804577736797278,0.041100393729983586,0.07754791269808224,1,0,-1.0,-2.4599999999999995
2020,24,2021-02-20,elche,eibar,2020|2021-02-20|elche|eibar,2020|2021-02-20|elche|eibar,H,A,0.2919717209359719,0.3278113506880731,0.38021692837595505,0.38021692837595505,1.0927343012115376,0.052405577687881955,3.6,3.25,2.15,1.050586364539853,0.2644026109166588,0.29287673824614513,0.4427206508371961,2.15,0.38021692837595505,-0.1825336039916966,0.0,1,0,-1.0,-3.4599999999999995
2020,24,2021-02-20,valencia,celta,2020|2021-02-20|valencia|celta,2020|2021-02-20|valencia|celta,H,H,0.43073667086849793,0.23405571183921448,0.33520761729228754,0.43073667086849793,1.0690700145426197,0.09552905357621039,2.45,3.2,3.0,1.0539965986394557,0.3872529245663574,0.2964905203711174,0.3162565550625252,2.45,0.43073667086849793,0.055304843627819955,0.03814127146746203,1,1,1.4500000000000002,-2.0099999999999993
2020,24,2021-02-20,valladolid,real madrid,2020|2021-02-20|valladolid|real madrid,2020|2021-02-20|valladolid|realmadrid,A,A,0.1816283204579147,0.24134830209195088,0.5770233774501343,0.5770233774501343,0.970189607802149,0.3356750753581834,5.5,4.2,1.57,1.0568560950726555,0.1720368389470114,0.22528633671632445,0.6026768243366641,1.57,0.5770233774501343,-0.09407329740328907,0.0,1,1,0.5700000000000001,-1.4399999999999993
2020,24,2021-02-21,ath bilbao,villarreal,2020|2021-02-21|ath bilbao|villarreal,2020|2021-02-21|athbilbao|villarreal,D,H,0.36352777591489216,0.28128202496693694,0.3551901991181709,0.36352777591489216,1.0922890446238633,0.008337576796721258,2.45,3.2,3.0,1.0539965986394557,0.3872529245663574,0.2964905203711174,0.3162565550625252,2.45,0.36352777591489216,-0.10935694900851411,0.0,1,0,-1.0,-2.4399999999999995
2020,24,2021-02-21,barcelona,cadiz,2020|2021-02-21|barcelona|cadiz,2020|2021-02-21|barcelona|cadiz,D,H,0.8756519532228243,0.08684619477295925,0.03750185200421653,0.8756519532228243,0.45162589883062715,0.788805758449865,1.16,8.0,13.0,1.0639920424403184,0.8102212527267061,0.11748208164537238,0.07229666562792146,1.16,0.8756519532228243,0.015756265738476105,0.09847666086547571,1,0,-1.0,-3.4399999999999995
2020,24,2021-02-21,huesca,granada,2020|2021-02-21|huesca|granada,2020|2021-02-21|huesca|granada,H,H,0.46685087801262354,0.2876082753653112,0.24554084662206527,0.46685087801262354,1.0588372859611963,0.17924260264731234,2.15,3.3,3.5,1.0538608678143562,0.44134505158578524,0.28754298815437523,0.2711119602598395,2.15,0.46685087801262354,0.0037293877271404874,0.0032429458496873805,1,1,1.15,-2.289999999999999
2020,24,2021-02-21,sociedad,alaves,2020|2021-02-21|sociedad|alaves,2020|2021-02-21|sociedad|alaves,H,H,0.6652180470716382,0.23440495625136376,0.10037699667699795,0.6652180470716382,0.8419710818889239,0.43081309082027447,1.66,3.75,5.5,1.0508944870390655,0.5732351306281267,0.25375208449138403,0.17301278488048913,1.66,0.6652180470716382,0.10426195813891942,0.15797266384684763,1,1,0.6599999999999999,-1.6299999999999994
2020,24,2021-02-22,osasuna,sevilla,2020|2021-02-22|osasuna|sevilla,2020|2021-02-22|osasuna|sevilla,A,A,0.2060618451013791,0.2887256381780488,0.5052125167205721,0.5052125167205721,1.0291156096605407,0.2164868785425233,4.0,3.3,2.0,1.053030303030303,0.23741007194244607,0.2877697841726619,0.47482014388489213,2.0,0.5052125167205721,0.010425033441144205,0.010425033441144205,1,1,1.0,-0.6299999999999994
2020,25,2021-02-26,levante,ath bilbao,2020|2021-02-26|levante|ath bilbao,2020|2021-02-26|levante|athbilbao,D,D,0.21757863372484482,0.4021166176439986,0.3803047486311566,0.4021166176439986,1.0658552865239699,0.02181186901284199,3.3,3.25,2.25,1.0551670551670551,0.2871870397643594,0.2916053019145803,0.4212076583210604,3.25,0.4021166176439986,0.30687900734299534,0.13639066993022014,1,1,2.25,1.6200000000000006
2020,25,2021-02-27,alaves,osasuna,2020|2021-02-27|alaves|osasuna,2020|2021-02-27|alaves|osasuna,A,H,0.35241138881125234,0.3165668296482735,0.33102178154047407,0.35241138881125234,1.0976394976610084,0.021389607270778266,2.62,2.9,3.0,1.059840308853207,0.3601291497640533,0.32535805944200685,0.3145127907939399,2.62,0.35241138881125234,-0.07668216131451888,0.0,1,0,-1.0,0.6200000000000006
2020,25,2021-02-27,eibar,huesca,2020|2021-02-27|eibar|huesca,2020|2021-02-27|eibar|huesca,D,H,0.5121420782646168,0.2628054288445296,0.2250524928908537,0.5121420782646168,1.02954741552238,0.24933664942008715,2.15,3.3,3.5,1.0538608678143562,0.44134505158578524,0.28754298815437523,0.2711119602598395,2.15,0.5121420782646168,0.10110546826892597,0.08791779849471824,1,0,-1.0,-0.37999999999999945
2020,25,2021-02-27,getafe,valencia,2020|2021-02-27|getafe|valencia,2020|2021-02-27|getafe|valencia,H,H,0.3616875288422797,0.3331501234914135,0.3051623476663068,0.3616875288422797,1.096213672330761,0.02853740535086624,2.5,3.0,3.1,1.0559139784946237,0.3788187372708758,0.3156822810590631,0.3054989816700611,2.5,0.3616875288422797,-0.09578117789430063,0.0,1,1,1.5,1.1200000000000006
2020,25,2021-02-27,sevilla,barcelona,2020|2021-02-27|sevilla|barcelona,2020|2021-02-27|sevilla|barcelona,A,A,0.2382348080598409,0.27665091889522964,0.4851142730449296,0.4851142730449296,1.0481610714856033,0.20846335414969996,3.2,3.5,2.2,1.0527597402597402,0.2968388589051658,0.27139552814186585,0.4317656129529684,2.2,0.4851142730449296,0.06725140069884517,0.0560428339157043,1,1,1.2000000000000002,2.3200000000000007
2020,25,2021-02-28,cadiz,betis,2020|2021-02-28|cadiz|betis,2020|2021-02-28|cadiz|betis,A,A,0.2723278116918498,0.316575976956008,0.41109621135214225,0.41109621135214225,1.08378815364778,0.09452023439613427,3.8,3.3,2.05,1.0539930758159257,0.24967706218859564,0.28750692009595863,0.46281601771544567,2.05,0.41109621135214225,-0.15725276672810845,0.0,1,1,1.0499999999999998,3.3700000000000006
2020,25,2021-02-28,celta,valladolid,2020|2021-02-28|celta|valladolid,2020|2021-02-28|celta|valladolid,D,H,0.5634324960652671,0.2537322470646818,0.18283525687005103,0.5634324960652671,0.9819013431554982,0.30970024900058535,1.75,3.75,4.5,1.06031746031746,0.5389221556886228,0.251497005988024,0.20958083832335334,1.75,0.5634324960652671,-0.01399313188578255,0.0,1,0,-1.0,2.3700000000000006
2020,25,2021-02-28,granada,elche,2020|2021-02-28|granada|elche,2020|2021-02-28|granada|elche,H,H,0.4623464667105855,0.31536731111520583,0.2222862221742087,0.4623464667105855,1.0548838919893124,0.14697915559537966,2.1,3.1,4.0,1.0487711213517665,0.4540461369461735,0.3075796411570853,0.23837422189674112,2.1,0.4623464667105855,-0.02907241990777043,0.0,1,1,1.1,3.4700000000000006
2020,25,2021-02-28,villarreal,ath madrid,2020|2021-02-28|villarreal|ath madrid,2020|2021-02-28|villarreal|athmadrid,A,A,0.26020418994967487,0.33287042727373495,0.4069253827765903,0.4069253827765903,1.0823450295785375,0.07405495550285535,3.2,3.1,2.45,1.0432439104674127,0.2995464405442714,0.3092092289489253,0.39124433050680335,2.45,0.4069253827765903,-0.0030328121973537403,0.0,1,1,1.4500000000000002,4.920000000000001
2020,25,2021-03-01,real madrid,sociedad,2020|2021-03-01|real madrid|sociedad,2020|2021-03-01|realmadrid|sociedad,D,H,0.5243328907500673,0.20770215224459845,0.2679649570053342,0.5243328907500673,1.017842189678705,0.2563679337447331,1.83,4.0,4.0,1.046448087431694,0.5221932114882506,0.23890339425587467,0.23890339425587467,1.83,0.5243328907500673,-0.04047080992737684,0.0,1,0,-1.0,3.920000000000001
2020,26,2021-03-05,valencia,villarreal,2020|2021-03-05|valencia|villarreal,2020|2021-03-05|valencia|villarreal,H,A,0.2360344163182941,0.23428482409081525,0.5296807595908907,0.5296807595908907,1.0173814505558858,0.29364634327259653,4.0,3.4,1.95,1.0569381598793366,0.2365322868355333,0.2782732786300392,0.48519443453442734,1.95,0.5296807595908907,0.03287748120223677,0.034607874949722915,1,0,-1.0,2.920000000000001
2020,26,2021-03-06,cadiz,eibar,2020|2021-03-06|cadiz|eibar,2020|2021-03-06|cadiz|eibar,H,A,0.24985467937934594,0.3439549728250331,0.40619034779562085,0.40619034779562085,1.079551920414081,0.06223537497058773,3.25,3.2,2.3,1.0549749163879598,0.2916584109371904,0.29621557360808404,0.41212601545472566,2.3,0.40619034779562085,-0.06576220007007216,0.0,1,0,-1.0,1.9200000000000008
2020,26,2021-03-06,elche,sevilla,2020|2021-03-06|elche|sevilla,2020|2021-03-06|elche|sevilla,H,A,0.16894551494497811,0.2508626191911827,0.5801918658638393,0.5801918658638393,0.963175076389752,0.3293292466726566,6.5,3.6,1.6,1.0566239316239316,0.14560161779575329,0.262891809908999,0.5915065722952477,1.6,0.5801918658638393,-0.07169301461785704,0.0,1,0,-1.0,0.9200000000000008
2020,26,2021-03-06,osasuna,barcelona,2020|2021-03-06|osasuna|barcelona,2020|2021-03-06|osasuna|barcelona,A,A,0.11837363016789106,0.19240288159922878,0.6892234882328803,0.6892234882328803,0.8262319272353826,0.49682060663365146,5.75,4.5,1.5,1.0628019323671496,0.16363636363636366,0.2090909090909091,0.6272727272727273,1.5,0.6892234882328803,0.0338352323493204,0.0676704646986408,1,1,0.5,1.4200000000000008
2020,26,2021-03-06,valladolid,getafe,2020|2021-03-06|valladolid|getafe,2020|2021-03-06|valladolid|getafe,H,H,0.38496515741611254,0.3070063911687646,0.3080284514151229,0.38496515741611254,1.092751396341163,0.07693670600098962,3.0,2.8,2.7,1.060846560846561,0.31421446384039897,0.3366583541147132,0.34912718204488774,3.0,0.38496515741611254,0.15489547224833766,0.07744773612416883,1,1,2.0,3.420000000000001
2020,26,2021-03-07,ath bilbao,granada,2020|2021-03-07|ath bilbao|granada,2020|2021-03-07|athbilbao|granada,H,H,0.6789765362498655,0.20813898216812282,0.11288448158201163,0.6789765362498655,0.8358079593550667,0.4708375540817427,1.57,4.0,5.75,1.0608557186374965,0.600404620505123,0.2356588135482608,0.1639365659466162,1.57,0.6789765362498655,0.06599316191228893,0.11577747703910338,1,1,0.5700000000000001,3.990000000000001
2020,26,2021-03-07,ath madrid,real madrid,2020|2021-03-07|ath madrid|real madrid,2020|2021-03-07|athmadrid|realmadrid,D,D,0.3160489368273815,0.3818222796155947,0.30212878355702383,0.3818222796155947,1.093280580731644,0.06577334278821317,2.55,3.25,2.8,1.056992027580263,0.37101212924268684,0.2911018244827235,0.33788604627458974,3.25,0.3818222796155947,0.24092240875068271,0.10707662611141454,1,1,2.25,6.240000000000001
2020,26,2021-03-07,huesca,celta,2020|2021-03-07|huesca|celta,2020|2021-03-07|huesca|celta,A,A,0.32178341007422306,0.2553792468227176,0.42283734310305937,0.42283734310305937,1.0774215094419906,0.1010539330288363,3.0,3.3,2.4,1.053030303030303,0.31654676258992803,0.2877697841726619,0.3956834532374101,2.4,0.42283734310305937,0.01480962344734249,0.010578302462387494,1,1,1.4,7.640000000000001
2020,26,2021-03-07,sociedad,levante,2020|2021-03-07|sociedad|levante,2020|2021-03-07|sociedad|levante,H,H,0.7026334772707288,0.19876352716936,0.09860299555991113,0.7026334772707288,0.7975325186044329,0.5038699501013688,1.44,4.33,7.5,1.0587246599948679,0.6559254456657416,0.21813686876643598,0.1259376855678224,1.44,0.7026334772707288,0.01179220726984942,0.026800471067839594,1,1,0.43999999999999995,8.080000000000002
2020,26,2021-03-08,betis,alaves,2020|2021-03-08|betis|alaves,2020|2021-03-08|betis|alaves,H,H,0.5528713901575024,0.2931299327038187,0.15399867713867893,0.5528713901575024,0.9754618253614455,0.2597414574536837,1.72,3.8,4.75,1.0550795593635252,0.5510440835266821,0.24941995359628769,0.19953596287703013,1.72,0.5528713901575024,-0.04906120892909588,0.0,1,1,0.72,8.8
2020,27,2021-03-12,levante,valencia,2020|2021-03-12|levante|valencia,2020|2021-03-12|levante|valencia,H,H,0.4070081757928232,0.34003844628910307,0.2529533779180738,0.4070081757928232,1.0803640053177537,0.06696972950372015,2.25,3.4,3.2,1.051062091503268,0.42285270112708895,0.27982899339292655,0.29731830547998445,2.25,0.4070081757928232,-0.08423160446614775,0.0,1,1,1.25,10.05
2020,27,2021-03-13,alaves,cadiz,2020|2021-03-13|alaves|cadiz,2020|2021-03-13|alaves|cadiz,D,H,0.5164178815229057,0.24466226635381727,0.23891985212327702,0.5164178815229057,1.0277674763153568,0.2717556151690884,2.15,3.1,3.8,1.0508548189679,0.4426075521322562,0.3069697538981777,0.250422693969566,2.15,0.5164178815229057,0.11029844527424715,0.09591169154282361,1,0,-1.0,9.05
2020,27,2021-03-13,getafe,ath madrid,2020|2021-03-13|getafe|ath madrid,2020|2021-03-13|getafe|athmadrid,D,A,0.15874848760831475,0.22139916671967685,0.6198523456720084,0.6198523456720084,0.9224484017574162,0.39845317895233157,4.75,3.1,1.9,1.059422750424448,0.19871794871794876,0.3044871794871795,0.49679487179487186,1.9,0.6198523456720084,0.177719456776816,0.19746606308535114,1,0,-1.0,8.05
2020,27,2021-03-13,osasuna,valladolid,2020|2021-03-13|osasuna|valladolid,2020|2021-03-13|osasuna|valladolid,D,H,0.45032278460464786,0.28267274425773237,0.26700447113761977,0.45032278460464786,1.068987250338409,0.1676500403469155,2.2,3.1,3.6,1.0549038774845227,0.43088803088803085,0.30579150579150577,0.2633204633204633,2.2,0.45032278460464786,-0.009289873869774645,0.0,1,0,-1.0,7.050000000000001
2020,27,2021-03-13,real madrid,elche,2020|2021-03-13|real madrid|elche,2020|2021-03-13|realmadrid|elche,H,H,0.8851839718611547,0.07073992155591129,0.04407610658293403,0.8851839718611547,0.4329273083780404,0.8144440503052435,1.18,7.0,15.0,1.0569814366424537,0.8017715332926084,0.13515577275503968,0.06307269395235185,1.18,0.8851839718611547,0.04451708679616251,0.2473171488675696,1,1,0.17999999999999994,7.23
2020,27,2021-03-14,celta,ath bilbao,2020|2021-03-14|celta|ath bilbao,2020|2021-03-14|celta|athbilbao,D,A,0.3324892671482331,0.2892852105406079,0.37822552231115897,0.37822552231115897,1.092667744697413,0.04573625516292584,2.7,3.2,2.7,1.0532407407407407,0.3516483516483516,0.2967032967032967,0.3516483516483516,2.7,0.37822552231115897,0.021208910240129386,0.012475829553017284,1,0,-1.0,6.23
2020,27,2021-03-14,eibar,villarreal,2020|2021-03-14|eibar|villarreal,2020|2021-03-14|eibar|villarreal,A,A,0.3749711240900897,0.23885619524445498,0.3861726806654553,0.3861726806654553,1.0772601516391334,0.01120155657536559,2.9,3.4,2.4,1.055611899932387,0.32666132906325057,0.2786228983186549,0.39471577261809443,2.4,0.3861726806654553,-0.0731855664029073,0.0,1,1,1.4,7.630000000000001
2020,27,2021-03-14,granada,sociedad,2020|2021-03-14|granada|sociedad,2020|2021-03-14|granada|sociedad,H,A,0.11963828803234904,0.18458096345719593,0.695780748510455,0.695780748510455,0.8182803140293049,0.511199785053259,5.5,4.2,1.57,1.0568560950726555,0.1720368389470114,0.22528633671632445,0.6026768243366641,1.57,0.695780748510455,0.09237577516141443,0.16206276344107792,1,0,-1.0,6.630000000000001
2020,27,2021-03-14,sevilla,betis,2020|2021-03-14|sevilla|betis,2020|2021-03-14|sevilla|betis,H,H,0.5319350581902006,0.2735859757992943,0.19447896601050507,0.5319350581902006,1.008826913405322,0.2583490823909063,2.0,3.4,3.75,1.0607843137254902,0.47134935304990755,0.27726432532347506,0.2513863216266174,2.0,0.5319350581902006,0.06387011638040119,0.06387011638040119,1,1,1.0,7.630000000000001
2020,27,2021-03-15,barcelona,huesca,2020|2021-03-15|barcelona|huesca,2020|2021-03-15|barcelona|huesca,H,H,0.845570429990451,0.10370802449134024,0.05072154551820887,0.845570429990451,0.5280812669352273,0.7418624054991108,1.18,7.5,13.0,1.0577140373750544,0.8012162051113485,0.12605801627085214,0.07272577861779932,1.18,0.845570429990451,-0.0022268926112679333,0.0,1,1,0.17999999999999994,7.8100000000000005
2020,28,2021-03-19,betis,levante,2020|2021-03-19|betis|levante,2020|2021-03-19|betis|levante,H,H,0.538430714172432,0.25198533830119957,0.20958394752636836,0.538430714172432,1.0081755552477252,0.2864453758712325,1.72,3.8,4.5,1.0667754657962738,0.5450025497195308,0.24668536460989285,0.20831208567057619,1.72,0.538430714172432,-0.07389917162341691,0.0,1,1,0.72,8.530000000000001
2020,28,2021-03-20,ath bilbao,eibar,2020|2021-03-20|ath bilbao|eibar,2020|2021-03-20|athbilbao|eibar,D,H,0.5308366265117778,0.3222715316811001,0.146891841807122,0.5308366265117778,0.982854190632221,0.20856509483067764,1.75,3.6,4.75,1.0597326649958227,0.5392195506503745,0.2621206148994876,0.19865983445013796,1.75,0.5308366265117778,-0.07103590360438894,0.0,1,0,-1.0,7.530000000000001
2020,28,2021-03-20,celta,real madrid,2020|2021-03-20|celta|real madrid,2020|2021-03-20|celta|realmadrid,A,A,0.19126648877281038,0.27923271410344,0.5295007971237496,0.5295007971237496,1.0092589395521583,0.2502680830203096,4.33,4.0,1.72,1.0623422310542994,0.21739405199762382,0.2353290612874278,0.5472768867149485,1.72,0.5295007971237496,-0.08925862894715064,0.0,1,1,0.72,8.25
2020,28,2021-03-20,huesca,osasuna,2020|2021-03-20|huesca|osasuna,2020|2021-03-20|huesca|osasuna,D,H,0.4165805134681577,0.3480773204598488,0.23534216607199346,0.4165805134681577,1.0725990155708414,0.06850319300830893,2.45,3.2,3.0,1.0539965986394557,0.3872529245663574,0.2964905203711174,0.3162565550625252,2.45,0.4165805134681577,0.02062225799698647,0.014222246894473427,1,0,-1.0,7.250000000000001
2020,28,2021-03-20,valladolid,sevilla,2020|2021-03-20|valladolid|sevilla,2020|2021-03-20|valladolid|sevilla,D,A,0.23564999361632671,0.2502586157361303,0.514091390647543,0.514091390647543,1.0293365420773857,0.26383277491141266,4.33,3.5,1.83,1.0631092553630697,0.21723720403338773,0.2687534552755911,0.5140093406910212,1.83,0.514091390647543,-0.05921275511499635,0.0,1,0,-1.0,6.250000000000001
2020,28,2021-03-21,ath madrid,alaves,2020|2021-03-21|ath madrid|alaves,2020|2021-03-21|athmadrid|alaves,H,H,0.7360043587188141,0.19629466087448152,0.0677009804067044,0.7360043587188141,0.7274897233207516,0.5397096978443325,1.36,4.5,10.0,1.057516339869281,0.6953028430160691,0.21013597033374534,0.09456118665018541,1.36,0.7360043587188141,0.0009659278575872565,0.0026831329377423785,1,1,0.3600000000000001,6.610000000000001
2020,28,2021-03-21,getafe,elche,2020|2021-03-21|getafe|elche,2020|2021-03-21|getafe|elche,D,H,0.6143953629094955,0.21696314123954788,0.16864149585095664,0.6143953629094955,0.9309864320927772,0.3974322216699476,1.83,3.25,4.75,1.0646667109134753,0.5132574183359654,0.28900340786302053,0.19773917380101405,1.83,0.6143953629094955,0.12434351412437672,0.14981146280045388,1,0,-1.0,5.610000000000001
2020,28,2021-03-21,sociedad,barcelona,2020|2021-03-21|sociedad|barcelona,2020|2021-03-21|sociedad|barcelona,A,A,0.2473756662863966,0.3265954703172508,0.4260288633963526,0.4260288633963526,1.0745254532172934,0.09943339307910182,3.6,3.8,1.95,1.053756185335133,0.263607257203842,0.2497331910352187,0.4866595517609391,1.95,0.4260288633963526,-0.16924371637711244,0.0,1,1,0.95,6.5600000000000005
2020,28,2021-03-21,valencia,granada,2020|2021-03-21|valencia|granada,2020|2021-03-21|valencia|granada,H,H,0.589602783592474,0.20482258687604296,0.20557462953148306,0.589602783592474,0.9614677780707752,0.3840281540609909,2.0,3.5,3.75,1.0523809523809524,0.4751131221719457,0.27149321266968324,0.25339366515837103,2.0,0.589602783592474,0.17920556718494796,0.17920556718494796,1,1,1.0,7.5600000000000005
2020,28,2021-03-21,villarreal,cadiz,2020|2021-03-21|villarreal|cadiz,2020|2021-03-21|villarreal|cadiz,H,H,0.7204752313299808,0.19212522915376853,0.0873995395162507,0.7204752313299808,0.7661508101572528,0.5283500021762123,1.44,4.2,7.5,1.0658730158730159,0.6515264333581534,0.22338049143708116,0.12509307520476545,1.44,0.7204752313299808,0.03748433311517235,0.08519166617084627,1,1,0.43999999999999995,8.0
2020,29,2021-04-02,levante,huesca,2020|2021-04-02|levante|huesca,2020|2021-04-02|levante|huesca,A,H,0.42351512481259074,0.2722582230496417,0.30422665213776756,0.42351512481259074,1.0801032681359681,0.11928847267482318,2.37,3.3,3.0,1.0583045646336784,0.3986951794128308,0.28633562885103303,0.3149691917361363,2.37,0.42351512481259074,0.003730845805840155,0.0027232451137519376,1,0,-1.0,7.000000000000001
2020,29,2021-04-03,granada,villarreal,2020|2021-04-03|granada|villarreal,2020|2021-04-03|granada|villarreal,A,A,0.20826141984493915,0.25277447451888246,0.5389641056361784,0.5389641056361784,1.0075212063715533,0.2861896311172959,3.8,3.3,2.05,1.0539930758159257,0.24967706218859564,0.28750692009595863,0.46281601771544567,2.05,0.5389641056361784,0.10487641655416557,0.09988230148015771,1,1,1.0499999999999998,8.05
2020,29,2021-04-03,osasuna,getafe,2020|2021-04-03|osasuna|getafe,2020|2021-04-03|osasuna|getafe,D,H,0.3882338050163458,0.31943535645985055,0.29233083852380376,0.3882338050163458,1.0913948654469132,0.06879844855649525,2.55,2.8,3.2,1.0617997198879552,0.3693322341302556,0.33635614179719703,0.2943116240725474,2.55,0.3882338050163458,-0.010003797208318232,0.0,1,0,-1.0,7.050000000000001
2020,29,2021-04-03,real madrid,eibar,2020|2021-04-03|real madrid|eibar,2020|2021-04-03|realmadrid|eibar,H,H,0.7767269220263532,0.12524603597381692,0.09802704199982983,0.7767269220263532,0.6841173315773464,0.6514808860525363,1.33,5.5,8.0,1.0586978810663021,0.7101928819304333,0.17173755144863206,0.11806956662093454,1.33,0.7767269220263532,0.0330468062950498,0.10014183725772666,1,1,0.33000000000000007,7.380000000000001
2020,29,2021-04-04,alaves,celta,2020|2021-04-04|alaves|celta,2020|2021-04-04|alaves|celta,A,A,0.3159826637974032,0.3153160132207837,0.3687013229818131,0.3687013229818131,1.0958434295820725,0.05271865918440988,3.0,3.2,2.5,1.0458333333333334,0.31872509960159356,0.298804780876494,0.38247011952191234,2.5,0.3687013229818131,-0.07824669254546734,0.0,1,1,1.5,8.88
2020,29,2021-04-04,cadiz,valencia,2020|2021-04-04|cadiz|valencia,2020|2021-04-04|cadiz|valencia,H,D,0.3063038532265441,0.3600421252527454,0.3336540215207105,0.3600421252527454,1.0964428085809157,0.02638810373203493,3.1,3.1,2.45,1.053324555628703,0.30625,0.30625,0.3875,3.1,0.3600421252527454,0.11613058828351086,0.05530028013500517,1,0,-1.0,7.880000000000001
2020,29,2021-04-04,elche,betis,2020|2021-04-04|elche|betis,2020|2021-04-04|elche|betis,D,A,0.2524069602441651,0.3332232297777684,0.4143698099780665,0.4143698099780665,1.0787433847173151,0.08114658020029808,4.33,3.75,1.8,1.0531691044393123,0.21928755908581452,0.25320403489108717,0.5275084060230983,1.8,0.4143698099780665,-0.25413434203948027,0.0,1,0,-1.0,6.880000000000001
2020,29,2021-04-04,sevilla,ath madrid,2020|2021-04-04|sevilla|ath madrid,2020|2021-04-04|sevilla|athmadrid,H,A,0.23913045223571067,0.334976546636568,0.4258930011277215,0.4258930011277215,1.0720253127277273,0.09091645449115349,2.9,3.0,2.7,1.0485312899106,0.3288672350791718,0.31790499390986604,0.3532277710109623,2.7,0.4258930011277215,0.14991110304484812,0.08818300179108712,1,0,-1.0,5.880000000000001
2020,29,2021-04-05,barcelona,valladolid,2020|2021-04-05|barcelona|valladolid,2020|2021-04-05|barcelona|valladolid,H,H,0.882679094194003,0.07773809831416947,0.039582807491827514,0.882679094194003,0.4365547891698418,0.8049409958798336,1.12,9.0,19.0,1.0565998329156223,0.8450286617908678,0.10515912235619687,0.04981221585293536,1.12,0.882679094194003,-0.011399414502716504,0.0,1,1,0.1200000000000001,6.000000000000001
2020,29,2021-04-07,sociedad,ath bilbao,2020|2021-04-07|sociedad|ath bilbao,2020|2021-04-07|sociedad|athbilbao,D,H,0.4886992401589542,0.30268700425929423,0.2086137555817516,0.4886992401589542,1.0385947463259193,0.18601223589965998,2.1,3.3,3.6,1.0569985569985572,0.4505119453924914,0.28668941979522183,0.26279863481228666,2.1,0.4886992401589542,0.026268404333803952,0.023880367576185408,1,0,-1.0,5.000000000000001
2020,30,2021-04-09,huesca,elche,2020|2021-04-09|huesca|elche,2020|2021-04-09|huesca|elche,H,H,0.535293930733059,0.271125861193857,0.1935802080730841,0.535293930733059,1.00626308530256,0.26416806953920197,2.0,3.2,4.1,1.0564024390243902,0.4733044733044733,0.2958152958152958,0.2308802308802309,2.0,0.535293930733059,0.07058786146611795,0.07058786146611795,1,1,1.0,6.000000000000001
2020,30,2021-04-10,ath bilbao,alaves,2020|2021-04-10|ath bilbao|alaves,2020|2021-04-10|athbilbao|alaves,D,H,0.5999199386449963,0.24163385981854266,0.15844620153646105,0.5999199386449963,0.9416465588132106,0.3582860788264536,1.9,3.3,4.4,1.0566188197767146,0.49811320754716976,0.28679245283018867,0.2150943396226415,1.9,0.5999199386449963,0.1398478834254928,0.15538653713943648,1,0,-1.0,5.000000000000001
2020,30,2021-04-10,eibar,levante,2020|2021-04-10|eibar|levante,2020|2021-04-10|eibar|levante,A,H,0.5213025130531114,0.2373057988770549,0.2413916880698337,0.5213025130531114,1.0240296874546813,0.2799108249832777,2.2,3.5,3.1,1.0628403854210304,0.42767047694126925,0.2688214426487978,0.30350808040993305,2.2,0.5213025130531114,0.1468655287168451,0.1223879405973709,1,0,-1.0,4.000000000000001
2020,30,2021-04-10,getafe,cadiz,2020|2021-04-10|getafe|cadiz,2020|2021-04-10|getafe|cadiz,A,H,0.6002877634617564,0.1843424284252465,0.21536980811299705,0.6002877634617564,0.9487487747372076,0.38491795534875933,1.9,3.1,4.5,1.0711186568571969,0.49137020077492066,0.3011623811201127,0.2074674181049665,1.9,0.6002877634617564,0.14054675057733712,0.15616305619704127,1,0,-1.0,3.000000000000001
2020,30,2021-04-10,real madrid,barcelona,2020|2021-04-10|real madrid|barcelona,2020|2021-04-10|realmadrid|barcelona,H,A,0.2710456197984723,0.2681108785389859,0.46084350166254184,0.46084350166254184,1.06378439518278,0.18979788186406954,2.8,3.8,2.3,1.0550833605753516,0.3384972889233152,0.249419054996127,0.4120836560805577,2.3,0.46084350166254184,0.05994005382384615,0.04610773371065089,1,0,-1.0,2.000000000000001
2020,30,2021-04-11,betis,ath madrid,2020|2021-04-11|betis|ath madrid,2020|2021-04-11|betis|athmadrid,D,A,0.23559295273599776,0.2918150261560393,0.47259202110796295,0.47259202110796295,1.0542130278152355,0.18077699495192362,3.25,3.2,2.3,1.0549749163879598,0.2916584109371904,0.29621557360808404,0.41212601545472566,2.3,0.47259202110796295,0.08696164854831467,0.06689357580639592,1,0,-1.0,1.0000000000000007
2020,30,2021-04-11,valencia,sociedad,2020|2021-04-11|valencia|sociedad,2020|2021-04-11|valencia|sociedad,D,A,0.23025566247236062,0.1950662841665884,0.574678053361051,0.574678053361051,0.9753050459936978,0.3444223908886904,3.5,3.3,2.1,1.064935064935065,0.26829268292682923,0.2845528455284553,0.4471544715447154,2.1,0.574678053361051,0.20682391205820727,0.18802173823473387,1,0,-1.0,6.661338147750939e-16
2020,30,2021-04-11,valladolid,granada,2020|2021-04-11|valladolid|granada,2020|2021-04-11|valladolid|granada,A,H,0.5320476263435943,0.254617085151743,0.2133352885046628,0.5320476263435943,1.013628272689733,0.2774305411918513,2.05,3.4,3.6,1.059700302885382,0.4603234298608499,0.27754795035727714,0.26212861978187285,2.05,0.5320476263435943,0.09069763400436814,0.0863786990517792,1,0,-1.0,-0.9999999999999993
2020,30,2021-04-11,villarreal,osasuna,2020|2021-04-11|villarreal|osasuna,2020|2021-04-11|villarreal|osasuna,A,H,0.6502084359900279,0.2472306763854197,0.10256088762455233,0.6502084359900279,0.8589404066412446,0.40297775960460813,1.61,3.6,6.0,1.0655624568668047,0.582901554404145,0.2606865284974093,0.15641191709844557,1.61,0.6502084359900279,0.04683558194394494,0.07677964253105726,1,0,-1.0,-1.9999999999999993
2020,30,2021-04-12,celta,sevilla,2020|2021-04-12|celta|sevilla,2020|2021-04-12|celta|sevilla,A,A,0.26465466475464045,0.332253850042798,0.4030914852025615,0.4030914852025615,1.084154728116231,0.07083763515976349,3.5,3.3,2.15,1.0538608678143562,0.2711119602598395,0.28754298815437523,0.44134505158578524,2.15,0.4030914852025615,-0.13335330681449276,0.0,1,1,1.15,-0.8499999999999994
2020,31,2021-04-21,alaves,villarreal,2020|2021-04-21|alaves|villarreal,2020|2021-04-21|alaves|villarreal,H,A,0.17841631733626,0.27036656551862986,0.5512171171451101,0.5512171171451101,0.9894773796737293,0.28085055162648026,4.33,3.6,1.83,1.0551727474265618,0.2188711590403955,0.2632533662902535,0.517875474669351,1.83,0.5512171171451101,0.00872732437555157,0.010514848645242856,1,0,-1.0,-1.8499999999999994
2020,31,2021-04-21,betis,ath bilbao,2020|2021-04-21|betis|ath bilbao,2020|2021-04-21|betis|athbilbao,D,A,0.33473425704463483,0.2813403603521723,0.383925382603193,0.383925382603193,1.0906668431233322,0.049191125558558146,2.37,3.3,3.0,1.0583045646336784,0.3986951794128308,0.28633562885103303,0.3149691917361363,3.0,0.383925382603193,0.15177614780957893,0.07588807390478947,1,0,-1.0,-2.8499999999999996
2020,31,2021-04-21,cadiz,real madrid,2020|2021-04-21|cadiz|real madrid,2020|2021-04-21|cadiz|realmadrid,A,A,0.09830665712032806,0.25346151203840245,0.6482318308412695,0.6482318308412695,0.8569382264414211,0.394770318802867,9.0,4.75,1.36,1.0569315445476435,0.10512611879576893,0.19918633034987795,0.6956875508543532,1.36,0.6482318308412695,-0.11840471005587347,0.0,1,1,0.3600000000000001,-2.4899999999999993
2020,31,2021-04-21,elche,valladolid,2020|2021-04-21|elche|valladolid,2020|2021-04-21|elche|valladolid,D,A,0.32191217905557934,0.3243649977625176,0.353722823181903,0.353722823181903,1.097681350082465,0.02935782541938542,2.8,3.0,2.7,1.060846560846561,0.3366583541147132,0.31421446384039897,0.34912718204488774,2.7,0.353722823181903,-0.04494837740886182,0.0,1,0,-1.0,-3.4899999999999993
2020,31,2021-04-21,levante,sevilla,2020|2021-04-21|levante|sevilla,2020|2021-04-21|levante|sevilla,A,A,0.17398772515600336,0.211779092004122,0.6142331828398746,0.6142331828398746,0.932355927653113,0.40245409083575256,5.0,4.2,1.61,1.0592132505175984,0.18881939014855356,0.22478498827208754,0.5863956215793588,1.61,0.6142331828398746,-0.011084575627801851,0.0,1,1,0.6100000000000001,-2.879999999999999
2020,31,2021-04-21,osasuna,valencia,2020|2021-04-21|osasuna|valencia,2020|2021-04-21|osasuna|valencia,H,H,0.3704341186674832,0.3026579526096706,0.3269079287228462,0.3704341186674832,1.0951009846469777,0.04352618994463703,2.3,3.25,3.2,1.0549749163879598,0.41212601545472566,0.2916584109371904,0.29621557360808404,2.3,0.3704341186674832,-0.1480015270647887,0.0,1,1,1.2999999999999998,-1.5799999999999994
2020,31,2021-04-22,ath madrid,huesca,2020|2021-04-22|ath madrid|huesca,2020|2021-04-22|athmadrid|huesca,H,H,0.7783782773420279,0.13472578184659628,0.08689594081137579,0.7783782773420279,0.6773672542148688,0.6436524954954317,1.36,4.75,9.0,1.0569315445476435,0.6956875508543532,0.19918633034987795,0.10512611879576893,1.36,0.7783782773420279,0.058594457185158044,0.16276238106988342,1,1,0.3600000000000001,-1.2199999999999993
2020,31,2021-04-22,barcelona,getafe,2020|2021-04-22|barcelona|getafe,2020|2021-04-22|barcelona|getafe,H,H,0.8032685753687836,0.13126819609944781,0.0654632285317685,0.8032685753687836,0.6209809242998182,0.6720003792693358,1.25,5.75,13.0,1.050836120401338,0.7612985359643539,0.16549968173138127,0.0732017823042648,1.25,0.8032685753687836,0.004085719210979499,0.016342876843917997,1,1,0.25,-0.9699999999999993
2020,31,2021-04-22,granada,eibar,2020|2021-04-22|granada|eibar,2020|2021-04-22|granada|eibar,H,H,0.3895704155287438,0.3860990587829871,0.2243305256882691,0.3895704155287438,1.0699799153244247,0.0034713567457566596,2.37,3.1,3.2,1.0570215734313324,0.39917910748058427,0.305178866041608,0.29564202647780774,2.37,0.3895704155287438,-0.07671811519687721,0.0,1,1,1.37,0.4000000000000008
2020,31,2021-04-22,sociedad,celta,2020|2021-04-22|sociedad|celta,2020|2021-04-22|sociedad|celta,H,H,0.5392086434112353,0.24498486233391628,0.2158064942548484,0.5392086434112353,1.0085411768224184,0.29422378107731906,1.9,3.5,4.1,1.0559325142123601,0.49843695727683224,0.2705800625217089,0.23098298020145888,1.9,0.5392086434112353,0.024496422481347035,0.02721824720149671,1,1,0.8999999999999999,1.3000000000000007
2020,32,2021-04-24,elche,levante,2020|2021-04-24|elche|levante,2020|2021-04-24|elche|levante,H,H,0.3744666192417495,0.3586077170474865,0.26692566371076404,0.3744666192417495,1.088133856430714,0.015858902194263003,2.7,3.2,2.6,1.0674857549857548,0.3469557964970809,0.29274395329441205,0.3603002502085071,2.7,0.3744666192417495,0.011059871952723732,0.006505807031013959,1,1,1.7000000000000002,3.000000000000001
2020,32,2021-04-24,real madrid,betis,2020|2021-04-24|real madrid|betis,2020|2021-04-24|realmadrid|betis,D,H,0.749402845957449,0.13961746797682,0.11097968606573096,0.749402845957449,0.7350510288742289,0.609785377980629,1.45,4.75,6.5,1.0540276420494208,0.6543046357615894,0.1997350993377483,0.14596026490066225,1.45,0.749402845957449,0.086634126638301,0.19252028141844668,1,0,-1.0,2.000000000000001
2020,32,2021-04-24,valencia,alaves,2020|2021-04-24|valencia|alaves,2020|2021-04-24|valencia|alaves,D,H,0.5207376298523068,0.2740081680874974,0.20525420206019585,0.5207376298523068,1.019537490054948,0.24672946176480937,2.1,3.25,3.6,1.0616605616605617,0.4485336400230017,0.2898217366302473,0.26164462334675104,2.1,0.5207376298523068,0.09354902268984422,0.08504456608167656,1,0,-1.0,1.0000000000000009
2020,32,2021-04-24,valladolid,cadiz,2020|2021-04-24|valladolid|cadiz,2020|2021-04-24|valladolid|cadiz,D,H,0.6077629374820454,0.21484104809678867,0.177396014421166,0.6077629374820454,0.9398261797483314,0.3929218893852567,1.9,3.25,4.33,1.064954979383082,0.4942141214068728,0.2889251786686334,0.21686069992449386,1.9,0.6077629374820454,0.1547495812158861,0.17194397912876236,1,0,-1.0,8.881784197001252e-16
2020,32,2021-04-25,ath bilbao,ath madrid,2020|2021-04-25|ath bilbao|ath madrid,2020|2021-04-25|athbilbao|athmadrid,H,A,0.22212637700354873,0.2503715461410371,0.5275020768554142,0.5275020768554142,1.0182995626294864,0.27713053071437704,4.0,3.5,1.85,1.0762548262548262,0.2322869955156951,0.26547085201793724,0.5022421524663677,1.85,0.5275020768554142,-0.02412115781748375,0.0,1,0,-1.0,-0.9999999999999991
2020,32,2021-04-25,celta,osasuna,2020|2021-04-25|celta|osasuna,2020|2021-04-25|celta|osasuna,H,H,0.44265260609358353,0.34687996754499173,0.21046742636142476,0.44265260609358353,1.056014512730989,0.0957726385485918,2.2,3.3,3.25,1.0652680652680653,0.42669584245076586,0.2844638949671772,0.2888402625820569,2.2,0.44265260609358353,-0.02616426659411608,0.0,1,1,1.2000000000000002,0.20000000000000107
2020,32,2021-04-25,huesca,getafe,2020|2021-04-25|huesca|getafe,2020|2021-04-25|huesca|getafe,A,D,0.31922475239479475,0.38996554066550476,0.29080970693970043,0.38996554066550476,1.0909143182631797,0.07074078827071001,2.75,2.9,2.8,1.0656068069861173,0.3412481613784409,0.3235973944105905,0.3351544442109687,2.9,0.38996554066550476,0.13090006792996367,0.06889477259471773,1,0,-1.0,-0.7999999999999989
2020,32,2021-04-25,sevilla,granada,2020|2021-04-25|sevilla|granada,2020|2021-04-25|sevilla|granada,H,H,0.7245170971690773,0.16722455743581816,0.10825834539510458,0.7245170971690773,0.7732266598229542,0.5572925397332591,1.4,4.75,7.5,1.0581453634085214,0.6750355281856939,0.19895783988630977,0.1260066319279962,1.4,0.7245170971690773,0.014323936036708174,0.03580984009177044,1,1,0.3999999999999999,-0.399999999999999
2020,32,2021-04-25,villarreal,barcelona,2020|2021-04-25|villarreal|barcelona,2020|2021-04-25|villarreal|barcelona,A,A,0.16966164645007764,0.3114483875590925,0.5188899659908299,0.5188899659908299,1.0047071478989502,0.20744157843173744,4.5,4.2,1.66,1.0627270988716773,0.20910563253554074,0.2240417491452222,0.5668526183192371,1.66,0.5188899659908299,-0.1386426564552224,0.0,1,1,0.6599999999999999,0.2600000000000009
2020,32,2021-04-26,eibar,sociedad,2020|2021-04-26|eibar|sociedad,2020|2021-04-26|eibar|sociedad,A,A,0.2583609725833666,0.24586071346472313,0.4957783139519102,0.4957783139519102,1.0424564108630048,0.2374173413685436,4.0,3.6,1.85,1.0683183183183182,0.23401264933239635,0.26001405481377377,0.5059732958538299,1.85,0.4957783139519102,-0.08281011918896614,0.0,1,1,0.8500000000000001,1.110000000000001
2020,33,2021-04-18,alaves,huesca,2020|2021-04-18|alaves|huesca,2020|2021-04-18|alaves|huesca,H,H,0.4211732879464613,0.2873002381320985,0.29152647392144027,0.4211732879464613,1.0818645561740328,0.12964681402502104,2.37,3.1,3.25,1.0522138811236401,0.4010030050349261,0.3065732651396048,0.2924237298254692,2.37,0.4211732879464613,-0.001819307566886641,0.0,1,1,1.37,2.4800000000000013
2020,33,2021-04-18,ath madrid,eibar,2020|2021-04-18|ath madrid|eibar,2020|2021-04-18|athmadrid|eibar,H,H,0.6881260422734571,0.22712853351985104,0.08474542420669184,0.6881260422734571,0.8030292881247307,0.460997508753606,1.4,4.33,9.0,1.0563437076139155,0.6761868406440866,0.21862853970016655,0.1051846196557468,1.4,0.6881260422734571,-0.03662354081716013,0.0,1,1,0.3999999999999999,2.880000000000001
2020,33,2021-04-18,betis,valencia,2020|2021-04-18|betis|valencia,2020|2021-04-18|betis|valencia,D,H,0.5110423089262423,0.2797265386057511,0.2092311524680067,0.5110423089262423,1.026723357300855,0.23131577032049117,1.85,3.6,4.2,1.0564135564135564,0.5116751269035532,0.2629441624365482,0.22538071065989848,1.85,0.5110423089262423,-0.05457172848645181,0.0,1,0,-1.0,1.880000000000001
2020,33,2021-04-18,cadiz,celta,2020|2021-04-18|cadiz|celta,2020|2021-04-18|cadiz|celta,D,A,0.23721084891205008,0.3688166948167004,0.3939724562712496,0.3939724562712496,1.0761538214738877,0.02515576145454923,3.6,3.5,2.05,1.051296941540844,0.2642238998342847,0.2717731541152642,0.46400294605045117,2.05,0.3939724562712496,-0.19235646464393835,0.0,1,0,-1.0,0.880000000000001
2020,33,2021-04-18,getafe,real madrid,2020|2021-04-18|getafe|real madrid,2020|2021-04-18|getafe|realmadrid,D,A,0.15544964477524864,0.24105600039445732,0.603494354830294,0.603494354830294,0.937091675369596,0.3624383544358367,6.0,3.75,1.61,1.0544513457556937,0.15806008246612996,0.25289613194580796,0.5890437855880619,1.61,0.603494354830294,-0.02837408872322661,0.0,1,0,-1.0,-0.119999999999999
2020,33,2021-04-18,levante,villarreal,2020|2021-04-18|levante|villarreal,2020|2021-04-18|levante|villarreal,A,A,0.20200047541809965,0.2174655291371334,0.5805339954447669,0.5805339954447669,0.970585582956536,0.3630684663076335,3.75,3.4,2.05,1.0485891917742707,0.25430995165556874,0.2804889172671714,0.4652011310772599,2.05,0.5805339954447669,0.1900946906617721,0.18104256253502107,1,1,1.0499999999999998,0.9300000000000008
2020,33,2021-04-18,osasuna,elche,2020|2021-04-18|osasuna|elche,2020|2021-04-18|osasuna|elche,H,H,0.5034851936746881,0.3009498564389881,0.19556494988632386,0.5034851936746881,1.0260112674379942,0.20253533723570005,1.9,3.3,4.33,1.0602929747210774,0.4963871326339192,0.28579865212255956,0.21781421524352113,1.9,0.5034851936746881,-0.0433781320180926,0.0,1,1,0.8999999999999999,1.8300000000000007
2020,33,2021-04-18,sociedad,sevilla,2020|2021-04-18|sociedad|sevilla,2020|2021-04-18|sociedad|sevilla,A,A,0.34593710026579205,0.3066424953989645,0.3474204043352435,0.3474204043352435,1.0969850695069208,0.0014833040694514632,2.9,3.25,2.45,1.0606831592053267,0.3250995202613045,0.29008880269470244,0.384811677043993,2.45,0.3474204043352435,-0.14882000937865325,0.0,1,1,1.4500000000000002,3.280000000000001
2020,33,2021-04-28,ath bilbao,valladolid,2020|2021-04-28|ath bilbao|valladolid,2020|2021-04-28|athbilbao|valladolid,D,H,0.5670891148469236,0.23294430584715878,0.1999665793059176,0.5670891148469236,0.982931748589899,0.33414480899976484,1.85,3.2,5.0,1.0530405405405405,0.5133140840551812,0.2967597048444017,0.18992621110041707,1.85,0.5670891148469236,0.049114862466808684,0.05778219113742197,1,0,-1.0,2.280000000000001
2020,33,2021-04-29,barcelona,granada,2020|2021-04-29|barcelona|granada,2020|2021-04-29|barcelona|granada,A,H,0.8702339641619262,0.0827095141752416,0.04705652166283211,0.8702339641619262,0.4709273117439162,0.7875244499866846,1.14,8.0,17.0,1.0610165118679051,0.8267477203647416,0.11781155015197567,0.05544072948328267,1.14,0.8702339641619262,-0.007933280855404193,0.0,1,0,-1.0,1.280000000000001
2020,34,2021-04-30,celta,levante,2020|2021-04-30|celta|levante,2020|2021-04-30|celta|levante,H,H,0.5947547169641513,0.25432066229630035,0.15092462073954843,0.5947547169641513,0.9426384020516383,0.3404340546678509,1.8,3.75,4.33,1.0531691044393123,0.5275084060230983,0.25320403489108717,0.21928755908581452,1.8,0.5947547169641513,0.0705584905354723,0.08819811316934038,1,1,0.8,2.080000000000001
2020,34,2021-05-01,eibar,alaves,2020|2021-05-01|eibar|alaves,2020|2021-05-01|eibar|alaves,H,H,0.41141720055124453,0.3039051501567191,0.2846776492920365,0.41141720055124453,1.0850306040427584,0.10751205039452544,2.5,3.1,3.0,1.0559139784946237,0.3788187372708758,0.3054989816700611,0.3156822810590631,2.5,0.41141720055124453,0.028543001378111277,0.019028667585407517,1,1,1.5,3.580000000000001
2020,34,2021-05-01,elche,ath madrid,2020|2021-05-01|elche|ath madrid,2020|2021-05-01|elche|athmadrid,A,A,0.11792671626951484,0.1929639931126413,0.6891092906178439,0.6891092906178439,0.8261588824233603,0.49614529750520253,9.0,4.33,1.4,1.0563437076139155,0.1051846196557468,0.21862853970016655,0.6761868406440866,1.4,0.6891092906178439,-0.03524699313501867,0.0,1,1,0.3999999999999999,3.980000000000001
2020,34,2021-05-01,huesca,sociedad,2020|2021-05-01|huesca|sociedad,2020|2021-05-01|huesca|sociedad,H,A,0.24120219358487,0.26107253876262265,0.49772526765250735,0.49772526765250735,1.0408940012322518,0.2366527288898847,3.75,3.5,2.0,1.0523809523809524,0.25339366515837103,0.27149321266968324,0.4751131221719457,2.0,0.49772526765250735,-0.004549464694985295,0.0,1,0,-1.0,2.980000000000001
2020,34,2021-05-01,real madrid,osasuna,2020|2021-05-01|real madrid|osasuna,2020|2021-05-01|realmadrid|osasuna,H,H,0.7716382796246479,0.12603968795117212,0.10232203242418,0.7716382796246479,0.6943436001640502,0.6455985916734758,1.36,5.0,8.5,1.0529411764705883,0.6983240223463686,0.18994413407821228,0.11173184357541899,1.36,0.7716382796246479,0.049428060289521236,0.1373001674708923,1,1,0.3600000000000001,3.3400000000000007
2020,34,2021-05-02,granada,cadiz,2020|2021-05-02|granada|cadiz,2020|2021-05-02|granada|cadiz,A,H,0.43777588976152426,0.4038762146158984,0.15834789562257745,0.43777588976152426,1.0196260316077255,0.03389967514562586,1.85,3.3,4.75,1.0540971593603172,0.5127995419972192,0.28747853111965327,0.1997219268831275,1.85,0.43777588976152426,-0.19011460394118007,0.0,1,0,-1.0,2.3400000000000007
2020,34,2021-05-02,valencia,barcelona,2020|2021-05-02|valencia|barcelona,2020|2021-05-02|valencia|barcelona,A,A,0.13657441004798918,0.16471455307022004,0.6987110368817908,0.6987110368817908,0.8194740300156247,0.5339964838115707,7.0,5.5,1.36,1.0599694423223833,0.13477477477477479,0.17153153153153156,0.6936936936936937,1.36,0.6987110368817908,-0.04975298984076443,0.0,1,1,0.3600000000000001,2.700000000000001
2020,34,2021-05-02,valladolid,betis,2020|2021-05-02|valladolid|betis,2020|2021-05-02|valladolid|betis,D,A,0.36013200375343307,0.2782453778911715,0.3616226183553954,0.3616226183553954,1.0915691408934804,0.0014906146019623145,3.0,3.5,2.3,1.0538302277432714,0.3163064833005893,0.2711198428290766,0.41257367387033395,2.3,0.3616226183553954,-0.16826797778259062,0.0,1,0,-1.0,1.700000000000001
2020,34,2021-05-02,villarreal,getafe,2020|2021-05-02|villarreal|getafe,2020|2021-05-02|villarreal|getafe,H,H,0.46364565207641334,0.3640406704202613,0.1723136775033254,0.46364565207641334,1.027236527852652,0.09960498165615206,2.1,2.9,4.1,1.064920501421763,0.44716058668672426,0.32380594208349,0.22903347122978562,2.1,0.46364565207641334,-0.026344130639531893,0.0,1,1,1.1,2.800000000000001
2020,34,2021-05-03,sevilla,ath bilbao,2020|2021-05-03|sevilla|ath bilbao,2020|2021-05-03|sevilla|athbilbao,A,H,0.5846783604229528,0.25091116257192736,0.1644104770051198,0.5846783604229528,0.9575418007111011,0.3337671978510255,1.57,4.0,5.75,1.0608557186374965,0.600404620505123,0.2356588135482608,0.1639365659466162,1.57,0.5846783604229528,-0.08205497413596402,0.0,1,0,-1.0,1.8000000000000012
2020,35,2021-05-07,sociedad,elche,2020|2021-05-07|sociedad|elche,2020|2021-05-07|sociedad|elche,H,H,0.7110788367478884,0.1578330510291731,0.1310881122229385,0.7110788367478884,0.8002081300625374,0.5532457857187153,1.45,4.1,8.0,1.0585576114381834,0.6515046181348694,0.23041016982818555,0.11808521203694508,1.45,0.7110788367478884,0.03106431328443815,0.06903180729875145,1,1,0.44999999999999996,2.250000000000001
2020,35,2021-05-08,alaves,levante,2020|2021-05-08|alaves|levante,2020|2021-05-08|alaves|levante,D,H,0.5569938480413297,0.25847460029964,0.1845315516590304,0.5569938480413297,0.9875049368146073,0.2985192477416897,2.1,3.4,3.5,1.0560224089635852,0.4509283819628648,0.2785145888594165,0.27055702917771884,2.1,0.5569938480413297,0.1696870808867924,0.15426098262435672,1,0,-1.0,1.250000000000001
2020,35,2021-05-08,ath bilbao,osasuna,2020|2021-05-08|ath bilbao|osasuna,2020|2021-05-08|athbilbao|osasuna,D,H,0.5294561288739449,0.293763537534428,0.176780333591627,0.5294561288739449,1.0028716168050984,0.23569259133951687,1.8,3.5,4.75,1.0517961570593148,0.5281969817315331,0.27164416203335984,0.20015885623510724,1.8,0.5294561288739449,-0.04697896802689916,0.0,1,0,-1.0,0.2500000000000011
2020,35,2021-05-08,barcelona,ath madrid,2020|2021-05-08|barcelona|ath madrid,2020|2021-05-08|barcelona|athmadrid,D,H,0.5682145204916871,0.25419457931328243,0.1775909001950305,0.5682145204916871,0.9762712528137485,0.31401994117840465,1.75,3.8,4.5,1.0568086883876355,0.540711462450593,0.24901185770750991,0.21027667984189727,1.75,0.5682145204916871,-0.005624589139547609,0.0,1,0,-1.0,-0.7499999999999989
2020,35,2021-05-08,cadiz,huesca,2020|2021-05-08|cadiz|huesca,2020|2021-05-08|cadiz|huesca,H,D,0.26174363235650544,0.42642223264608525,0.31183413499740936,0.42642223264608525,1.0776642087953052,0.11458809764867589,3.6,3.2,2.15,1.0553940568475453,0.2631981637337414,0.29609793420045905,0.4407039020657995,3.2,0.42642223264608525,0.36455114446747283,0.16570506566703308,1,0,-1.0,-1.749999999999999
2020,35,2021-05-09,getafe,eibar,2020|2021-05-09|getafe|eibar,2020|2021-05-09|getafe|eibar,A,H,0.4996210180272674,0.33737015263148995,0.16300882934124275,0.4996210180272674,1.008957583365087,0.16225086539577743,2.15,3.1,3.75,1.0543635908977245,0.44113461720899344,0.3059482022578503,0.25291718053315626,2.15,0.4996210180272674,0.07418518875862479,0.06450885979010852,1,0,-1.0,-2.749999999999999
2020,35,2021-05-09,real madrid,sevilla,2020|2021-05-09|real madrid|sevilla,2020|2021-05-09|realmadrid|sevilla,D,H,0.5010384641552899,0.23973488387458625,0.2592266519701238,0.5010384641552899,1.0386179888783345,0.24181181218516606,1.9,3.75,3.75,1.0596491228070175,0.4966887417218543,0.25165562913907286,0.25165562913907286,1.9,0.5010384641552899,-0.0480269181049493,0.0,1,0,-1.0,-3.749999999999999
2020,35,2021-05-09,valencia,valladolid,2020|2021-05-09|valencia|valladolid,2020|2021-05-09|valencia|valladolid,H,H,0.4512255635771193,0.3370259641767447,0.21174847224613597,0.4512255635771193,1.0543367564554658,0.11419959940037461,2.05,3.3,3.8,1.0539930758159257,0.46281601771544567,0.28750692009595863,0.24967706218859564,2.05,0.4512255635771193,-0.07498759466690552,0.0,1,1,1.0499999999999998,-2.6999999999999993
2020,35,2021-05-09,villarreal,celta,2020|2021-05-09|villarreal|celta,2020|2021-05-09|villarreal|celta,A,H,0.5019811144525996,0.28488080287747514,0.2131380826699252,0.5019811144525996,1.0331542017673492,0.2171003115751245,1.95,3.6,3.8,1.0537561853351327,0.4866595517609392,0.26360725720384204,0.24973319103521877,1.95,0.5019811144525996,-0.02113682681743073,0.0,1,0,-1.0,-3.6999999999999993
2020,35,2021-05-10,betis,granada,2020|2021-05-10|betis|granada,2020|2021-05-10|betis|granada,H,H,0.6007439227911949,0.22182836621859867,0.17742771099020643,0.6007439227911949,0.9469781247555673,0.37891555657259623,1.75,3.8,4.75,1.045112781954887,0.5467625899280576,0.2517985611510791,0.20143884892086333,1.75,0.6007439227911949,0.0513018648845911,0.06840248651278813,1,1,0.75,-2.9499999999999993
2020,36,2021-05-11,elche,alaves,2020|2021-05-11|elche|alaves,2020|2021-05-11|elche|alaves,A,H,0.3656468067068476,0.36144535608524536,0.2729078372079069,0.3656468067068476,1.0900993827379075,0.004201450621602265,2.9,3.0,2.6,1.0627763041556144,0.32445923460898507,0.3136439267886855,0.36189683860232946,2.9,0.3656468067068476,0.06037573944985819,0.03177670497360958,1,0,-1.0,-3.9499999999999993
2020,36,2021-05-11,levante,barcelona,2020|2021-05-11|levante|barcelona,2020|2021-05-11|levante|barcelona,D,A,0.07393497074327351,0.08372994174259968,0.8423350875141268,0.8423350875141268,0.5447579421958426,0.758605145771527,12.0,8.0,1.18,1.0557909604519775,0.07892976588628761,0.11839464882943143,0.802675585284281,1.18,0.8423350875141268,-0.006044596733330465,0.0,1,0,-1.0,-4.949999999999999
2020,36,2021-05-11,osasuna,cadiz,2020|2021-05-11|osasuna|cadiz,2020|2021-05-11|osasuna|cadiz,H,H,0.5956071762777713,0.2317900560949441,0.17260276762728463,0.5956071762777713,0.950709446117512,0.3638171201828272,1.95,3.4,4.0,1.0569381598793364,0.48519443453442745,0.27827327863003926,0.23653228683553335,1.95,0.5956071762777713,0.1614339937416539,0.16993051972805676,1,1,0.95,-3.999999999999999
2020,36,2021-05-12,ath madrid,sociedad,2020|2021-05-12|ath madrid|sociedad,2020|2021-05-12|athmadrid|sociedad,H,H,0.5560355609226859,0.2650665574187736,0.17889788165854048,0.5560355609226859,0.9861711880854354,0.2909690035039123,1.6,4.0,5.5,1.0568181818181819,0.5913978494623655,0.23655913978494622,0.17204301075268816,1.6,0.5560355609226859,-0.1103431025237025,0.0,1,1,0.6000000000000001,-3.399999999999999
2020,36,2021-05-12,celta,getafe,2020|2021-05-12|celta|getafe,2020|2021-05-12|celta|getafe,H,H,0.3951074996337231,0.3248929117294451,0.2799995886368318,0.3951074996337231,1.0885900661808132,0.07021458790427798,2.35,3.25,3.0,1.066557555919258,0.39897698209718674,0.28849104859335045,0.3125319693094629,2.35,0.3951074996337231,-0.07149737586075067,0.0,1,1,1.35,-2.049999999999999
2020,36,2021-05-12,huesca,ath bilbao,2020|2021-05-12|huesca|ath bilbao,2020|2021-05-12|huesca|athbilbao,H,A,0.32242856953359955,0.3294276863859857,0.3481437440804148,0.3481437440804148,1.0980847144062307,0.018716057694429133,2.5,3.2,2.9,1.0573275862068967,0.3783122706889523,0.29555646147574394,0.32613126783530366,2.9,0.3481437440804148,0.009616857833202985,0.005061504122738414,1,0,-1.0,-3.049999999999999
2020,36,2021-05-12,sevilla,valencia,2020|2021-05-12|sevilla|valencia,2020|2021-05-12|sevilla|valencia,H,H,0.6689645466948079,0.18891819069348625,0.14211726261170585,0.6689645466948079,0.861046389691074,0.4800463560013216,1.44,4.5,7.0,1.0595238095238095,0.6554307116104868,0.2097378277153558,0.1348314606741573,1.44,0.6689645466948079,-0.036691052759476706,0.0,1,1,0.43999999999999995,-2.609999999999999
2020,36,2021-05-13,eibar,betis,2020|2021-05-13|eibar|betis,2020|2021-05-13|eibar|betis,D,H,0.3588426243114176,0.2865310612930802,0.35462631439550224,0.3588426243114176,1.0935428838360144,0.004216309915915373,2.8,3.25,2.55,1.0569920275802631,0.3378860462745897,0.2911018244827234,0.37101212924268673,2.8,0.3588426243114176,0.004759348071969205,0.0026440822622051142,1,0,-1.0,-3.609999999999999
2020,36,2021-05-13,granada,real madrid,2020|2021-05-13|granada|real madrid,2020|2021-05-13|granada|realmadrid,A,A,0.13185313126541295,0.26594938781916727,0.6021974809154198,0.6021974809154198,0.9247961012149191,0.33624809309625253,8.0,4.5,1.4,1.0615079365079365,0.11775700934579439,0.20934579439252335,0.6728971962616822,1.4,0.6021974809154198,-0.15692352671841234,0.0,1,1,0.3999999999999999,-3.209999999999999
2020,36,2021-05-13,valladolid,villarreal,2020|2021-05-13|valladolid|villarreal,2020|2021-05-13|valladolid|villarreal,A,A,0.28150662749169103,0.24446600134317883,0.47402737116513016,0.47402737116513016,1.0550685248232035,0.19252074367343913,3.8,3.5,1.95,1.0616926932716408,0.24786635191574355,0.2691120392228073,0.483021608861449,1.95,0.47402737116513016,-0.07564662622799623,0.0,1,1,0.95,-2.259999999999999
2020,37,2021-05-16,alaves,granada,2020|2021-05-16|alaves|granada,2020|2021-05-16|alaves|granada,H,H,0.5978217300129748,0.1891003709758596,0.2130778990111656,0.5978217300129748,0.951938550231983,0.3847438310018092,1.83,3.75,4.0,1.0631147540983605,0.5140066820868672,0.2508352608583912,0.23515805705474174,1.83,0.5978217300129748,0.09401376592374389,0.1132695974984866,1,1,0.8300000000000001,-1.429999999999999
2020,37,2021-05-16,ath bilbao,real madrid,2020|2021-05-16|ath bilbao|real madrid,2020|2021-05-16|athbilbao|realmadrid,A,A,0.206323771154473,0.26188240205691954,0.5317938267886074,0.5317938267886074,1.012355760228698,0.2699114247316879,5.0,4.2,1.6,1.063095238095238,0.18812989921612544,0.22396416573348263,0.5879059350503919,1.6,0.5317938267886074,-0.14912987713822806,0.0,1,1,0.6000000000000001,-0.829999999999999
2020,37,2021-05-16,ath madrid,osasuna,2020|2021-05-16|ath madrid|osasuna,2020|2021-05-16|athmadrid|osasuna,H,H,0.7897892905999193,0.1345222790814581,0.07568843031862259,0.7897892905999193,0.6515984468750408,0.6552670115184612,1.22,5.75,15.0,1.0602518412924686,0.7730919195088065,0.16402993770447719,0.06287814278671626,1.22,0.7897892905999193,-0.03645706546809846,0.0,1,1,0.21999999999999997,-0.609999999999999
2020,37,2021-05-16,barcelona,celta,2020|2021-05-16|barcelona|celta,2020|2021-05-16|barcelona|celta,A,H,0.8120345808437773,0.12730895439059892,0.06065646476562383,0.8120345808437773,0.6014685144490204,0.6847256264531785,1.2,7.5,11.0,1.0575757575757576,0.7879656160458453,0.12607449856733524,0.08595988538681948,1.2,0.8120345808437773,-0.02555850298746723,0.0,1,0,-1.0,-1.609999999999999
2020,37,2021-05-16,betis,huesca,2020|2021-05-16|betis|huesca,2020|2021-05-16|betis|huesca,H,H,0.6039098613123001,0.2146345087990152,0.18145562988868474,0.6039098613123001,0.9445519742582824,0.3892753525132849,1.75,3.8,4.33,1.0655333483825036,0.5362840799830516,0.24697293157114222,0.2167429884458061,1.75,0.6039098613123001,0.056842257296525145,0.07578967639536686,1,1,0.75,-0.859999999999999
2020,37,2021-05-16,cadiz,elche,2020|2021-05-16|cadiz|elche,2020|2021-05-16|cadiz|elche,A,D,0.3297511500799935,0.34166405335740846,0.32858479656259804,0.34166405335740846,1.0984557418422425,0.011912903277414955,3.2,3.1,2.35,1.0606125600549072,0.2946410515672397,0.3041456016177958,0.4012133468149647,3.1,0.34166405335740846,0.05915856540796627,0.028170745432364887,1,0,-1.0,-1.859999999999999
2020,37,2021-05-16,getafe,levante,2020|2021-05-16|getafe|levante,2020|2021-05-16|getafe|levante,H,H,0.6531587379329955,0.20994513798865963,0.1368961240783448,0.6531587379329955,0.8781309278971943,0.44321359994433585,1.61,3.8,5.75,1.0581889506374633,0.5869632375656471,0.24868705591597154,0.1643497065183812,1.61,0.6531587379329955,0.051585568072122834,0.08456650503626692,1,1,0.6100000000000001,-1.249999999999999
2020,37,2021-05-16,sociedad,valladolid,2020|2021-05-16|sociedad|valladolid,2020|2021-05-16|sociedad|valladolid,H,H,0.6247342102805541,0.24576460009847137,0.12950118962097454,0.6247342102805541,0.9035033535264059,0.37896961018208275,1.61,3.75,6.0,1.0544513457556937,0.5890437855880619,0.25289613194580796,0.15806008246612996,1.61,0.6247342102805541,0.005822078551692145,0.009544391068347776,1,1,0.6100000000000001,-0.6399999999999988
2020,37,2021-05-16,valencia,eibar,2020|2021-05-16|valencia|eibar,2020|2021-05-16|valencia|eibar,H,H,0.3928452183639296,0.33523544977590036,0.2719193318601699,0.3928452183639296,1.0875439960739461,0.05760976858802924,2.87,3.4,2.37,1.0644906310779945,0.3273228017012012,0.27629895320071984,0.39637824509807906,2.87,0.3928452183639296,0.127465776704478,0.06816351695426631,1,1,1.87,1.2300000000000013
2020,37,2021-05-16,villarreal,sevilla,2020|2021-05-16|villarreal|sevilla,2020|2021-05-16|villarreal|sevilla,H,H,0.3730654482136052,0.31142768241738744,0.3155068693690074,0.3730654482136052,1.0951116761727802,0.05755857884459781,2.37,3.4,2.87,1.0644906310779947,0.396378245098079,0.2762989532007198,0.3273228017012011,2.37,0.3730654482136052,-0.11583488773375561,0.0,1,1,1.37,2.6000000000000014
2020,38,2021-05-21,levante,cadiz,2020|2021-05-21|levante|cadiz,2020|2021-05-21|levante|cadiz,D,H,0.6412441798329782,0.18411224040932567,0.17464357975769607,0.6412441798329782,0.901244594616307,0.45713193942365254,1.75,4.1,4.1,1.0592334494773519,0.5394736842105263,0.23026315789473686,0.23026315789473686,1.75,0.6412441798329782,0.12217731470771187,0.16290308627694916,1,0,-1.0,1.6000000000000014
2020,38,2021-05-22,celta,betis,2020|2021-05-22|celta|betis,2020|2021-05-22|celta|betis,A,D,0.26370549536829363,0.39027198769774446,0.3460225169339619,0.39027198769774446,1.085927191887099,0.04424947076378255,3.2,3.8,2.1,1.0518483709273183,0.29709605361131797,0.2501861504095309,0.4527177959791511,3.8,0.39027198769774446,0.48303355325142894,0.17251198330408177,1,0,-1.0,0.6000000000000014
2020,38,2021-05-22,eibar,barcelona,2020|2021-05-22|eibar|barcelona,2020|2021-05-22|eibar|barcelona,A,A,0.1703640293964153,0.18713854678538572,0.6424974238181991,0.6424974238181991,0.8993759338340246,0.45535887703281336,4.33,4.75,1.65,1.0475338040671698,0.22046723582610164,0.20097329076358317,0.5785594734103152,1.65,0.6424974238181991,0.06012074930002842,0.0924934604615822,1,1,0.6499999999999999,1.2500000000000013
2020,38,2021-05-22,elche,ath bilbao,2020|2021-05-22|elche|ath bilbao,2020|2021-05-22|elche|athbilbao,H,H,0.4675685260577867,0.2919836864825051,0.24044778745970824,0.4675685260577867,1.057597398030571,0.1755848395752816,1.95,3.6,3.8,1.0537561853351327,0.4866595517609392,0.26360725720384204,0.24973319103521877,1.95,0.4675685260577867,-0.08824137418731598,0.0,1,1,0.95,2.200000000000001
2020,38,2021-05-22,huesca,valencia,2020|2021-05-22|huesca|valencia,2020|2021-05-22|huesca|valencia,D,H,0.5772639808269386,0.2115750383208605,0.2111609808522009,0.5772639808269386,0.9741778355870064,0.36568894250607814,1.65,4.2,5.0,1.044155844155844,0.5804311774461028,0.22802653399668327,0.19154228855721395,1.65,0.5772639808269386,-0.0475144316355513,0.0,1,0,-1.0,1.2000000000000013
2020,38,2021-05-22,osasuna,sociedad,2020|2021-05-22|osasuna|sociedad,2020|2021-05-22|osasuna|sociedad,A,A,0.18851030112294223,0.2708603123954784,0.5406293864815793,0.5406293864815793,1.0008321153341773,0.2697690740861009,5.0,4.33,1.61,1.0520648946394502,0.1901023416131962,0.21951771548867918,0.5903799428981247,1.61,0.5406293864815793,-0.12958668776465726,0.0,1,1,0.6100000000000001,1.8100000000000014
2020,38,2021-05-22,real madrid,villarreal,2020|2021-05-22|real madrid|villarreal,2020|2021-05-22|realmadrid|villarreal,H,H,0.6965441556694725,0.1690589208598692,0.13439692347065832,0.6965441556694725,0.8221196744111816,0.5274852348096033,1.4,5.0,6.5,1.0681318681318683,0.6687242798353908,0.18724279835390945,0.14403292181069957,1.4,0.6965441556694725,-0.02483818206273858,0.0,1,1,0.3999999999999999,2.2100000000000013
2020,38,2021-05-22,valladolid,ath madrid,2020|2021-05-22|valladolid|ath madrid,2020|2021-05-22|valladolid|athmadrid,A,A,0.1165740561485589,0.169123079026834,0.714302864824607,0.714302864824607,0.791423671818633,0.545179785797773,9.0,5.25,1.33,1.0534670008354219,0.10547184773988898,0.18080888183980967,0.7137192704203014,1.33,0.714302864824607,-0.04997718978327259,0.0,1,1,0.33000000000000007,2.5400000000000014
2020,38,2021-05-23,granada,getafe,2020|2021-05-23|granada|getafe,2020|2021-05-23|granada|getafe,D,H,0.37092927298378253,0.32711087477751394,0.30195985223870353,0.37092927298378253,1.0949840860527635,0.043818398206268594,2.62,3.4,2.6,1.0604124209871852,0.35993485342019543,0.2773615635179153,0.3627035830618892,2.62,0.37092927298378253,-0.028165304782489686,0.0,1,0,-1.0,1.5400000000000014
2020,38,2021-05-23,sevilla,alaves,2020|2021-05-23|sevilla|alaves,2020|2021-05-23|sevilla|alaves,H,H,0.6747437784967739,0.2091898969476805,0.11606632455554558,0.6747437784967739,0.8426991747317203,0.4655538815490934,1.5,4.33,6.5,1.0514597027299106,0.6340391980175715,0.2196440639783735,0.14631673800405498,1.5,0.6747437784967739,0.012115667745160874,0.024231335490321748,1,1,0.5,2.0400000000000014
