Season,Matchday,Date,HomeTeam_norm,AwayTeam_norm,pred_key,pred_key_match,y_true,y_pred,proba_H,proba_D,proba_A,conf_maxprob,entropy,margin_top12,B365H,B365D,B365A,overround,pH_mkt,pD_mkt,pA_mkt,odds_pick,p_pick,ev_pick,kelly_pick,bet_placed,correct,profit,cum_profit_season
2015,1,2015-08-21,malaga,sevilla,2015|2015-08-21|malaga|sevilla,2015|2015-08-21|malaga|sevilla,D,A,0.18108278309135123,0.3120259182129632,0.5068912986956856,0.5068912986956856,1.0172530624831326,0.1948653804827224,3.4,3.4,2.15,1.0533515731874146,0.2792207792207792,0.2792207792207792,0.44155844155844154,2.15,0.5068912986956856,0.08981629219572407,0.07810112364845571,1,0,-1.0,-1.0
2015,1,2015-08-22,ath madrid,las palmas,2015|2015-08-22|ath madrid|las palmas,2015|2015-08-22|athmadrid|laspalmas,H,H,0.8550601362058878,0.08369639971099029,0.061243464083121806,0.8550601362058878,0.5125489310802248,0.7713637364948975,1.2,6.5,15.0,1.0538461538461539,0.7907542579075426,0.14598540145985403,0.0632603406326034,1.2,0.8550601362058878,0.026072163447065366,0.13036081723532686,1,1,0.19999999999999996,-0.8
2015,1,2015-08-22,espanol,getafe,2015|2015-08-22|espanol|getafe,2015|2015-08-22|espanol|getafe,H,H,0.4897284078792845,0.3295385014657326,0.18073309065498275,0.4897284078792845,1.0246136555798584,0.1601899064135519,1.91,3.4,4.33,1.0486247386999974,0.4992827177367116,0.28047940908150565,0.2202378731817827,1.91,0.4897284078792845,-0.06461874095056663,0.0,1,1,0.9099999999999999,0.10999999999999988
2015,1,2015-08-22,la coruna,sociedad,2015|2015-08-22|la coruna|sociedad,2015|2015-08-22|lacoruna|sociedad,D,D,0.27879348320235503,0.4372271777572691,0.28397933904037587,0.4372271777572691,1.0753059931820386,0.15324783871689324,2.5,3.2,3.0,1.0458333333333334,0.38247011952191234,0.298804780876494,0.31872509960159356,3.2,0.4372271777572691,0.39912696882326126,0.18142134946511873,1,1,2.2,2.31
2015,1,2015-08-22,vallecano,valencia,2015|2015-08-22|vallecano|valencia,2015|2015-08-22|vallecano|valencia,D,A,0.2023066823644771,0.3399043238708322,0.4577889937646907,0.4577889937646907,1.0477598594948603,0.11788466989385848,3.6,3.5,2.05,1.051296941540844,0.2642238998342847,0.2717731541152642,0.46400294605045117,2.05,0.4577889937646907,-0.061532562782384226,0.0,1,0,-1.0,1.31
2015,1,2015-08-23,ath bilbao,barcelona,2015|2015-08-23|ath bilbao|barcelona,2015|2015-08-23|athbilbao|barcelona,A,A,0.10562117069582404,0.20474206386773966,0.6896367654364363,0.6896367654364363,0.8184095475440398,0.48489470156869663,6.5,4.33,1.5,1.0514597027299106,0.14631673800405498,0.2196440639783735,0.6340391980175715,1.5,0.6896367654364363,0.03445514815465439,0.06891029630930878,1,1,0.5,1.81
2015,1,2015-08-23,betis,villarreal,2015|2015-08-23|betis|villarreal,2015|2015-08-23|betis|villarreal,D,A,0.18887784333322025,0.336033329232105,0.47508882743467484,0.47508882743467484,1.0348401250806538,0.13905549820256985,2.8,3.25,2.6,1.0494505494505495,0.3403141361256544,0.2931937172774869,0.3664921465968586,2.6,0.47508882743467484,0.2352309513301546,0.1470193445813466,1,0,-1.0,0.81
2015,1,2015-08-23,levante,celta,2015|2015-08-23|levante|celta,2015|2015-08-23|levante|celta,A,A,0.16551038018293807,0.37713696767746635,0.45735265213959564,0.45735265213959564,1.0232581990966152,0.08021568446212929,3.6,3.3,2.15,1.0459243598778483,0.26558113419427287,0.28972487366647953,0.4446939921392476,2.15,0.45735265213959564,-0.01669179789986941,0.0,1,1,1.15,1.96
2015,1,2015-08-23,sp gijon,real madrid,2015|2015-08-23|sp gijon|real madrid,2015|2015-08-23|spgijon|realmadrid,D,A,0.043962140436495635,0.07806130264256858,0.8779765569209357,0.8779765569209357,0.4506889756158553,0.7999152542783671,13.0,6.5,1.22,1.0504413619167718,0.07322929171668667,0.14645858343337334,0.78031212484994,1.22,0.8779765569209357,0.0711313994435415,0.32332454292518864,1,0,-1.0,0.96
2015,1,2015-08-24,granada,eibar,2015|2015-08-24|granada|eibar,2015|2015-08-24|granada|eibar,A,H,0.4499732410582713,0.3456702391669023,0.20435651977482638,0.4499732410582713,1.0510244910611402,0.10430300189136898,1.91,3.3,4.5,1.0488127346766092,0.49919322307382,0.2889269866881807,0.21187979023799916,1.91,0.4499732410582713,-0.14055110957870187,0.0,1,0,-1.0,-0.040000000000000036
2015,2,2015-08-28,villarreal,espanol,2015|2015-08-28|villarreal|espanol,2015|2015-08-28|villarreal|espanol,H,H,0.6101902877236038,0.1991985676093025,0.1906111446670937,0.6101902877236038,0.9387637985611073,0.41099172011430135,1.57,3.8,6.5,1.0539467237422318,0.6043404859191113,0.24968804286658017,0.14597147121430842,1.57,0.6101902877236038,-0.042001248273941916,0.0,1,1,0.5700000000000001,0.53
2015,2,2015-08-29,barcelona,malaga,2015|2015-08-29|barcelona|malaga,2015|2015-08-29|barcelona|malaga,H,H,0.9695872993551811,0.0075612781616077596,0.02285142248321122,0.9695872993551811,0.15322979052762603,0.9467358768719698,1.1,10.0,26.0,1.0475524475524476,0.8678237650200267,0.09546061415220294,0.036715620827770364,1.1,0.9695872993551811,0.06654602929069926,0.665460292906992,1,1,0.10000000000000009,0.6300000000000001
2015,2,2015-08-29,celta,vallecano,2015|2015-08-29|celta|vallecano,2015|2015-08-29|celta|vallecano,H,H,0.7589840608168626,0.1333711101856611,0.10764482899747632,0.7589840608168626,0.7179320288220076,0.6256129506312016,1.53,4.33,6.0,1.0512083201255868,0.6217557060086298,0.21969658895916944,0.15854770503220061,1.53,0.7589840608168626,0.1612456130497999,0.30423700575433943,1,1,0.53,1.1600000000000001
2015,2,2015-08-29,real madrid,betis,2015|2015-08-29|real madrid|betis,2015|2015-08-29|realmadrid|betis,H,H,0.9606385179066842,0.009114408893832379,0.030247073199483516,0.9606385179066842,0.1872100455703159,0.9303914447072007,1.1,10.0,26.0,1.0475524475524476,0.8678237650200267,0.09546061415220294,0.036715620827770364,1.1,0.9606385179066842,0.056702369697352706,0.5670236969735265,1,1,0.10000000000000009,1.2600000000000002
2015,2,2015-08-29,sociedad,sp gijon,2015|2015-08-29|sociedad|sp gijon,2015|2015-08-29|sociedad|spgijon,D,H,0.5188681183263183,0.2228308783188385,0.25830100335484313,0.5188681183263183,1.0246215513143626,0.26056711497147517,1.85,3.5,4.5,1.0484770484770483,0.5155482815057284,0.27250409165302786,0.2119476268412439,1.85,0.5188681183263183,-0.040093981096311126,0.0,1,0,-1.0,0.26000000000000023
2015,2,2015-08-30,eibar,ath bilbao,2015|2015-08-30|eibar|ath bilbao,2015|2015-08-30|eibar|athbilbao,H,A,0.1679333941434714,0.3486267902562235,0.483439815600305,0.483439815600305,1.018369161035546,0.13481302534408152,4.0,3.1,2.1,1.0487711213517663,0.23837422189674118,0.30757964115708536,0.45404613694617363,2.1,0.483439815600305,0.015223612760640548,0.013839647964218679,1,0,-1.0,-0.7399999999999998
2015,2,2015-08-30,getafe,granada,2015|2015-08-30|getafe|granada,2015|2015-08-30|getafe|granada,A,H,0.3516675775738659,0.3458630344151452,0.3024693880109889,0.3516675775738659,1.0964093384654277,0.005804543158720699,2.05,3.2,4.0,1.0503048780487805,0.46444121915820036,0.29753265602322204,0.23802612481857766,2.05,0.3516675775738659,-0.27908146597357497,0.0,1,0,-1.0,-1.7399999999999998
2015,2,2015-08-30,las palmas,levante,2015|2015-08-30|las palmas|levante,2015|2015-08-30|laspalmas|levante,D,D,0.34476209113404294,0.4121814958335179,0.24305641303243924,0.4121814958335179,1.0762443359959546,0.06741940469947494,1.91,3.3,4.5,1.0488127346766092,0.49919322307382,0.2889269866881807,0.21187979023799916,3.3,0.4121814958335179,0.36019893625060895,0.1566082331524387,1,1,2.3,0.56
2015,2,2015-08-30,sevilla,ath madrid,2015|2015-08-30|sevilla|ath madrid,2015|2015-08-30|sevilla|athmadrid,A,H,0.36713592215634383,0.3601436390853897,0.27272043875826635,0.36713592215634383,1.0900240791151843,0.0069922830709541195,2.8,3.2,2.63,1.0498709940249866,0.3401778496362166,0.29765561843168953,0.36216653193209375,2.8,0.36713592215634383,0.027980582037762658,0.015544767798757034,1,0,-1.0,-0.43999999999999995
2015,2,2015-08-30,valencia,la coruna,2015|2015-08-30|valencia|la coruna,2015|2015-08-30|valencia|lacoruna,D,H,0.8099071846519069,0.0936762227310857,0.0964165926170074,0.8099071846519069,0.6181000656680662,0.7134905920348995,1.44,4.33,8.0,1.0503913266615346,0.661129263749351,0.2198674687757657,0.11900326747488318,1.44,0.8099071846519069,0.16626634589874595,0.3778780588607863,1,0,-1.0,-1.44
2015,3,2015-09-11,levante,sevilla,2015|2015-09-11|levante|sevilla,2015|2015-09-11|levante|sevilla,D,A,0.12384073255278835,0.2711863948604482,0.6049728725867635,0.6049728725867635,0.9166000453216592,0.33378647772631526,4.75,3.75,1.75,1.0486215538847117,0.20076481835564056,0.25430210325047803,0.5449330783938815,1.75,0.6049728725867635,0.05870252702683609,0.07827003603578146,1,0,-1.0,-2.44
2015,3,2015-09-12,ath madrid,barcelona,2015|2015-09-12|ath madrid|barcelona,2015|2015-09-12|athmadrid|barcelona,A,A,0.17552772803745403,0.3474808761077445,0.47699139585480155,0.47699139585480155,1.025810204026607,0.12951051974705707,3.3,3.2,2.3,1.050312911725955,0.28851430811446493,0.29753038024304196,0.4139553116424932,2.3,0.47699139585480155,0.09708021046604343,0.07467708497387957,1,1,1.2999999999999998,-1.1400000000000001
2015,3,2015-09-12,betis,sociedad,2015|2015-09-12|betis|sociedad,2015|2015-09-12|betis|sociedad,H,D,0.3083378350914924,0.39239050466854347,0.29927166023996415,0.39239050466854347,1.0909005548773854,0.0840526695770511,2.3,3.3,3.2,1.0503129117259553,0.41395531164249316,0.2885143081144649,0.2975303802430419,3.3,0.39239050466854347,0.2948886654061933,0.12821246322008406,1,0,-1.0,-2.14
2015,3,2015-09-12,espanol,real madrid,2015|2015-09-12|espanol|real madrid,2015|2015-09-12|espanol|realmadrid,A,A,0.11756286050933062,0.14796442830531994,0.7344727111853495,0.7344727111853495,0.7610645075372655,0.5865082828800295,10.0,5.0,1.33,1.0518796992481203,0.09506790564689065,0.1901358112937813,0.7147962830593281,1.33,0.7344727111853495,-0.0231512941234851,0.0,1,1,0.33000000000000007,-1.81
2015,3,2015-09-12,sp gijon,valencia,2015|2015-09-12|sp gijon|valencia,2015|2015-09-12|spgijon|valencia,A,A,0.12414652756045402,0.3528608698491026,0.5229926025904434,0.5229926025904434,0.9655721242050714,0.17013173274134086,3.4,3.2,2.25,1.051062091503268,0.27982899339292655,0.29731830547998445,0.42285270112708895,2.25,0.5229926025904434,0.1767333558284978,0.14138668466279825,1,1,1.25,-0.56
2015,3,2015-09-13,ath bilbao,getafe,2015|2015-09-13|ath bilbao|getafe,2015|2015-09-13|athbilbao|getafe,H,H,0.6483174611234598,0.1821655909778384,0.1695169478987018,0.6483174611234598,0.8920222294547702,0.46615187014562137,1.57,3.75,7.0,1.0464664846830452,0.6086603675149267,0.25482580719958264,0.1365138252854907,1.57,0.6483174611234598,0.01785841396383192,0.031330550813740206,1,1,0.5700000000000001,0.010000000000000009
2015,3,2015-09-13,celta,las palmas,2015|2015-09-13|celta|las palmas,2015|2015-09-13|celta|laspalmas,D,H,0.755066788719634,0.13109578559912696,0.11383742568123906,0.755066788719634,0.725866172446621,0.623971003120507,1.5,4.2,7.0,1.0476190476190474,0.6363636363636365,0.2272727272727273,0.13636363636363638,1.5,0.755066788719634,0.13260018307945093,0.26520036615890186,1,0,-1.0,-0.99
2015,3,2015-09-13,granada,villarreal,2015|2015-09-13|granada|villarreal,2015|2015-09-13|granada|villarreal,A,A,0.19178346049165912,0.36040588514127003,0.4478106543670709,0.4478106543670709,1.0442762464481168,0.08740476922580087,3.5,3.1,2.25,1.0527393753200205,0.2714007782101167,0.306420233463035,0.42217898832684825,2.25,0.4478106543670709,0.007573972325909506,0.0060591778607276044,1,1,1.25,0.26
2015,3,2015-09-13,malaga,eibar,2015|2015-09-13|malaga|eibar,2015|2015-09-13|malaga|eibar,D,H,0.506154780363344,0.24871214807575232,0.2451330715609036,0.506154780363344,1.0353658680777102,0.25744263228759173,1.75,3.5,5.25,1.0476190476190474,0.5454545454545455,0.27272727272727276,0.18181818181818185,1.75,0.506154780363344,-0.11422913436414794,0.0,1,0,-1.0,-0.74
2015,3,2015-09-14,vallecano,la coruna,2015|2015-09-14|vallecano|la coruna,2015|2015-09-14|vallecano|lacoruna,A,H,0.42025680341636995,0.2724206568935211,0.307322539690109,0.42025680341636995,1.0811708936980682,0.11293426372626097,2.1,3.5,3.5,1.0476190476190474,0.4545454545454546,0.27272727272727276,0.27272727272727276,2.1,0.42025680341636995,-0.11746071282562309,0.0,1,0,-1.0,-1.74
2015,4,2015-09-18,getafe,malaga,2015|2015-09-18|getafe|malaga,2015|2015-09-18|getafe|malaga,H,A,0.279266945808596,0.33521101855591856,0.3855220356354854,0.3855220356354854,1.0900763091370709,0.050311017079566867,2.6,3.1,2.9,1.0520236159835714,0.36559577063847093,0.3066287108580724,0.3277755185034567,2.9,0.3855220356354854,0.11801390334290762,0.062112580706793485,1,0,-1.0,-2.74
2015,4,2015-09-19,eibar,ath madrid,2015|2015-09-19|eibar|ath madrid,2015|2015-09-19|eibar|athmadrid,A,A,0.1483335735014423,0.34248991411435553,0.5091765123842021,0.5091765123842021,0.9937201950068322,0.1666865982698466,7.0,3.75,1.57,1.0464664846830452,0.1365138252854907,0.25482580719958264,0.6086603675149267,1.57,0.5091765123842021,-0.2005928755568026,0.0,1,1,0.5700000000000001,-2.17
2015,4,2015-09-19,real madrid,granada,2015|2015-09-19|real madrid|granada,2015|2015-09-19|realmadrid|granada,H,H,0.9531600814643534,0.016741520197874733,0.03009839833777196,0.9531600814643534,0.21963913683040426,0.9230616831265814,1.06,15.0,26.0,1.0485244315432996,0.8997369999538595,0.06358141466340607,0.03668158538273428,1.06,0.9531600814643534,0.010349686352214636,0.17249477253691045,1,1,0.06000000000000005,-2.11
2015,4,2015-09-19,sociedad,espanol,2015|2015-09-19|sociedad|espanol,2015|2015-09-19|sociedad|espanol,A,H,0.3942261054026912,0.34662842626283713,0.2591454683344716,0.3942261054026912,1.0841523770893087,0.04759767913985408,2.0,3.4,4.0,1.0441176470588236,0.4788732394366197,0.28169014084507044,0.23943661971830985,2.0,0.3942261054026912,-0.21154778919461759,0.0,1,0,-1.0,-3.11
2015,4,2015-09-19,valencia,betis,2015|2015-09-19|valencia|betis,2015|2015-09-19|valencia|betis,D,H,0.7547842859148819,0.1264212221310927,0.11879449195402533,0.7547842859148819,0.7268697263889272,0.6283630637837891,1.5,4.33,6.5,1.0514597027299106,0.6340391980175715,0.2196440639783735,0.14631673800405498,1.5,0.7547842859148819,0.13217642887232284,0.2643528577446457,1,0,-1.0,-4.109999999999999
2015,4,2015-09-20,barcelona,levante,2015|2015-09-20|barcelona|levante,2015|2015-09-20|barcelona|levante,H,H,0.9511372688146565,0.022579369762385008,0.026283361422958406,0.9511372688146565,0.22888145212478503,0.9248539073916981,1.06,12.0,29.0,1.0612123183691173,0.8889797169570326,0.07852654166453787,0.03249374137842947,1.06,0.9511372688146565,0.008205504943535988,0.13675841572559969,1,1,0.06000000000000005,-4.05
2015,4,2015-09-20,la coruna,sp gijon,2015|2015-09-20|la coruna|sp gijon,2015|2015-09-20|lacoruna|spgijon,A,H,0.41252676719294173,0.396563187402985,0.19091004540407328,0.41252676719294173,1.0482007799813053,0.015963579789956717,2.05,3.1,4.2,1.0484807613053089,0.46524924066464185,0.30766482043952115,0.22708593889583706,2.05,0.41252676719294173,-0.15432012725446947,0.0,1,0,-1.0,-5.05
2015,4,2015-09-20,las palmas,vallecano,2015|2015-09-20|las palmas|vallecano,2015|2015-09-20|laspalmas|vallecano,A,H,0.4016995503844955,0.35100490397075196,0.24729554564475265,0.4016995503844955,1.07937098156162,0.05069464641374355,1.91,3.5,4.0,1.0592744951383695,0.4942630185348632,0.26972639011473964,0.23601059135039718,1.91,0.4016995503844955,-0.23275385876561355,0.0,1,0,-1.0,-6.05
2015,4,2015-09-20,sevilla,celta,2015|2015-09-20|sevilla|celta,2015|2015-09-20|sevilla|celta,A,H,0.578934433430857,0.22686858790654094,0.19419697866260202,0.578934433430857,0.9712252030779555,0.3520658455243161,1.8,3.75,4.33,1.0531691044393123,0.5275084060230983,0.25320403489108717,0.21928755908581452,1.8,0.578934433430857,0.04208198017554271,0.05260247521942839,1,0,-1.0,-7.05
2015,4,2015-09-20,villarreal,ath bilbao,2015|2015-09-20|villarreal|ath bilbao,2015|2015-09-20|villarreal|athbilbao,H,H,0.4196651537772744,0.30881916285251715,0.2715156833702084,0.4196651537772744,1.0812414064944238,0.11084599092475728,2.0,3.5,3.75,1.0523809523809524,0.4751131221719457,0.27149321266968324,0.25339366515837103,2.0,0.4196651537772744,-0.16066969244545115,0.0,1,1,1.0,-6.05
2015,5,2015-09-22,ath madrid,getafe,2015|2015-09-22|ath madrid|getafe,2015|2015-09-22|athmadrid|getafe,H,H,0.8117265128277839,0.09173461815339849,0.09653886901881759,0.8117265128277839,0.6141497307145558,0.7151876438089663,1.25,5.5,15.0,1.0484848484848486,0.7630057803468208,0.17341040462427745,0.06358381502890173,1.25,0.8117265128277839,0.014658141034729816,0.05863256413891926,1,1,0.25,-5.8
2015,5,2015-09-22,espanol,valencia,2015|2015-09-22|espanol|valencia,2015|2015-09-22|espanol|valencia,H,A,0.22904980865886057,0.30925038963080753,0.4616998017103319,0.4616998017103319,1.0573349720125336,0.1524494120795244,3.25,3.25,2.3,1.0501672240802677,0.2929936305732484,0.2929936305732484,0.41401273885350315,2.3,0.4616998017103319,0.061909543933763356,0.0476227261028949,1,0,-1.0,-6.8
2015,5,2015-09-22,granada,sociedad,2015|2015-09-22|granada|sociedad,2015|2015-09-22|granada|sociedad,A,D,0.3280803939409357,0.3935236931933949,0.2783959128656694,0.3935236931933949,1.088638113726823,0.06544329925245923,2.4,3.1,3.2,1.051747311827957,0.39616613418530355,0.30670926517571884,0.2971246006389776,3.1,0.3935236931933949,0.2199234488995243,0.10472545185691633,1,0,-1.0,-7.8
2015,5,2015-09-23,ath bilbao,real madrid,2015|2015-09-23|ath bilbao|real madrid,2015|2015-09-23|athbilbao|realmadrid,A,A,0.16509983383464877,0.14217526432271646,0.6927249018426347,0.6927249018426347,0.8290339507596636,0.5276250680079859,5.25,4.2,1.62,1.0458553791887124,0.1821247892074199,0.22765598650927488,0.5902192242833053,1.62,0.6927249018426347,0.12221434098506828,0.19711990481462624,1,1,0.6200000000000001,-7.18
2015,5,2015-09-23,celta,barcelona,2015|2015-09-23|celta|barcelona,2015|2015-09-23|celta|barcelona,H,A,0.1915004936328084,0.14208980257671777,0.6664097037904739,0.6664097037904739,0.8642465034425675,0.4749092101576655,6.5,4.5,1.5,1.0427350427350426,0.1475409836065574,0.21311475409836067,0.639344262295082,1.5,0.6664097037904739,-0.0003854443142891073,0.0,1,0,-1.0,-8.18
2015,5,2015-09-23,las palmas,sevilla,2015|2015-09-23|las palmas|sevilla,2015|2015-09-23|laspalmas|sevilla,H,A,0.18326335775909086,0.3108190433560331,0.5059175988848762,0.5059175988848762,1.0188956825178905,0.1950985555288431,3.3,3.4,2.2,1.0516934046345812,0.288135593220339,0.2796610169491525,0.43220338983050843,2.2,0.5059175988848762,0.11301871754672776,0.09418226462227312,1,0,-1.0,-9.18
2015,5,2015-09-23,levante,eibar,2015|2015-09-23|levante|eibar,2015|2015-09-23|levante|eibar,D,D,0.2670641197633864,0.39567966831021867,0.3372562119263949,0.39567966831021867,1.0860182861386192,0.05842345638382379,2.38,3.1,3.25,1.0504410200804888,0.39999205971097346,0.30709067810068286,0.2929172621883437,3.1,0.39567966831021867,0.22660697176167788,0.10790808179127517,1,1,2.1,-7.08
2015,5,2015-09-23,malaga,villarreal,2015|2015-09-23|malaga|villarreal,2015|2015-09-23|malaga|villarreal,A,A,0.27465873998282325,0.3225080870368072,0.4028331729803695,0.4028331729803695,1.0861491373070082,0.0803250859435623,2.63,3.3,2.75,1.046894803548796,0.36319612590799033,0.28945630640545894,0.34734756768655073,2.75,0.4028331729803695,0.10779122569601629,0.06159498611200931,1,1,1.75,-5.33
2015,5,2015-09-23,vallecano,sp gijon,2015|2015-09-23|vallecano|sp gijon,2015|2015-09-23|vallecano|spgijon,H,H,0.4211200928957169,0.3289229211934599,0.2499569859108232,0.4211200928957169,1.076497173228677,0.092197171702257,2.25,3.4,3.2,1.051062091503268,0.42285270112708895,0.27982899339292655,0.29731830547998445,2.25,0.4211200928957169,-0.052479790984637065,0.0,1,1,1.25,-4.08
2015,5,2015-09-24,betis,la coruna,2015|2015-09-24|betis|la coruna,2015|2015-09-24|betis|lacoruna,A,H,0.3605491243626597,0.3100724786398565,0.3293783969974839,0.3605491243626597,1.0966755779237256,0.031170727365175788,2.25,3.3,3.3,1.0505050505050504,0.42307692307692313,0.2884615384615385,0.2884615384615385,2.25,0.3605491243626597,-0.18876447018401565,0.0,1,0,-1.0,-5.08
2015,6,2015-09-25,valencia,granada,2015|2015-09-25|valencia|granada,2015|2015-09-25|valencia|granada,H,H,0.6652709502346238,0.1835416041481113,0.15118744561726483,0.6652709502346238,0.8679276382081662,0.4817293460865125,1.45,4.5,7.5,1.0452107279693488,0.6598240469208211,0.21260997067448678,0.12756598240469208,1.45,0.6652709502346238,-0.03535712215979553,0.0,1,1,0.44999999999999996,-4.63
2015,6,2015-09-26,barcelona,las palmas,2015|2015-09-26|barcelona|las palmas,2015|2015-09-26|barcelona|laspalmas,H,H,0.9491679643067084,0.02499345188146585,0.025838583811825692,0.9491679643067084,0.23618492878707115,0.9233293804948827,1.08,11.0,26.0,1.0552965552965552,0.8774082709534912,0.08614553932997915,0.03644618971652964,1.08,0.9491679643067084,0.025101401451245092,0.31376751814056336,1,1,0.08000000000000007,-4.55
2015,6,2015-09-26,eibar,celta,2015|2015-09-26|eibar|celta,2015|2015-09-26|eibar|celta,D,A,0.18066820796686278,0.24043935296381425,0.578892439069323,0.578892439069323,0.9682802365806229,0.3384530861055087,3.75,3.4,2.05,1.0485891917742707,0.25430995165556874,0.2804889172671714,0.4652011310772599,2.05,0.578892439069323,0.18672950009211198,0.17783761913534477,1,0,-1.0,-5.55
2015,6,2015-09-26,real madrid,malaga,2015|2015-09-26|real madrid|malaga,2015|2015-09-26|realmadrid|malaga,D,H,0.9444705075562402,0.0276320596994069,0.027897432744352885,0.9444705075562402,0.2529747833658764,0.9165730748118873,1.11,10.0,21.0,1.0485199485199486,0.8592119798698906,0.09537252976555788,0.045415490364551364,1.11,0.9444705075562402,0.04836226338742669,0.4396569398856968,1,0,-1.0,-6.55
2015,6,2015-09-26,sevilla,vallecano,2015|2015-09-26|sevilla|vallecano,2015|2015-09-26|sevilla|vallecano,H,H,0.7517300011408323,0.12378565262108206,0.12448434623808571,0.7517300011408323,0.732513217282636,0.6272456549027466,1.44,4.75,7.0,1.0478279030910609,0.6627466613514053,0.20091688259916285,0.13633645604943193,1.44,0.7517300011408323,0.0824912016427985,0.18748000373363297,1,1,0.43999999999999995,-6.109999999999999
2015,6,2015-09-26,villarreal,ath madrid,2015|2015-09-26|villarreal|ath madrid,2015|2015-09-26|villarreal|athmadrid,H,D,0.22345939196380096,0.4374951779721343,0.3390454300640648,0.4374951779721343,1.0632510391306118,0.09844974790806948,2.9,3.1,2.6,1.0520236159835714,0.3277755185034567,0.3066287108580724,0.36559577063847093,3.1,0.4374951779721343,0.35623505171361636,0.16963573891124586,1,0,-1.0,-7.109999999999999
2015,6,2015-09-27,getafe,levante,2015|2015-09-27|getafe|levante,2015|2015-09-27|getafe|levante,H,H,0.418515504404664,0.3317850311048016,0.2496994644905344,0.418515504404664,1.077049434226496,0.08673047329986239,1.95,3.3,4.2,1.0539460539460541,0.48657187993680884,0.287519747235387,0.22590837282780407,1.95,0.418515504404664,-0.18389476641090519,0.0,1,1,0.95,-6.16
2015,6,2015-09-27,la coruna,espanol,2015|2015-09-27|la coruna|espanol,2015|2015-09-27|lacoruna|espanol,H,H,0.4108127527028849,0.2879285600405452,0.3012586872565698,0.4108127527028849,1.0853956674860763,0.10955406544631513,2.1,3.3,3.75,1.0458874458874459,0.4552980132450331,0.2897350993377484,0.25496688741721857,2.1,0.4108127527028849,-0.13729321932394167,0.0,1,1,1.1,-5.06
2015,6,2015-09-27,sociedad,ath bilbao,2015|2015-09-27|sociedad|ath bilbao,2015|2015-09-27|sociedad|athbilbao,D,D,0.3385713652426694,0.3418943476999058,0.31953428705742476,0.3418943476999058,1.0981726944395986,0.0033229824572363897,2.4,3.2,3.0,1.0625,0.39215686274509803,0.29411764705882354,0.3137254901960784,3.2,0.3418943476999058,0.09406191263969854,0.04275541483622661,1,1,2.2,-2.8599999999999994
2015,6,2015-09-27,sp gijon,betis,2015|2015-09-27|sp gijon|betis,2015|2015-09-27|spgijon|betis,A,H,0.3827031447650565,0.32760208820594483,0.28969476702899866,0.3827031447650565,1.0920848780505656,0.05510105655911168,2.3,3.2,3.3,1.0503129117259553,0.41395531164249316,0.2975303802430419,0.2885143081144649,2.3,0.3827031447650565,-0.11978276704037011,0.0,1,0,-1.0,-3.8599999999999994
2015,7,2015-10-02,celta,getafe,2015|2015-10-02|celta|getafe,2015|2015-10-02|celta|getafe,D,H,0.7460055888083393,0.15223553562828426,0.1017588755633764,0.7460055888083393,0.737687370135302,0.593770053180055,1.44,4.5,7.5,1.05,0.6613756613756613,0.21164021164021163,0.12698412698412698,1.44,0.7460055888083393,0.07424804788400863,0.1687455633727469,1,0,-1.0,-4.859999999999999
2015,7,2015-10-03,espanol,sp gijon,2015|2015-10-03|espanol|sp gijon,2015|2015-10-03|espanol|spgijon,A,H,0.40581403166043645,0.35163633482399,0.24254963351557365,0.40581403166043645,1.0770864242751865,0.054177696836446465,2.0,3.3,4.0,1.053030303030303,0.47482014388489213,0.2877697841726619,0.23741007194244607,2.0,0.40581403166043645,-0.18837193667912716,0.0,1,0,-1.0,-5.859999999999999
2015,7,2015-10-03,granada,la coruna,2015|2015-10-03|granada|la coruna,2015|2015-10-03|granada|lacoruna,D,A,0.29701723677111597,0.30012975469903064,0.4028530085298534,0.4028530085298534,1.0880541598979945,0.10272325383082276,2.6,3.2,2.8,1.0542582417582418,0.3648208469055374,0.29641693811074915,0.33876221498371334,2.8,0.4028530085298534,0.12798842388358944,0.07110467993532747,1,0,-1.0,-6.859999999999999
2015,7,2015-10-03,las palmas,eibar,2015|2015-10-03|las palmas|eibar,2015|2015-10-03|laspalmas|eibar,A,H,0.3876140039920304,0.2943466870489121,0.3180393089590575,0.3876140039920304,1.091684017590484,0.06957469503297287,2.1,3.3,3.75,1.0458874458874459,0.4552980132450331,0.2897350993377484,0.25496688741721857,2.1,0.3876140039920304,-0.18601059161673617,0.0,1,0,-1.0,-7.859999999999999
2015,7,2015-10-03,malaga,sociedad,2015|2015-10-03|malaga|sociedad,2015|2015-10-03|malaga|sociedad,H,A,0.30221203819640585,0.32652165077346923,0.371266311030125,0.371266311030125,1.094961103058289,0.044744660256655744,2.38,3.1,3.3,1.045779015418484,0.40177519440735215,0.30845966538370906,0.28976514020893884,3.3,0.371266311030125,0.22517882639941234,0.09790383756496189,1,0,-1.0,-8.86
2015,7,2015-10-03,sevilla,barcelona,2015|2015-10-03|sevilla|barcelona,2015|2015-10-03|sevilla|barcelona,H,A,0.24560448972206608,0.1727516711534376,0.5816438391244964,0.5816438391244964,0.9633624831379832,0.3360393494024303,4.0,3.6,1.91,1.0513379872018616,0.23779222575736617,0.2642135841748513,0.49799419006778256,1.91,0.5816438391244964,0.11093973272778801,0.12191179420636046,1,0,-1.0,-9.86
2015,7,2015-10-04,ath bilbao,valencia,2015|2015-10-04|ath bilbao|valencia,2015|2015-10-04|athbilbao|valencia,H,H,0.3880977116585048,0.23487817841652026,0.3770241099249748,0.3880977116585048,1.0753657407100694,0.011073601733530003,2.3,3.3,3.2,1.0503129117259553,0.41395531164249316,0.2885143081144649,0.2975303802430419,2.3,0.3880977116585048,-0.107375263185439,0.0,1,1,1.2999999999999998,-8.559999999999999
2015,7,2015-10-04,ath madrid,real madrid,2015|2015-10-04|ath madrid|real madrid,2015|2015-10-04|athmadrid|realmadrid,D,A,0.23817862605719056,0.17989582769412266,0.5819255462486869,0.5819255462486869,0.9653742027432592,0.34374692019149633,3.2,3.3,2.3,1.050312911725955,0.29753038024304196,0.28851430811446493,0.4139553116424932,2.3,0.5819255462486869,0.33842875637197967,0.26032981259383053,1,0,-1.0,-9.559999999999999
2015,7,2015-10-04,levante,villarreal,2015|2015-10-04|levante|villarreal,2015|2015-10-04|levante|villarreal,H,A,0.17696204093428627,0.26195992467886986,0.5610780343868439,0.5610780343868439,0.9816227748824726,0.29911810970797403,4.33,3.4,1.91,1.0486247386999974,0.2202378731817827,0.28047940908150565,0.4992827177367116,1.91,0.5610780343868439,0.07165904567887182,0.0787462040427163,1,0,-1.0,-10.559999999999999
2015,7,2015-10-04,vallecano,betis,2015|2015-10-04|vallecano|betis,2015|2015-10-04|vallecano|betis,A,A,0.34091889555197613,0.28066307236543203,0.37841803208259184,0.37841803208259184,1.091206976345151,0.037499136530615707,2.2,3.5,3.2,1.0527597402597402,0.4317656129529684,0.27139552814186585,0.2968388589051658,3.2,0.37841803208259184,0.2109377026642939,0.0958807739383154,1,1,2.2,-8.36
2015,8,2015-10-17,barcelona,vallecano,2015|2015-10-17|barcelona|vallecano,2015|2015-10-17|barcelona|vallecano,H,H,0.8936255495701314,0.05616411493988385,0.050210335489984714,0.8936255495701314,0.41243390788074374,0.8374614346302476,1.14,9.0,15.0,1.0549707602339182,0.8314855875831485,0.10532150776053213,0.06319290465631928,1.14,0.8936255495701314,0.01873312650994971,0.13380804649964087,1,1,0.1399999999999999,-8.219999999999999
2015,8,2015-10-17,betis,espanol,2015|2015-10-17|betis|espanol,2015|2015-10-17|betis|espanol,A,H,0.38393255711238855,0.3367640003158012,0.2793034425718102,0.38393255711238855,1.0902983674660431,0.047168556796587324,2.0,3.3,4.0,1.053030303030303,0.47482014388489213,0.2877697841726619,0.23741007194244607,2.0,0.38393255711238855,-0.23213488577522284,0.0,1,0,-1.0,-9.219999999999999
2015,8,2015-10-17,eibar,sevilla,2015|2015-10-17|eibar|sevilla,2015|2015-10-17|eibar|sevilla,D,A,0.23934833721736848,0.29310635326879436,0.46754530951383705,0.46754530951383705,1.0573901482039751,0.1744389562450427,3.6,3.4,2.1,1.0480859010270773,0.26503340757238314,0.28062360801781744,0.4543429844097996,2.1,0.46754530951383705,-0.01815485002094208,0.0,1,0,-1.0,-10.219999999999999
2015,8,2015-10-17,real madrid,levante,2015|2015-10-17|real madrid|levante,2015|2015-10-17|realmadrid|levante,H,H,0.9065264665327194,0.05539108682599378,0.038082446641286856,0.9065264665327194,0.3736805856894292,0.8511353797067256,1.08,12.0,23.0,1.0527375201288243,0.8795411089866157,0.07915869980879542,0.041300191204588915,1.08,0.9065264665327194,-0.02095141614466299,0.0,1,1,0.08000000000000007,-10.139999999999999
2015,8,2015-10-17,valencia,malaga,2015|2015-10-17|valencia|malaga,2015|2015-10-17|valencia|malaga,H,H,0.5851871749041753,0.23465117481860565,0.18016165027721912,0.5851871749041753,0.9624995499988711,0.3505360000855696,1.62,3.75,6.0,1.0506172839506174,0.5875440658049352,0.25381903642773207,0.15863689776733253,1.62,0.5851871749041753,-0.051996776655236,0.0,1,1,0.6200000000000001,-9.52
2015,8,2015-10-18,getafe,las palmas,2015|2015-10-18|getafe|las palmas,2015|2015-10-18|getafe|laspalmas,H,H,0.3708823221021969,0.3275760125701019,0.30154166532770127,0.3708823221021969,1.0949559080350986,0.04330630953209502,2.15,3.2,3.6,1.055394056847545,0.4407039020657996,0.2960979342004591,0.26319816373374144,2.15,0.3708823221021969,-0.20260300748027676,0.0,1,1,1.15,-8.37
2015,8,2015-10-18,la coruna,ath bilbao,2015|2015-10-18|la coruna|ath bilbao,2015|2015-10-18|lacoruna|athbilbao,D,D,0.23299872051863318,0.390285737201622,0.37671554227974474,0.390285737201622,1.0743991407507283,0.013570194921877277,2.7,3.1,2.8,1.050093872674518,0.3527021535960991,0.30719219829337663,0.34010564811052413,3.1,0.390285737201622,0.20988578532502822,0.09994561205953724,1,1,2.1,-6.27
2015,8,2015-10-18,sociedad,ath madrid,2015|2015-10-18|sociedad|ath madrid,2015|2015-10-18|sociedad|athmadrid,A,A,0.1825494854216056,0.34575627292893185,0.47169424164946266,0.47169424164946266,1.0321111083230057,0.1259379687205308,4.0,3.2,2.05,1.0503048780487805,0.23802612481857766,0.29753265602322204,0.46444121915820036,2.05,0.47169424164946266,-0.03302680461860158,0.0,1,1,1.0499999999999998,-5.22
2015,8,2015-10-18,villarreal,celta,2015|2015-10-18|villarreal|celta,2015|2015-10-18|villarreal|celta,A,H,0.46774718535163484,0.2651301546267163,0.2671226600216488,0.46774718535163484,1.0599910555435796,0.20062452532998604,2.0,3.5,3.75,1.0523809523809524,0.4751131221719457,0.27149321266968324,0.25339366515837103,2.0,0.46774718535163484,-0.06450562929673032,0.0,1,0,-1.0,-6.22
2015,8,2015-10-19,sp gijon,granada,2015|2015-10-19|sp gijon|granada,2015|2015-10-19|spgijon|granada,D,H,0.35998547950603754,0.312643577117965,0.3273709433759975,0.35998547950603754,1.0968646395835604,0.03261453613004006,2.0,3.2,4.2,1.0505952380952381,0.4759206798866855,0.29745042492917845,0.22662889518413595,2.0,0.35998547950603754,-0.2800290409879249,0.0,1,0,-1.0,-7.22
2015,9,2015-10-23,vallecano,espanol,2015|2015-10-23|vallecano|espanol,2015|2015-10-23|vallecano|espanol,H,H,0.44161462041590965,0.2773846640113581,0.28100071557273215,0.44161462041590965,1.073345439469589,0.1606139048431775,2.2,3.4,3.2,1.061163101604278,0.42834645669291344,0.2771653543307087,0.29448818897637796,2.2,0.44161462041590965,-0.028447835084998596,0.0,1,1,1.2000000000000002,-6.02
2015,9,2015-10-24,celta,real madrid,2015|2015-10-24|celta|real madrid,2015|2015-10-24|celta|realmadrid,A,A,0.21102205110561997,0.22145339603751407,0.567524552856866,0.567524552856866,0.9836434485283068,0.3460711568193519,3.8,3.8,1.91,1.049875998897768,0.25065616797900264,0.25065616797900264,0.49868766404199477,1.91,0.567524552856866,0.08397189595661403,0.0922768087435319,1,1,0.9099999999999999,-5.109999999999999
2015,9,2015-10-24,granada,betis,2015|2015-10-24|granada|betis,2015|2015-10-24|granada|betis,D,H,0.4160834636163273,0.2814066246055071,0.30250991177816555,0.4160834636163273,1.083355006170894,0.11357355183816176,2.3,3.25,3.25,1.0501672240802677,0.41401273885350315,0.2929936305732484,0.2929936305732484,2.3,0.4160834636163273,-0.04300803368244721,0.0,1,0,-1.0,-6.109999999999999
2015,9,2015-10-24,malaga,la coruna,2015|2015-10-24|malaga|la coruna,2015|2015-10-24|malaga|lacoruna,H,H,0.398900655877179,0.2843293057403612,0.3167700383824599,0.398900655877179,1.0883378958830963,0.08213061749471912,2.25,3.25,3.4,1.0462543991955757,0.4247957712638154,0.2940893801057184,0.2811148486304661,2.25,0.398900655877179,-0.1024735242763472,0.0,1,1,1.25,-4.859999999999999
2015,9,2015-10-24,sevilla,getafe,2015|2015-10-24|sevilla|getafe,2015|2015-10-24|sevilla|getafe,H,H,0.7610316410801392,0.12305985753715734,0.11590850138270337,0.7610316410801392,0.7154210789144587,0.6379717835429819,1.44,4.33,8.0,1.0503913266615346,0.661129263749351,0.2198674687757657,0.11900326747488318,1.44,0.7610316410801392,0.09588556315540042,0.21792173444409188,1,1,0.43999999999999995,-4.42
2015,9,2015-10-25,ath madrid,valencia,2015|2015-10-25|ath madrid|valencia,2015|2015-10-25|athmadrid|valencia,H,H,0.6405847530477572,0.18937588795355456,0.17003935899868824,0.6405847530477572,0.9016882681669964,0.45120886509420266,1.57,3.8,6.5,1.0539467237422318,0.6043404859191113,0.24968804286658017,0.14597147121430842,1.57,0.6405847530477572,0.005718062284978842,0.010031688219261125,1,1,0.5700000000000001,-3.8499999999999996
2015,9,2015-10-25,barcelona,eibar,2015|2015-10-25|barcelona|eibar,2015|2015-10-25|barcelona|eibar,H,H,0.9183029664350256,0.045078446927934696,0.03661858663703965,0.9183029664350256,0.33908394311933715,0.8732245195070909,1.11,10.0,19.0,1.0535324798482693,0.8551239929789819,0.094918763220667,0.049957243800351055,1.11,0.9183029664350256,0.019316292742878535,0.17560266129889562,1,1,0.1100000000000001,-3.7399999999999993
2015,9,2015-10-25,las palmas,villarreal,2015|2015-10-25|las palmas|villarreal,2015|2015-10-25|laspalmas|villarreal,D,A,0.22122660520128262,0.320704628071538,0.45806876672717944,0.45806876672717944,1.056082523069513,0.13736413865564145,3.5,3.25,2.2,1.0479520479520479,0.2726406101048618,0.2936129647283127,0.43374642516682554,2.2,0.45806876672717944,0.007751286799794865,0.00645940566649572,1,0,-1.0,-4.739999999999999
2015,9,2015-10-25,levante,sociedad,2015|2015-10-25|levante|sociedad,2015|2015-10-25|levante|sociedad,A,A,0.2671488467255326,0.306435918349897,0.4264152349245704,0.4264152349245704,1.0785104562375045,0.11997931657467342,2.63,3.2,2.8,1.0498709940249864,0.3621665319320938,0.2976556184316896,0.34017784963621667,2.8,0.4264152349245704,0.19396265778879707,0.10775703210488727,1,1,1.7999999999999998,-2.9399999999999995
2015,9,2015-10-26,ath bilbao,sp gijon,2015|2015-10-26|ath bilbao|sp gijon,2015|2015-10-26|athbilbao|spgijon,H,H,0.6526238115357514,0.17368534237459804,0.17369084608965044,0.6526238115357514,0.8865900743244932,0.478932965446101,1.53,4.0,7.0,1.046451914098973,0.6245817532902074,0.23890252063350434,0.13651572607628817,1.53,0.6526238115357514,-0.0014855683503002814,0.0,1,1,0.53,-2.4099999999999997
2015,10,2015-10-30,la coruna,ath madrid,2015|2015-10-30|la coruna|ath madrid,2015|2015-10-30|lacoruna|athmadrid,D,A,0.14418212743425607,0.3274880791229354,0.5283297934428084,0.5283297934428084,0.9819031631166175,0.20084171431987297,5.5,3.4,1.7,1.0641711229946524,0.1708542713567839,0.27638190954773867,0.5527638190954773,1.7,0.5283297934428084,-0.10183935114722575,0.0,1,0,-1.0,-3.4099999999999997
2015,10,2015-10-31,getafe,barcelona,2015|2015-10-31|getafe|barcelona,2015|2015-10-31|getafe|barcelona,A,A,0.11271958739621597,0.09285060284873534,0.7944298097550486,0.7944298097550486,0.6495567507593034,0.6817102223588326,10.0,5.75,1.29,1.0491068419278733,0.09531917627782954,0.1657724804831818,0.7389083432389886,1.29,0.7944298097550486,0.02481445458401274,0.08556708477245771,1,1,0.29000000000000004,-3.1199999999999997
2015,10,2015-10-31,real madrid,las palmas,2015|2015-10-31|real madrid|las palmas,2015|2015-10-31|realmadrid|laspalmas,H,H,0.9187995486862572,0.04742905119165237,0.033771400122090435,0.9187995486862572,0.33682134474837755,0.8713704974946048,1.09,11.0,23.0,1.0518185444392065,0.8722333310349583,0.08643039371164588,0.04133627525339585,1.09,0.9187995486862572,0.0014915080680204668,0.01657231186689406,1,1,0.09000000000000008,-3.0299999999999994
2015,10,2015-10-31,sociedad,celta,2015|2015-10-31|sociedad|celta,2015|2015-10-31|sociedad|celta,A,A,0.3400372194514612,0.30773212888917106,0.3522306516593678,0.3522306516593678,1.0970101896951194,0.012193432207906585,2.7,3.2,2.75,1.046506734006734,0.3539111200482606,0.2986125075407199,0.34747637241101953,2.75,0.3522306516593678,-0.03136570793673854,0.0,1,1,1.75,-1.2799999999999996
2015,10,2015-10-31,valencia,levante,2015|2015-10-31|valencia|levante,2015|2015-10-31|valencia|levante,H,H,0.7214179152527344,0.1416265737316465,0.13695551101561915,0.7214179152527344,0.7846683837110677,0.5797913415210878,1.44,4.5,7.5,1.05,0.6613756613756613,0.21164021164021163,0.12698412698412698,1.44,0.7214179152527344,0.03884179796393744,0.08827681355440328,1,1,0.43999999999999995,-0.8399999999999996
2015,10,2015-10-31,villarreal,sevilla,2015|2015-10-31|villarreal|sevilla,2015|2015-10-31|villarreal|sevilla,H,H,0.4035048128817385,0.24081704051579989,0.35567814660246155,0.4035048128817385,1.0767379339009902,0.04782666627927695,2.25,3.4,3.25,1.0462543991955757,0.4247957712638154,0.2811148486304661,0.2940893801057184,2.25,0.4035048128817385,-0.09211417101608843,0.0,1,1,1.25,0.41000000000000036
2015,10,2015-11-01,betis,ath bilbao,2015|2015-11-01|betis|ath bilbao,2015|2015-11-01|betis|athbilbao,A,A,0.24014160566073303,0.32973141441263115,0.43012697992663584,0.43012697992663584,1.0712850360383064,0.10039556551400469,3.25,3.25,2.3,1.0501672240802677,0.2929936305732484,0.2929936305732484,0.41401273885350315,2.3,0.43012697992663584,-0.010707946168737603,0.0,1,1,1.2999999999999998,1.7100000000000002
2015,10,2015-11-01,eibar,vallecano,2015|2015-11-01|eibar|vallecano,2015|2015-11-01|eibar|vallecano,H,H,0.4131600504503898,0.2212938749709304,0.3655460745786799,0.4131600504503898,1.066842073029359,0.0476139758717099,2.2,3.4,3.3,1.0516934046345812,0.43220338983050843,0.2796610169491525,0.288135593220339,2.2,0.4131600504503898,-0.09104788900914235,0.0,1,1,1.2000000000000002,2.91
2015,10,2015-11-01,espanol,granada,2015|2015-11-01|espanol|granada,2015|2015-11-01|espanol|granada,D,H,0.36332920685415804,0.29897247903846325,0.3376983141073787,0.36332920685415804,1.0954377585217454,0.02563089274677932,2.0,3.3,4.0,1.053030303030303,0.47482014388489213,0.2877697841726619,0.23741007194244607,2.0,0.36332920685415804,-0.2733415862916839,0.0,1,0,-1.0,1.9100000000000004
2015,10,2015-11-01,sp gijon,malaga,2015|2015-11-01|sp gijon|malaga,2015|2015-11-01|spgijon|malaga,H,H,0.38250378944301094,0.31958691319897753,0.2979092973580116,0.38250378944301094,1.0929117348193038,0.06291687624403342,2.38,3.2,3.2,1.0451680672268908,0.40201005025125625,0.2989949748743718,0.2989949748743718,2.38,0.38250378944301094,-0.0896409811256339,0.0,1,1,1.38,3.29
2015,11,2015-11-06,las palmas,sociedad,2015|2015-11-06|las palmas|sociedad,2015|2015-11-06|laspalmas|sociedad,H,A,0.2787145494750832,0.2876802237920184,0.4336052267328985,0.4336052267328985,1.076828530524217,0.14592500294088007,2.75,3.1,2.75,1.0498533724340176,0.3463687150837989,0.30726256983240224,0.3463687150837989,2.75,0.4336052267328985,0.19241437351547086,0.10995107058026907,1,0,-1.0,2.29
2015,11,2015-11-07,celta,valencia,2015|2015-11-07|celta|valencia,2015|2015-11-07|celta|valencia,A,H,0.5170134773352748,0.2644146646598216,0.21857185800490353,0.5170134773352748,1.0251700282753595,0.2525988126754532,1.85,3.75,4.2,1.0453024453024453,0.5171140113272592,0.2551095789214479,0.22777640975129276,1.85,0.5170134773352748,-0.04352506692974156,0.0,1,0,-1.0,1.2900000000000003
2015,11,2015-11-07,eibar,getafe,2015|2015-11-07|eibar|getafe,2015|2015-11-07|eibar|getafe,H,D,0.32208485132620984,0.36267021793012816,0.31524493074366194,0.36267021793012816,1.09666572313933,0.040585366603918316,2.1,3.25,3.75,1.0505494505494506,0.4532775453277545,0.2928870292887029,0.25383542538354253,3.25,0.36267021793012816,0.17867820827291658,0.07941253701018515,1,0,-1.0,0.29000000000000026
2015,11,2015-11-07,levante,la coruna,2015|2015-11-07|levante|la coruna,2015|2015-11-07|levante|lacoruna,D,A,0.3198692618344002,0.29558208472361197,0.3845486534419879,0.3845486534419879,1.0923660953464978,0.06467939160758773,2.6,3.1,2.9,1.0520236159835714,0.36559577063847093,0.3066287108580724,0.3277755185034567,2.9,0.3845486534419879,0.11519109498176494,0.06062689209566576,1,0,-1.0,-0.7099999999999997
2015,11,2015-11-07,malaga,betis,2015|2015-11-07|malaga|betis,2015|2015-11-07|malaga|betis,A,H,0.443115076177415,0.2657847440143009,0.2911001798082841,0.443115076177415,1.072088966510961,0.1520148963691309,1.95,3.5,4.0,1.0485347985347986,0.48908296943231444,0.2724890829694323,0.23842794759825325,1.95,0.443115076177415,-0.13592560145404076,0.0,1,0,-1.0,-1.7099999999999997
2015,11,2015-11-07,vallecano,granada,2015|2015-11-07|vallecano|granada,2015|2015-11-07|vallecano|granada,H,H,0.44093316856055154,0.27346971807705084,0.2855971133623975,0.44093316856055154,1.0735371309503876,0.15533605519815402,1.95,3.5,4.0,1.0485347985347986,0.48908296943231444,0.2724890829694323,0.23842794759825325,1.95,0.44093316856055154,-0.14018032130692454,0.0,1,1,0.95,-0.7599999999999998
2015,11,2015-11-08,ath bilbao,espanol,2015|2015-11-08|ath bilbao|espanol,2015|2015-11-08|athbilbao|espanol,H,H,0.7655971102391441,0.12652400692189056,0.1078788828389654,0.7655971102391441,0.7062752876785219,0.6390731033172535,1.44,4.5,7.5,1.05,0.6613756613756613,0.21164021164021163,0.12698412698412698,1.44,0.7655971102391441,0.10245983874436748,0.23286326987356248,1,1,0.43999999999999995,-0.31999999999999984
2015,11,2015-11-08,ath madrid,sp gijon,2015|2015-11-08|ath madrid|sp gijon,2015|2015-11-08|athmadrid|spgijon,H,H,0.8655392004594893,0.0693510679366507,0.06510973160386004,0.8655392004594893,0.4879135938356338,0.7961881325228386,1.2,6.5,17.0,1.046003016591252,0.7966834895457823,0.14708002883922133,0.05623648161499639,1.2,0.8655392004594893,0.038647040551387096,0.19323520275693554,1,1,0.19999999999999996,-0.11999999999999988
2015,11,2015-11-08,barcelona,villarreal,2015|2015-11-08|barcelona|villarreal,2015|2015-11-08|barcelona|villarreal,H,H,0.8017261662655476,0.1403442709024993,0.057929562831953205,0.8017261662655476,0.6177739275390732,0.6613818953630484,1.3,5.5,10.0,1.0510489510489511,0.7318695941450432,0.17298735861610112,0.09514304723885562,1.3,0.8017261662655476,0.04224401614521192,0.14081338715070638,1,1,0.30000000000000004,0.18000000000000016
2015,11,2015-11-08,sevilla,real madrid,2015|2015-11-08|sevilla|real madrid,2015|2015-11-08|sevilla|realmadrid,H,A,0.30482640351885176,0.22405173378859922,0.47112186269254913,0.47112186269254913,1.0518762515333322,0.16629545917369737,3.6,4.0,1.91,1.0513379872018616,0.2642135841748513,0.23779222575736617,0.49799419006778256,1.91,0.47112186269254913,-0.10015724225723127,0.0,1,0,-1.0,-0.8199999999999998
2015,12,2015-11-21,espanol,malaga,2015|2015-11-21|espanol|malaga,2015|2015-11-21|espanol|malaga,H,H,0.3668921288615122,0.28446312326513645,0.34864474787335137,0.3668921288615122,1.0928589955933314,0.01824738098816081,2.4,3.2,3.1,1.051747311827957,0.39616613418530355,0.2971246006389776,0.30670926517571884,2.4,0.3668921288615122,-0.11945889073237081,0.0,1,1,1.4,0.5800000000000001
2015,12,2015-11-21,la coruna,celta,2015|2015-11-21|la coruna|celta,2015|2015-11-21|lacoruna|celta,H,A,0.24136386821924452,0.30345286526274634,0.45518326651800917,0.45518326651800917,1.0632172626073149,0.15173040125526283,3.3,3.4,2.2,1.0516934046345812,0.288135593220339,0.2796610169491525,0.43220338983050843,2.2,0.45518326651800917,0.0014031863396202215,0.0011693219496835179,1,0,-1.0,-0.41999999999999993
2015,12,2015-11-21,real madrid,barcelona,2015|2015-11-21|real madrid|barcelona,2015|2015-11-21|realmadrid|barcelona,A,A,0.3579546773188618,0.26461469020888123,0.3774306324722569,0.3774306324722569,1.087300929961788,0.019475955153395064,2.5,3.75,2.8,1.023809523809524,0.39069767441860465,0.2604651162790697,0.34883720930232553,2.8,0.3774306324722569,0.05680577092231931,0.031558761623510734,1,1,1.7999999999999998,1.38
2015,12,2015-11-21,sociedad,sevilla,2015|2015-11-21|sociedad|sevilla,2015|2015-11-21|sociedad|sevilla,H,A,0.344646703861771,0.2521942128897628,0.4031590832484662,0.4031590832484662,1.0807808883758316,0.058512379386695235,2.63,3.3,2.7,1.0536288102828029,0.3608748481166464,0.28760631834750905,0.3515188335358444,2.7,0.4031590832484662,0.08852952477085885,0.05207619104168167,1,0,-1.0,0.3799999999999999
2015,12,2015-11-21,valencia,las palmas,2015|2015-11-21|valencia|las palmas,2015|2015-11-21|valencia|laspalmas,D,H,0.8113121432939703,0.11128902601401651,0.07739883069201323,0.8113121432939703,0.6120431110061124,0.7000231172799538,1.44,4.2,7.5,1.0658730158730159,0.6515264333581534,0.22338049143708116,0.12509307520476545,1.44,0.8113121432939703,0.16828948634331714,0.3824761053257208,1,0,-1.0,-0.6200000000000001
2015,12,2015-11-22,betis,ath madrid,2015|2015-11-22|betis|ath madrid,2015|2015-11-22|betis|athmadrid,A,A,0.1731100232968119,0.255795799672362,0.5710941770308261,0.5710941770308261,0.9722786110775499,0.3152983773584641,5.5,3.8,1.67,1.0437784717646048,0.17419230874804426,0.2521204468721693,0.5736872443797865,1.67,0.5710941770308261,-0.04627272435852048,0.0,1,1,0.6699999999999999,0.04999999999999982
2015,12,2015-11-22,granada,ath bilbao,2015|2015-11-22|granada|ath bilbao,2015|2015-11-22|granada|athbilbao,H,A,0.20272537309418398,0.2640637425404498,0.5332108843653662,0.5332108843653662,1.0104514298212304,0.26914714182491645,3.75,3.3,2.1,1.0458874458874459,0.25496688741721857,0.2897350993377484,0.4552980132450331,2.1,0.5332108843653662,0.11974285716726918,0.10885714287933561,1,0,-1.0,-0.9500000000000002
2015,12,2015-11-22,sp gijon,levante,2015|2015-11-22|sp gijon|levante,2015|2015-11-22|spgijon|levante,A,H,0.37686922150252966,0.30844510921735335,0.314685669280117,0.37686922150252966,1.0944007280680856,0.062183552222412675,2.2,3.2,3.5,1.0527597402597402,0.4317656129529684,0.2968388589051658,0.27139552814186585,2.2,0.37686922150252966,-0.1708877126944347,0.0,1,0,-1.0,-1.9500000000000002
2015,12,2015-11-22,villarreal,eibar,2015|2015-11-22|villarreal|eibar,2015|2015-11-22|villarreal|eibar,D,H,0.6820271121765628,0.1369196226923113,0.1810532651311259,0.6820271121765628,0.8426613193150857,0.5009738470454368,1.53,4.0,7.0,1.046451914098973,0.6245817532902074,0.23890252063350434,0.13651572607628817,1.53,0.6820271121765628,0.04350148163014106,0.08207826722668124,1,0,-1.0,-2.95
2015,12,2015-11-23,getafe,vallecano,2015|2015-11-23|getafe|vallecano,2015|2015-11-23|getafe|vallecano,D,H,0.44679866681168673,0.238194375806634,0.3150069573816792,0.44679866681168673,1.0655756085577899,0.1317917094300075,2.4,3.3,3.0,1.053030303030303,0.3956834532374101,0.2877697841726619,0.31654676258992803,2.4,0.44679866681168673,0.07231680034804822,0.05165485739146301,1,0,-1.0,-3.95
2015,13,2015-11-27,levante,betis,2015|2015-11-27|levante|betis,2015|2015-11-27|levante|betis,A,H,0.48221184857358,0.25304036188328544,0.26474778954313444,0.48221184857358,1.0512852411894542,0.21746405903044558,2.05,3.4,3.75,1.0485891917742707,0.4652011310772599,0.2804889172671714,0.25430995165556874,2.05,0.48221184857358,-0.011465710424161002,0.0,1,0,-1.0,-4.95
2015,13,2015-11-28,ath madrid,espanol,2015|2015-11-28|ath madrid|espanol,2015|2015-11-28|athmadrid|espanol,H,H,0.8300878459013081,0.09639225861637622,0.07351989548231554,0.8300878459013081,0.5719768847756235,0.7336955872849319,1.22,6.0,15.0,1.0530054644808744,0.7784120394395433,0.15827711468604044,0.06331084587441618,1.22,0.8300878459013081,0.012707171999595895,0.057759872725435896,1,1,0.21999999999999997,-4.73
2015,13,2015-11-28,barcelona,sociedad,2015|2015-11-28|barcelona|sociedad,2015|2015-11-28|barcelona|sociedad,H,H,0.9457034821776863,0.03157840365183728,0.022718114170476436,0.9457034821776863,0.24788612735729243,0.914125078525849,1.07,13.0,23.0,1.0549807770449786,0.8858734297226831,0.07291419767717469,0.04121237260014221,1.07,0.9457034821776863,0.011902725930124397,0.1700389418589198,1,1,0.07000000000000006,-4.66
2015,13,2015-11-28,celta,sp gijon,2015|2015-11-28|celta|sp gijon,2015|2015-11-28|celta|spgijon,H,H,0.769672268036088,0.1121895256170056,0.11813820634690639,0.769672268036088,0.6992462316627,0.6515340616891816,1.4,5.0,7.5,1.0476190476190477,0.6818181818181818,0.19090909090909092,0.12727272727272726,1.4,0.769672268036088,0.07754117525052318,0.193852938126308,1,1,0.3999999999999999,-4.26
2015,13,2015-11-28,las palmas,la coruna,2015|2015-11-28|las palmas|la coruna,2015|2015-11-28|laspalmas|lacoruna,A,H,0.3750993851800751,0.28931882677847603,0.33558178804144895,0.3750993851800751,1.093048035557812,0.039517597138626126,2.3,3.3,3.2,1.0503129117259553,0.41395531164249316,0.2885143081144649,0.2975303802430419,2.3,0.3750993851800751,-0.13727141408582744,0.0,1,0,-1.0,-5.26
2015,13,2015-11-28,malaga,granada,2015|2015-11-28|malaga|granada,2015|2015-11-28|malaga|granada,D,H,0.5396361165204303,0.23081134702189202,0.22955253645767765,0.5396361165204303,1.0091000448111465,0.3088247694985383,1.83,3.4,4.75,1.0510920502799912,0.5198860435545397,0.2798210175602376,0.20029293888522268,1.83,0.5396361165204303,-0.0124659067676125,0.0,1,0,-1.0,-6.26
2015,13,2015-11-29,eibar,real madrid,2015|2015-11-29|eibar|real madrid,2015|2015-11-29|eibar|realmadrid,A,A,0.20329164170126776,0.1648643737025571,0.6318439845961753,0.6318439845961753,0.9111441546647028,0.4285523428949075,7.5,5.0,1.4,1.0476190476190477,0.12727272727272726,0.19090909090909092,0.6818181818181818,1.4,0.6318439845961753,-0.11541842156535465,0.0,1,1,0.3999999999999999,-5.86
2015,13,2015-11-29,getafe,villarreal,2015|2015-11-29|getafe|villarreal,2015|2015-11-29|getafe|villarreal,H,A,0.2645444845141354,0.35513451830188514,0.38032099718397955,0.38032099718397955,1.0871043988369733,0.02518647888209441,3.0,3.3,2.4,1.053030303030303,0.31654676258992803,0.2877697841726619,0.3956834532374101,2.4,0.38032099718397955,-0.08722960675844904,0.0,1,0,-1.0,-6.86
2015,13,2015-11-29,sevilla,valencia,2015|2015-11-29|sevilla|valencia,2015|2015-11-29|sevilla|valencia,H,H,0.5738051761638823,0.23502497069133585,0.191169853144782,0.5738051761638823,0.9753682738638554,0.3387802054725464,1.75,4.0,4.33,1.0523754536456615,0.5429892624813857,0.23755780233560622,0.21945293518300807,1.75,0.5738051761638823,0.004159058286793971,0.005545411049058628,1,1,0.75,-6.11
2015,13,2015-11-29,vallecano,ath bilbao,2015|2015-11-29|vallecano|ath bilbao,2015|2015-11-29|vallecano|athbilbao,A,A,0.2795849940572573,0.24828086798062696,0.4721341379621156,0.4721341379621156,1.0565533350586018,0.19254914390485833,3.1,3.4,2.3,1.0514809009157662,0.3067869752844252,0.27971753628874063,0.41349548842683403,2.3,0.4721341379621156,0.08590851731286575,0.06608347485605058,1,1,1.2999999999999998,-4.8100000000000005
2015,14,2015-12-05,betis,celta,2015|2015-12-05|betis|celta,2015|2015-12-05|betis|celta,D,A,0.26804269262076824,0.2659809488779904,0.46597635850124136,0.46597635850124136,1.0609831756240675,0.19793366588047312,3.3,3.5,2.15,1.0538608678143562,0.28754298815437523,0.2711119602598395,0.44134505158578524,2.15,0.46597635850124136,0.0018491707776688848,0.0016079745892772913,1,0,-1.0,-5.8100000000000005
2015,14,2015-12-05,granada,ath madrid,2015|2015-12-05|granada|ath madrid,2015|2015-12-05|granada|athmadrid,A,A,0.1590561442681404,0.2054697136781162,0.6354741420537433,0.6354741420537433,0.9056850506878582,0.43000442837562713,7.0,3.75,1.57,1.0464664846830452,0.1365138252854907,0.25482580719958264,0.6086603675149267,1.57,0.6354741420537433,-0.002305596975622992,0.0,1,1,0.5700000000000001,-5.24
2015,14,2015-12-05,la coruna,sevilla,2015|2015-12-05|la coruna|sevilla,2015|2015-12-05|lacoruna|sevilla,D,A,0.2489998604675579,0.28828412787472535,0.4627160116577167,0.4627160116577167,1.0613438440905747,0.17443188378299135,3.0,3.3,2.4,1.053030303030303,0.31654676258992803,0.2877697841726619,0.3956834532374101,2.4,0.4627160116577167,0.11051842797852007,0.07894173427037149,1,0,-1.0,-6.24
2015,14,2015-12-05,real madrid,getafe,2015|2015-12-05|real madrid|getafe,2015|2015-12-05|realmadrid|getafe,H,H,0.9255459891878778,0.03756203802408021,0.036891972788042134,0.9255459891878778,0.31661519068879995,0.8879839511637976,1.1,11.0,21.0,1.0476190476190477,0.8677685950413222,0.08677685950413223,0.04545454545454545,1.1,0.9255459891878778,0.01810058810666565,0.18100588106665633,1,1,0.10000000000000009,-6.140000000000001
2015,14,2015-12-05,valencia,barcelona,2015|2015-12-05|valencia|barcelona,2015|2015-12-05|valencia|barcelona,D,A,0.1332696973276026,0.09573476004786867,0.7709955426245286,0.7709955426245286,0.6937144071483007,0.637725845296926,9.0,6.0,1.3,1.0470085470085468,0.10612244897959185,0.15918367346938778,0.7346938775510204,1.3,0.7709955426245286,0.00229420541188724,0.007647351372957466,1,0,-1.0,-7.140000000000001
2015,14,2015-12-06,ath bilbao,malaga,2015|2015-12-06|ath bilbao|malaga,2015|2015-12-06|athbilbao|malaga,D,H,0.7012729501761448,0.18050333891500017,0.118223710908855,0.7012729501761448,0.8103036835258419,0.5207696112611446,1.45,4.33,7.5,1.0539353879642166,0.6543619089837492,0.21912812194605918,0.12650996907019152,1.45,0.7012729501761448,0.016845777755409908,0.03743506167868869,1,0,-1.0,-8.14
2015,14,2015-12-06,sociedad,eibar,2015|2015-12-06|sociedad|eibar,2015|2015-12-06|sociedad|eibar,H,H,0.5731457605120306,0.22401762510515072,0.20283661438281875,0.5731457605120306,0.9777551611973344,0.34912813540687987,1.85,3.5,4.5,1.0484770484770483,0.5155482815057284,0.27250409165302786,0.2119476268412439,1.85,0.5731457605120306,0.06031965694725666,0.07096430229089018,1,1,0.8500000000000001,-7.29
2015,14,2015-12-06,sp gijon,las palmas,2015|2015-12-06|sp gijon|las palmas,2015|2015-12-06|spgijon|laspalmas,H,H,0.35998312825214035,0.3249182889769824,0.31509858277087727,0.35998312825214035,1.096959042665395,0.035064839275157966,2.3,3.3,3.25,1.045505219418263,0.41585886002326483,0.28984102365257847,0.29430011632415665,2.3,0.35998312825214035,-0.17203880502007718,0.0,1,1,1.2999999999999998,-5.99
2015,14,2015-12-06,villarreal,vallecano,2015|2015-12-06|villarreal|vallecano,2015|2015-12-06|villarreal|vallecano,H,H,0.6157233269725734,0.19008599328868425,0.1941906797387424,0.6157233269725734,0.9324573741097057,0.421532647233831,1.57,3.8,6.5,1.0539467237422318,0.6043404859191113,0.24968804286658017,0.14597147121430842,1.57,0.6157233269725734,-0.03331437665305975,0.0,1,1,0.5700000000000001,-5.42
2015,14,2015-12-07,espanol,levante,2015|2015-12-07|espanol|levante,2015|2015-12-07|espanol|levante,D,H,0.4762012333760781,0.2475498288098289,0.2762489378140929,0.4762012333760781,1.054297017420426,0.19995229556198524,2.0,3.5,3.8,1.0488721804511278,0.4767025089605735,0.27240143369175623,0.25089605734767023,2.0,0.4762012333760781,-0.04759753324784377,0.0,1,0,-1.0,-6.42
2015,15,2015-12-11,getafe,sociedad,2015|2015-12-11|getafe|sociedad,2015|2015-12-11|getafe|sociedad,D,A,0.3165979810916128,0.2658251287829038,0.41757689012548344,0.41757689012548344,1.0809868849883317,0.10097890903387063,2.88,3.2,2.6,1.044337606837607,0.3324808184143222,0.29923273657289,0.3682864450127877,2.6,0.41757689012548344,0.08569991432625701,0.05356244645391063,1,0,-1.0,-7.42
2015,15,2015-12-12,barcelona,la coruna,2015|2015-12-12|barcelona|la coruna,2015|2015-12-12|barcelona|lacoruna,D,H,0.9383049994390287,0.03804326707582957,0.023651733485141865,0.9383049994390287,0.27267572955432773,0.9002617323631991,1.07,13.0,26.0,1.049964054636952,0.8901061280383429,0.0732625813077713,0.03663129065388565,1.07,0.9383049994390287,0.0039863493997607385,0.0569478485680105,1,0,-1.0,-8.42
2015,15,2015-12-12,celta,espanol,2015|2015-12-12|celta|espanol,2015|2015-12-12|celta|espanol,H,H,0.6748140901504829,0.17672583699328231,0.1484600728562348,0.6748140901504829,0.8548885173695255,0.49808825315720057,1.53,4.33,6.0,1.0512083201255868,0.6217557060086298,0.21969658895916944,0.15854770503220061,1.53,0.6748140901504829,0.03246555793023881,0.061255769679695864,1,1,0.53,-7.890000000000001
2015,15,2015-12-12,las palmas,betis,2015|2015-12-12|las palmas|betis,2015|2015-12-12|laspalmas|betis,H,H,0.48605679200252305,0.23838248275735766,0.27556072524011915,0.48605679200252305,1.0476506921364424,0.2104960667624039,2.15,3.3,3.5,1.0538608678143562,0.44134505158578524,0.28754298815437523,0.2711119602598395,2.15,0.48605679200252305,0.04502210280542451,0.039149654613412625,1,1,1.15,-6.74
2015,15,2015-12-12,levante,granada,2015|2015-12-12|levante|granada,2015|2015-12-12|levante|granada,A,H,0.4502338695127262,0.28829914650588256,0.2614669839813911,0.4502338695127262,1.0685994250700561,0.16193472300684364,2.1,3.1,4.0,1.0487711213517665,0.4540461369461735,0.3075796411570853,0.23837422189674112,2.1,0.4502338695127262,-0.05450887402327498,0.0,1,0,-1.0,-7.74
2015,15,2015-12-12,sevilla,sp gijon,2015|2015-12-12|sevilla|sp gijon,2015|2015-12-12|sevilla|spgijon,H,H,0.777813817769591,0.12654922253112655,0.09563695969928239,0.777813817769591,0.681511403190281,0.6512645952384645,1.36,5.0,8.5,1.0529411764705883,0.6983240223463686,0.18994413407821228,0.11173184357541899,1.36,0.777813817769591,0.05782679216664388,0.1606299782406774,1,1,0.3600000000000001,-7.380000000000001
2015,15,2015-12-13,ath madrid,ath bilbao,2015|2015-12-13|ath madrid|ath bilbao,2015|2015-12-13|athmadrid|athbilbao,H,H,0.5556910683013885,0.2846371371684353,0.15967179453017613,0.5556910683013885,0.9770896904953044,0.2710539311329532,1.57,3.75,7.0,1.0464664846830452,0.6086603675149267,0.25482580719958264,0.1365138252854907,1.57,0.5556910683013885,-0.12756502276682002,0.0,1,1,0.5700000000000001,-6.8100000000000005
2015,15,2015-12-13,eibar,valencia,2015|2015-12-13|eibar|valencia,2015|2015-12-13|eibar|valencia,D,D,0.30752211170183513,0.3843821372608537,0.3080957510373111,0.3843821372608537,1.0928822189719667,0.07628638622354256,2.45,3.2,3.0,1.0539965986394557,0.3872529245663574,0.2964905203711174,0.3162565550625252,3.2,0.3843821372608537,0.23002283923473188,0.1045558360157872,1,1,2.2,-4.61
2015,15,2015-12-13,vallecano,malaga,2015|2015-12-13|vallecano|malaga,2015|2015-12-13|vallecano|malaga,A,A,0.34392236338659327,0.3044425413606317,0.351635095252775,0.351635095252775,1.0966625271583275,0.00771273186618171,2.3,3.25,3.25,1.0501672240802677,0.41401273885350315,0.2929936305732484,0.2929936305732484,3.25,0.351635095252775,0.1428140595715186,0.06347291536511938,1,1,2.25,-2.3600000000000003
2015,15,2015-12-13,villarreal,real madrid,2015|2015-12-13|villarreal|real madrid,2015|2015-12-13|villarreal|realmadrid,H,A,0.2084427632072827,0.2112286508729712,0.5803285859197461,0.5803285859197461,0.9710705304146541,0.3690999350467749,5.0,4.2,1.65,1.0441558441558443,0.19154228855721392,0.2280265339966832,0.5804311774461027,1.65,0.5803285859197461,-0.04245783323241897,0.0,1,0,-1.0,-3.3600000000000003
2015,16,2015-12-19,betis,sevilla,2015|2015-12-19|betis|sevilla,2015|2015-12-19|betis|sevilla,D,A,0.23100245095891758,0.23484236158729435,0.5341551874537881,0.5341551874537881,1.013695401191743,0.29931282586649377,3.75,3.5,2.0,1.0523809523809524,0.25339366515837103,0.27149321266968324,0.4751131221719457,2.0,0.5341551874537881,0.06831037490757619,0.06831037490757619,1,0,-1.0,-4.36
2015,16,2015-12-19,espanol,las palmas,2015|2015-12-19|espanol|las palmas,2015|2015-12-19|espanol|laspalmas,H,H,0.4620438850105267,0.2624077358106475,0.27554837917882585,0.4620438850105267,1.062985328758475,0.18649550583170083,2.05,3.4,3.75,1.0485891917742707,0.4652011310772599,0.2804889172671714,0.25430995165556874,2.05,0.4620438850105267,-0.05281003572842047,0.0,1,1,1.0499999999999998,-3.3100000000000005
2015,16,2015-12-19,la coruna,eibar,2015|2015-12-19|la coruna|eibar,2015|2015-12-19|lacoruna|eibar,H,H,0.36877211810156657,0.3215305737448362,0.3096973081535972,0.36877211810156657,1.0957218502273014,0.04724154435673039,2.0,3.3,4.0,1.053030303030303,0.47482014388489213,0.2877697841726619,0.23741007194244607,2.0,0.36877211810156657,-0.2624557637968668,0.0,1,1,1.0,-2.3100000000000005
2015,16,2015-12-19,valencia,getafe,2015|2015-12-19|valencia|getafe,2015|2015-12-19|valencia|getafe,D,H,0.5230785073034525,0.32109887804570214,0.15582261465084538,0.5230785073034525,0.9934175924022567,0.20197962925775037,1.67,3.75,5.5,1.0472872436944294,0.5717651950932151,0.2546261002148451,0.17360870469193984,1.67,0.5230785073034525,-0.12645889280323436,0.0,1,0,-1.0,-3.3100000000000005
2015,16,2015-12-20,ath bilbao,levante,2015|2015-12-20|ath bilbao|levante,2015|2015-12-20|athbilbao|levante,H,H,0.748640640461914,0.14392031225166024,0.10743904728642564,0.748640640461914,0.7353959194923209,0.6047203282102538,1.4,4.5,9.0,1.0476190476190477,0.6818181818181818,0.2121212121212121,0.10606060606060605,1.4,0.748640640461914,0.0480968966466796,0.12024224161669902,1,1,0.3999999999999999,-2.9100000000000006
2015,16,2015-12-20,granada,celta,2015|2015-12-20|granada|celta,2015|2015-12-20|granada|celta,A,A,0.22886512379900373,0.28642875862825434,0.4847061175727419,0.4847061175727419,1.046631857335537,0.19827735894448756,3.2,3.3,2.3,1.050312911725955,0.29753038024304196,0.28851430811446493,0.4139553116424932,2.3,0.4847061175727419,0.11482407041730625,0.08832620801331251,1,1,1.2999999999999998,-1.6100000000000008
2015,16,2015-12-20,malaga,ath madrid,2015|2015-12-20|malaga|ath madrid,2015|2015-12-20|malaga|athmadrid,H,A,0.19393892925740752,0.24881066388200393,0.5572504068605886,0.5572504068605886,0.9900591997798847,0.3084397429785847,5.25,3.5,1.75,1.0476190476190474,0.18181818181818185,0.27272727272727276,0.5454545454545455,1.75,0.5572504068605886,-0.02481178799396999,0.0,1,0,-1.0,-2.6100000000000008
2015,16,2015-12-20,real madrid,vallecano,2015|2015-12-20|real madrid|vallecano,2015|2015-12-20|realmadrid|vallecano,H,H,0.9090278125299285,0.051593562835643286,0.03937862463442821,0.9090278125299285,0.36701593491838946,0.8574342496942852,1.1,11.0,21.0,1.0476190476190477,0.8677685950413222,0.08677685950413223,0.04545454545454545,1.1,0.9090278125299285,-6.94062170785853e-05,0.0,1,1,0.10000000000000009,-2.5100000000000007
2015,16,2015-12-20,sociedad,villarreal,2015|2015-12-20|sociedad|villarreal,2015|2015-12-20|sociedad|villarreal,A,H,0.39960969109681427,0.3218014528263028,0.27858885607688283,0.39960969109681427,1.0874555018936287,0.07780823827051148,2.4,3.2,3.1,1.051747311827957,0.39616613418530355,0.2971246006389776,0.30670926517571884,2.4,0.39960969109681427,-0.04093674136764569,0.0,1,0,-1.0,-3.5100000000000007
2015,16,2016-02-17,sp gijon,barcelona,2015|2016-02-17|sp gijon|barcelona,2015|2016-02-17|spgijon|barcelona,A,A,0.10240204838590945,0.1379976002410652,0.7596003513730254,0.7596003513730254,0.7155274957073627,0.6216027511319602,19.0,8.0,1.14,1.0548245614035088,0.04989604989604989,0.1185031185031185,0.8316008316008316,1.14,0.7596003513730254,-0.13405559943475112,0.0,1,1,0.1399999999999999,-3.370000000000001
2015,17,2015-12-30,barcelona,betis,2015|2015-12-30|barcelona|betis,2015|2015-12-30|barcelona|betis,H,H,0.9396940461812958,0.0357064087281669,0.024599545090537286,0.9396940461812958,0.26858077165281213,0.9039876374531289,1.06,13.0,26.0,1.0587808417997098,0.8910212474297463,0.0726525017135024,0.0363262508567512,1.06,0.9396940461812958,-0.0039243110478263815,0.0,1,1,0.06000000000000005,-3.3100000000000005
2015,17,2015-12-30,celta,ath bilbao,2015|2015-12-30|celta|ath bilbao,2015|2015-12-30|celta|athbilbao,A,H,0.3578278161094405,0.30649799762164126,0.3356741862689182,0.3578278161094405,1.0966149704324297,0.02215362984052227,2.38,3.3,2.9,1.0680259564640904,0.39340623201512787,0.28372934308969827,0.3228644248951739,2.38,0.3578278161094405,-0.14836979765953168,0.0,1,0,-1.0,-4.3100000000000005
2015,17,2015-12-30,eibar,sp gijon,2015|2015-12-30|eibar|sp gijon,2015|2015-12-30|eibar|spgijon,H,H,0.5152112865943159,0.2780293502291158,0.20675936317656832,0.5152112865943159,1.0234564483020776,0.23718193636520013,1.85,3.5,4.2,1.0643500643500643,0.5078597339782346,0.26844014510278114,0.22370012091898428,1.85,0.5152112865943159,-0.04685911980051549,0.0,1,1,0.8500000000000001,-3.460000000000001
2015,17,2015-12-30,getafe,la coruna,2015|2015-12-30|getafe|la coruna,2015|2015-12-30|getafe|lacoruna,D,A,0.32167321043918307,0.3187763998447206,0.35955038971609626,0.35955038971609626,1.0970783567554685,0.0378771792769132,2.5,3.2,2.88,1.0597222222222222,0.3774574049803408,0.2948885976408912,0.327653997378768,2.88,0.35955038971609626,0.03550512238235726,0.018885703394870883,1,0,-1.0,-4.460000000000001
2015,17,2015-12-30,las palmas,granada,2015|2015-12-30|las palmas|granada,2015|2015-12-30|laspalmas|granada,H,H,0.5138841656921953,0.24187436721010563,0.244241467097699,0.5138841656921953,1.029705647640665,0.2696426985944963,2.0,3.3,3.75,1.0696969696969696,0.4674220963172805,0.28328611898017003,0.2492917847025496,2.0,0.5138841656921953,0.02776833138439061,0.02776833138439061,1,1,1.0,-3.460000000000001
2015,17,2015-12-30,levante,malaga,2015|2015-12-30|levante|malaga,2015|2015-12-30|levante|malaga,A,H,0.36564842370668843,0.30182451890486844,0.3325270573884432,0.36564842370668843,1.0955547306445457,0.03312136631824525,2.75,3.0,2.75,1.0606060606060606,0.34285714285714286,0.3142857142857143,0.34285714285714286,2.75,0.36564842370668843,0.005533165193393086,0.0031618086819389063,1,0,-1.0,-4.460000000000001
2015,17,2015-12-30,real madrid,sociedad,2015|2015-12-30|real madrid|sociedad,2015|2015-12-30|realmadrid|sociedad,H,H,0.9222760177044473,0.04589676508287814,0.03182721721267458,0.9222760177044473,0.32576872683078795,0.8763792526215692,1.1,10.0,19.0,1.0617224880382774,0.8562415502478594,0.09418657052726455,0.049571879224876075,1.1,0.9222760177044473,0.014503619474892149,0.14503619474892135,1,1,0.10000000000000009,-4.36
2015,17,2015-12-30,sevilla,espanol,2015|2015-12-30|sevilla|espanol,2015|2015-12-30|sevilla|espanol,H,H,0.7286870195988436,0.1595509775772716,0.11176200282388471,0.7286870195988436,0.7683894143635639,0.5691360420215721,1.4,4.75,7.0,1.0676691729323309,0.6690140845070423,0.19718309859154928,0.13380281690140844,1.4,0.7286870195988436,0.02016182743838102,0.05040456859595256,1,1,0.3999999999999999,-3.960000000000001
2015,17,2015-12-30,vallecano,ath madrid,2015|2015-12-30|vallecano|ath madrid,2015|2015-12-30|vallecano|athmadrid,A,A,0.18088968168714523,0.20798771010497902,0.6111226082078757,0.6111226082078757,0.9368476510643111,0.40313489810289665,6.5,3.8,1.53,1.070598819824826,0.14370103067302703,0.24580439457228306,0.6104945747546899,1.53,0.6111226082078757,-0.06498240944195022,0.0,1,1,0.53,-3.4300000000000006
2015,17,2015-12-31,villarreal,valencia,2015|2015-12-31|villarreal|valencia,2015|2015-12-31|villarreal|valencia,H,H,0.44400063479441965,0.307428092674726,0.24857127253085426,0.44400063479441965,1.0691304683450782,0.13657254211969366,1.8,3.5,4.5,1.0634920634920635,0.5223880597014926,0.26865671641791045,0.208955223880597,1.8,0.44400063479441965,-0.2007988573700446,0.0,1,1,0.8,-2.630000000000001
2015,18,2016-01-02,ath madrid,levante,2015|2016-01-02|ath madrid|levante,2015|2016-01-02|athmadrid|levante,H,H,0.8399822965904677,0.099008938463152,0.0610087649463803,0.8399822965904677,0.5460596170139044,0.7409733581273158,1.2,6.5,17.0,1.046003016591252,0.7966834895457823,0.14708002883922133,0.05623648161499639,1.2,0.8399822965904677,0.007978755908561258,0.0398937795428063,1,1,0.19999999999999996,-2.4300000000000006
2015,18,2016-01-02,espanol,barcelona,2015|2016-01-02|espanol|barcelona,2015|2016-01-02|espanol|barcelona,D,A,0.09511529216042386,0.0947094884921258,0.8101752193474503,0.8101752193474503,0.6175448728054188,0.7150599271870264,14.0,7.0,1.2,1.0476190476190477,0.06818181818181818,0.13636363636363635,0.7954545454545454,1.2,0.8101752193474503,-0.027789736783059682,0.0,1,0,-1.0,-3.4300000000000006
2015,18,2016-01-02,malaga,celta,2015|2016-01-02|malaga|celta,2015|2016-01-02|malaga|celta,H,H,0.352459455903898,0.30611136607151157,0.3414291780245905,0.352459455903898,1.0968331403138707,0.011030277879307493,2.4,3.3,3.0,1.053030303030303,0.3956834532374101,0.2877697841726619,0.31654676258992803,2.4,0.352459455903898,-0.1540973058306448,0.0,1,1,1.4,-2.0300000000000007
2015,18,2016-01-03,ath bilbao,las palmas,2015|2016-01-03|ath bilbao|las palmas,2015|2016-01-03|athbilbao|laspalmas,D,H,0.8040889562827029,0.11130259820166095,0.0846084455156361,0.8040889562827029,0.6286522999384019,0.6927863580810419,1.36,5.0,8.5,1.0529411764705883,0.6983240223463686,0.18994413407821228,0.11173184357541899,1.36,0.8040889562827029,0.09356098054447609,0.25989161262354465,1,0,-1.0,-3.0300000000000007
2015,18,2016-01-03,betis,eibar,2015|2016-01-03|betis|eibar,2015|2016-01-03|betis|eibar,A,A,0.33989190565044813,0.30270885014932764,0.3573992442002242,0.3573992442002242,1.09624765117531,0.01750733854977604,2.4,3.25,3.1,1.0469396195202647,0.3979853841595892,0.29389689907169664,0.3081177167687142,3.1,0.3573992442002242,0.10793765702069502,0.051398884295569054,1,1,2.1,-0.9300000000000006
2015,18,2016-01-03,granada,sevilla,2015|2016-01-03|granada|sevilla,2015|2016-01-03|granada|sevilla,H,A,0.17262473948369655,0.23679532571507722,0.5905799348012262,0.5905799348012262,0.9553854453608895,0.35378460908614895,4.33,3.6,1.85,1.0492652005354084,0.22010344200803078,0.2647355288596593,0.5151610291323099,1.85,0.5905799348012262,0.09257287938226844,0.10890926986149227,1,0,-1.0,-1.9300000000000006
2015,18,2016-01-03,la coruna,villarreal,2015|2016-01-03|la coruna|villarreal,2015|2016-01-03|lacoruna|villarreal,A,D,0.30424729698149583,0.3877870452899814,0.3079656577285227,0.3877870452899814,1.0920902970134885,0.07982138756145873,2.7,3.2,2.7,1.0532407407407407,0.3516483516483516,0.2967032967032967,0.3516483516483516,3.2,0.3877870452899814,0.24091854492794063,0.10950842951270028,1,0,-1.0,-2.9300000000000006
2015,18,2016-01-03,valencia,real madrid,2015|2016-01-03|valencia|real madrid,2015|2016-01-03|valencia|realmadrid,D,A,0.16844286262170227,0.20458176154215799,0.6269753758361397,0.6269753758361397,0.9173534714121192,0.4223936142939817,6.0,4.33,1.53,1.0512083201255868,0.15854770503220061,0.21969658895916944,0.6217557060086298,1.53,0.6269753758361397,-0.04072767497070623,0.0,1,0,-1.0,-3.9300000000000006
2015,18,2016-01-03,vallecano,sociedad,2015|2016-01-03|vallecano|sociedad,2015|2016-01-03|vallecano|sociedad,D,A,0.3069663956938618,0.26795912107880854,0.42507448322732966,0.42507448322732966,1.079060822547291,0.11810808753346785,2.63,3.3,2.75,1.046894803548796,0.36319612590799033,0.28945630640545894,0.34734756768655073,2.75,0.42507448322732966,0.16895482887515656,0.09654561650008946,1,0,-1.0,-4.930000000000001
2015,18,2016-01-04,sp gijon,getafe,2015|2016-01-04|sp gijon|getafe,2015|2016-01-04|spgijon|getafe,A,H,0.44648575329506135,0.25605885364650793,0.2974553930584308,0.44648575329506135,1.0695260451877833,0.14903036023663058,2.25,3.3,3.3,1.0505050505050504,0.42307692307692313,0.2884615384615385,0.2884615384615385,2.25,0.44648575329506135,0.004592944913888064,0.003674355931110451,1,0,-1.0,-5.930000000000001
2015,19,2016-01-09,barcelona,granada,2015|2016-01-09|barcelona|granada,2015|2016-01-09|barcelona|granada,H,H,0.9377451756635651,0.04660267431897987,0.01565215001745512,0.9377451756635651,0.26823210371916717,0.8911425013445852,1.05,15.0,34.0,1.0484593837535012,0.9083622762489982,0.06358535933742988,0.028052364413572006,1.05,0.9377451756635651,-0.015367565553256628,0.0,1,1,0.050000000000000044,-5.880000000000001
2015,19,2016-01-09,getafe,betis,2015|2016-01-09|getafe|betis,2015|2016-01-09|getafe|betis,H,H,0.49076670067528044,0.2895641940118118,0.21966910531290784,0.49076670067528044,1.0411383693336351,0.20120250666346862,1.95,3.5,4.0,1.0485347985347986,0.48908296943231444,0.2724890829694323,0.23842794759825325,1.95,0.49076670067528044,-0.04300493368320313,0.0,1,1,0.95,-4.930000000000001
2015,19,2016-01-09,levante,vallecano,2015|2016-01-09|levante|vallecano,2015|2016-01-09|levante|vallecano,H,H,0.4265058627650834,0.3111664718471518,0.2623276653877648,0.4265058627650834,1.0777389290947328,0.1153393909179316,2.15,3.4,3.4,1.0533515731874146,0.44155844155844154,0.2792207792207792,0.2792207792207792,2.15,0.4265058627650834,-0.08301239505507074,0.0,1,1,1.15,-3.7800000000000007
2015,19,2016-01-09,real madrid,la coruna,2015|2016-01-09|real madrid|la coruna,2015|2016-01-09|realmadrid|lacoruna,H,H,0.9142386468945548,0.05479213228729565,0.03096922081814963,0.9142386468945548,0.3487124048100108,0.8594465146072592,1.11,9.0,21.0,1.0596310596310596,0.8502024291497975,0.10485829959514169,0.044939271255060725,1.11,0.9142386468945548,0.014804898052955928,0.13458998229959923,1,1,0.1100000000000001,-3.670000000000001
2015,19,2016-01-09,sevilla,ath bilbao,2015|2016-01-09|sevilla|ath bilbao,2015|2016-01-09|sevilla|athbilbao,H,H,0.43313496533012286,0.30933150573698287,0.25753352893289433,0.43313496533012286,1.0747295148777078,0.12380345959313999,2.1,3.5,3.5,1.0476190476190474,0.4545454545454546,0.27272727272727276,0.27272727272727276,2.1,0.43313496533012286,-0.09041657280674198,0.0,1,1,1.1,-2.5700000000000003
2015,19,2016-01-10,celta,ath madrid,2015|2016-01-10|celta|ath madrid,2015|2016-01-10|celta|athmadrid,A,A,0.15265840600565017,0.35385784053013775,0.4934837534642121,0.4934837534642121,1.0030687252613681,0.13962591293407434,4.5,3.5,1.8,1.0634920634920635,0.208955223880597,0.26865671641791045,0.5223880597014926,1.8,0.4934837534642121,-0.11172924376441828,0.0,1,1,0.8,-1.7700000000000005
2015,19,2016-01-10,eibar,espanol,2015|2016-01-10|eibar|espanol,2015|2016-01-10|eibar|espanol,H,H,0.3711833993686848,0.3542071764962827,0.2746094241350326,0.3711833993686848,1.0903935383535923,0.01697622287240208,2.0,3.3,4.0,1.053030303030303,0.47482014388489213,0.2877697841726619,0.23741007194244607,2.0,0.3711833993686848,-0.2576332012626304,0.0,1,1,1.0,-0.7700000000000005
2015,19,2016-01-10,las palmas,malaga,2015|2016-01-10|las palmas|malaga,2015|2016-01-10|laspalmas|malaga,D,A,0.35855806447876526,0.2732400004514587,0.368201935069776,0.368201935069776,1.090142511440415,0.00964387059101074,2.7,3.1,2.8,1.050093872674518,0.3527021535960991,0.30719219829337663,0.34010564811052413,2.8,0.368201935069776,0.030965418195372796,0.017203010108540445,1,0,-1.0,-1.7700000000000005
2015,19,2016-01-10,sociedad,valencia,2015|2016-01-10|sociedad|valencia,2015|2016-01-10|sociedad|valencia,H,H,0.3689202250978059,0.29823956255464257,0.3328402123475515,0.3689202250978059,1.0948606583640426,0.03608001275025441,2.25,3.3,3.3,1.0505050505050504,0.42307692307692313,0.2884615384615385,0.2884615384615385,2.25,0.3689202250978059,-0.16992949352993675,0.0,1,1,1.25,-0.5200000000000005
2015,19,2016-01-10,villarreal,sp gijon,2015|2016-01-10|villarreal|sp gijon,2015|2016-01-10|villarreal|spgijon,H,H,0.5488015026791401,0.3190754105008011,0.13212308682005883,0.5488015026791401,0.961199692982658,0.22972609217833895,1.5,4.33,6.5,1.0514597027299106,0.6340391980175715,0.2196440639783735,0.14631673800405498,1.5,0.5488015026791401,-0.1767977459812899,0.0,1,1,0.5,-0.020000000000000462
2015,20,2016-01-16,celta,levante,2015|2016-01-16|celta|levante,2015|2016-01-16|celta|levante,H,H,0.6052818815025419,0.24746007343717333,0.14725804506028467,0.6052818815025419,0.9315508371187486,0.35782180806536856,1.62,3.8,6.0,1.0471085120207928,0.5895128762022959,0.25131864722308406,0.1591684765746199,1.62,0.6052818815025419,-0.01944335196588204,0.0,1,1,0.6200000000000001,0.5999999999999996
2015,20,2016-01-16,sevilla,malaga,2015|2016-01-16|sevilla|malaga,2015|2016-01-16|sevilla|malaga,H,H,0.6223370476040957,0.22437456343397727,0.15328838896192698,0.6223370476040957,0.9179542132515691,0.3979624841701184,1.67,3.8,5.25,1.0524364804226134,0.5689677299756157,0.2500463444892837,0.1809859255351006,1.67,0.6223370476040957,0.039302869498839765,0.058660999251999656,1,1,0.6699999999999999,1.2699999999999996
2015,20,2016-01-16,sociedad,la coruna,2015|2016-01-16|sociedad|la coruna,2015|2016-01-16|sociedad|lacoruna,D,H,0.4577102692354535,0.28375250964693804,0.2585372211176084,0.4577102692354535,1.0648662196208916,0.17395775958851545,1.95,3.3,4.2,1.0539460539460541,0.48657187993680884,0.287519747235387,0.22590837282780407,1.95,0.4577102692354535,-0.10746497499086566,0.0,1,0,-1.0,0.2699999999999996
2015,20,2016-01-16,villarreal,betis,2015|2016-01-16|villarreal|betis,2015|2016-01-16|villarreal|betis,D,H,0.6087945992465554,0.29588277325900536,0.09532262749443919,0.6087945992465554,0.8865074943969729,0.3129118259875501,1.45,4.33,8.0,1.045602054630883,0.659577101402363,0.22087454896845873,0.1195483496291783,1.45,0.6087945992465554,-0.11724783109249465,0.0,1,0,-1.0,-0.7300000000000004
2015,20,2016-01-17,barcelona,ath bilbao,2015|2016-01-17|barcelona|ath bilbao,2015|2016-01-17|barcelona|athbilbao,H,H,0.8957053255051648,0.07271408368106949,0.031580590813765734,0.8957053255051648,0.3983736646643276,0.8229912418240953,1.14,8.0,19.0,1.0548245614035088,0.8316008316008316,0.1185031185031185,0.04989604989604989,1.14,0.8957053255051648,0.02110407107588777,0.1507433648277699,1,1,0.1399999999999999,-0.5900000000000005
2015,20,2016-01-17,getafe,espanol,2015|2016-01-17|getafe|espanol,2015|2016-01-17|getafe|espanol,H,H,0.3840588126810032,0.3286026433246128,0.28733854399438397,0.3840588126810032,1.091570843991883,0.05545616935639042,2.2,3.2,3.5,1.0527597402597402,0.4317656129529684,0.2968388589051658,0.27139552814186585,2.2,0.3840588126810032,-0.1550706121017929,0.0,1,1,1.2000000000000002,0.6099999999999997
2015,20,2016-01-17,las palmas,ath madrid,2015|2016-01-17|las palmas|ath madrid,2015|2016-01-17|laspalmas|athmadrid,A,A,0.18166694118958768,0.2481246287487124,0.5702084300617,0.5702084300617,0.9760061200385124,0.3220838013129875,6.5,3.6,1.62,1.0489078822412155,0.14667270258035311,0.26482571299230423,0.5885015844273427,1.62,0.5702084300617,-0.076262343300046,0.0,1,1,0.6200000000000001,1.2299999999999998
2015,20,2016-01-17,real madrid,sp gijon,2015|2016-01-17|real madrid|sp gijon,2015|2016-01-17|realmadrid|spgijon,H,H,0.9291960609991615,0.05216161067623561,0.01864232832460286,0.9291960609991615,0.29653026427767004,0.8770344503229259,1.05,17.0,26.0,1.0496660202542556,0.9073180745150363,0.05604023401416401,0.03664169147079955,1.05,0.9291960609991615,-0.024344135950880363,0.0,1,1,0.050000000000000044,1.2799999999999998
2015,20,2016-01-17,valencia,vallecano,2015|2016-01-17|valencia|vallecano,2015|2016-01-17|valencia|vallecano,D,H,0.5889780966201155,0.27950447907942017,0.13151742430046437,0.5889780966201155,0.9348781785915324,0.3094736175406953,1.62,4.0,5.5,1.0491021324354657,0.5883926183471516,0.23829901043059643,0.17330837122225196,1.62,0.5889780966201155,-0.045855483475412906,0.0,1,0,-1.0,0.2799999999999998
2015,20,2016-01-18,eibar,granada,2015|2016-01-18|eibar|granada,2015|2016-01-18|eibar|granada,H,H,0.4566126388692845,0.36610804323317003,0.17727931789754556,0.4566126388692845,1.03252119965195,0.09050459563611446,1.83,3.5,4.5,1.0543845953682018,0.5182625863770978,0.27097729516288255,0.21076011846001974,1.83,0.4566126388692845,-0.16439887086920935,0.0,1,1,0.8300000000000001,1.1099999999999999
2015,21,2016-01-22,sp gijon,sociedad,2015|2016-01-22|sp gijon|sociedad,2015|2016-01-22|spgijon|sociedad,H,A,0.3236949483202994,0.2538127792284275,0.4224922724512732,0.4224922724512732,1.077143073770067,0.09879732413097381,3.1,3.2,2.45,1.0432439104674127,0.3092092289489253,0.2995464405442714,0.39124433050680335,2.45,0.4224922724512732,0.0351060675056194,0.024211081038358204,1,0,-1.0,0.10999999999999988
2015,21,2016-01-23,espanol,villarreal,2015|2016-01-23|espanol|villarreal,2015|2016-01-23|espanol|villarreal,D,A,0.29946628463964653,0.30079484185794314,0.39973887350241044,0.39973887350241044,1.088973484442326,0.0989440316444673,2.9,3.2,2.55,1.0494844489519948,0.3285685524461445,0.29776525065431847,0.37366619689953695,2.55,0.39973887350241044,0.019334127431146597,0.012473630600739742,1,0,-1.0,-0.8900000000000001
2015,21,2016-01-23,granada,getafe,2015|2016-01-23|granada|getafe,2015|2016-01-23|granada|getafe,H,A,0.3560593344768416,0.25374503907863577,0.3901956264445227,0.3901956264445227,1.0828957065435556,0.03413629196768109,2.63,3.1,2.88,1.0500310042656418,0.3621113427484446,0.30721059078335783,0.33067806646819764,2.88,0.3901956264445227,0.12376340416022547,0.06583159795756674,1,0,-1.0,-1.8900000000000001
2015,21,2016-01-23,malaga,barcelona,2015|2016-01-23|malaga|barcelona,2015|2016-01-23|malaga|barcelona,A,A,0.11273874483668825,0.22193342637974853,0.6653278287835631,0.6653278287835631,0.8512712146272454,0.44339440240381456,8.5,5.5,1.33,1.0513449398898316,0.11190148386109836,0.17293865687624294,0.7151598592626587,1.33,0.6653278287835631,-0.11511398771786102,0.0,1,1,0.33000000000000007,-1.56
2015,21,2016-01-23,vallecano,celta,2015|2016-01-23|vallecano|celta,2015|2016-01-23|vallecano|celta,H,A,0.34986798510269856,0.20816144634477204,0.4419705685525293,0.4419705685525293,1.0550025824343354,0.09210258344983074,2.7,3.4,2.63,1.044716154311323,0.35451770209729216,0.28152876343020267,0.36395353447250534,2.63,0.4419705685525293,0.16238259529315202,0.09962122410622824,1,0,-1.0,-2.56
2015,21,2016-01-24,ath bilbao,eibar,2015|2016-01-24|ath bilbao|eibar,2015|2016-01-24|athbilbao|eibar,H,H,0.6071722174943017,0.24179123716353956,0.15103654534215868,0.6071722174943017,0.9317048660284006,0.36538098033076216,1.67,3.75,5.5,1.0472872436944294,0.5717651950932151,0.2546261002148451,0.17360870469193984,1.67,0.6071722174943017,0.013977603215483858,0.020862094351468446,1,1,0.6699999999999999,-1.8900000000000001
2015,21,2016-01-24,ath madrid,sevilla,2015|2016-01-24|ath madrid|sevilla,2015|2016-01-24|athmadrid|sevilla,D,H,0.42583898920677987,0.4106798950145927,0.1634811157786274,0.42583898920677987,1.025090887302267,0.015159094192187195,1.67,3.5,6.0,1.0511833475905332,0.5696460056964601,0.2718025227180252,0.15855147158551472,1.67,0.42583898920677987,-0.2888488880246776,0.0,1,0,-1.0,-2.89
2015,21,2016-01-24,betis,real madrid,2015|2016-01-24|betis|real madrid,2015|2016-01-24|betis|realmadrid,D,A,0.1439778959091159,0.14288760475304477,0.7131344993378393,0.7131344993378393,0.7981591328488119,0.5691566034287234,9.5,5.75,1.3,1.0484069706037669,0.10040295500335795,0.1658831430490262,0.7337139019476159,1.3,0.7131344993378393,-0.07292515086080881,0.0,1,0,-1.0,-3.89
2015,21,2016-01-24,la coruna,valencia,2015|2016-01-24|la coruna|valencia,2015|2016-01-24|lacoruna|valencia,D,H,0.36807991319491584,0.3286877016051352,0.30323238519994894,0.36807991319491584,1.0954266504367531,0.039392211589780624,2.25,3.3,3.3,1.0505050505050504,0.42307692307692313,0.2884615384615385,0.2884615384615385,2.25,0.36807991319491584,-0.17182019531143933,0.0,1,0,-1.0,-4.890000000000001
2015,21,2016-01-25,levante,las palmas,2015|2016-01-25|levante|las palmas,2015|2016-01-25|levante|laspalmas,H,H,0.41650233099008815,0.2417777139516719,0.34171995505824,0.41650233099008815,1.0749862123448817,0.07478237593184817,2.38,3.1,3.25,1.0504410200804888,0.39999205971097346,0.30709067810068286,0.2929172621883437,2.38,0.41650233099008815,-0.008724452243590197,0.0,1,1,1.38,-3.5100000000000002
2015,22,2016-01-30,barcelona,ath madrid,2015|2016-01-30|barcelona|ath madrid,2015|2016-01-30|barcelona|athmadrid,H,H,0.5980976146573017,0.2993253681257575,0.10257701721694079,0.5980976146573017,0.9020587990012505,0.2987722465315442,1.5,4.2,7.0,1.0476190476190474,0.6363636363636365,0.2272727272727273,0.13636363636363638,1.5,0.5980976146573017,-0.10285357801404743,0.0,1,1,0.5,-3.0100000000000002
2015,22,2016-01-30,eibar,malaga,2015|2016-01-30|eibar|malaga,2015|2016-01-30|eibar|malaga,A,H,0.39411826008038436,0.3033055788913034,0.30257616102831225,0.39411826008038436,1.0905194149845734,0.09081268118908098,2.38,3.25,3.0,1.0611937082525318,0.39593908629441626,0.2899492385786802,0.3141116751269035,2.38,0.39411826008038436,-0.06199854100868529,0.0,1,0,-1.0,-4.01
2015,22,2016-01-30,getafe,ath bilbao,2015|2016-01-30|getafe|ath bilbao,2015|2016-01-30|getafe|athbilbao,A,A,0.2412675803454366,0.3111397106963517,0.44759270895821157,0.44759270895821157,1.0661127824095753,0.13645299826185986,3.4,3.3,2.2,1.0516934046345812,0.2796610169491525,0.288135593220339,0.43220338983050843,2.2,0.44759270895821157,-0.015296040291934432,0.0,1,1,1.2000000000000002,-2.81
2015,22,2016-01-30,sociedad,betis,2015|2016-01-30|sociedad|betis,2015|2016-01-30|sociedad|betis,H,H,0.6035354066568844,0.2470150468654186,0.1494495464776969,0.6035354066568844,0.9342313405141656,0.3565203597914658,1.67,3.75,5.5,1.0472872436944294,0.5717651950932151,0.2546261002148451,0.17360870469193984,1.67,0.6035354066568844,0.00790412911699695,0.011797207637308882,1,1,0.6699999999999999,-2.14
2015,22,2016-01-30,villarreal,granada,2015|2016-01-30|villarreal|granada,2015|2016-01-30|villarreal|granada,H,H,0.6875525856215471,0.23825938442563657,0.07418802995281647,0.6875525856215471,0.7923013918933635,0.44929320119591054,1.44,4.5,7.5,1.05,0.6613756613756613,0.21164021164021163,0.12698412698412698,1.44,0.6875525856215471,-0.009924276704972257,0.0,1,1,0.43999999999999995,-1.7000000000000002
2015,22,2016-01-31,las palmas,celta,2015|2016-01-31|las palmas|celta,2015|2016-01-31|laspalmas|celta,H,D,0.3493120408196498,0.35099570723067436,0.29969225194967586,0.35099570723067436,1.0960176394131573,0.0016836664110245758,2.38,3.3,3.1,1.045779015418484,0.40177519440735215,0.28976514020893884,0.30845966538370906,3.3,0.35099570723067436,0.1582858338612254,0.06881992776575019,1,0,-1.0,-2.7
2015,22,2016-01-31,real madrid,espanol,2015|2016-01-31|real madrid|espanol,2015|2016-01-31|realmadrid|espanol,H,H,0.9330160472418686,0.04396325347993739,0.023020699278193984,0.9330160472418686,0.2888669067255621,0.8890527937619312,1.1,11.0,21.0,1.0476190476190477,0.8677685950413222,0.08677685950413223,0.04545454545454545,1.1,0.9330160472418686,0.02631765196605554,0.26317651966055516,1,1,0.10000000000000009,-2.6
2015,22,2016-01-31,sevilla,levante,2015|2016-01-31|sevilla|levante,2015|2016-01-31|sevilla|levante,H,H,0.8301726351764409,0.10669122219071389,0.0631361426328452,0.8301726351764409,0.5676796174359686,0.723481412985727,1.33,5.0,10.0,1.0518796992481203,0.7147962830593281,0.1901358112937813,0.09506790564689065,1.33,0.8301726351764409,0.10412960478466649,0.3155442569232317,1,1,0.33000000000000007,-2.27
2015,22,2016-01-31,valencia,sp gijon,2015|2016-01-31|valencia|sp gijon,2015|2016-01-31|valencia|spgijon,A,H,0.553985732846488,0.30327314960940827,0.14274111754410362,0.553985732846488,0.966912080063649,0.25071258323707973,1.75,3.75,4.75,1.0486215538847117,0.5449330783938815,0.25430210325047803,0.20076481835564056,1.75,0.553985732846488,-0.030524967518645973,0.0,1,0,-1.0,-3.27
2015,22,2016-02-01,la coruna,vallecano,2015|2016-02-01|la coruna|vallecano,2015|2016-02-01|lacoruna|vallecano,D,H,0.5164422934094369,0.304542410573467,0.17901529601709604,0.5164422934094369,1.0113020992814128,0.21189988283596994,1.91,3.6,4.0,1.0513379872018616,0.49799419006778256,0.2642135841748513,0.23779222575736617,1.91,0.5164422934094369,-0.013595219587975493,0.0,1,0,-1.0,-4.27
2015,23,2016-02-05,malaga,getafe,2015|2016-02-05|malaga|getafe,2015|2016-02-05|malaga|getafe,H,H,0.6753587665419435,0.18153687375822064,0.14310435969983595,0.6753587665419435,0.8530624204625741,0.49382189278372285,1.57,3.75,6.5,1.0574554956720563,0.6023352072650892,0.25217767344165065,0.14548711929326003,1.57,0.6753587665419435,0.06031326347085131,0.10581274293131808,1,1,0.5700000000000001,-3.7
2015,23,2016-02-06,ath bilbao,villarreal,2015|2016-02-06|ath bilbao|villarreal,2015|2016-02-06|athbilbao|villarreal,D,H,0.5069168646577817,0.30639050427960957,0.18669263106260878,0.5069168646577817,1.020155944195598,0.20052636037817217,1.83,3.6,4.5,1.046448087431694,0.5221932114882506,0.2654482158398608,0.2123585726718886,1.83,0.5069168646577817,-0.07234213767625935,0.0,1,0,-1.0,-4.7
2015,23,2016-02-06,ath madrid,eibar,2015|2016-02-06|ath madrid|eibar,2015|2016-02-06|athmadrid|eibar,H,H,0.6090535567487534,0.298724776516111,0.0922216667351356,0.6090535567487534,0.8827435502109682,0.3103287802326424,1.36,4.5,9.5,1.062779497764018,0.6918595241948534,0.20909532286777793,0.0990451529373685,1.36,0.6090535567487534,-0.17168716282169533,0.0,1,1,0.3600000000000001,-4.34
2015,23,2016-02-06,sp gijon,la coruna,2015|2016-02-06|sp gijon|la coruna,2015|2016-02-06|spgijon|lacoruna,D,D,0.27520774488113264,0.403920357725727,0.32087189739314026,0.403920357725727,1.0859893515772696,0.08304846033258673,2.5,3.25,2.9,1.0525198938992042,0.3800403225806452,0.2923387096774194,0.3276209677419355,3.25,0.403920357725727,0.31274116260861273,0.13899607227049454,1,1,2.25,-2.09
2015,23,2016-02-06,vallecano,las palmas,2015|2016-02-06|vallecano|las palmas,2015|2016-02-06|vallecano|laspalmas,H,H,0.5636806389329394,0.17839578571746542,0.2579235753495952,0.5636806389329394,0.9801597715884534,0.3057570635833442,1.91,3.6,4.0,1.0513379872018616,0.49799419006778256,0.2642135841748513,0.23779222575736617,1.91,0.5636806389329394,0.07663002036191424,0.08420881358452115,1,1,0.9099999999999999,-1.18
2015,23,2016-02-07,betis,valencia,2015|2016-02-07|betis|valencia,2015|2016-02-07|betis|valencia,H,A,0.2874612855324393,0.3356823435550974,0.3768563709124632,0.3768563709124632,1.0925667981165548,0.041174027357365806,2.63,3.1,2.88,1.0500310042656418,0.3621113427484446,0.30721059078335783,0.33067806646819764,2.88,0.3768563709124632,0.08534634822789411,0.04539699373824155,1,0,-1.0,-2.1799999999999997
2015,23,2016-02-07,celta,sevilla,2015|2016-02-07|celta|sevilla,2015|2016-02-07|celta|sevilla,D,A,0.21635931911943582,0.3788723630499917,0.4047683178305725,0.4047683178305725,1.0650116748307656,0.025895954780580765,3.2,3.3,2.3,1.050312911725955,0.29753038024304196,0.28851430811446493,0.4139553116424932,2.3,0.4047683178305725,-0.0690328689896833,0.0,1,0,-1.0,-3.1799999999999997
2015,23,2016-02-07,granada,real madrid,2015|2016-02-07|granada|real madrid,2015|2016-02-07|granada|realmadrid,A,A,0.10970997822408991,0.1438089753960899,0.7464810463798203,0.7464810463798203,0.7395939698412088,0.6026720709837303,12.0,6.0,1.25,1.05,0.07936507936507936,0.15873015873015872,0.7619047619047619,1.25,0.7464810463798203,-0.06689869202522467,0.0,1,1,0.25,-2.9299999999999997
2015,23,2016-02-07,levante,barcelona,2015|2016-02-07|levante|barcelona,2015|2016-02-07|levante|barcelona,A,A,0.11529742288816143,0.1286984718000858,0.7560041053117527,0.7560041053117527,0.7243991755928482,0.6273056335116669,15.0,7.5,1.18,1.0474576271186442,0.06364617044228693,0.12729234088457386,0.8090614886731391,1.18,0.7560041053117527,-0.1079151557321319,0.0,1,1,0.17999999999999994,-2.75
2015,23,2016-02-08,espanol,sociedad,2015|2016-02-08|espanol|sociedad,2015|2016-02-08|espanol|sociedad,A,A,0.3639377621428036,0.23625305499065688,0.3998091828665395,0.3998091828665395,1.0752686102720361,0.03587142072373589,2.7,3.1,2.8,1.050093872674518,0.3527021535960991,0.30719219829337663,0.34010564811052413,2.8,0.3998091828665395,0.11946571202631051,0.06636984001461696,1,1,1.7999999999999998,-0.9500000000000002
2015,24,2016-02-12,sp gijon,vallecano,2015|2016-02-12|sp gijon|vallecano,2015|2016-02-12|spgijon|vallecano,D,H,0.3929019054072728,0.26186852762702034,0.34522956696570695,0.3929019054072728,1.0850954931849912,0.047672338441565876,2.38,3.4,3.0,1.0476190476190477,0.40106951871657753,0.2807486631016043,0.3181818181818181,2.38,0.3929019054072728,-0.06489346513069072,0.0,1,0,-1.0,-1.9500000000000002
2015,24,2016-02-13,la coruna,betis,2015|2016-02-13|la coruna|betis,2015|2016-02-13|lacoruna|betis,D,H,0.5018471373312058,0.3357719381558563,0.1623809245129378,0.5018471373312058,1.0076167774022287,0.16607519917534946,1.8,3.5,4.75,1.0517961570593148,0.5281969817315331,0.27164416203335984,0.20015885623510724,1.8,0.5018471373312058,-0.09667515280382954,0.0,1,0,-1.0,-2.95
2015,24,2016-02-13,real madrid,ath bilbao,2015|2016-02-13|real madrid|ath bilbao,2015|2016-02-13|realmadrid|athbilbao,H,H,0.8237958085651027,0.11840777481474944,0.05779641662014784,0.8237958085651027,0.5770834450427469,0.7053880337503533,1.29,6.0,9.5,1.0471236230110157,0.7403078121955972,0.1591661796220534,0.10052600818234952,1.29,0.8237958085651027,0.06269659304898251,0.21619514844476723,1,1,0.29000000000000004,-2.66
2015,24,2016-02-13,valencia,espanol,2015|2016-02-13|valencia|espanol,2015|2016-02-13|valencia|espanol,H,H,0.5383882157633371,0.32190368836466876,0.13970809587199415,0.5383882157633371,0.9732089743348633,0.2164845273986683,1.75,3.6,5.0,1.0492063492063493,0.5446293494704992,0.264750378214826,0.19062027231467474,1.75,0.5383882157633371,-0.05782062241416014,0.0,1,1,0.75,-1.9100000000000001
2015,24,2016-02-13,villarreal,malaga,2015|2016-02-13|villarreal|malaga,2015|2016-02-13|villarreal|malaga,H,H,0.3992791690601877,0.35443020716649126,0.24629062377332112,0.3992791690601877,1.0793195514572718,0.044848961893696415,2.05,3.3,3.8,1.0539930758159257,0.46281601771544567,0.28750692009595863,0.24967706218859564,2.05,0.3992791690601877,-0.18147770342661534,0.0,1,1,1.0499999999999998,-0.8600000000000003
2015,24,2016-02-14,barcelona,celta,2015|2016-02-14|barcelona|celta,2015|2016-02-14|barcelona|celta,H,H,0.8840424147192726,0.09972752967552274,0.016230055605204595,0.8840424147192726,0.40574394064299546,0.7843148850437498,1.08,11.0,26.0,1.0552965552965552,0.8774082709534912,0.08614553932997915,0.03644618971652964,1.08,0.8840424147192726,-0.04523419210318555,0.0,1,1,0.08000000000000007,-0.7800000000000002
2015,24,2016-02-14,eibar,levante,2015|2016-02-14|eibar|levante,2015|2016-02-14|eibar|levante,H,H,0.6038387866080448,0.2288969822588445,0.1672642311331107,0.6038387866080448,0.941208682703772,0.3749418043492003,1.8,3.5,4.75,1.0517961570593148,0.5281969817315331,0.27164416203335984,0.20015885623510724,1.8,0.6038387866080448,0.08690981589448066,0.10863726986810082,1,1,0.8,0.019999999999999796
2015,24,2016-02-14,getafe,ath madrid,2015|2016-02-14|getafe|ath madrid,2015|2016-02-14|getafe|athmadrid,A,A,0.13106660552618007,0.3084186395360262,0.5605147549377938,0.5605147549377938,0.953607661673165,0.2520961154017676,6.5,3.8,1.57,1.0539467237422315,0.14597147121430845,0.24968804286658022,0.6043404859191114,1.57,0.5605147549377938,-0.11999183474766373,0.0,1,1,0.5700000000000001,0.5899999999999999
2015,24,2016-02-14,sevilla,las palmas,2015|2016-02-14|sevilla|las palmas,2015|2016-02-14|sevilla|laspalmas,H,H,0.821110782105217,0.12973658401699079,0.049152633877792146,0.821110782105217,0.5748813778159652,0.6913741980882262,1.33,5.0,10.0,1.0518796992481203,0.7147962830593281,0.1901358112937813,0.09506790564689065,1.33,0.821110782105217,0.09207734019993874,0.27902224303011736,1,1,0.33000000000000007,0.9199999999999999
2015,24,2016-02-14,sociedad,granada,2015|2016-02-14|sociedad|granada,2015|2016-02-14|sociedad|granada,H,H,0.6728553786076487,0.22162812985796548,0.10551649153438585,0.6728553786076487,0.8378359621515745,0.4512272487496832,1.53,4.0,6.5,1.057440925087984,0.6180910495661476,0.23641982645905146,0.1454891239748009,1.53,0.6728553786076487,0.029468729269702454,0.05560137598057067,1,1,0.53,1.45
2015,25,2016-02-19,levante,getafe,2015|2016-02-19|levante|getafe,2015|2016-02-19|levante|getafe,H,H,0.4405377359207883,0.2275664080903168,0.3318958559888949,0.4405377359207883,1.0640636416870737,0.10864187993189345,2.2,3.3,3.4,1.0516934046345812,0.43220338983050843,0.288135593220339,0.2796610169491525,2.2,0.4405377359207883,-0.030816980974265662,0.0,1,1,1.2000000000000002,2.6500000000000004
2015,25,2016-02-20,betis,sp gijon,2015|2016-02-20|betis|sp gijon,2015|2016-02-20|betis|spgijon,D,H,0.4113879959261601,0.3099588589046879,0.27865314516915196,0.4113879959261601,1.0845215991989063,0.10142913702147222,2.05,3.3,3.8,1.0539930758159257,0.46281601771544567,0.28750692009595863,0.24967706218859564,2.05,0.4113879959261601,-0.1566546083513718,0.0,1,0,-1.0,1.6500000000000001
2015,25,2016-02-20,celta,eibar,2015|2016-02-20|celta|eibar,2015|2016-02-20|celta|eibar,H,H,0.48620496921991113,0.2764857521252898,0.23730927865479925,0.48620496921991113,1.047407064939987,0.20971921709462132,2.0,3.5,3.8,1.0488721804511278,0.4767025089605735,0.27240143369175623,0.25089605734767023,2.0,0.48620496921991113,-0.027590061560177792,0.0,1,1,1.0,2.6500000000000004
2015,25,2016-02-20,espanol,la coruna,2015|2016-02-20|espanol|la coruna,2015|2016-02-20|espanol|lacoruna,H,H,0.37428651714424443,0.2797960642830596,0.3459174185726961,0.37428651714424443,1.0914090530930385,0.028369098571548346,2.38,3.3,3.0,1.056531703590527,0.39768618944323936,0.28681610026512416,0.31549771029163654,2.38,0.37428651714424443,-0.10919808919669827,0.0,1,1,1.38,4.03
2015,25,2016-02-20,las palmas,barcelona,2015|2016-02-20|las palmas|barcelona,2015|2016-02-20|laspalmas|barcelona,A,A,0.09879001757711144,0.11890495637963502,0.7823050260432536,0.7823050260432536,0.6739390711443864,0.6634000696636185,15.0,7.5,1.18,1.0474576271186442,0.06364617044228693,0.12729234088457386,0.8090614886731391,1.18,0.7823050260432536,-0.07688006926896082,0.0,1,1,0.17999999999999994,4.21
2015,25,2016-02-21,ath bilbao,sociedad,2015|2016-02-21|ath bilbao|sociedad,2015|2016-02-21|athbilbao|sociedad,A,H,0.4776483462289225,0.3406402980124075,0.18171135575867,0.4776483462289225,1.02964907203528,0.13700804821651497,1.8,3.5,4.75,1.0517961570593148,0.5281969817315331,0.27164416203335984,0.20015885623510724,1.8,0.4776483462289225,-0.1402329767879395,0.0,1,0,-1.0,3.21
2015,25,2016-02-21,ath madrid,villarreal,2015|2016-02-21|ath madrid|villarreal,2015|2016-02-21|athmadrid|villarreal,D,H,0.5451735406406845,0.3406475233976209,0.11417893596169466,0.5451735406406845,0.9453428062972918,0.20452601724306357,1.53,3.8,7.5,1.0500859993120055,0.6224202319334338,0.2506060407521457,0.1269737273144205,1.53,0.5451735406406845,-0.16588448281975277,0.0,1,0,-1.0,2.21
2015,25,2016-02-21,granada,valencia,2015|2016-02-21|granada|valencia,2015|2016-02-21|granada|valencia,A,A,0.29527954196063294,0.24266534716627286,0.46205511087309414,0.46205511087309414,1.060562656213792,0.1667755689124612,2.88,3.2,2.55,1.0518790849673203,0.33009708737864074,0.29708737864077667,0.37281553398058254,2.55,0.46205511087309414,0.17824053272638996,0.11499389208154193,1,1,1.5499999999999998,3.76
2015,25,2016-02-21,malaga,real madrid,2015|2016-02-21|malaga|real madrid,2015|2016-02-21|malaga|realmadrid,D,A,0.14508384048010475,0.28152968589161365,0.5733864736282815,0.5733864736282815,0.9558347966041376,0.2918567877366679,4.75,3.8,1.73,1.0517188926072407,0.20017356089094587,0.25021695111368236,0.5496094879953717,1.73,0.5733864736282815,-0.008041400623072958,0.0,1,0,-1.0,2.76
2015,25,2016-02-21,vallecano,sevilla,2015|2016-02-21|vallecano|sevilla,2015|2016-02-21|vallecano|sevilla,D,A,0.30493161838894195,0.23463416071076304,0.46043422090029507,0.46043422090029507,1.0594190970082185,0.15550260251135312,3.1,3.6,2.2,1.0549038774845227,0.30579150579150577,0.2633204633204633,0.43088803088803085,2.2,0.46043422090029507,0.012955285980649212,0.010796071650541007,1,0,-1.0,1.7599999999999998
2015,26,2016-02-26,eibar,las palmas,2015|2016-02-26|eibar|las palmas,2015|2016-02-26|eibar|laspalmas,A,H,0.5043335156913822,0.34116357708813194,0.15450290722048585,0.5043335156913822,1.0006508355200998,0.16316993860325024,1.75,3.6,5.0,1.0492063492063493,0.5446293494704992,0.264750378214826,0.19062027231467474,1.75,0.5043335156913822,-0.11741634754008118,0.0,1,0,-1.0,0.7599999999999998
2015,26,2016-02-27,betis,vallecano,2015|2016-02-27|betis|vallecano,2015|2016-02-27|betis|vallecano,D,H,0.406168055583637,0.32554543940207825,0.2682865050142847,0.406168055583637,1.0842815827010852,0.08062261618155875,2.2,3.3,3.4,1.0516934046345812,0.43220338983050843,0.288135593220339,0.2796610169491525,2.2,0.406168055583637,-0.10643027771599856,0.0,1,0,-1.0,-0.2400000000000002
2015,26,2016-02-27,getafe,celta,2015|2016-02-27|getafe|celta,2015|2016-02-27|getafe|celta,A,A,0.23319854466485554,0.35917847058253305,0.4076229847526113,0.4076229847526113,1.0730873363131295,0.04844451417007822,3.2,3.3,2.3,1.050312911725955,0.29753038024304196,0.28851430811446493,0.4139553116424932,2.3,0.4076229847526113,-0.06246713506899415,0.0,1,1,1.2999999999999998,1.0599999999999996
2015,26,2016-02-27,real madrid,ath madrid,2015|2016-02-27|real madrid|ath madrid,2015|2016-02-27|realmadrid|athmadrid,A,H,0.4648308336224671,0.394493106749665,0.14067605962786792,0.4648308336224671,0.9989449213232691,0.0703377268728021,1.73,3.6,5.25,1.0462886503348932,0.5524619634322796,0.2654886657605121,0.1820493708072083,1.73,0.4648308336224671,-0.19584265783313193,0.0,1,0,-1.0,0.05999999999999961
2015,26,2016-02-27,sociedad,malaga,2015|2016-02-27|sociedad|malaga,2015|2016-02-27|sociedad|malaga,D,H,0.43974755909472096,0.3210370886697096,0.23921535223556933,0.43974755909472096,1.0682099653183648,0.11871047042501137,2.2,3.25,3.5,1.047952047952048,0.4337464251668255,0.29361296472831266,0.27264061010486174,2.2,0.43974755909472096,-0.03255536999161379,0.0,1,0,-1.0,-0.9400000000000004
2015,26,2016-02-27,sp gijon,espanol,2015|2016-02-27|sp gijon|espanol,2015|2016-02-27|spgijon|espanol,A,D,0.3533012953113811,0.3608577411285531,0.2858409635600658,0.3608577411285531,1.0933629678414585,0.0075564458171720195,2.3,3.2,3.3,1.0503129117259553,0.41395531164249316,0.2975303802430419,0.2885143081144649,3.2,0.3608577411285531,0.15474477161137012,0.07033853255062278,1,0,-1.0,-1.9400000000000004
2015,26,2016-02-28,barcelona,sevilla,2015|2016-02-28|barcelona|sevilla,2015|2016-02-28|barcelona|sevilla,H,H,0.8542427248208658,0.11191280428659534,0.03384447089253883,0.8542427248208658,0.4942669920947117,0.7423299205342705,1.14,8.0,15.0,1.068859649122807,0.8206811653672549,0.11694706606483381,0.062371768567911365,1.14,0.8542427248208658,-0.02616329370421304,0.0,1,1,0.1399999999999999,-1.8000000000000005
2015,26,2016-02-28,la coruna,granada,2015|2016-02-28|la coruna|granada,2015|2016-02-28|lacoruna|granada,A,H,0.5528935212051487,0.2768583608468325,0.1702481179480187,0.5528935212051487,0.984618242195732,0.27603516035831616,1.8,3.5,4.75,1.0517961570593148,0.5281969817315331,0.27164416203335984,0.20015885623510724,1.8,0.5528935212051487,-0.004791661830732374,0.0,1,0,-1.0,-2.8000000000000007
2015,26,2016-02-28,valencia,ath bilbao,2015|2016-02-28|valencia|ath bilbao,2015|2016-02-28|valencia|athbilbao,A,D,0.29502505499494935,0.42489870806449936,0.2800762369405514,0.42489870806449936,1.0802595012352123,0.12987365306955,2.3,3.2,3.3,1.0503129117259553,0.41395531164249316,0.2975303802430419,0.2885143081144649,3.2,0.42489870806449936,0.359675865806398,0.16348902991199907,1,0,-1.0,-3.8000000000000007
2015,26,2016-02-28,villarreal,levante,2015|2016-02-28|villarreal|levante,2015|2016-02-28|villarreal|levante,H,H,0.589858376754667,0.26179191680974045,0.1483497064355925,0.589858376754667,0.9453034884805877,0.32806645994492656,1.67,3.6,5.75,1.0504932164656196,0.5700202398490961,0.2644260557077751,0.16555370444312875,1.67,0.589858376754667,-0.01493651081970615,0.0,1,1,0.6699999999999999,-3.130000000000001
2015,27,2016-03-01,ath madrid,sociedad,2015|2016-03-01|ath madrid|sociedad,2015|2016-03-01|athmadrid|sociedad,H,H,0.6366662512045517,0.2924509134042021,0.07088283539124636,0.6366662512045517,0.8346247446338304,0.3442153378003496,1.4,4.33,9.0,1.0563437076139155,0.6761868406440866,0.21862853970016655,0.1051846196557468,1.4,0.6366662512045517,-0.10866724831362773,0.0,1,1,0.3999999999999999,-2.7300000000000004
2015,27,2016-03-01,las palmas,getafe,2015|2016-03-01|las palmas|getafe,2015|2016-03-01|laspalmas|getafe,H,H,0.4216609647383101,0.3745091576759159,0.20382987758577395,0.4216609647383101,1.0561321569347257,0.04715180706239419,2.05,3.4,3.75,1.0485891917742707,0.4652011310772599,0.2804889172671714,0.25430995165556874,2.05,0.4216609647383101,-0.13559502228646442,0.0,1,1,1.0499999999999998,-1.6800000000000008
2015,27,2016-03-02,ath bilbao,la coruna,2015|2016-03-02|ath bilbao|la coruna,2015|2016-03-02|athbilbao|lacoruna,H,H,0.6155301714272392,0.26047816086487874,0.12399166770788203,0.6155301714272392,0.9079414809403807,0.35505201056236046,1.53,4.0,7.0,1.046451914098973,0.6245817532902074,0.23890252063350434,0.13651572607628817,1.53,0.6155301714272392,-0.05823883771632399,0.0,1,1,0.53,-1.1500000000000008
2015,27,2016-03-02,celta,villarreal,2015|2016-03-02|celta|villarreal,2015|2016-03-02|celta|villarreal,D,D,0.33229545367823565,0.36403376205595855,0.30367078426580574,0.36403376205595855,1.095877615890822,0.0317383083777229,2.2,3.3,3.4,1.0516934046345812,0.43220338983050843,0.288135593220339,0.2796610169491525,3.3,0.36403376205595855,0.2013114147846632,0.08752670208028834,1,1,2.3,1.149999999999999
2015,27,2016-03-02,levante,real madrid,2015|2016-03-02|levante|real madrid,2015|2016-03-02|levante|realmadrid,A,A,0.1258357646486533,0.20516281266685765,0.669001422684489,0.669001422684489,0.8547153843655868,0.4638386100176314,7.0,4.75,1.44,1.0478279030910609,0.13633645604943193,0.20091688259916285,0.6627466613514053,1.44,0.669001422684489,-0.03663795133433584,0.0,1,1,0.43999999999999995,1.589999999999999
2015,27,2016-03-02,malaga,valencia,2015|2016-03-02|malaga|valencia,2015|2016-03-02|malaga|valencia,A,H,0.4352197403665407,0.2971173643131037,0.26766289532035553,0.4352197403665407,1.0754380168261943,0.138102376053437,2.05,3.3,3.8,1.0539930758159257,0.46281601771544567,0.28750692009595863,0.24967706218859564,2.05,0.4352197403665407,-0.10779953224859157,0.0,1,0,-1.0,0.589999999999999
2015,27,2016-03-02,sevilla,eibar,2015|2016-03-02|sevilla|eibar,2015|2016-03-02|sevilla|eibar,H,H,0.6743341355371957,0.23419927736107146,0.09146658710173285,0.6743341355371957,0.8244353338656867,0.4401348581761242,1.4,4.75,8.0,1.0498120300751879,0.6803939122649956,0.20053715308863027,0.11906893464637423,1.4,0.6743341355371957,-0.055932210247926106,0.0,1,1,0.3999999999999999,0.9899999999999989
2015,27,2016-03-03,espanol,betis,2015|2016-03-03|espanol|betis,2015|2016-03-03|espanol|betis,A,H,0.5763824164852926,0.17130176626850843,0.25231581724619884,0.5763824164852926,0.9672675273189609,0.3240665992390938,1.95,3.5,4.0,1.0485347985347986,0.48908296943231444,0.2724890829694323,0.23842794759825325,1.95,0.5763824164852926,0.12394571214632066,0.13046917068033756,1,0,-1.0,-0.010000000000001119
2015,27,2016-03-03,granada,sp gijon,2015|2016-03-03|granada|sp gijon,2015|2016-03-03|granada|spgijon,H,H,0.5192623498505257,0.26567080794859543,0.2150668422008788,0.5192623498505257,1.0229585602562496,0.25359154190193023,2.1,3.3,3.75,1.0458874458874459,0.4552980132450331,0.2897350993377484,0.25496688741721857,2.1,0.5192623498505257,0.09045093468610399,0.08222812244191272,1,1,1.1,1.089999999999999
2015,27,2016-03-03,vallecano,barcelona,2015|2016-03-03|vallecano|barcelona,2015|2016-03-03|vallecano|barcelona,A,A,0.12931220648071431,0.1335180107319429,0.7371697827873428,0.7371697827873428,0.7581428396634475,0.6036517720553999,13.0,7.0,1.2,1.0531135531135531,0.07304347826086957,0.13565217391304346,0.7913043478260869,1.2,0.7371697827873428,-0.11539626065518868,0.0,1,1,0.19999999999999996,1.289999999999999
2015,28,2016-03-05,getafe,sevilla,2015|2016-03-05|getafe|sevilla,2015|2016-03-05|getafe|sevilla,D,A,0.21341413542270182,0.2707486707591823,0.515837193818116,0.515837193818116,1.0248387916997437,0.2450885230589337,3.8,3.5,2.0,1.0488721804511278,0.25089605734767023,0.27240143369175623,0.4767025089605735,2.0,0.515837193818116,0.03167438763623198,0.03167438763623198,1,0,-1.0,0.2899999999999989
2015,28,2016-03-05,la coruna,malaga,2015|2016-03-05|la coruna|malaga,2015|2016-03-05|lacoruna|malaga,D,A,0.33953758368428827,0.3038730687773185,0.3565893475383933,0.3565893475383933,1.0964198718380525,0.017051763854105007,2.5,3.1,3.0,1.0559139784946237,0.3788187372708758,0.3054989816700611,0.3156822810590631,3.0,0.3565893475383933,0.06976804261517977,0.034884021307589885,1,0,-1.0,-0.7100000000000011
2015,28,2016-03-05,real madrid,celta,2015|2016-03-05|real madrid|celta,2015|2016-03-05|realmadrid|celta,H,H,0.8131651250619318,0.12756926675748212,0.05926560818058603,0.8131651250619318,0.5983254094549617,0.6855958583044497,1.3,6.0,8.0,1.0608974358974357,0.7250755287009064,0.1570996978851964,0.1178247734138973,1.3,0.8131651250619318,0.05711466258051143,0.19038220860170474,1,1,0.30000000000000004,-0.41000000000000103
2015,28,2016-03-05,villarreal,las palmas,2015|2016-03-05|villarreal|las palmas,2015|2016-03-05|villarreal|laspalmas,A,H,0.6134552925573588,0.25554914303996146,0.13099556440267981,0.6134552925573588,0.9146802042375303,0.3579061495173973,1.62,3.75,6.0,1.0506172839506174,0.5875440658049352,0.25381903642773207,0.15863689776733253,1.62,0.6134552925573588,-0.006202426057078769,0.0,1,0,-1.0,-1.410000000000001
2015,28,2016-03-06,betis,granada,2015|2016-03-06|betis|granada,2015|2016-03-06|betis|granada,H,H,0.4661908711930846,0.2648943275438992,0.26891480126301615,0.4661908711930846,1.060852472886004,0.19727606993006847,2.1,3.4,3.6,1.0480859010270773,0.4543429844097996,0.28062360801781744,0.26503340757238314,2.1,0.4661908711930846,-0.020999170494522268,0.0,1,1,1.1,-0.31000000000000094
2015,28,2016-03-06,eibar,barcelona,2015|2016-03-06|eibar|barcelona,2015|2016-03-06|eibar|barcelona,A,A,0.12803530337151542,0.20909130339873672,0.6628733932297479,0.6628733932297479,0.8629491605460564,0.4537820898310112,10.0,6.5,1.25,1.0538461538461539,0.09489051094890512,0.14598540145985403,0.759124087591241,1.25,0.6628733932297479,-0.1714082584628151,0.0,1,1,0.25,-0.06000000000000094
2015,28,2016-03-06,sociedad,levante,2015|2016-03-06|sociedad|levante,2015|2016-03-06|sociedad|levante,D,H,0.6113934186798934,0.25268446042921217,0.13592212089089448,0.6113934186798934,0.9196668635868827,0.3587089582506812,1.57,3.75,7.0,1.0464664846830452,0.6086603675149267,0.25482580719958264,0.1365138252854907,1.57,0.6113934186798934,-0.04011233267256736,0.0,1,0,-1.0,-1.060000000000001
2015,28,2016-03-06,sp gijon,ath bilbao,2015|2016-03-06|sp gijon|ath bilbao,2015|2016-03-06|spgijon|athbilbao,A,A,0.22580294743257365,0.2666024507692037,0.5075946017982226,0.5075946017982226,1.0326490208575907,0.2409921510290189,4.0,3.3,2.0,1.053030303030303,0.23741007194244607,0.2877697841726619,0.47482014388489213,2.0,0.5075946017982226,0.015189203596445155,0.015189203596445155,1,1,1.0,-0.06000000000000094
2015,28,2016-03-06,valencia,ath madrid,2015|2016-03-06|valencia|ath madrid,2015|2016-03-06|valencia|athmadrid,A,A,0.13270830037813885,0.4087696838927761,0.458522015729085,0.458522015729085,0.9912358238019501,0.049752331836308894,4.0,3.3,2.0,1.053030303030303,0.23741007194244607,0.2877697841726619,0.47482014388489213,2.0,0.458522015729085,-0.08295596854182996,0.0,1,1,1.0,0.9399999999999991
2015,28,2016-03-07,espanol,vallecano,2015|2016-03-07|espanol|vallecano,2015|2016-03-07|espanol|vallecano,H,H,0.562006784555305,0.18176965273971385,0.25622356270498114,0.562006784555305,0.9826724304357928,0.3057832218503238,1.95,3.5,4.0,1.0485347985347986,0.48908296943231444,0.2724890829694323,0.23842794759825325,1.95,0.562006784555305,0.09591322988284467,0.10096129461352071,1,1,0.95,1.889999999999999
2015,29,2016-03-11,malaga,sp gijon,2015|2016-03-11|malaga|sp gijon,2015|2016-03-11|malaga|spgijon,H,H,0.5297929358429506,0.32307204637633025,0.14713501778071914,0.5297929358429506,0.9835638963230539,0.20672088946662037,1.62,3.8,6.0,1.0471085120207928,0.5895128762022959,0.25131864722308406,0.1591684765746199,1.62,0.5297929358429506,-0.14173544393441995,0.0,1,1,0.6200000000000001,2.509999999999999
2015,29,2016-03-12,ath madrid,la coruna,2015|2016-03-12|ath madrid|la coruna,2015|2016-03-12|athmadrid|lacoruna,H,H,0.6650614951116915,0.2671791762181465,0.067759328670162,0.6650614951116915,0.8062891991619642,0.39788231889354503,1.25,5.5,15.0,1.0484848484848486,0.7630057803468208,0.17341040462427745,0.06358381502890173,1.25,0.6650614951116915,-0.16867313111038557,0.0,1,1,0.25,2.759999999999999
2015,29,2016-03-12,barcelona,getafe,2015|2016-03-12|barcelona|getafe,2015|2016-03-12|barcelona|getafe,H,H,0.9199500120278689,0.05981658861857847,0.020233399353552683,0.9199500120278689,0.32414742876531055,0.8601334234092903,1.06,15.0,26.0,1.0485244315432996,0.8997369999538595,0.06358141466340607,0.03668158538273428,1.06,0.9199500120278689,-0.02485298725045896,0.0,1,1,0.06000000000000005,2.8199999999999994
2015,29,2016-03-12,celta,sociedad,2015|2016-03-12|celta|sociedad,2015|2016-03-12|celta|sociedad,H,H,0.39822572456989597,0.32209806055671314,0.27967621487339095,0.39822572456989597,1.087907344139719,0.07612766401318283,2.1,3.4,3.5,1.0560224089635852,0.4509283819628648,0.2785145888594165,0.27055702917771884,2.1,0.39822572456989597,-0.1637259784032185,0.0,1,1,1.1,3.919999999999999
2015,29,2016-03-12,vallecano,eibar,2015|2016-03-12|vallecano|eibar,2015|2016-03-12|vallecano|eibar,D,H,0.43172702382193945,0.27661505554032195,0.2916579206377386,0.43172702382193945,1.077493281392345,0.14006910318420085,2.2,3.6,3.1,1.0549038774845225,0.4308880308880309,0.2633204633204634,0.3057915057915058,2.2,0.43172702382193945,-0.05020054759173309,0.0,1,0,-1.0,2.919999999999999
2015,29,2016-03-13,ath bilbao,betis,2015|2016-03-13|ath bilbao|betis,2015|2016-03-13|athbilbao|betis,H,H,0.6841957641371808,0.22446343187896745,0.09134080398385175,0.6841957641371808,0.8136107999281057,0.4597323322582133,1.44,4.33,8.0,1.0503913266615346,0.661129263749351,0.2198674687757657,0.11900326747488318,1.44,0.6841957641371808,-0.014758099642459777,0.0,1,1,0.43999999999999995,3.3599999999999994
2015,29,2016-03-13,las palmas,real madrid,2015|2016-03-13|las palmas|real madrid,2015|2016-03-13|laspalmas|realmadrid,A,A,0.13145684322097131,0.2553971065620976,0.6131460502169311,0.6131460502169311,0.9152583212407854,0.35774894365483356,9.5,5.25,1.33,1.0476190476190474,0.10047846889952154,0.18181818181818185,0.7177033492822967,1.33,0.6131460502169311,-0.18451575321148153,0.0,1,1,0.33000000000000007,3.6899999999999995
2015,29,2016-03-13,levante,valencia,2015|2016-03-13|levante|valencia,2015|2016-03-13|levante|valencia,H,A,0.3500540027315535,0.2686682942846537,0.3812777029837927,0.3812777029837927,1.0881835621612295,0.031223700252239195,2.63,3.25,2.8,1.0450633017172941,0.36383263698698604,0.2944245647002379,0.34174279831277615,2.8,0.3812777029837927,0.06757756835461948,0.03754309353034416,1,0,-1.0,2.6899999999999995
2015,29,2016-03-13,sevilla,villarreal,2015|2016-03-13|sevilla|villarreal,2015|2016-03-13|sevilla|villarreal,H,H,0.5432075634313559,0.2692722982600422,0.18752013830860198,0.5432075634313559,0.9986779658656761,0.2739352651713137,1.73,3.75,5.0,1.0447013487475916,0.5533013648100332,0.2552563629656953,0.1914422722242715,1.73,0.5432075634313559,-0.06025091526375431,0.0,1,1,0.73,3.419999999999999
2015,29,2016-03-14,granada,espanol,2015|2016-03-14|granada|espanol,2015|2016-03-14|granada|espanol,D,H,0.48069907928398764,0.268686563739325,0.2506143569766873,0.48069907928398764,1.0520393841829943,0.21201251554466266,2.15,3.3,3.5,1.0538608678143562,0.44134505158578524,0.28754298815437523,0.2711119602598395,2.15,0.48069907928398764,0.033503020460573296,0.029133061270063737,1,0,-1.0,2.419999999999999
2015,30,2016-03-18,getafe,eibar,2015|2016-03-18|getafe|eibar,2015|2016-03-18|getafe|eibar,D,H,0.41099703808189514,0.35984518605762683,0.2291577758604781,0.41099703808189514,1.0708653574310576,0.05115185202426831,2.1,3.25,3.75,1.0505494505494506,0.4532775453277545,0.2928870292887029,0.25383542538354253,2.1,0.41099703808189514,-0.13690622002802016,0.0,1,0,-1.0,1.4199999999999993
2015,30,2016-03-19,betis,malaga,2015|2016-03-19|betis|malaga,2015|2016-03-19|betis|malaga,A,A,0.2827058755919455,0.3389987357129662,0.3782953886950884,0.3782953886950884,1.0916042251300444,0.039296652982122204,2.6,3.1,2.9,1.0520236159835714,0.36559577063847093,0.3066287108580724,0.3277755185034567,2.9,0.3782953886950884,0.09705662721575625,0.05108243537671382,1,1,1.9,3.3199999999999994
2015,30,2016-03-19,granada,vallecano,2015|2016-03-19|granada|vallecano,2015|2016-03-19|granada|vallecano,D,H,0.4160330785035912,0.31721769265651134,0.26674922883989743,0.4160330785035912,1.081570726912525,0.09881538584707988,2.15,3.4,3.4,1.0533515731874146,0.44155844155844154,0.2792207792207792,0.2792207792207792,2.15,0.4160330785035912,-0.10552888121727882,0.0,1,0,-1.0,2.3199999999999994
2015,30,2016-03-19,la coruna,levante,2015|2016-03-19|la coruna|levante,2015|2016-03-19|lacoruna|levante,H,H,0.6321621157432566,0.18940104144353087,0.1784368428132125,0.6321621157432566,0.9125972933093367,0.4427610742997258,1.91,3.4,4.33,1.0486247386999974,0.4992827177367116,0.28047940908150565,0.2202378731817827,1.91,0.6321621157432566,0.20742964106962014,0.2279446605160661,1,1,0.9099999999999999,3.229999999999999
2015,30,2016-03-19,sociedad,las palmas,2015|2016-03-19|sociedad|las palmas,2015|2016-03-19|sociedad|laspalmas,A,H,0.6995231314800465,0.18088062113109646,0.11959624738885707,0.6995231314800465,0.8132487477877528,0.51864251034895,1.67,3.5,6.0,1.0511833475905332,0.5696460056964601,0.2718025227180252,0.15855147158551472,1.67,0.6995231314800465,0.16820362957167767,0.2510501933905637,1,0,-1.0,2.229999999999999
2015,30,2016-03-19,sp gijon,ath madrid,2015|2016-03-19|sp gijon|ath madrid,2015|2016-03-19|spgijon|athmadrid,H,A,0.1260038055130462,0.2545108941771091,0.6194853003098447,0.6194853003098447,0.9059360295357286,0.36497440613273563,8.5,3.6,1.53,1.0490196078431373,0.11214953271028037,0.26479750778816197,0.6230529595015576,1.53,0.6194853003098447,-0.052187490525937574,0.0,1,0,-1.0,1.229999999999999
2015,30,2016-03-20,espanol,ath bilbao,2015|2016-03-20|espanol|ath bilbao,2015|2016-03-20|espanol|athbilbao,H,A,0.26643736786776484,0.2785361675667343,0.4550264645655008,0.4550264645655008,1.0667090279592388,0.17649029699876645,3.1,3.4,2.3,1.0514809009157662,0.3067869752844252,0.27971753628874063,0.41349548842683403,2.3,0.4550264645655008,0.046560868500651664,0.03581605269280898,1,0,-1.0,0.2299999999999991
2015,30,2016-03-20,real madrid,sevilla,2015|2016-03-20|real madrid|sevilla,2015|2016-03-20|realmadrid|sevilla,H,H,0.7418565571061913,0.17587284672539694,0.08227059616841186,0.7418565571061913,0.7326745401630319,0.5659837103807943,1.33,5.5,8.5,1.0513449398898316,0.7151598592626587,0.17293865687624294,0.11190148386109836,1.33,0.7418565571061913,-0.01333077904876559,0.0,1,1,0.33000000000000007,0.5599999999999992
2015,30,2016-03-20,valencia,celta,2015|2016-03-20|valencia|celta,2015|2016-03-20|valencia|celta,A,D,0.33901771147018533,0.38468356973451223,0.27629871879530243,0.38468356973451223,1.08961330777692,0.0456658582643269,2.3,3.5,3.0,1.0538302277432712,0.41257367387033406,0.27111984282907664,0.3163064833005894,3.5,0.38468356973451223,0.34639249407079287,0.13855699762831714,1,0,-1.0,-0.44000000000000083
2015,30,2016-03-20,villarreal,barcelona,2015|2016-03-20|villarreal|barcelona,2015|2016-03-20|villarreal|barcelona,D,A,0.09121804291984732,0.3057800893309235,0.6030018677492293,0.6030018677492293,0.8857567722828323,0.29722177841830577,8.5,5.25,1.33,1.0600029485478402,0.1109874826147427,0.17969401947148816,0.7093184979137691,1.33,0.6030018677492293,-0.19800751589352505,0.0,1,0,-1.0,-1.4400000000000008
2015,31,2016-04-01,vallecano,getafe,2015|2016-04-01|vallecano|getafe,2015|2016-04-01|vallecano|getafe,H,H,0.513170208418658,0.2704615092829586,0.21636828229838337,0.513170208418658,1.0272334781253012,0.24270869913569942,1.91,3.6,4.0,1.0513379872018616,0.49799419006778256,0.2642135841748513,0.23779222575736617,1.91,0.513170208418658,-0.019844901920363256,0.0,1,1,0.9099999999999999,-0.5300000000000009
2015,31,2016-04-02,ath madrid,betis,2015|2016-04-02|ath madrid|betis,2015|2016-04-02|athmadrid|betis,H,H,0.6642238273524154,0.24457658866155074,0.09119958398603385,0.6642238273524154,0.8345733390354568,0.4196472386908646,1.4,4.33,10.0,1.0452325965028044,0.6833748934692718,0.2209526214450301,0.09567248508569805,1.4,0.6642238273524154,-0.07008664170661855,0.0,1,1,0.3999999999999999,-0.130000000000001
2015,31,2016-04-02,barcelona,real madrid,2015|2016-04-02|barcelona|real madrid,2015|2016-04-02|barcelona|realmadrid,A,H,0.515092811826102,0.32768872908816515,0.15721845908573287,0.515092811826102,0.9981890433854561,0.18740408273793685,1.57,4.5,5.5,1.0409830791996397,0.6118665018541408,0.21347342398022248,0.1746600741656366,1.57,0.515092811826102,-0.1913042854330198,0.0,1,0,-1.0,-1.130000000000001
2015,31,2016-04-02,celta,la coruna,2015|2016-04-02|celta|la coruna,2015|2016-04-02|celta|lacoruna,D,H,0.4894902962377778,0.32128834252147054,0.18922136124075173,0.4894902962377778,1.029506166955444,0.16820195371630725,1.75,3.8,4.75,1.045112781954887,0.5467625899280576,0.2517985611510791,0.20143884892086333,1.75,0.4894902962377778,-0.14339198158388883,0.0,1,0,-1.0,-2.130000000000001
2015,31,2016-04-02,las palmas,valencia,2015|2016-04-02|las palmas|valencia,2015|2016-04-02|laspalmas|valencia,H,D,0.29612230345052765,0.41733862551359635,0.28653907103587606,0.41733862551359635,1.0832097088008703,0.1212163220630687,2.38,3.25,3.1,1.0504410200804888,0.39999205971097346,0.2929172621883437,0.30709067810068286,3.25,0.41733862551359635,0.35635053291918817,0.1583780146307503,1,0,-1.0,-3.130000000000001
2015,31,2016-04-03,ath bilbao,granada,2015|2016-04-03|ath bilbao|granada,2015|2016-04-03|athbilbao|granada,D,H,0.764995848686162,0.14550953329465174,0.08949461801918614,0.764995848686162,0.7014045626832635,0.6194863153915102,1.44,4.33,8.0,1.0503913266615346,0.661129263749351,0.2198674687757657,0.11900326747488318,1.44,0.764995848686162,0.10159402210807322,0.23089550479107554,1,0,-1.0,-4.130000000000001
2015,31,2016-04-03,eibar,villarreal,2015|2016-04-03|eibar|villarreal,2015|2016-04-03|eibar|villarreal,A,A,0.2208236500327305,0.31751274335280116,0.4616636066144683,0.4616636066144683,1.0546209632740422,0.14415086326166715,3.1,3.0,2.55,1.0480708412397217,0.30778515389257693,0.3180446590223295,0.3741701870850936,2.55,0.4616636066144683,0.17724219686689413,0.11434980443025429,1,1,1.5499999999999998,-2.580000000000001
2015,31,2016-04-03,malaga,espanol,2015|2016-04-03|malaga|espanol,2015|2016-04-03|malaga|espanol,D,H,0.5586175674394448,0.2708152173580069,0.17056721520254828,0.5586175674394448,0.9807180465558747,0.2878023500814379,1.85,3.4,4.75,1.0451845033888376,0.5171723641021535,0.28140260987911303,0.2014250260187335,1.85,0.5586175674394448,0.03344249976297292,0.03934411736820343,1,0,-1.0,-3.580000000000001
2015,31,2016-04-03,sevilla,sociedad,2015|2016-04-03|sevilla|sociedad,2015|2016-04-03|sevilla|sociedad,A,H,0.6308342439757637,0.21171844458729486,0.15744731143694146,0.6308342439757637,0.9103926916792717,0.4191157993884689,1.62,4.0,5.5,1.0491021324354657,0.5883926183471516,0.23829901043059643,0.17330837122225196,1.62,0.6308342439757637,0.02195147524073726,0.035405605226995575,1,0,-1.0,-4.580000000000001
2015,31,2016-04-04,levante,sp gijon,2015|2016-04-04|levante|sp gijon,2015|2016-04-04|levante|spgijon,D,H,0.41954657916086874,0.3374940287859093,0.24295939205322195,0.41954657916086874,1.0747523626191766,0.08205255037495945,2.1,3.25,3.75,1.0505494505494506,0.4532775453277545,0.2928870292887029,0.25383542538354253,2.1,0.41954657916086874,-0.11895218376217553,0.0,1,0,-1.0,-5.580000000000001
2015,32,2016-04-08,granada,malaga,2015|2016-04-08|granada|malaga,2015|2016-04-08|granada|malaga,D,H,0.39658291343021257,0.2861442211511437,0.3172728654186437,0.39658291343021257,1.0890553830669807,0.07931004801156888,2.3,3.2,3.3,1.0503129117259553,0.41395531164249316,0.2975303802430419,0.2885143081144649,2.3,0.39658291343021257,-0.08785929911051116,0.0,1,0,-1.0,-6.580000000000001
2015,32,2016-04-09,betis,levante,2015|2016-04-09|betis|levante,2015|2016-04-09|betis|levante,H,H,0.44358466663989937,0.30781750079385756,0.2485978325662431,0.44358466663989937,1.0692885733689383,0.13576716584604182,2.05,3.25,3.75,1.0621638524077548,0.45925577013659924,0.2896844088553933,0.25105982100800756,2.05,0.44358466663989937,-0.09065143338820636,0.0,1,1,1.0499999999999998,-5.530000000000001
2015,32,2016-04-09,espanol,ath madrid,2015|2016-04-09|espanol|ath madrid,2015|2016-04-09|espanol|athmadrid,A,A,0.16433131058709496,0.28125022680980266,0.5544184626031022,0.5544184626031022,0.9805456780465502,0.2731682357932996,4.0,3.1,2.05,1.0603855232100707,0.23576330921906882,0.30421072157299206,0.46002596920793926,2.05,0.5544184626031022,0.13655784833635953,0.13005509365367576,1,1,1.0499999999999998,-4.480000000000001
2015,32,2016-04-09,real madrid,eibar,2015|2016-04-09|real madrid|eibar,2015|2016-04-09|realmadrid|eibar,H,H,0.8279399640223088,0.12877728353223086,0.04328275244546019,0.8279399640223088,0.5561861141061821,0.699162680490078,1.17,7.5,13.0,1.064957264957265,0.8025682182985554,0.12520064205457465,0.07223113964686999,1.17,0.8279399640223088,-0.03131024209389871,0.0,1,1,0.16999999999999993,-4.310000000000001
2015,32,2016-04-09,sociedad,barcelona,2015|2016-04-09|sociedad|barcelona,2015|2016-04-09|sociedad|barcelona,H,A,0.14040002804426682,0.36950924404134505,0.4900907279143881,0.4900907279143881,0.9930329669206068,0.12058148387304307,6.0,4.33,1.5,1.0642802155504234,0.1566003616636528,0.21699819168173598,0.6264014466546112,1.5,0.4900907279143881,-0.2648639081284178,0.0,1,0,-1.0,-5.310000000000001
2015,32,2016-04-10,ath bilbao,vallecano,2015|2016-04-10|ath bilbao|vallecano,2015|2016-04-10|athbilbao|vallecano,H,H,0.6392481709036716,0.21218546483818734,0.14856636425814107,0.6392481709036716,0.8982645531476613,0.42706270606548424,1.53,4.0,6.0,1.0702614379084967,0.6106870229007634,0.233587786259542,0.15572519083969466,1.53,0.6392481709036716,-0.02195029851738245,0.0,1,1,0.53,-4.780000000000001
2015,32,2016-04-10,sp gijon,celta,2015|2016-04-10|sp gijon|celta,2015|2016-04-10|spgijon|celta,A,A,0.302619573746815,0.30392534884320666,0.39345507740997837,0.39345507740997837,1.0906920196452234,0.08952972856677172,3.1,3.25,2.3,1.0650555615492503,0.3028768233387358,0.28889789303079416,0.40822528363047,2.3,0.39345507740997837,-0.09505332195704985,0.0,1,1,1.2999999999999998,-3.4800000000000018
2015,32,2016-04-10,valencia,sevilla,2015|2016-04-10|valencia|sevilla,2015|2016-04-10|valencia|sevilla,H,H,0.398017042413663,0.31778945449831253,0.2841935030880245,0.398017042413663,1.088524277978305,0.08022758791535045,2.2,3.4,3.2,1.061163101604278,0.42834645669291344,0.2771653543307087,0.29448818897637796,2.2,0.398017042413663,-0.12436250668994137,0.0,1,1,1.2000000000000002,-2.2800000000000016
2015,32,2016-04-10,villarreal,getafe,2015|2016-04-10|villarreal|getafe,2015|2016-04-10|villarreal|getafe,H,H,0.5500517823179744,0.32826579504298475,0.12168242263904092,0.5500517823179744,0.9507598229768081,0.2217859872749896,1.5,3.8,7.5,1.063157894736842,0.627062706270627,0.24752475247524752,0.1254125412541254,1.5,0.5500517823179744,-0.17492232652303846,0.0,1,1,0.5,-1.7800000000000016
2015,32,2016-04-11,la coruna,las palmas,2015|2016-04-11|la coruna|las palmas,2015|2016-04-11|lacoruna|laspalmas,A,H,0.5021737834089007,0.27975787266073754,0.21806834393036167,0.5021737834089007,1.034372510344736,0.2224159107481632,2.05,3.3,3.6,1.0686129588568614,0.4564841498559078,0.28357348703170027,0.25994236311239194,2.05,0.5021737834089007,0.029456255988246416,0.028053577131663256,1,0,-1.0,-2.7800000000000016
2015,33,2016-04-15,levante,espanol,2015|2016-04-15|levante|espanol,2015|2016-04-15|levante|espanol,H,H,0.43004851300168356,0.24642197039281294,0.32352951660550344,0.43004851300168356,1.0731569605891376,0.10651899639618012,2.45,3.3,3.0,1.0445269016697587,0.3907637655417407,0.29011249259917116,0.31912374185908826,2.45,0.43004851300168356,0.05361885685412482,0.03697852196836194,1,1,1.4500000000000002,-1.3300000000000014
2015,33,2016-04-16,celta,betis,2015|2016-04-16|celta|betis,2015|2016-04-16|celta|betis,D,H,0.6749051673814156,0.19850200598751988,0.12659282663106453,0.6749051673814156,0.8479697741824139,0.4764031613938957,1.6,4.2,5.5,1.04491341991342,0.5981356809943034,0.22786121180735366,0.1740031071983428,1.6,0.6749051673814156,0.079848267810265,0.13308044635044164,1,0,-1.0,-2.3300000000000014
2015,33,2016-04-16,eibar,sociedad,2015|2016-04-16|eibar|sociedad,2015|2016-04-16|eibar|sociedad,H,A,0.31158658423237817,0.28814222075370444,0.40027119501391734,0.40027119501391734,1.0883634484734612,0.08868461078153916,2.7,3.25,2.7,1.0484330484330484,0.3532608695652174,0.29347826086956524,0.3532608695652174,2.7,0.40027119501391734,0.08073222653757683,0.047489545022104014,1,0,-1.0,-3.3300000000000014
2015,33,2016-04-16,getafe,real madrid,2015|2016-04-16|getafe|real madrid,2015|2016-04-16|getafe|realmadrid,A,A,0.17614642770722705,0.20625947831382951,0.6175940939789434,0.6175940939789434,0.9291063607173354,0.41133461566511387,9.5,6.0,1.29,1.0471236230110157,0.10052600818234952,0.1591661796220534,0.7403078121955972,1.29,0.6175940939789434,-0.20330361876716302,0.0,1,1,0.29000000000000004,-3.0400000000000014
2015,33,2016-04-16,las palmas,sp gijon,2015|2016-04-16|las palmas|sp gijon,2015|2016-04-16|laspalmas|spgijon,D,H,0.399348317798055,0.3396436111647351,0.2610080710372099,0.399348317798055,1.0839243962128462,0.05970470663331989,1.95,3.5,4.0,1.0485347985347986,0.48908296943231444,0.2724890829694323,0.23842794759825325,1.95,0.399348317798055,-0.2212707802937927,0.0,1,0,-1.0,-4.040000000000001
2015,33,2016-04-17,ath madrid,granada,2015|2016-04-17|ath madrid|granada,2015|2016-04-17|athmadrid|granada,H,H,0.8291852412722259,0.11773954602749159,0.05307521270028254,0.8291852412722259,0.5630252168344376,0.7114456952447343,1.22,6.0,15.0,1.0530054644808744,0.7784120394395433,0.15827711468604044,0.06331084587441618,1.22,0.8291852412722259,0.011605994352115595,0.05275451978234362,1,1,0.21999999999999997,-3.820000000000001
2015,33,2016-04-17,barcelona,valencia,2015|2016-04-17|barcelona|valencia,2015|2016-04-17|barcelona|valencia,A,H,0.891730930159083,0.07070513863797148,0.03756393120294564,0.891730930159083,0.4127728322576405,0.8210257915211115,1.14,9.0,17.0,1.0471276229790163,0.8377135348226018,0.10611038107752954,0.05617608409986859,1.14,0.891730930159083,0.016573260381354538,0.11838043129538964,1,0,-1.0,-4.820000000000001
2015,33,2016-04-17,malaga,ath bilbao,2015|2016-04-17|malaga|ath bilbao,2015|2016-04-17|malaga|athbilbao,A,D,0.2982647553408061,0.42399803165757816,0.2777372130016158,0.42399803165757816,1.0804379612371935,0.12573327631677206,2.3,3.25,3.25,1.0501672240802677,0.41401273885350315,0.2929936305732484,0.2929936305732484,3.25,0.42399803165757816,0.377993602887129,0.16799715683872402,1,0,-1.0,-5.820000000000001
2015,33,2016-04-17,sevilla,la coruna,2015|2016-04-17|sevilla|la coruna,2015|2016-04-17|sevilla|lacoruna,D,H,0.6161269849789616,0.2617248784477983,0.1221481365732401,0.6161269849789616,0.9060427390015116,0.3544021065311633,1.53,4.2,6.0,1.0583566760037348,0.6175562417291575,0.22496691662990734,0.15747684164093514,1.53,0.6161269849789616,-0.0573257129821888,0.0,1,0,-1.0,-6.820000000000001
2015,33,2016-04-17,vallecano,villarreal,2015|2016-04-17|vallecano|villarreal,2015|2016-04-17|vallecano|villarreal,H,A,0.35702915675424846,0.26558576893901115,0.3773850743067403,0.3773850743067403,1.087593757297629,0.02035591755249183,2.6,3.3,2.75,1.051282051282051,0.3658536585365854,0.2882483370288249,0.34589800443458985,2.75,0.3773850743067403,0.03780895434353582,0.02160511676773475,1,0,-1.0,-7.820000000000001
2015,34,2016-04-19,betis,las palmas,2015|2016-04-19|betis|las palmas,2015|2016-04-19|betis|laspalmas,H,H,0.5402772348101785,0.22157919305906637,0.23814357213075507,0.5402772348101785,1.0082562075891226,0.30213366267942343,2.1,3.5,3.5,1.0476190476190474,0.4545454545454546,0.27272727272727276,0.27272727272727276,2.1,0.5402772348101785,0.13458219310137498,0.12234744827397724,1,1,1.1,-6.7200000000000015
2015,34,2016-04-19,espanol,celta,2015|2016-04-19|espanol|celta,2015|2016-04-19|espanol|celta,D,H,0.43161725511021454,0.24806438414975435,0.3203183607400312,0.43161725511021454,1.073133315405538,0.11129889437018331,2.38,3.3,3.0,1.056531703590527,0.39768618944323936,0.28681610026512416,0.31549771029163654,2.38,0.43161725511021454,0.02724906716231057,0.01974570084225404,1,0,-1.0,-7.7200000000000015
2015,34,2016-04-20,ath bilbao,ath madrid,2015|2016-04-20|ath bilbao|ath madrid,2015|2016-04-20|athbilbao|athmadrid,A,A,0.12809644064206205,0.33953819046491795,0.53236536889302,0.53236536889302,0.9656097228216806,0.19282717842810204,4.0,3.3,2.0,1.053030303030303,0.23741007194244607,0.2877697841726619,0.47482014388489213,2.0,0.53236536889302,0.06473073778604,0.06473073778604,1,1,1.0,-6.7200000000000015
2015,34,2016-04-20,la coruna,barcelona,2015|2016-04-20|la coruna|barcelona,2015|2016-04-20|lacoruna|barcelona,A,A,0.11809432183341578,0.18586977323595927,0.696035904930625,0.696035904930625,0.817257706211953,0.5101661316946657,13.0,7.0,1.2,1.0531135531135531,0.07304347826086957,0.13565217391304346,0.7913043478260869,1.2,0.696035904930625,-0.1647569140832501,0.0,1,1,0.19999999999999996,-6.520000000000001
2015,34,2016-04-20,malaga,vallecano,2015|2016-04-20|malaga|vallecano,2015|2016-04-20|malaga|vallecano,D,H,0.5486997642376463,0.2550988352429566,0.19620140051939702,0.5486997642376463,0.9973595822490101,0.2936009289946897,1.85,3.75,4.2,1.0453024453024453,0.5171140113272592,0.2551095789214479,0.22777640975129276,1.85,0.5486997642376463,0.015094563839645747,0.01775831039958323,1,0,-1.0,-7.520000000000001
2015,34,2016-04-20,real madrid,villarreal,2015|2016-04-20|real madrid|villarreal,2015|2016-04-20|realmadrid|villarreal,H,H,0.793179965161102,0.11806859461852799,0.0887514402203701,0.793179965161102,0.6509846894399176,0.675111370542574,1.22,7.0,11.0,1.0534383649137746,0.7780921584478578,0.13561034761519808,0.08629749393694423,1.22,0.793179965161102,-0.03232044250345556,0.0,1,1,0.21999999999999997,-7.300000000000002
2015,34,2016-04-20,sp gijon,sevilla,2015|2016-04-20|sp gijon|sevilla,2015|2016-04-20|spgijon|sevilla,H,A,0.2625966361334023,0.34883340184209094,0.3885699620245068,0.3885699620245068,1.0858133313445695,0.03973656018241584,3.1,3.4,2.3,1.0514809009157662,0.3067869752844252,0.27971753628874063,0.41349548842683403,2.3,0.3885699620245068,-0.10628908734363451,0.0,1,0,-1.0,-8.3
2015,34,2016-04-20,valencia,eibar,2015|2016-04-20|valencia|eibar,2015|2016-04-20|valencia|eibar,H,H,0.6780823025329945,0.22595667321507207,0.09596102425193333,0.6780823025329945,0.8244312753850054,0.45212562931792244,1.62,4.2,5.25,1.0458553791887124,0.5902192242833053,0.22765598650927488,0.1821247892074199,1.62,0.6780823025329945,0.09849333010345118,0.15886020984427607,1,1,0.6200000000000001,-7.6800000000000015
2015,34,2016-04-21,granada,levante,2015|2016-04-21|granada|levante,2015|2016-04-21|granada|levante,H,H,0.5718541946593508,0.2319134951807385,0.19623231015991058,0.5718541946593508,0.9780648078887131,0.33994069947861233,1.95,3.5,3.8,1.0616926932716406,0.4830216088614491,0.26911203922280735,0.24786635191574358,1.95,0.5718541946593508,0.1151156795857341,0.12117439956393064,1,1,0.95,-6.730000000000001
2015,34,2016-04-21,sociedad,getafe,2015|2016-04-21|sociedad|getafe,2015|2016-04-21|sociedad|getafe,A,H,0.5814383710127358,0.29936961006388235,0.11919201892338194,0.5814383710127358,0.9298714709030325,0.2820687609488534,1.53,4.2,6.0,1.0583566760037348,0.6175562417291575,0.22496691662990734,0.15747684164093514,1.53,0.5814383710127358,-0.11039929235051427,0.0,1,0,-1.0,-7.730000000000001
2015,35,2016-04-22,las palmas,espanol,2015|2016-04-22|las palmas|espanol,2015|2016-04-22|laspalmas|espanol,H,H,0.3675801313190731,0.3009895905134012,0.3314302781675257,0.3675801313190731,1.0952823686715807,0.036149853151547395,2.25,3.3,3.3,1.0505050505050504,0.42307692307692313,0.2884615384615385,0.2884615384615385,2.25,0.3675801313190731,-0.17294470453208555,0.0,1,1,1.25,-6.480000000000001
2015,35,2016-04-23,ath madrid,malaga,2015|2016-04-23|ath madrid|malaga,2015|2016-04-23|athmadrid|malaga,H,H,0.6800293242451054,0.20903935024973314,0.11093132550516144,0.6800293242451054,0.8333483866079164,0.4709899739953723,1.33,5.0,11.0,1.042788790157211,0.7210277923439958,0.19179339276350293,0.08717881489250133,1.33,0.6800293242451054,-0.09556099875400972,0.0,1,1,0.33000000000000007,-6.150000000000001
2015,35,2016-04-23,barcelona,sp gijon,2015|2016-04-23|barcelona|sp gijon,2015|2016-04-23|barcelona|spgijon,H,H,0.9348000869773219,0.03754247980858024,0.027657433214097995,0.9348000869773219,0.2854826688441672,0.8972576071687416,1.04,17.0,34.0,1.0497737556561084,0.9159482758620691,0.0560344827586207,0.02801724137931035,1.04,0.9348000869773219,-0.027807909543585224,0.0,1,1,0.040000000000000036,-6.110000000000001
2015,35,2016-04-23,eibar,la coruna,2015|2016-04-23|eibar|la coruna,2015|2016-04-23|eibar|lacoruna,D,D,0.2915226397591249,0.45632270968524175,0.2521546505556334,0.45632270968524175,1.0647487050690638,0.16480006992611684,2.25,3.2,3.4,1.051062091503268,0.42285270112708895,0.29731830547998445,0.27982899339292655,3.2,0.45632270968524175,0.46023267099277376,0.20919666863307895,1,1,2.2,-3.910000000000001
2015,35,2016-04-23,vallecano,real madrid,2015|2016-04-23|vallecano|real madrid,2015|2016-04-23|vallecano|realmadrid,A,A,0.15374902746360164,0.1864704062753682,0.6597805662610302,0.6597805662610302,0.8754270995483575,0.473310159985662,8.5,5.5,1.33,1.0513449398898316,0.11190148386109836,0.17293865687624294,0.7151598592626587,1.33,0.6597805662610302,-0.12249184687282977,0.0,1,1,0.33000000000000007,-3.580000000000001
2015,35,2016-04-24,getafe,valencia,2015|2016-04-24|getafe|valencia,2015|2016-04-24|getafe|valencia,D,H,0.4519964594599625,0.24054019965792792,0.30746334088210964,0.4519964594599625,1.0642819003832062,0.14453311857785284,3.2,3.3,2.3,1.050312911725955,0.29753038024304196,0.28851430811446493,0.4139553116424932,3.2,0.4519964594599625,0.44638867027188,0.2029039410326727,1,0,-1.0,-4.580000000000001
2015,35,2016-04-24,levante,ath bilbao,2015|2016-04-24|levante|ath bilbao,2015|2016-04-24|levante|athbilbao,D,A,0.27907648879524405,0.2545917609534372,0.4663317502513187,0.4663317502513187,1.0602271272480275,0.18725526145607463,3.4,3.2,2.25,1.051062091503268,0.27982899339292655,0.29731830547998445,0.42285270112708895,2.25,0.4663317502513187,0.049246438065467024,0.03939715045237362,1,0,-1.0,-5.580000000000001
2015,35,2016-04-24,sevilla,betis,2015|2016-04-24|sevilla|betis,2015|2016-04-24|sevilla|betis,H,H,0.7038492264601828,0.18481647961277145,0.11133429392704565,0.7038492264601828,0.8036312892335589,0.5190327468474113,1.5,4.33,6.5,1.0514597027299106,0.6340391980175715,0.2196440639783735,0.14631673800405498,1.5,0.7038492264601828,0.05577383969027416,0.11154767938054833,1,1,0.5,-5.080000000000001
2015,35,2016-04-24,villarreal,sociedad,2015|2016-04-24|villarreal|sociedad,2015|2016-04-24|villarreal|sociedad,D,H,0.5259403709225404,0.26938907420397906,0.20467055487348051,0.5259403709225404,1.015962360719913,0.25655129671856136,1.73,3.75,5.0,1.0447013487475916,0.5533013648100332,0.2552563629656953,0.1914422722242715,1.73,0.5259403709225404,-0.09012315830400508,0.0,1,0,-1.0,-6.080000000000001
2015,35,2016-04-25,celta,granada,2015|2016-04-25|celta|granada,2015|2016-04-25|celta|granada,H,H,0.7043655730668179,0.19201420995272528,0.10362021698045679,0.7043655730668179,0.7986189320630609,0.5123513631140926,1.53,4.33,6.0,1.0512083201255868,0.6217557060086298,0.21969658895916944,0.15854770503220061,1.53,0.7043655730668179,0.07767932679223144,0.14656476753251213,1,1,0.53,-5.550000000000001
2015,36,2016-04-29,sp gijon,eibar,2015|2016-04-29|sp gijon|eibar,2015|2016-04-29|spgijon|eibar,H,H,0.5750039662766908,0.31552057547879414,0.10947545824451513,0.5750039662766908,0.9243233482523164,0.2594833907978967,1.6,3.8,5.75,1.0620709382151028,0.5884729329383249,0.2477780770266631,0.16374899003501214,1.6,0.5750039662766908,-0.07999365395729463,0.0,1,1,0.6000000000000001,-4.950000000000001
2015,36,2016-04-30,ath madrid,vallecano,2015|2016-04-30|ath madrid|vallecano,2015|2016-04-30|athmadrid|vallecano,H,H,0.7113360137423613,0.19222698208910644,0.09643700416853233,0.7113360137423613,0.7848389482886362,0.519109031653255,1.33,5.0,10.0,1.0518796992481203,0.7147962830593281,0.1901358112937813,0.09506790564689065,1.33,0.7113360137423613,-0.05392310172265938,0.0,1,1,0.33000000000000007,-4.620000000000001
2015,36,2016-04-30,betis,barcelona,2015|2016-04-30|betis|barcelona,2015|2016-04-30|betis|barcelona,A,A,0.11473458723794487,0.17422622182942524,0.7110391909326299,0.7110391909326299,0.7953428305755312,0.5368129691032046,21.0,9.0,1.13,1.043685910942548,0.04562584118438762,0.10646029609690444,0.8479138627187081,1.13,0.7110391909326299,-0.1965257142461283,0.0,1,1,0.1299999999999999,-4.490000000000001
2015,36,2016-04-30,granada,las palmas,2015|2016-04-30|granada|las palmas,2015|2016-04-30|granada|laspalmas,H,H,0.665385977625777,0.2495922010345462,0.0850218213396768,0.665385977625777,0.8270517921825452,0.4157937765912308,1.6,3.8,6.0,1.0548245614035088,0.5925155925155925,0.24948024948024947,0.15800415800415799,1.6,0.665385977625777,0.06461756420124326,0.10769594033540542,1,1,0.6000000000000001,-3.8900000000000006
2015,36,2016-04-30,sociedad,real madrid,2015|2016-04-30|sociedad|real madrid,2015|2016-04-30|sociedad|realmadrid,A,A,0.14948141737962123,0.34333463791131513,0.5071839447090637,0.5071839447090637,0.9954614694689833,0.16384930679774856,5.0,4.0,1.67,1.0488023952095809,0.19069369112189552,0.2383671139023694,0.5709391949757351,1.67,0.5071839447090637,-0.15300281233586366,0.0,1,1,0.6699999999999999,-3.2200000000000006
2015,36,2016-05-01,ath bilbao,celta,2015|2016-05-01|ath bilbao|celta,2015|2016-05-01|athbilbao|celta,H,H,0.5434425458295333,0.23308925613409784,0.22346819803636878,0.5434425458295333,1.0057280397093273,0.3103532896954355,1.85,3.6,4.33,1.0492652005354084,0.5151610291323099,0.2647355288596593,0.22010344200803078,1.85,0.5434425458295333,0.005368709784636716,0.006316129158396136,1,1,0.8500000000000001,-2.370000000000001
2015,36,2016-05-01,espanol,sevilla,2015|2016-05-01|espanol|sevilla,2015|2016-05-01|espanol|sevilla,H,H,0.3842928018504072,0.34741057949506104,0.2682966186545318,0.3842928018504072,1.0878054478715309,0.03688222235534616,2.3,3.3,3.1,1.0603935568872456,0.41002004008016035,0.28577154308617236,0.30420841683366734,2.3,0.3842928018504072,-0.11612655574406344,0.0,1,1,1.2999999999999998,-1.070000000000001
2015,36,2016-05-01,la coruna,getafe,2015|2016-05-01|la coruna|getafe,2015|2016-05-01|lacoruna|getafe,A,H,0.4081432537105284,0.3241960503777832,0.2676606959116884,0.4081432537105284,1.0837151540649959,0.08394720333274519,2.3,3.3,3.2,1.0503129117259553,0.41395531164249316,0.2885143081144649,0.2975303802430419,2.3,0.4081432537105284,-0.06127051646578474,0.0,1,0,-1.0,-2.070000000000001
2015,36,2016-05-01,valencia,villarreal,2015|2016-05-01|valencia|villarreal,2015|2016-05-01|valencia|villarreal,A,H,0.3588008470945664,0.3122975326562278,0.3289016202492058,0.3588008470945664,1.0969554996045086,0.029899226845360616,2.2,3.3,3.4,1.0516934046345812,0.43220338983050843,0.288135593220339,0.2796610169491525,2.2,0.3588008470945664,-0.2106381363919539,0.0,1,0,-1.0,-3.070000000000001
2015,36,2016-05-02,malaga,levante,2015|2016-05-02|malaga|levante,2015|2016-05-02|malaga|levante,H,H,0.372221165858602,0.3438780433913752,0.2839007907500229,0.372221165858602,1.092400924839814,0.02834312246722681,2.2,3.2,3.5,1.0527597402597402,0.4317656129529684,0.2968388589051658,0.27139552814186585,2.2,0.372221165858602,-0.18111343511107558,0.0,1,1,1.2000000000000002,-1.8700000000000008
2015,37,2016-05-08,barcelona,espanol,2015|2016-05-08|barcelona|espanol,2015|2016-05-08|barcelona|espanol,H,H,0.9197773983584704,0.054359676130995925,0.025862925510533704,0.9197773983584704,0.32974524629682656,0.8654177222274745,1.04,17.0,41.0,1.0447522348526652,0.920350710399831,0.05630380816563672,0.0233454814345323,1.04,0.9197773983584704,-0.043431505707190766,0.0,1,1,0.040000000000000036,-1.8300000000000007
2015,37,2016-05-08,celta,malaga,2015|2016-05-08|celta|malaga,2015|2016-05-08|celta|malaga,H,H,0.7073001359506546,0.18402232837796828,0.10867753567137713,0.7073001359506546,0.7976281072314999,0.5232778075726863,1.5,4.2,7.0,1.0476190476190474,0.6363636363636365,0.2272727272727273,0.13636363636363638,1.5,0.7073001359506546,0.06095020392598183,0.12190040785196365,1,1,0.5,-1.3300000000000007
2015,37,2016-05-08,eibar,betis,2015|2016-05-08|eibar|betis,2015|2016-05-08|eibar|betis,D,H,0.4682597370532545,0.28173761202999503,0.25000265091675034,0.4682597370532545,1.0587576454106664,0.1865221250232595,2.1,3.6,3.4,1.0480859010270775,0.45434298440979953,0.2650334075723831,0.2806236080178174,2.1,0.4682597370532545,-0.016654552188165472,0.0,1,0,-1.0,-2.330000000000001
2015,37,2016-05-08,getafe,sp gijon,2015|2016-05-08|getafe|sp gijon,2015|2016-05-08|getafe|spgijon,D,H,0.5693535477472957,0.17943464922123556,0.2512118030314687,0.5693535477472957,0.9759879730397992,0.31814174471582707,2.1,3.6,3.4,1.0480859010270775,0.45434298440979953,0.2650334075723831,0.2806236080178174,2.1,0.5693535477472957,0.19564245026932114,0.1778567729721101,1,0,-1.0,-3.330000000000001
2015,37,2016-05-08,las palmas,ath bilbao,2015|2016-05-08|las palmas|ath bilbao,2015|2016-05-08|laspalmas|athbilbao,D,A,0.18685023442663062,0.19871737038122148,0.6144323951921479,0.6144323951921479,0.9337965183910277,0.41571502481092637,4.0,3.6,1.91,1.0513379872018616,0.23779222575736617,0.2642135841748513,0.49799419006778256,1.91,0.6144323951921479,0.17356587481700236,0.19073173056813447,1,0,-1.0,-4.330000000000001
2015,37,2016-05-08,levante,ath madrid,2015|2016-05-08|levante|ath madrid,2015|2016-05-08|levante|athmadrid,H,A,0.1529452690950681,0.12546266139101192,0.7215920695139201,0.7215920695139201,0.7830623841293584,0.568646800418852,17.0,6.5,1.2,1.046003016591252,0.05623648161499639,0.14708002883922133,0.7966834895457823,1.2,0.7215920695139201,-0.13408951658329593,0.0,1,0,-1.0,-5.330000000000001
2015,37,2016-05-08,real madrid,valencia,2015|2016-05-08|real madrid|valencia,2015|2016-05-08|realmadrid|valencia,H,H,0.8141663661401121,0.10371925364127935,0.08211438021860848,0.8141663661401121,0.6076763083021659,0.7104471124988327,1.2,7.5,11.0,1.0575757575757576,0.7879656160458453,0.12607449856733524,0.08595988538681948,1.2,0.8141663661401121,-0.023000360631865557,0.0,1,1,0.19999999999999996,-5.130000000000001
2015,37,2016-05-08,sevilla,granada,2015|2016-05-08|sevilla|granada,2015|2016-05-08|sevilla|granada,A,A,0.347142005910414,0.2472091540766433,0.40564884001294277,0.40564884001294277,1.0787672500826087,0.05850683410252877,2.88,3.75,2.3,1.0486714975845413,0.3311067603362892,0.2542899919382701,0.4146032477254405,2.3,0.40564884001294277,-0.06700766797023172,0.0,1,1,1.2999999999999998,-3.830000000000001
2015,37,2016-05-08,sociedad,vallecano,2015|2016-05-08|sociedad|vallecano,2015|2016-05-08|sociedad|vallecano,H,A,0.2618593926894677,0.29084716028149127,0.4472934470290411,0.4472934470290411,1.0699273636632374,0.15644628674754985,3.5,3.6,2.05,1.051296941540844,0.2717731541152642,0.2642238998342847,0.46400294605045117,2.05,0.4472934470290411,-0.08304843359046588,0.0,1,0,-1.0,-4.830000000000001
2015,37,2016-05-08,villarreal,la coruna,2015|2016-05-08|villarreal|la coruna,2015|2016-05-08|villarreal|lacoruna,A,D,0.202574104742721,0.44852857238143534,0.3488973228758437,0.44852857238143534,1.0504434484642395,0.09963124950559166,2.45,3.1,3.1,1.053324555628703,0.3875,0.30625,0.30625,3.1,0.44852857238143534,0.39043857438244967,0.18592313065830934,1,0,-1.0,-5.830000000000001
2015,38,2016-05-13,valencia,sociedad,2015|2016-05-13|valencia|sociedad,2015|2016-05-13|valencia|sociedad,A,H,0.5193451768280403,0.2242653476087214,0.2563894755632383,0.5193451768280403,1.0244887634343394,0.26295570126480194,1.95,3.75,3.75,1.0461538461538462,0.4901960784313726,0.2549019607843137,0.2549019607843137,1.95,0.5193451768280403,0.012723094814678482,0.013392731383872087,1,0,-1.0,-6.830000000000001
2015,38,2016-05-14,ath bilbao,sevilla,2015|2016-05-14|ath bilbao|sevilla,2015|2016-05-14|athbilbao|sevilla,H,H,0.7965056032637601,0.13104363223825227,0.07245076449798764,0.7965056032637601,0.6377042290624397,0.6654619710255079,1.33,5.75,8.0,1.0507927427263812,0.7155356795644564,0.16550651370795255,0.11895780672759089,1.33,0.7965056032637601,0.05935245234080094,0.17985591618424523,1,1,0.33000000000000007,-6.500000000000001
2015,38,2016-05-14,ath madrid,celta,2015|2016-05-14|ath madrid|celta,2015|2016-05-14|athmadrid|celta,H,H,0.44948103922693544,0.2672070300405092,0.2833119307325553,0.44948103922693544,1.0693891946078262,0.16616910849438016,1.75,3.75,4.5,1.06031746031746,0.5389221556886228,0.251497005988024,0.20958083832335334,1.75,0.44948103922693544,-0.21340818135286294,0.0,1,1,0.75,-5.750000000000001
2015,38,2016-05-14,granada,barcelona,2015|2016-05-14|granada|barcelona,2015|2016-05-14|granada|barcelona,A,A,0.1281215818845995,0.14575035957781654,0.726128058537584,0.726128058537584,0.7763378437589717,0.5803776989597674,26.0,11.0,1.08,1.0552965552965552,0.03644618971652964,0.08614553932997915,0.8774082709534912,1.08,0.726128058537584,-0.21578169677940923,0.0,1,1,0.08000000000000007,-5.670000000000001
2015,38,2016-05-14,la coruna,real madrid,2015|2016-05-14|la coruna|real madrid,2015|2016-05-14|lacoruna|realmadrid,A,A,0.1749584277040924,0.152805344858895,0.6722362274370126,0.6722362274370126,0.859022967381164,0.4972777997329202,13.0,8.0,1.18,1.0493807040417211,0.07330330796707563,0.11911787544649789,0.8075788165864264,1.18,0.6722362274370126,-0.20676125162432515,0.0,1,1,0.17999999999999994,-5.490000000000001
2015,38,2016-05-15,betis,getafe,2015|2016-05-15|betis|getafe,2015|2016-05-15|betis|getafe,H,A,0.22644932545880064,0.2244385654159201,0.5491121091252793,0.5491121091252793,1.0008425817003257,0.32266278366647866,5.0,3.8,1.7,1.0513931888544892,0.19022379269729095,0.2502944640753828,0.5594817432273262,1.7,0.5491121091252793,-0.06650941448702519,0.0,1,0,-1.0,-6.490000000000001
2015,38,2016-05-15,espanol,eibar,2015|2016-05-15|espanol|eibar,2015|2016-05-15|espanol|eibar,H,H,0.48781664265678476,0.31939074678878804,0.1927926105544272,0.48781664265678476,1.0320595438213913,0.16842589586799672,2.0,3.6,3.7,1.048048048048048,0.47707736389684813,0.26504297994269344,0.2578796561604584,2.0,0.48781664265678476,-0.024366714686430535,0.0,1,1,1.0,-5.490000000000001
2015,38,2016-05-15,malaga,las palmas,2015|2016-05-15|malaga|las palmas,2015|2016-05-15|malaga|laspalmas,H,H,0.6331639578402063,0.18393323019032393,0.18290281196946975,0.6331639578402063,0.9115201920031342,0.44923072764988237,1.8,3.75,4.5,1.0444444444444443,0.5319148936170214,0.25531914893617025,0.21276595744680854,1.8,0.6331639578402063,0.1396951241123714,0.17461890514046424,1,1,0.8,-4.690000000000001
2015,38,2016-05-15,sp gijon,villarreal,2015|2016-05-15|sp gijon|villarreal,2015|2016-05-15|spgijon|villarreal,H,H,0.7458575211138908,0.17405285747843752,0.08008962140767163,0.7458575211138908,0.7252091972627999,0.5718046636354532,1.44,4.5,7.5,1.05,0.6613756613756613,0.21164021164021163,0.12698412698412698,1.44,0.7458575211138908,0.07403483040400272,0.1682609781909153,1,1,0.43999999999999995,-4.250000000000001
2015,38,2016-05-15,vallecano,levante,2015|2016-05-15|vallecano|levante,2015|2016-05-15|vallecano|levante,H,H,0.8682683870425533,0.08925449584425754,0.04247711711318928,0.8682683870425533,0.4724854013453952,0.7790138911982958,1.33,5.25,9.0,1.0534670008354219,0.7137192704203014,0.18080888183980967,0.10547184773988898,1.33,0.8682683870425533,0.15479695476659588,0.46908168111089654,1,1,0.33000000000000007,-3.920000000000001
