Season,Matchday,Date,HomeTeam_norm,AwayTeam_norm,pred_key,pred_key_match,y_true,y_pred,proba_H,proba_D,proba_A,conf_maxprob,entropy,margin_top12,B365H,B365D,B365A,overround,pH_mkt,pD_mkt,pA_mkt,odds_pick,p_pick,ev_pick,kelly_pick,bet_placed,correct,profit,cum_profit_season
2021,1,2021-08-13,valencia,getafe,2021|2021-08-13|valencia|getafe,2021|2021-08-13|valencia|getafe,H,D,0.3146591907659712,0.38877337139504226,0.29656743783898654,0.38877337139504226,1.0915984628651223,0.07411418062907105,2.55,3.0,3.1,1.0480708412397217,0.3741701870850936,0.3180446590223295,0.30778515389257693,3.0,0.38877337139504226,0.16632011418512682,0.08316005709256341,1,0,-1.0,-1.0
2021,1,2021-08-14,alaves,real madrid,2021|2021-08-14|alaves|real madrid,2021|2021-08-14|alaves|realmadrid,A,A,0.15266516504209496,0.23792388180591686,0.6094109531519881,0.6094109531519881,0.9303659630911535,0.3714870713460713,7.0,4.75,1.44,1.0478279030910609,0.13633645604943193,0.20091688259916285,0.6627466613514053,1.44,0.6094109531519881,-0.12244822746113715,0.0,1,1,0.43999999999999995,-0.56
2021,1,2021-08-14,cadiz,levante,2021|2021-08-14|cadiz|levante,2021|2021-08-14|cadiz|levante,D,D,0.2700689350460232,0.3787580178955385,0.35117304705843844,0.3787580178955385,1.0887556933888807,0.027584970837100042,2.8,3.25,2.6,1.0494505494505495,0.3403141361256544,0.2931937172774869,0.3664921465968586,3.25,0.3787580178955385,0.23096355816050007,0.10265047029355559,1,1,2.25,1.69
2021,1,2021-08-14,mallorca,betis,2021|2021-08-14|mallorca|betis,2021|2021-08-14|mallorca|betis,D,A,0.26051191971506754,0.2955411917456296,0.4439468885393028,0.4439468885393028,1.0711726076188313,0.14840569679367321,3.3,3.4,2.2,1.0516934046345812,0.288135593220339,0.2796610169491525,0.43220338983050843,2.2,0.4439468885393028,-0.023316845213533832,0.0,1,0,-1.0,0.69
2021,1,2021-08-14,osasuna,espanol,2021|2021-08-14|osasuna|espanol,2021|2021-08-14|osasuna|espanol,D,D,0.3531764846815563,0.39801911799390743,0.2488043973245363,0.39801911799390743,1.0803677019928037,0.04484263331235111,2.25,3.2,3.4,1.051062091503268,0.42285270112708895,0.29731830547998445,0.27982899339292655,3.2,0.39801911799390743,0.2736611775805039,0.12439144435477449,1,1,2.2,2.89
2021,1,2021-08-15,barcelona,sociedad,2021|2021-08-15|barcelona|sociedad,2021|2021-08-15|barcelona|sociedad,H,H,0.5414042376331505,0.27797789816316465,0.1806178642036848,0.5414042376331505,0.9971751369727853,0.26342633946998584,1.72,4.0,4.5,1.0536175710594315,0.5518087063151441,0.23727774371551194,0.21091354996934394,1.72,0.5414042376331505,-0.06878471127098118,0.0,1,1,0.72,3.6100000000000003
2021,1,2021-08-15,celta,ath madrid,2021|2021-08-15|celta|ath madrid,2021|2021-08-15|celta|athmadrid,A,A,0.1961422394754162,0.34861010551627025,0.45524765500831366,0.45524765500831366,1.0451054241192663,0.1066375494920434,4.2,3.4,1.9,1.0585286746277458,0.22493036211699163,0.27785515320334264,0.4972144846796657,1.9,0.45524765500831366,-0.1350294554842041,0.0,1,1,0.8999999999999999,4.51
2021,1,2021-08-15,sevilla,vallecano,2021|2021-08-15|sevilla|vallecano,2021|2021-08-15|sevilla|vallecano,H,H,0.5929430673659306,0.2739452790576014,0.13311165357646804,0.5929430673659306,0.9330460667471325,0.3189977883083292,1.44,4.2,8.0,1.0575396825396826,0.6566604127579737,0.225140712945591,0.11819887429643527,1.44,0.5929430673659306,-0.14616198299305994,0.0,1,1,0.43999999999999995,4.95
2021,1,2021-08-16,elche,ath bilbao,2021|2021-08-16|elche|ath bilbao,2021|2021-08-16|elche|athbilbao,D,A,0.194153611145606,0.3628112630891582,0.44303512576523585,0.44303512576523585,1.046760296244004,0.08022386267607767,3.8,3.3,2.05,1.0539930758159257,0.24967706218859564,0.28750692009595863,0.46281601771544567,2.05,0.44303512576523585,-0.09177799218126659,0.0,1,0,-1.0,3.95
2021,1,2021-08-16,villarreal,granada,2021|2021-08-16|villarreal|granada,2021|2021-08-16|villarreal|granada,D,H,0.5954513788778159,0.25270312960937535,0.15184549151280882,0.5954513788778159,0.9425187088986215,0.3427482492684405,1.53,4.2,6.5,1.0455361631832218,0.6251288040118157,0.22772549289001856,0.14714570309816585,1.53,0.5954513788778159,-0.08895939031694172,0.0,1,0,-1.0,2.95
2021,2,2021-08-20,betis,cadiz,2021|2021-08-20|betis|cadiz,2021|2021-08-20|betis|cadiz,D,H,0.586034760031113,0.26216256079015793,0.151802679178729,0.586034760031113,0.9503181885051343,0.32387219924095506,1.5,4.2,7.0,1.0476190476190474,0.6363636363636365,0.2272727272727273,0.13636363636363638,1.5,0.586034760031113,-0.12094785995333052,0.0,1,0,-1.0,1.95
2021,2,2021-08-21,alaves,mallorca,2021|2021-08-21|alaves|mallorca,2021|2021-08-21|alaves|mallorca,A,D,0.3503114099784495,0.38632136971470354,0.26336722030684695,0.38632136971470354,1.0862639586389526,0.03600995973625404,2.25,3.2,3.4,1.051062091503268,0.42285270112708895,0.29731830547998445,0.27982899339292655,3.2,0.38632136971470354,0.2362283830870514,0.10737653776684154,1,0,-1.0,0.95
2021,2,2021-08-21,ath bilbao,barcelona,2021|2021-08-21|ath bilbao|barcelona,2021|2021-08-21|athbilbao|barcelona,D,A,0.20299677942921968,0.2631469974271861,0.5338562231435943,0.5338562231435943,1.0100675111336315,0.27070922571640815,4.0,3.75,1.85,1.057207207207207,0.23647209203238181,0.2522368981678739,0.5112910097997444,1.85,0.5338562231435943,-0.012365987184350558,0.0,1,0,-1.0,-0.050000000000000044
2021,2,2021-08-21,espanol,villarreal,2021|2021-08-21|espanol|villarreal,2021|2021-08-21|espanol|villarreal,D,A,0.29876394038005655,0.3014192450453453,0.39981681457459817,0.39981681457459817,1.0889467308327023,0.09839756952925288,3.1,3.4,2.3,1.0514809009157662,0.3067869752844252,0.27971753628874063,0.41349548842683403,2.3,0.39981681457459817,-0.08042132647842426,0.0,1,0,-1.0,-1.05
2021,2,2021-08-21,granada,valencia,2021|2021-08-21|granada|valencia,2021|2021-08-21|granada|valencia,D,H,0.36323764556049265,0.33311166070640696,0.3036506937331005,0.36323764556049265,1.0959465561475854,0.030125984854085686,2.45,3.4,2.87,1.0507129681140748,0.38846314616134875,0.27992197296920723,0.3316148808694441,2.45,0.36323764556049265,-0.110067768376793,0.0,1,0,-1.0,-2.05
2021,2,2021-08-22,ath madrid,elche,2021|2021-08-22|ath madrid|elche,2021|2021-08-22|athmadrid|elche,H,H,0.6990876613066704,0.20673370572725036,0.0941786329660793,0.6990876613066704,0.7986409032473468,0.4923539555794201,1.22,5.75,17.0,1.0524087040375665,0.778853432134178,0.16525238038325168,0.05589418748257042,1.22,0.6990876613066704,-0.14711305320586207,0.0,1,1,0.21999999999999997,-1.83
2021,2,2021-08-22,levante,real madrid,2021|2021-08-22|levante|real madrid,2021|2021-08-22|levante|realmadrid,D,A,0.20104694082319285,0.2578550504213403,0.5410980087554669,0.5410980087554669,1.004326682076116,0.28324295833412655,5.0,4.33,1.6,1.05594688221709,0.1894034665646017,0.2187107004210181,0.5918858330143802,1.6,0.5410980087554669,-0.13424318599125296,0.0,1,0,-1.0,-2.83
2021,2,2021-08-22,sociedad,vallecano,2021|2021-08-22|sociedad|vallecano,2021|2021-08-22|sociedad|vallecano,H,H,0.5928198633496493,0.26897161463147296,0.13820852201887762,0.5928198633496493,0.9366780189783248,0.32384824871817636,1.44,4.33,7.5,1.0587246599948679,0.6559254456657416,0.21813686876643598,0.1259376855678224,1.44,0.5928198633496493,-0.14633939677650504,0.0,1,1,0.43999999999999995,-2.39
2021,2,2021-08-23,getafe,sevilla,2021|2021-08-23|getafe|sevilla,2021|2021-08-23|getafe|sevilla,A,A,0.24926166587849977,0.3491459182437834,0.40159241587771677,0.40159241587771677,1.0800612603460433,0.05244649763393339,3.5,3.2,2.2,1.0527597402597402,0.27139552814186585,0.2968388589051658,0.4317656129529684,2.2,0.40159241587771677,-0.11649668506902305,0.0,1,1,1.2000000000000002,-1.19
2021,2,2021-08-23,osasuna,celta,2021|2021-08-23|osasuna|celta,2021|2021-08-23|osasuna|celta,D,D,0.33564426743839265,0.3612776045329909,0.30307812802861644,0.3612776045329909,1.0960477950054022,0.025633337094598252,2.62,3.25,2.75,1.0530080606416483,0.3624657812024739,0.2922031836155328,0.3453310351819934,3.25,0.3612776045329909,0.17415221473222042,0.0774009843254313,1,1,2.25,1.06
2021,3,2021-08-27,mallorca,espanol,2021|2021-08-27|mallorca|espanol,2021|2021-08-27|mallorca|espanol,H,D,0.26967476321099315,0.43522415840484324,0.29510107838416366,0.43522415840484324,1.0756319680095805,0.14012308002067958,2.6,2.9,3.1,1.0520236159835714,0.36559577063847093,0.3277755185034567,0.3066287108580724,2.9,0.43522415840484324,0.26215005937404545,0.13797371546002393,1,0,-1.0,0.06000000000000005
2021,3,2021-08-27,valencia,alaves,2021|2021-08-27|valencia|alaves,2021|2021-08-27|valencia|alaves,H,H,0.514702927671843,0.3081778713393266,0.1771192009888305,0.514702927671843,1.011178658650222,0.2065250563325164,1.75,3.6,4.75,1.0597326649958227,0.5392195506503745,0.2621206148994876,0.19865983445013796,1.75,0.514702927671843,-0.09926987657427477,0.0,1,1,0.75,0.81
2021,3,2021-08-28,betis,real madrid,2021|2021-08-28|betis|real madrid,2021|2021-08-28|betis|realmadrid,A,A,0.21737106163549946,0.3370827701754981,0.4455461681890025,0.4455461681890025,1.0584973109229217,0.10846339801350441,4.2,3.8,1.8,1.0568086883876358,0.225296442687747,0.24901185770750986,0.5256916996047432,1.8,0.4455461681890025,-0.1980168972597955,0.0,1,1,0.8,1.61
2021,3,2021-08-28,celta,ath bilbao,2021|2021-08-28|celta|ath bilbao,2021|2021-08-28|celta|athbilbao,A,D,0.3102367576796013,0.4208837879386314,0.26887945438176725,0.4208837879386314,1.080510416442443,0.11064703025903011,2.4,3.2,3.1,1.051747311827957,0.39616613418530355,0.2971246006389776,0.30670926517571884,3.2,0.4208837879386314,0.3468281214036205,0.15764914609255476,1,0,-1.0,0.6100000000000001
2021,3,2021-08-28,elche,sevilla,2021|2021-08-28|elche|sevilla,2021|2021-08-28|elche|sevilla,D,A,0.16806444362177705,0.35148620217618276,0.48044935420204005,0.48044935420204005,1.0194215263804443,0.12896315202585729,5.0,3.6,1.72,1.059173126614987,0.18882654305928276,0.2622590875823372,0.5489143693583801,1.72,0.48044935420204005,-0.17362711077249116,0.0,1,0,-1.0,-0.3899999999999999
2021,3,2021-08-28,sociedad,levante,2021|2021-08-28|sociedad|levante,2021|2021-08-28|sociedad|levante,H,H,0.5274370381068195,0.3012860178793552,0.17127694401382523,0.5274370381068195,1.0010800969120268,0.2261510202274643,1.53,4.2,6.0,1.0583566760037348,0.6175562417291575,0.22496691662990734,0.15747684164093514,1.53,0.5274370381068195,-0.1930213316965661,0.0,1,1,0.53,0.14000000000000012
2021,3,2021-08-29,ath madrid,villarreal,2021|2021-08-29|ath madrid|villarreal,2021|2021-08-29|athmadrid|villarreal,D,H,0.4959391881654498,0.32299171659222864,0.18106909524232162,0.4959391881654498,1.0222500397521317,0.17294747157322116,1.75,3.4,5.25,1.0560224089635855,0.5411140583554376,0.27851458885941643,0.18037135278514588,1.75,0.4959391881654498,-0.13210642071046286,0.0,1,0,-1.0,-0.8599999999999999
2021,3,2021-08-29,barcelona,getafe,2021|2021-08-29|barcelona|getafe,2021|2021-08-29|barcelona|getafe,H,H,0.6502653684882435,0.23480056481447342,0.11493406669728305,0.6502653684882435,0.8687361929331616,0.41546480367377003,1.4,4.75,7.5,1.0581453634085214,0.6750355281856939,0.19895783988630977,0.1260066319279962,1.4,0.6502653684882435,-0.08962848411645924,0.0,1,1,0.3999999999999999,-0.45999999999999996
2021,3,2021-08-29,cadiz,osasuna,2021|2021-08-29|cadiz|osasuna,2021|2021-08-29|cadiz|osasuna,A,D,0.23310610094247128,0.39780323428111997,0.36909066477640873,0.39780323428111997,1.0740350427675773,0.02871256950471124,3.2,3.0,2.45,1.0539965986394557,0.2964905203711174,0.3162565550625252,0.3872529245663574,3.0,0.39780323428111997,0.1934097028433599,0.09670485142167995,1,0,-1.0,-1.46
2021,3,2021-08-29,vallecano,granada,2021|2021-08-29|vallecano|granada,2021|2021-08-29|vallecano|granada,H,D,0.3464530804501458,0.393046055642603,0.26050086390725125,0.393046055642603,1.0846931004606044,0.0465929751924572,2.55,3.2,2.87,1.053088918494227,0.3723872275722251,0.29674607197161684,0.3308667004561581,3.2,0.393046055642603,0.25774737805632963,0.11715789911651346,1,0,-1.0,-2.46
2021,4,2021-09-11,ath bilbao,mallorca,2021|2021-09-11|ath bilbao|mallorca,2021|2021-09-11|athbilbao|mallorca,H,H,0.5552398981987162,0.298337325077132,0.14642277672415174,0.5552398981987162,0.9688420614327943,0.2569025731215842,1.72,3.6,5.25,1.0496493170911776,0.5538948478987163,0.26463864955160893,0.18146650254967467,1.72,0.5552398981987162,-0.044987375098208104,0.0,1,1,0.72,-1.74
2021,4,2021-09-11,levante,vallecano,2021|2021-09-11|levante|vallecano,2021|2021-09-11|levante|vallecano,D,H,0.4490378270095758,0.3276359173476187,0.22332625564280545,0.4490378270095758,1.0599077965646941,0.12140190966195707,2.1,3.4,3.5,1.0560224089635852,0.4509283819628648,0.2785145888594165,0.27055702917771884,2.1,0.4490378270095758,-0.057020563279890746,0.0,1,0,-1.0,-2.74
2021,4,2021-09-12,cadiz,sociedad,2021|2021-09-12|cadiz|sociedad,2021|2021-09-12|cadiz|sociedad,A,A,0.15472074155457105,0.32065975529316415,0.5246195031522648,0.5246195031522648,0.9918624521011332,0.20395974785910065,5.0,3.6,1.75,1.0492063492063493,0.19062027231467474,0.264750378214826,0.5446293494704992,1.75,0.5246195031522648,-0.08191586948353657,0.0,1,1,0.75,-1.99
2021,4,2021-09-12,espanol,ath madrid,2021|2021-09-12|espanol|ath madrid,2021|2021-09-12|espanol|athmadrid,A,A,0.23001827796847396,0.34501321573693106,0.42496850629459487,0.42496850629459487,1.0688502940402622,0.07995529055766382,4.33,3.3,1.9,1.0602929747210772,0.21781421524352118,0.2857986521225596,0.4963871326339193,1.9,0.42496850629459487,-0.19255983804026972,0.0,1,1,0.8999999999999999,-1.09
2021,4,2021-09-12,osasuna,valencia,2021|2021-09-12|osasuna|valencia,2021|2021-09-12|osasuna|valencia,A,D,0.356113839769375,0.3769554389605655,0.2669307212700595,0.3769554389605655,1.088010705259282,0.020841599191190496,2.4,3.2,3.1,1.051747311827957,0.39616613418530355,0.2971246006389776,0.30670926517571884,3.2,0.3769554389605655,0.2062574046738096,0.09375336576082254,1,0,-1.0,-2.09
2021,4,2021-09-12,real madrid,celta,2021|2021-09-12|real madrid|celta,2021|2021-09-12|realmadrid|celta,H,H,0.671958948496255,0.21892351092445345,0.1091175405792915,0.671958948496255,0.8414260054540091,0.4530354375718016,1.36,5.25,8.0,1.0507703081232491,0.6997667444185273,0.18127290903032325,0.11896034655114963,1.36,0.671958948496255,-0.08613583004509309,0.0,1,1,0.3600000000000001,-1.73
2021,4,2021-09-13,getafe,elche,2021|2021-09-13|getafe|elche,2021|2021-09-13|getafe|elche,A,H,0.4867425050017298,0.3310973816405238,0.18216011335774646,0.4867425050017298,1.0266352951945383,0.15564512336120595,1.8,3.4,4.75,1.0601995184038528,0.5240103828682673,0.2774172615184945,0.19857235561323813,1.8,0.4867425050017298,-0.12386349099688637,0.0,1,0,-1.0,-2.73
2021,4,2021-09-13,granada,betis,2021|2021-09-13|granada|betis,2021|2021-09-13|granada|betis,A,D,0.27931922770054646,0.3699346789920912,0.35074609330736234,0.3699346789920912,1.0915915651834358,0.019188585684728865,3.1,3.25,2.37,1.0522138811236401,0.3065732651396048,0.2924237298254692,0.4010030050349261,3.25,0.3699346789920912,0.2022877067242964,0.08990564743302062,1,0,-1.0,-3.73
2021,4,2021-12-21,sevilla,barcelona,2021|2021-12-21|sevilla|barcelona,2021|2021-12-21|sevilla|barcelona,D,A,0.33795653268144715,0.3131941679813388,0.34884929933721404,0.34884929933721404,1.0976037180078058,0.010892766655766883,2.5,3.2,2.9,1.0573275862068967,0.3783122706889523,0.29555646147574394,0.32613126783530366,2.9,0.34884929933721404,0.011662968077920777,0.006138404251537251,1,0,-1.0,-4.73
2021,4,2021-12-21,villarreal,alaves,2021|2021-12-21|villarreal|alaves,2021|2021-12-21|villarreal|alaves,H,H,0.7008560677850143,0.18682100380037256,0.11232292841461315,0.7008560677850143,0.8081132278368482,0.5140350639846417,1.33,5.0,9.5,1.057142857142857,0.7112375533428166,0.18918918918918923,0.09957325746799432,1.33,0.7008560677850143,-0.06786142984593094,0.0,1,1,0.33000000000000007,-4.4
2021,5,2021-09-17,celta,cadiz,2021|2021-09-17|celta|cadiz,2021|2021-09-17|celta|cadiz,A,H,0.6048112018200967,0.2591565837458316,0.1360322144340717,0.6048112018200967,0.9254333769581753,0.3456546180742651,1.45,4.33,7.0,1.063459197488026,0.6485017704889973,0.2171657199097104,0.13433250960129228,1.45,0.6048112018200967,-0.12302375736085974,0.0,1,0,-1.0,-5.4
2021,5,2021-09-18,alaves,osasuna,2021|2021-09-18|alaves|osasuna,2021|2021-09-18|alaves|osasuna,A,D,0.2493769822137672,0.38267253785250877,0.36795047993372404,0.38267253785250877,1.0817975004328602,0.014722057918784726,3.1,3.0,2.55,1.0480708412397217,0.30778515389257693,0.3180446590223295,0.3741701870850936,3.0,0.38267253785250877,0.1480176135575263,0.07400880677876315,1,0,-1.0,-6.4
2021,5,2021-09-18,ath madrid,ath bilbao,2021|2021-09-18|ath madrid|ath bilbao,2021|2021-09-18|athmadrid|athbilbao,D,H,0.5163420542877064,0.3123882129640304,0.17126973274826318,0.5163420542877064,1.0069692669090944,0.203953841323676,1.65,3.6,6.0,1.0505050505050506,0.5769230769230769,0.2644230769230769,0.15865384615384612,1.65,0.5163420542877064,-0.14803561042528446,0.0,1,0,-1.0,-7.4
2021,5,2021-09-18,elche,levante,2021|2021-09-18|elche|levante,2021|2021-09-18|elche|levante,D,D,0.23571917358290365,0.4864457820735577,0.2778350443435387,0.4864457820735577,1.0470194870283676,0.20861073773001904,2.4,3.1,3.2,1.051747311827957,0.39616613418530355,0.30670926517571884,0.2971246006389776,3.1,0.4864457820735577,0.507981924428029,0.24189615448953763,1,1,2.1,-5.3
2021,5,2021-09-18,vallecano,getafe,2021|2021-09-18|vallecano|getafe,2021|2021-09-18|vallecano|getafe,H,D,0.35792243622268616,0.4037244006410742,0.23835316313623975,0.4037244006410742,1.0757295726668987,0.04580196441838802,2.37,2.9,3.4,1.0608861615357623,0.39772498083982083,0.32503731192771573,0.2772377072324634,2.9,0.4037244006410742,0.17080076185911508,0.08989513782058689,1,0,-1.0,-6.3
2021,5,2021-09-19,betis,espanol,2021|2021-09-19|betis|espanol,2021|2021-09-19|betis|espanol,D,H,0.407796636158745,0.37692648445672533,0.21527687938452966,0.407796636158745,1.0641859917025105,0.030870151702019677,2.0,3.2,4.2,1.0505952380952381,0.4759206798866855,0.29745042492917845,0.22662889518413595,2.0,0.407796636158745,-0.18440672768250993,0.0,1,0,-1.0,-7.3
2021,5,2021-09-19,mallorca,villarreal,2021|2021-09-19|mallorca|villarreal,2021|2021-09-19|mallorca|villarreal,D,A,0.2059066974428141,0.379872340574615,0.41422096198257097,0.41422096198257097,1.0581630335070986,0.03434862140795597,3.5,3.0,2.3,1.0538302277432714,0.2711198428290766,0.3163064833005893,0.41257367387033395,2.3,0.41422096198257097,-0.047291787440086885,0.0,1,0,-1.0,-8.3
2021,5,2021-09-19,sociedad,sevilla,2021|2021-09-19|sociedad|sevilla,2021|2021-09-19|sociedad|sevilla,D,D,0.3140951185031265,0.356906106531253,0.32899877496562047,0.356906106531253,1.0972032882699225,0.02790733156563252,2.55,3.2,2.87,1.053088918494227,0.3723872275722251,0.29674607197161684,0.3308667004561581,3.2,0.356906106531253,0.14209954090000965,0.06459070040909529,1,1,2.2,-6.1
2021,5,2021-09-19,valencia,real madrid,2021|2021-09-19|valencia|real madrid,2021|2021-09-19|valencia|realmadrid,A,A,0.21894010972619898,0.32983681821856736,0.45122307205523376,0.45122307205523376,1.057481882035294,0.1213862538366664,3.8,3.8,1.9,1.0526315789473684,0.25,0.25,0.5,1.9,0.45122307205523376,-0.14267616309505593,0.0,1,1,0.8999999999999999,-5.199999999999999
2021,5,2021-09-20,barcelona,granada,2021|2021-09-20|barcelona|granada,2021|2021-09-20|barcelona|granada,D,H,0.7326950594879335,0.1871522050039117,0.0801527355081548,0.7326950594879335,0.7438140113172047,0.5455428544840217,1.28,5.75,10.0,1.0551630434782608,0.7404069018799897,0.16482101467937163,0.09477208344063869,1.28,0.7326950594879335,-0.062150323855445166,0.0,1,0,-1.0,-6.199999999999999
2021,6,2021-09-21,ath bilbao,vallecano,2021|2021-09-21|ath bilbao|vallecano,2021|2021-09-21|athbilbao|vallecano,A,H,0.4955214079154159,0.3161702692744914,0.18830832281009263,0.4955214079154159,1.0264033388548834,0.1793511386409245,1.85,3.5,4.33,1.0572017084719163,0.511293669135136,0.2702552251142862,0.21845110575057775,1.85,0.4955214079154159,-0.08328539535648061,0.0,1,0,-1.0,-7.199999999999999
2021,6,2021-09-21,getafe,ath madrid,2021|2021-09-21|getafe|ath madrid,2021|2021-09-21|getafe|athmadrid,A,A,0.11831290200675412,0.2908316647385461,0.5908554332546997,0.5908554332546997,0.9226085373172163,0.3000237685161536,6.0,3.5,1.66,1.0547905909351694,0.1580092466684797,0.2708729942888224,0.5711177590426978,1.66,0.5908554332546997,-0.01917998079719857,0.0,1,1,0.6599999999999999,-6.54
2021,6,2021-09-21,levante,celta,2021|2021-09-21|levante|celta,2021|2021-09-21|levante|celta,A,H,0.3543896916246623,0.3346131489768314,0.3109971593985062,0.3543896916246623,1.097192700968331,0.019776542647830853,2.6,3.4,2.7,1.0491034020445786,0.36661341853035134,0.28035143769968046,0.353035143769968,2.6,0.3543896916246623,-0.07858680177587807,0.0,1,0,-1.0,-7.54
2021,6,2021-09-22,espanol,alaves,2021|2021-09-22|espanol|alaves,2021|2021-09-22|espanol|alaves,H,H,0.5128619321554536,0.29301912886841913,0.1941189389761273,0.5128619321554536,1.0203650299560159,0.21984280328703448,1.8,3.5,4.75,1.0517961570593148,0.5281969817315331,0.27164416203335984,0.20015885623510724,1.8,0.5128619321554536,-0.07684852212018345,0.0,1,1,0.8,-6.74
2021,6,2021-09-22,real madrid,mallorca,2021|2021-09-22|real madrid|mallorca,2021|2021-09-22|realmadrid|mallorca,H,H,0.7430680378999784,0.18276049775651895,0.07417146434350264,0.7430680378999784,0.7242308885348946,0.5603075401434595,1.22,6.5,12.0,1.0568516183270282,0.7755791985681615,0.14557024957740877,0.07885055185442974,1.22,0.7430680378999784,-0.09345699376202632,0.0,1,1,0.21999999999999997,-6.52
2021,6,2021-09-22,sevilla,valencia,2021|2021-09-22|sevilla|valencia,2021|2021-09-22|sevilla|valencia,H,H,0.5612327588107529,0.289672004676338,0.14909523651290915,0.5612327588107529,0.966837957191617,0.27156075413441483,1.61,3.8,6.0,1.050942573825869,0.5910104204468868,0.2504017833998652,0.15858779615324795,1.61,0.5612327588107529,-0.09641525831468784,0.0,1,1,0.6100000000000001,-5.91
2021,6,2021-09-22,villarreal,elche,2021|2021-09-22|villarreal|elche,2021|2021-09-22|villarreal|elche,H,H,0.6120695987490264,0.2588929432325188,0.12903745801845473,0.6120695987490264,0.9145470829850253,0.3531766555165076,1.5,4.2,6.5,1.0586080586080584,0.6297577854671281,0.2249134948096886,0.14532871972318342,1.5,0.6120695987490264,-0.08189560187646033,0.0,1,1,0.5,-5.41
2021,6,2021-09-23,cadiz,barcelona,2021|2021-09-23|cadiz|barcelona,2021|2021-09-23|cadiz|barcelona,D,A,0.07238697052451909,0.3327031724753322,0.5949098570001486,0.5949098570001486,0.8651736126603766,0.26220668452481644,6.0,4.33,1.5,1.0642802155504234,0.1566003616636528,0.21699819168173598,0.6264014466546112,1.5,0.5949098570001486,-0.10763521449977703,0.0,1,0,-1.0,-6.41
2021,6,2021-09-23,granada,sociedad,2021|2021-09-23|granada|sociedad,2021|2021-09-23|granada|sociedad,A,A,0.1695139530842212,0.31465034357390737,0.5158357033418713,0.5158357033418713,1.0061510341277522,0.20118535976796398,4.2,3.4,1.9,1.0585286746277458,0.22493036211699163,0.27785515320334264,0.4972144846796657,1.9,0.5158357033418713,-0.019912163650444514,0.0,1,1,0.8999999999999999,-5.51
2021,6,2021-09-23,osasuna,betis,2021|2021-09-23|osasuna|betis,2021|2021-09-23|osasuna|betis,A,D,0.31319267892122926,0.36304722036938974,0.32376010070938094,0.36304722036938974,1.0965656893452072,0.03928711966000881,2.37,3.25,3.0,1.0629665692956831,0.3969465648854962,0.2894656488549619,0.313587786259542,3.25,0.36304722036938974,0.17990346620051667,0.07995709608911852,1,0,-1.0,-6.51
2021,7,2021-09-25,alaves,ath madrid,2021|2021-09-25|alaves|ath madrid,2021|2021-09-25|alaves|athmadrid,H,A,0.10108197137105585,0.29464976363635853,0.6042682649925857,0.6042682649925857,0.8961068833254939,0.30961850135622715,7.5,4.0,1.5,1.0499999999999998,0.126984126984127,0.23809523809523814,0.634920634920635,1.5,0.6042682649925857,-0.09359760251112148,0.0,1,0,-1.0,-7.51
2021,7,2021-09-25,real madrid,villarreal,2021|2021-09-25|real madrid|villarreal,2021|2021-09-25|realmadrid|villarreal,D,H,0.6124722374657856,0.26295826978604214,0.12456949274817222,0.6124722374657856,0.91097939666653,0.34951396767974346,1.5,4.75,5.75,1.0511060259344012,0.6342525399129173,0.20029027576197386,0.16545718432510886,1.5,0.6124722374657856,-0.08129164380132159,0.0,1,0,-1.0,-8.51
2021,7,2021-09-25,sevilla,espanol,2021|2021-09-25|sevilla|espanol,2021|2021-09-25|sevilla|espanol,H,H,0.5570925771909933,0.32013262079751986,0.1227748020114869,0.5570925771909933,0.9480581741025274,0.2369599563934734,1.57,3.8,6.5,1.0539467237422318,0.6043404859191113,0.24968804286658017,0.14597147121430842,1.57,0.5570925771909933,-0.12536465381014056,0.0,1,1,0.5700000000000001,-7.9399999999999995
2021,7,2021-09-25,valencia,ath bilbao,2021|2021-09-25|valencia|ath bilbao,2021|2021-09-25|valencia|athbilbao,D,D,0.285731249482032,0.40881833881138563,0.3054504117065825,0.40881833881138563,1.0858725453125806,0.10336792710480314,2.6,3.2,2.8,1.0542582417582418,0.3648208469055374,0.29641693811074915,0.33876221498371334,3.2,0.40881833881138563,0.30821868419643406,0.14009940190747003,1,1,2.2,-5.739999999999999
2021,7,2021-09-26,barcelona,levante,2021|2021-09-26|barcelona|levante,2021|2021-09-26|barcelona|levante,H,H,0.6497356958624818,0.2461420822571149,0.10412222188040336,0.6497356958624818,0.860756899671447,0.40359361360536694,1.4,5.5,6.5,1.0499500499500498,0.6803044719314939,0.17316841103710753,0.1465271170313987,1.4,0.6497356958624818,-0.09037002579252551,0.0,1,1,0.3999999999999999,-5.34
2021,7,2021-09-26,betis,getafe,2021|2021-09-26|betis|getafe,2021|2021-09-26|betis|getafe,H,H,0.5217053187232096,0.32581737282513673,0.15247730845165366,0.5217053187232096,0.9915964511824072,0.19588794589807285,1.75,3.6,4.75,1.0597326649958227,0.5392195506503745,0.2621206148994876,0.19865983445013796,1.75,0.5217053187232096,-0.08701569223438321,0.0,1,1,0.75,-4.59
2021,7,2021-09-26,mallorca,osasuna,2021|2021-09-26|mallorca|osasuna,2021|2021-09-26|mallorca|osasuna,A,D,0.2889210528790284,0.37930755836450947,0.3317713887564622,0.37930755836450947,1.0924750487143715,0.04753616960804724,2.7,3.2,2.75,1.046506734006734,0.3539111200482606,0.2986125075407199,0.34747637241101953,3.2,0.37930755836450947,0.2137841867664304,0.09717463034837745,1,0,-1.0,-5.59
2021,7,2021-09-26,sociedad,elche,2021|2021-09-26|sociedad|elche,2021|2021-09-26|sociedad|elche,H,H,0.6474587287314149,0.24984783850190453,0.10269343276668073,0.6474587287314149,0.8616962042075995,0.39761089022951035,1.4,4.5,9.0,1.0476190476190477,0.6818181818181818,0.2121212121212121,0.10606060606060605,1.4,0.6474587287314149,-0.09355777977601926,0.0,1,1,0.3999999999999999,-5.1899999999999995
2021,7,2021-09-26,vallecano,cadiz,2021|2021-09-26|vallecano|cadiz,2021|2021-09-26|vallecano|cadiz,H,D,0.4318995065952448,0.43257417836014594,0.1355263150446093,0.43257417836014594,0.9959658161134981,0.000674671764901158,1.6,3.8,6.0,1.0548245614035088,0.5925155925155925,0.24948024948024947,0.15800415800415799,3.8,0.43257417836014594,0.6437818777685547,0.22992209920305526,1,0,-1.0,-6.1899999999999995
2021,7,2021-09-27,celta,granada,2021|2021-09-27|celta|granada,2021|2021-09-27|celta|granada,H,H,0.5459345769760163,0.2945458189285668,0.15951960409541682,0.5459345769760163,0.9832720476983712,0.25138875804744953,1.61,4.0,5.5,1.052936194240542,0.5898914063547392,0.23743129105778257,0.17267730258747824,1.61,0.5459345769760163,-0.12104533106861365,0.0,1,1,0.6100000000000001,-5.579999999999999
2021,8,2021-10-01,ath bilbao,alaves,2021|2021-10-01|ath bilbao|alaves,2021|2021-10-01|athbilbao|alaves,H,H,0.6161467896178192,0.23528662597807626,0.14856658440410453,0.6161467896178192,0.9221047942089073,0.38086016363974295,1.53,3.75,7.5,1.05359477124183,0.6203473945409429,0.2531017369727047,0.12655086848635236,1.53,0.6161467896178192,-0.05729541188473658,0.0,1,1,0.53,-5.049999999999999
2021,8,2021-10-02,ath madrid,barcelona,2021|2021-10-02|ath madrid|barcelona,2021|2021-10-02|athmadrid|barcelona,H,H,0.41406458597896456,0.32808514685757784,0.25785026716345755,0.41406458597896456,1.0802236868445254,0.08597943912138672,1.9,3.5,4.0,1.0620300751879699,0.49557522123893805,0.26902654867256637,0.23539823008849559,1.9,0.41406458597896456,-0.21327728663996737,0.0,1,1,0.8999999999999999,-4.1499999999999995
2021,8,2021-10-02,cadiz,valencia,2021|2021-10-02|cadiz|valencia,2021|2021-10-02|cadiz|valencia,D,A,0.20645769994049568,0.35694362160886667,0.4365986784506377,0.4365986784506377,1.0552624278714584,0.07965505684177104,3.4,3.0,2.3,1.0622335890878092,0.2768860353130016,0.3138041733547351,0.40930979133226325,2.3,0.4365986784506377,0.004176960436466648,0.0032130464895897297,1,0,-1.0,-5.1499999999999995
2021,8,2021-10-02,mallorca,levante,2021|2021-10-02|mallorca|levante,2021|2021-10-02|mallorca|levante,H,H,0.4018706915104127,0.36786514162372225,0.23026416686586507,0.4018706915104127,1.0723841661668299,0.03400554988669047,2.1,3.2,3.4,1.0828081232492996,0.4397736459175424,0.28860145513338725,0.2716248989490704,2.1,0.4018706915104127,-0.15607154782813332,0.0,1,1,1.1,-4.049999999999999
2021,8,2021-10-02,osasuna,vallecano,2021|2021-10-02|osasuna|vallecano,2021|2021-10-02|osasuna|vallecano,H,H,0.42732228255679316,0.32398608282068014,0.24869163462252666,0.42732228255679316,1.0745313693362062,0.10333619973611302,2.15,3.4,3.4,1.0533515731874146,0.44155844155844154,0.2792207792207792,0.2792207792207792,2.15,0.42732228255679316,-0.08125709250289476,0.0,1,1,1.15,-2.8999999999999995
2021,8,2021-10-03,elche,celta,2021|2021-10-03|elche|celta,2021|2021-10-03|elche|celta,H,D,0.25626498486665167,0.38158296595344077,0.36215204917990756,0.38158296595344077,1.0843778143187466,0.019430916773533202,3.3,3.2,2.3,1.050312911725955,0.28851430811446493,0.29753038024304196,0.4139553116424932,3.2,0.38158296595344077,0.22106549105101048,0.10048431411409567,1,0,-1.0,-3.8999999999999995
2021,8,2021-10-03,espanol,real madrid,2021|2021-10-03|espanol|real madrid,2021|2021-10-03|espanol|realmadrid,H,A,0.15261028473060492,0.25553367358428125,0.5918560416851139,0.5918560416851139,0.9459612441757603,0.3363223681008326,5.0,4.0,1.66,1.052409638554217,0.19004006868918144,0.2375500858614768,0.5724098454493417,1.66,0.5918560416851139,-0.01751897080271103,0.0,1,0,-1.0,-4.8999999999999995
2021,8,2021-10-03,getafe,sociedad,2021|2021-10-03|getafe|sociedad,2021|2021-10-03|getafe|sociedad,D,A,0.253666835370649,0.3349935208068286,0.41133964382252247,0.41133964382252247,1.0797348136689622,0.07634612301569388,3.6,3.1,2.2,1.0549038774845227,0.2633204633204633,0.30579150579150577,0.43088803088803085,2.2,0.41133964382252247,-0.09505278359045044,0.0,1,0,-1.0,-5.8999999999999995
2021,8,2021-10-03,granada,sevilla,2021|2021-10-03|granada|sevilla,2021|2021-10-03|granada|sevilla,H,A,0.1703899605172093,0.3028795043283961,0.5267305351543946,0.5267305351543946,1.000967787432159,0.2238510308259985,4.8,3.4,1.72,1.0838463292293663,0.1922166710491717,0.27136471206941887,0.5364186168814093,1.72,0.5267305351543946,-0.09402347953444129,0.0,1,0,-1.0,-6.8999999999999995
2021,8,2021-10-03,villarreal,betis,2021|2021-10-03|villarreal|betis,2021|2021-10-03|villarreal|betis,H,H,0.46256414925997325,0.3254932217089995,0.2119426290310273,0.46256414925997325,1.0507773286917876,0.13707092755097372,2.0,3.6,3.6,1.0555555555555556,0.47368421052631576,0.2631578947368421,0.2631578947368421,2.0,0.46256414925997325,-0.07487170148005351,0.0,1,1,1.0,-5.8999999999999995
2021,9,2021-10-16,levante,getafe,2021|2021-10-16|levante|getafe,2021|2021-10-16|levante|getafe,D,H,0.40864520678237304,0.35809221961856785,0.23326257359905905,0.40864520678237304,1.072982723702665,0.050552987163805185,2.5,2.9,3.25,1.0525198938992042,0.3800403225806452,0.3276209677419355,0.2923387096774194,2.5,0.40864520678237304,0.02161301695593265,0.014408677970621767,1,0,-1.0,-6.8999999999999995
2021,9,2021-10-16,sociedad,mallorca,2021|2021-10-16|sociedad|mallorca,2021|2021-10-16|sociedad|mallorca,H,H,0.7091372350567843,0.19669289948202795,0.09416986546118779,0.7091372350567843,0.7860703950678536,0.5124443355747563,1.4,4.5,8.5,1.054154995331466,0.6775907883082374,0.21080602302922938,0.11160318866253321,1.4,0.7091372350567843,-0.007207870920502069,0.0,1,1,0.3999999999999999,-6.5
2021,9,2021-10-17,barcelona,valencia,2021|2021-10-17|barcelona|valencia,2021|2021-10-17|barcelona|valencia,H,H,0.6524482953347275,0.24503687044823116,0.10251483421704134,0.6524482953347275,0.8567203802472001,0.4074114248864963,1.5,4.33,6.5,1.0514597027299106,0.6340391980175715,0.2196440639783735,0.14631673800405498,1.5,0.6524482953347275,-0.02132755699790878,0.0,1,1,0.5,-6.0
2021,9,2021-10-17,celta,sevilla,2021|2021-10-17|celta|sevilla,2021|2021-10-17|celta|sevilla,A,A,0.21970097669790378,0.36163879512137176,0.4186602281807244,0.4186602281807244,1.065305986621703,0.057021433059352644,3.4,3.25,2.2,1.056355409296586,0.27842679127725856,0.29127725856697817,0.43029595015576316,2.2,0.4186602281807244,-0.0789474980024063,0.0,1,1,1.2000000000000002,-4.799999999999999
2021,9,2021-10-17,vallecano,elche,2021|2021-10-17|vallecano|elche,2021|2021-10-17|vallecano|elche,H,H,0.5073357371351059,0.3235296519376748,0.16913461092721926,0.5073357371351059,1.009923190571639,0.18380608519743113,1.8,3.5,4.75,1.0517961570593148,0.5281969817315331,0.27164416203335984,0.20015885623510724,1.8,0.5073357371351059,-0.0867956731568093,0.0,1,1,0.8,-3.999999999999999
2021,9,2021-10-17,villarreal,osasuna,2021|2021-10-17|villarreal|osasuna,2021|2021-10-17|villarreal|osasuna,A,H,0.583745781728242,0.27671636523354387,0.13953785303821423,0.583745781728242,0.9445476295452448,0.3070294164946981,1.66,3.75,5.25,1.059552495697074,0.5685510071474984,0.25167857916395925,0.17977041368854232,1.66,0.583745781728242,-0.030982002331118363,0.0,1,0,-1.0,-4.999999999999999
2021,9,2021-10-18,alaves,betis,2021|2021-10-18|alaves|betis,2021|2021-10-18|alaves|betis,A,A,0.2408113386023436,0.34162951148604875,0.41755914991160753,0.41755914991160753,1.0744394423097412,0.07592963842555878,3.5,3.3,2.15,1.0538608678143562,0.2711119602598395,0.28754298815437523,0.44134505158578524,2.15,0.41755914991160753,-0.10224782769004381,0.0,1,1,1.15,-3.8499999999999996
2021,9,2021-10-18,espanol,cadiz,2021|2021-10-18|espanol|cadiz,2021|2021-10-18|espanol|cadiz,H,H,0.45314790043332726,0.37953959754807387,0.1673125020185988,0.45314790043332726,1.0255164509793167,0.07360830288525338,1.66,3.6,5.75,1.0541004598102557,0.5714916760995002,0.26352116175699175,0.16498716214350787,1.66,0.45314790043332726,-0.24777448528067686,0.0,1,1,0.6599999999999999,-3.1899999999999995
2021,9,2021-12-01,real madrid,ath bilbao,2021|2021-12-01|real madrid|ath bilbao,2021|2021-12-01|realmadrid|athbilbao,H,H,0.6556070690681949,0.23279957141573696,0.11159335951606811,0.6556070690681949,0.8608289149301327,0.42280749765245795,1.44,4.75,7.0,1.0478279030910609,0.6627466613514053,0.20091688259916285,0.13633645604943193,1.44,0.6556070690681949,-0.0559258205417994,0.0,1,1,0.43999999999999995,-2.7499999999999996
2021,9,2021-12-22,granada,ath madrid,2021|2021-12-22|granada|ath madrid,2021|2021-12-22|granada|athmadrid,H,A,0.14203923901442678,0.2735248005375828,0.5844359604479905,0.5844359604479905,0.9457038500707031,0.3109111599104077,6.0,3.7,1.61,1.0580549493592972,0.15752174947774808,0.25544067482878063,0.5870375756934711,1.61,0.5844359604479905,-0.05905810367873521,0.0,1,0,-1.0,-3.7499999999999996
2021,10,2021-10-22,osasuna,granada,2021|2021-10-22|osasuna|granada,2021|2021-10-22|osasuna|granada,D,H,0.4754852427816127,0.39130767672514427,0.1332070804932431,0.4754852427816127,0.989159294813211,0.08417756605646842,1.72,3.5,5.25,1.0575858250276855,0.549738219895288,0.2701570680628272,0.1801047120418848,1.72,0.4754852427816127,-0.18216538241562613,0.0,1,0,-1.0,-4.75
2021,10,2021-10-23,ath bilbao,villarreal,2021|2021-10-23|ath bilbao|villarreal,2021|2021-10-23|athbilbao|villarreal,H,D,0.3356579662786796,0.38030905725391695,0.28403297646740344,0.38030905725391695,1.0915993798034995,0.04465109097523734,2.45,3.0,3.2,1.0539965986394557,0.3872529245663574,0.3162565550625252,0.2964905203711174,3.0,0.38030905725391695,0.14092717176175085,0.07046358588087542,1,0,-1.0,-5.75
2021,10,2021-10-23,cadiz,alaves,2021|2021-10-23|cadiz|alaves,2021|2021-10-23|cadiz|alaves,A,H,0.37051096660479305,0.3684136359017421,0.2610753974934649,0.37051096660479305,1.0863592747549666,0.002097330703050959,2.5,2.9,3.2,1.0573275862068967,0.3783122706889523,0.32613126783530366,0.29555646147574394,2.5,0.37051096660479305,-0.07372258348801741,0.0,1,0,-1.0,-6.75
2021,10,2021-10-23,elche,espanol,2021|2021-10-23|elche|espanol,2021|2021-10-23|elche|espanol,D,D,0.329091228335346,0.4044962316569919,0.2664125400076621,0.4044962316569919,1.084259740767165,0.0754050033216459,2.7,3.0,2.87,1.0521357594528327,0.35201766221022934,0.3168158959892064,0.33116644180056415,3.0,0.4044962316569919,0.21348869497097567,0.10674434748548783,1,1,2.0,-4.75
2021,10,2021-10-23,valencia,mallorca,2021|2021-10-23|valencia|mallorca,2021|2021-10-23|valencia|mallorca,D,H,0.6051825501891572,0.2522735510123729,0.14254389879846988,0.6051825501891572,0.9290699483976659,0.3529089991767843,1.66,3.8,5.25,1.0560437237672495,0.5704400537557545,0.24919223400909268,0.1803677122351528,1.66,0.6051825501891572,0.0046030333140009705,0.006974292900001471,1,0,-1.0,-5.75
2021,10,2021-10-24,ath madrid,sociedad,2021|2021-10-24|ath madrid|sociedad,2021|2021-10-24|athmadrid|sociedad,D,H,0.6176765184312167,0.2617844403833174,0.12053904118546596,0.6176765184312167,0.9034772664489152,0.35589207804789935,1.61,3.7,6.0,1.0580549493592972,0.5870375756934711,0.25544067482878063,0.15752174947774808,1.61,0.6176765184312167,-0.005540805325740972,0.0,1,0,-1.0,-6.75
2021,10,2021-10-24,barcelona,real madrid,2021|2021-10-24|barcelona|real madrid,2021|2021-10-24|barcelona|realmadrid,A,D,0.3269879826379506,0.3478404030468413,0.3251716143152082,0.3478404030468413,1.0981395602898305,0.02085242040889068,2.75,3.6,2.45,1.049577406720264,0.346459785917706,0.26465678090935874,0.3888834331729352,3.6,0.3478404030468413,0.2522254509686286,0.09700978883408791,1,0,-1.0,-7.75
2021,10,2021-10-24,betis,vallecano,2021|2021-10-24|betis|vallecano,2021|2021-10-24|betis|vallecano,H,H,0.5280324081739389,0.28425815767416873,0.18770943415189223,0.5280324081739389,1.0087723607697023,0.2437742504997702,1.83,3.75,4.2,1.0512099921935987,0.5198277142432793,0.25367592455072036,0.2264963612060003,1.83,0.5280324081739389,-0.03370069304169171,0.0,1,1,0.8300000000000001,-6.92
2021,10,2021-10-24,sevilla,levante,2021|2021-10-24|sevilla|levante,2021|2021-10-24|sevilla|levante,H,H,0.6628148668034481,0.2393659158731863,0.09781921732336556,0.6628148668034481,0.842219112468514,0.4234489509302618,1.44,4.2,8.0,1.0575396825396826,0.6566604127579737,0.225140712945591,0.11819887429643527,1.44,0.6628148668034481,-0.04554659180303472,0.0,1,1,0.43999999999999995,-6.4799999999999995
2021,10,2021-10-25,getafe,celta,2021|2021-10-25|getafe|celta,2021|2021-10-25|getafe|celta,A,H,0.3771297336735956,0.33362730817994757,0.28924295814645684,0.3771297336735956,1.0927995545958635,0.04350242549364802,2.5,3.0,3.1,1.0559139784946237,0.3788187372708758,0.3156822810590631,0.3054989816700611,2.5,0.3771297336735956,-0.05717566581601108,0.0,1,0,-1.0,-7.4799999999999995
2021,11,2021-10-26,alaves,elche,2021|2021-10-26|alaves|elche,2021|2021-10-26|alaves|elche,H,H,0.37693586613445956,0.3390872035121611,0.28397693035337923,0.37693586613445956,1.0919788356504392,0.03784866262229847,2.3,3.0,3.5,1.0538302277432714,0.41257367387033395,0.3163064833005893,0.2711198428290766,2.3,0.37693586613445956,-0.13304750789074316,0.0,1,1,1.2999999999999998,-6.18
2021,11,2021-10-26,espanol,ath bilbao,2021|2021-10-26|espanol|ath bilbao,2021|2021-10-26|espanol|athbilbao,D,A,0.2807632739612102,0.3512539344435,0.3679827915952898,0.3679827915952898,1.0920150977991299,0.01672885715178979,2.9,3.0,2.62,1.059840308853207,0.32535805944200685,0.3145127907939399,0.3601291497640533,2.62,0.3679827915952898,-0.035885086020340684,0.0,1,0,-1.0,-7.18
2021,11,2021-10-26,villarreal,cadiz,2021|2021-10-26|villarreal|cadiz,2021|2021-10-26|villarreal|cadiz,D,H,0.7570723964376491,0.17025136942000324,0.07267623414234753,0.7570723964376491,0.7026552936987136,0.5868210270176459,1.3,5.5,9.5,1.056312108943688,0.7282229965156793,0.17212543554006968,0.09965156794425085,1.3,0.7570723964376491,-0.015805884631056116,0.0,1,0,-1.0,-8.18
2021,11,2021-10-27,betis,valencia,2021|2021-10-27|betis|valencia,2021|2021-10-27|betis|valencia,H,H,0.5138969782010928,0.3191173244419774,0.16698569735692972,0.5138969782010928,1.0054914476456973,0.19477965375911543,1.85,3.5,4.5,1.0484770484770483,0.5155482815057284,0.27250409165302786,0.2119476268412439,1.85,0.5138969782010928,-0.04929059032797822,0.0,1,1,0.8500000000000001,-7.33
2021,11,2021-10-27,mallorca,sevilla,2021|2021-10-27|mallorca|sevilla,2021|2021-10-27|mallorca|sevilla,D,A,0.14774410840896315,0.32708625166977856,0.5251696399212583,0.5251696399212583,0.9862833670756888,0.19808338825147975,5.5,3.3,1.75,1.0562770562770563,0.1721311475409836,0.28688524590163933,0.540983606557377,1.75,0.5251696399212583,-0.08095313013779792,0.0,1,0,-1.0,-8.33
2021,11,2021-10-27,real madrid,osasuna,2021|2021-10-27|real madrid|osasuna,2021|2021-10-27|realmadrid|osasuna,D,H,0.7329220599947943,0.19920690644083175,0.06787103356437388,0.7329220599947943,0.7317161989606357,0.5337151535539626,1.3,5.5,9.0,1.0621600621600622,0.7242136064374541,0.1711777615215801,0.10460863204096561,1.3,0.7329220599947943,-0.047201322006767354,0.0,1,0,-1.0,-9.33
2021,11,2021-10-27,vallecano,barcelona,2021|2021-10-27|vallecano|barcelona,2021|2021-10-27|vallecano|barcelona,H,A,0.14155711189861223,0.26674258485571684,0.5917003032456709,0.5917003032456709,0.9397418612466344,0.3249577183899541,4.33,3.75,1.8,1.0531691044393123,0.21928755908581452,0.25320403489108717,0.5275084060230983,1.8,0.5917003032456709,0.06506054584220766,0.08132568230275958,1,0,-1.0,-10.33
2021,11,2021-10-28,celta,sociedad,2021|2021-10-28|celta|sociedad,2021|2021-10-28|celta|sociedad,A,D,0.2863570971439615,0.35857787049299533,0.3550650323630431,0.35857787049299533,1.0935084990429673,0.0035128381299522338,2.87,3.4,2.45,1.0507129681140748,0.3316148808694441,0.27992197296920723,0.38846314616134875,3.4,0.35857787049299533,0.2191647596761842,0.09131864986507676,1,0,-1.0,-11.33
2021,11,2021-10-28,granada,getafe,2021|2021-10-28|granada|getafe,2021|2021-10-28|granada|getafe,D,D,0.3703018490934678,0.3755784009037013,0.2541197500028308,0.3755784009037013,1.0838021854987623,0.00527655181023351,2.6,2.8,3.25,1.0494505494505495,0.3664921465968586,0.3403141361256544,0.2931937172774869,2.8,0.3755784009037013,0.051619522530363615,0.02867751251686868,1,1,1.7999999999999998,-9.53
2021,11,2021-10-28,levante,ath madrid,2021|2021-10-28|levante|ath madrid,2021|2021-10-28|levante|athmadrid,D,A,0.13625631730670826,0.28974670339438935,0.5739969792989024,0.5739969792989024,0.9491552738410918,0.284250275904513,5.5,3.8,1.65,1.05103668261563,0.17298937784522,0.25037936267071315,0.5766312594840667,1.65,0.5739969792989024,-0.05290498415681116,0.0,1,0,-1.0,-10.53
2021,12,2021-10-30,barcelona,alaves,2021|2021-10-30|barcelona|alaves,2021|2021-10-30|barcelona|alaves,D,H,0.7269371467445838,0.20000356697162402,0.07305928628379213,0.7269371467445838,0.7448795616201229,0.5269335797729597,1.28,5.5,11.0,1.0539772727272727,0.7412398921832885,0.1725067385444744,0.0862533692722372,1.28,0.7269371467445838,-0.06952045216693276,0.0,1,0,-1.0,-11.53
2021,12,2021-10-30,elche,real madrid,2021|2021-10-30|elche|real madrid,2021|2021-10-30|elche|realmadrid,A,A,0.09709930099975826,0.2304679098061056,0.6724327891941361,0.6724327891941361,0.8315394289346254,0.4419648793880305,7.5,4.5,1.44,1.0499999999999998,0.126984126984127,0.21164021164021166,0.6613756613756615,1.44,0.6724327891941361,-0.031696783560444086,0.0,1,1,0.43999999999999995,-11.09
2021,12,2021-10-30,sevilla,osasuna,2021|2021-10-30|sevilla|osasuna,2021|2021-10-30|sevilla|osasuna,H,H,0.637805973448248,0.2536440806447335,0.10854994590701848,0.637805973448248,0.8758297156938074,0.3841618928035145,1.53,4.0,7.0,1.046451914098973,0.6245817532902074,0.23890252063350434,0.13651572607628817,1.53,0.637805973448248,-0.0241568606241806,0.0,1,1,0.53,-10.56
2021,12,2021-10-30,valencia,villarreal,2021|2021-10-30|valencia|villarreal,2021|2021-10-30|valencia|villarreal,H,A,0.2728000640235367,0.35562216555930126,0.37157777041716206,0.37157777041716206,1.0899055298768223,0.015955604857860795,2.9,3.4,2.45,1.0471084985718426,0.329314093694406,0.2808855505040522,0.3898003558015417,2.45,0.37157777041716206,-0.08963446247795281,0.0,1,0,-1.0,-11.56
2021,12,2021-10-31,ath madrid,betis,2021|2021-10-31|ath madrid|betis,2021|2021-10-31|athmadrid|betis,H,H,0.602770575598168,0.2734987939845852,0.12373063041724679,0.602770575598168,0.9182669257695637,0.32927178161358284,1.6,3.8,6.0,1.0548245614035088,0.5925155925155925,0.24948024948024947,0.15800415800415799,1.6,0.602770575598168,-0.03556707904293105,0.0,1,1,0.6000000000000001,-10.959999999999999
2021,12,2021-10-31,cadiz,mallorca,2021|2021-10-31|cadiz|mallorca,2021|2021-10-31|cadiz|mallorca,D,H,0.3685880575247159,0.32312684446692835,0.30828509800835574,0.3685880575247159,1.0956869018713038,0.04546121305778755,2.5,3.0,3.2,1.0458333333333334,0.38247011952191234,0.31872509960159356,0.298804780876494,2.5,0.3685880575247159,-0.07852985618821029,0.0,1,0,-1.0,-11.959999999999999
2021,12,2021-10-31,getafe,espanol,2021|2021-10-31|getafe|espanol,2021|2021-10-31|getafe|espanol,H,H,0.367148054753945,0.36180862563985794,0.271043319606197,0.367148054753945,1.0895485028545047,0.00533942911408708,2.45,3.0,3.2,1.0539965986394557,0.3872529245663574,0.3162565550625252,0.2964905203711174,2.45,0.367148054753945,-0.10048726585283474,0.0,1,1,1.4500000000000002,-10.51
2021,12,2021-10-31,sociedad,ath bilbao,2021|2021-10-31|sociedad|ath bilbao,2021|2021-10-31|sociedad|athbilbao,D,H,0.43211053466892313,0.32012454199324014,0.24776492333783676,0.43211053466892313,1.0729091361559004,0.11198599267568299,2.1,3.2,3.8,1.0518483709273183,0.4527177959791511,0.29709605361131797,0.2501861504095309,2.1,0.43211053466892313,-0.09256787719526138,0.0,1,0,-1.0,-11.51
2021,12,2021-11-01,levante,granada,2021|2021-11-01|levante|granada,2021|2021-11-01|levante|granada,A,H,0.4440225569121117,0.34162538659323244,0.2143520564946558,0.4440225569121117,1.0575437073690908,0.10239717031887924,1.95,3.4,4.0,1.0569381598793364,0.48519443453442745,0.27827327863003926,0.23653228683553335,1.95,0.4440225569121117,-0.13415601402138227,0.0,1,0,-1.0,-12.51
2021,12,2021-11-01,vallecano,celta,2021|2021-11-01|vallecano|celta,2021|2021-11-01|vallecano|celta,D,D,0.32563629244085557,0.47229587569279174,0.20206783186635288,0.47229587569279174,1.0427852377110725,0.14665958325193618,2.37,3.25,3.1,1.0522138811236401,0.4010030050349261,0.2924237298254692,0.3065732651396048,3.25,0.47229587569279174,0.5349615960015732,0.23776070933403254,1,1,2.25,-10.26
2021,13,2021-11-05,ath bilbao,cadiz,2021|2021-11-05|ath bilbao|cadiz,2021|2021-11-05|athbilbao|cadiz,A,H,0.7054907412978656,0.19932552900615463,0.09518372969597977,0.7054907412978656,0.7914610635795329,0.506165212291711,1.36,4.75,9.0,1.0569315445476435,0.6956875508543532,0.19918633034987795,0.10512611879576893,1.36,0.7054907412978656,-0.04053259183490271,0.0,1,0,-1.0,-11.26
2021,13,2021-11-06,alaves,levante,2021|2021-11-06|alaves|levante,2021|2021-11-06|alaves|levante,H,H,0.4274837085895572,0.36007060386046463,0.21244568754997814,0.4274837085895572,1.0601813508976456,0.06741310472909257,2.5,3.0,3.2,1.0458333333333334,0.38247011952191234,0.31872509960159356,0.298804780876494,2.5,0.4274837085895572,0.06870927147389294,0.04580618098259529,1,1,1.5,-9.76
2021,13,2021-11-06,celta,barcelona,2021|2021-11-06|celta|barcelona,2021|2021-11-06|celta|barcelona,D,A,0.2300226491787461,0.3137834324530073,0.45619391836824663,0.45619391836824663,1.0597655022629557,0.1424104859152393,3.3,3.6,2.1,1.0569985569985572,0.28668941979522183,0.26279863481228666,0.4505119453924914,2.1,0.45619391836824663,-0.04199277142668201,0.0,1,0,-1.0,-10.76
2021,13,2021-11-06,espanol,granada,2021|2021-11-06|espanol|granada,2021|2021-11-06|espanol|granada,H,H,0.5085466931692356,0.30467374149840787,0.1867795653323566,0.5085466931692356,1.0193709581873738,0.20387295167082775,1.85,3.4,4.5,1.056880409821586,0.5114491057997661,0.2782884840381081,0.21026241016212607,1.85,0.5085466931692356,-0.059188617636914076,0.0,1,1,0.8500000000000001,-9.91
2021,13,2021-11-06,real madrid,vallecano,2021|2021-11-06|real madrid|vallecano,2021|2021-11-06|realmadrid|vallecano,H,H,0.7274417211649292,0.19754370138994345,0.07501457744512738,0.7274417211649292,0.7461562101266067,0.5298980197749857,1.33,5.5,8.0,1.0586978810663021,0.7101928819304333,0.17173755144863206,0.11806956662093454,1.33,0.7274417211649292,-0.032502510850644095,0.0,1,1,0.33000000000000007,-9.58
2021,13,2021-11-07,betis,sevilla,2021|2021-11-07|betis|sevilla,2021|2021-11-07|betis|sevilla,A,D,0.2750989008455668,0.36413968073562597,0.3607614184188071,0.36413968073562597,1.0907199085246446,0.0033782623168188697,3.0,3.3,2.45,1.0445269016697587,0.31912374185908826,0.29011249259917116,0.3907637655417407,3.3,0.36413968073562597,0.2016609464275656,0.08767867235981114,1,0,-1.0,-10.58
2021,13,2021-11-07,mallorca,elche,2021|2021-11-07|mallorca|elche,2021|2021-11-07|mallorca|elche,D,H,0.47047272755724817,0.34110676200796314,0.1884205104347887,0.47047272755724817,1.0361140061317444,0.12936596554928503,2.05,3.0,4.33,1.0520850935992039,0.46365534595684693,0.316831153070512,0.2195135009726411,2.05,0.47047272755724817,-0.03553090850764129,0.0,1,0,-1.0,-11.58
2021,13,2021-11-07,osasuna,sociedad,2021|2021-11-07|osasuna|sociedad,2021|2021-11-07|osasuna|sociedad,A,A,0.26344888427274143,0.34332469217787737,0.39322642354938125,0.39322642354938125,1.085480117075787,0.04990173137150389,3.1,3.3,2.35,1.0511428630852104,0.3068856351404828,0.2882865057380293,0.4048278591214879,2.35,0.39322642354938125,-0.0759179046589541,0.0,1,1,1.35,-10.23
2021,13,2021-11-07,valencia,ath madrid,2021|2021-11-07|valencia|ath madrid,2021|2021-11-07|valencia|athmadrid,D,A,0.18094160214849564,0.3525108864474719,0.46654751140403244,0.46654751140403244,1.0325818551612658,0.11403662495656053,4.5,3.2,1.95,1.047542735042735,0.21213666496685363,0.29831718510963795,0.4895461499235085,1.95,0.46654751140403244,-0.0902323527621367,0.0,1,0,-1.0,-11.23
2021,13,2021-11-07,villarreal,getafe,2021|2021-11-07|villarreal|getafe,2021|2021-11-07|villarreal|getafe,H,H,0.6193252821607799,0.275176429590579,0.10549828824864112,0.6193252821607799,0.8890779777068947,0.3441488525702009,1.5,4.0,7.0,1.0595238095238095,0.6292134831460674,0.23595505617977527,0.1348314606741573,1.5,0.6193252821607799,-0.0710120767588302,0.0,1,1,0.5,-10.73
2021,14,2021-11-19,levante,ath bilbao,2021|2021-11-19|levante|ath bilbao,2021|2021-11-19|levante|athbilbao,D,A,0.20435806331344541,0.33279147345135845,0.4628504632351962,0.4628504632351962,1.0472040656109816,0.13005898978383773,3.5,3.3,2.15,1.0538608678143562,0.2711119602598395,0.28754298815437523,0.44134505158578524,2.15,0.4628504632351962,-0.004871504044328234,0.0,1,0,-1.0,-11.73
2021,14,2021-11-20,ath madrid,osasuna,2021|2021-11-20|ath madrid|osasuna,2021|2021-11-20|athmadrid|osasuna,H,H,0.6771671052508994,0.22950178417584124,0.09333111057325934,0.6771671052508994,0.8231200924084888,0.4476653210750582,1.44,4.33,8.0,1.0503913266615346,0.661129263749351,0.2198674687757657,0.11900326747488318,1.44,0.6771671052508994,-0.02487936843870492,0.0,1,1,0.43999999999999995,-11.29
2021,14,2021-11-20,barcelona,espanol,2021|2021-11-20|barcelona|espanol,2021|2021-11-20|barcelona|espanol,H,H,0.6652841758136564,0.24559614620263545,0.0891196779837081,0.6652841758136564,0.8314353052051724,0.4196880296110209,1.36,5.25,7.5,1.0591036414565826,0.6942607775720708,0.1798466014281936,0.12589262099973553,1.36,0.6652841758136564,-0.09521352089342724,0.0,1,1,0.3600000000000001,-10.93
2021,14,2021-11-20,celta,villarreal,2021|2021-11-20|celta|villarreal,2021|2021-11-20|celta|villarreal,D,D,0.30297568019815363,0.37024841401082553,0.3267759057910207,0.37024841401082553,1.095148446185312,0.043472508219804806,2.75,3.3,2.55,1.058823529411765,0.34343434343434337,0.2861952861952861,0.37037037037037035,3.3,0.37024841401082553,0.2218197662357242,0.09644337662422792,1,1,2.3,-8.629999999999999
2021,14,2021-11-20,sevilla,alaves,2021|2021-11-20|sevilla|alaves,2021|2021-11-20|sevilla|alaves,D,H,0.6766303153187163,0.22215107581575164,0.1012186088655321,0.6766303153187163,0.8303542505576447,0.45447923950296465,1.44,4.33,8.5,1.0430383854850638,0.6657899211652636,0.2214174333667389,0.1127926454679976,1.44,0.6766303153187163,-0.025652345941048538,0.0,1,0,-1.0,-9.629999999999999
2021,14,2021-11-21,elche,betis,2021|2021-11-21|elche|betis,2021|2021-11-21|elche|betis,A,A,0.24505167207570722,0.36462016129419633,0.3903281666300965,0.3903281666300965,1.0796857715700086,0.025708005335900175,3.6,3.4,2.1,1.0480859010270773,0.26503340757238314,0.28062360801781744,0.4543429844097996,2.1,0.3903281666300965,-0.1803108500767973,0.0,1,1,1.1,-8.53
2021,14,2021-11-21,getafe,cadiz,2021|2021-11-21|getafe|cadiz,2021|2021-11-21|getafe|cadiz,H,H,0.4694060642214361,0.2928222058459328,0.2377717299326311,0.4694060642214361,1.0561927639654076,0.17658385837550328,2.0,3.1,4.33,1.0535275273783804,0.47459604709542835,0.3061909981260828,0.21921295477848884,2.0,0.4694060642214361,-0.06118787155712774,0.0,1,1,1.0,-7.529999999999999
2021,14,2021-11-21,granada,real madrid,2021|2021-11-21|granada|real madrid,2021|2021-11-21|granada|realmadrid,A,A,0.0948589782795978,0.2163656033050819,0.6887754184153203,0.6887754184153203,0.8114398227714703,0.4724098151102384,7.0,4.5,1.45,1.0547345374931583,0.13544369486248053,0.21069019200830302,0.6538661131292164,1.45,0.6887754184153203,-0.001275643297785567,0.0,1,1,0.44999999999999996,-7.08
2021,14,2021-11-21,sociedad,valencia,2021|2021-11-21|sociedad|valencia,2021|2021-11-21|sociedad|valencia,D,H,0.5268539804750034,0.2745341723223421,0.1986118472026544,0.5268539804750034,1.0135462762939176,0.2523198081526613,1.72,3.8,4.75,1.0550795593635252,0.5510440835266821,0.24941995359628769,0.19953596287703013,1.72,0.5268539804750034,-0.09381115358299413,0.0,1,0,-1.0,-8.08
2021,14,2021-11-22,vallecano,mallorca,2021|2021-11-22|vallecano|mallorca,2021|2021-11-22|vallecano|mallorca,H,H,0.48285877825036344,0.3109353251064203,0.2062058966432164,0.48285877825036344,1.04033600001606,0.17192345314394314,1.8,3.5,4.75,1.0517961570593148,0.5281969817315331,0.27164416203335984,0.20015885623510724,1.8,0.48285877825036344,-0.1308541991493457,0.0,1,1,0.8,-7.279999999999999
2021,15,2021-11-26,ath bilbao,granada,2021|2021-11-26|ath bilbao|granada,2021|2021-11-26|athbilbao|granada,D,H,0.6963141674363842,0.20136491409536714,0.10232091846824873,0.6963141674363842,0.8080036700252449,0.494949253341017,1.36,4.75,9.5,1.0510835913312693,0.6995581737849779,0.20029455081001474,0.10014727540500737,1.36,0.6963141674363842,-0.05301273228651743,0.0,1,0,-1.0,-8.28
2021,15,2021-11-27,alaves,celta,2021|2021-11-27|alaves|celta,2021|2021-11-27|alaves|celta,A,A,0.2976900633002729,0.3467560756643047,0.35555386103542236,0.35555386103542236,1.0956434210536339,0.008797785371117639,2.9,3.1,2.55,1.0595650941132848,0.32544256895841916,0.30444627418690823,0.3701111568546728,2.55,0.35555386103542236,-0.09333765435967312,0.0,1,1,1.5499999999999998,-6.73
2021,15,2021-11-27,mallorca,getafe,2021|2021-11-27|mallorca|getafe,2021|2021-11-27|mallorca|getafe,D,D,0.37983646219347555,0.3919527225003451,0.22821081530617934,0.3919527225003451,1.0719737826150808,0.01211626030686952,2.3,2.9,3.75,1.0462768615692155,0.41555215896064196,0.3295758502101643,0.2548719908291937,2.9,0.3919527225003451,0.13666289525100073,0.07192783960578986,1,1,1.9,-4.83
2021,15,2021-11-27,valencia,vallecano,2021|2021-11-27|valencia|vallecano,2021|2021-11-27|valencia|vallecano,D,H,0.45358651517684134,0.3387882612208558,0.20762522360230282,0.45358651517684134,1.0516803155433971,0.11479825395598553,2.0,3.4,3.9,1.05052790346908,0.47595118449389806,0.2799712849964106,0.24407753050969133,2.0,0.45358651517684134,-0.09282696964631731,0.0,1,0,-1.0,-5.83
2021,15,2021-11-27,villarreal,barcelona,2021|2021-11-27|villarreal|barcelona,2021|2021-11-27|villarreal|barcelona,A,A,0.2886178455978904,0.3388964095882017,0.37248574481390795,0.37248574481390795,1.0932087259808851,0.03358933522570623,2.7,3.4,2.6,1.0491034020445784,0.3530351437699681,0.2803514376996806,0.36661341853035145,2.6,0.37248574481390795,-0.031537063483839334,0.0,1,1,1.6,-4.23
2021,15,2021-11-28,betis,levante,2021|2021-11-28|betis|levante,2021|2021-11-28|betis|levante,H,H,0.5949150555581234,0.2512273231796481,0.15385762126222857,0.5949150555581234,0.9439854435841928,0.34368773237847533,1.66,4.2,4.75,1.0510311924389286,0.5731605711494815,0.2265348924066998,0.20030453644381876,1.66,0.5949150555581234,-0.0124410077735152,0.0,1,1,0.6599999999999999,-3.5700000000000003
2021,15,2021-11-28,cadiz,ath madrid,2021|2021-11-28|cadiz|ath madrid,2021|2021-11-28|cadiz|athmadrid,A,A,0.10653078990684138,0.2467995581377818,0.6466696519553768,0.6466696519553768,0.8657694034738699,0.3998700938175951,8.0,3.8,1.5,1.0548245614035088,0.1185031185031185,0.24948024948024947,0.6320166320166319,1.5,0.6466696519553768,-0.029995522066934732,0.0,1,1,0.5,-3.0700000000000003
2021,15,2021-11-28,espanol,sociedad,2021|2021-11-28|espanol|sociedad,2021|2021-11-28|espanol|sociedad,H,D,0.2885373736141384,0.37826228746194457,0.3332003389239171,0.37826228746194457,1.0925571824485343,0.045061948538027474,3.2,3.2,2.3,1.0597826086956523,0.2948717948717948,0.2948717948717948,0.41025641025641024,3.2,0.37826228746194457,0.21043931987822273,0.09565423630828306,1,0,-1.0,-4.07
2021,15,2021-11-28,real madrid,sevilla,2021|2021-11-28|real madrid|sevilla,2021|2021-11-28|realmadrid|sevilla,H,H,0.5516521219712297,0.3061932444471412,0.1421546335816291,0.5516521219712297,0.9678559755700615,0.24545887752408851,1.7,4.0,4.75,1.0487616099071206,0.5608856088560886,0.23837638376383766,0.2007380073800738,1.7,0.5516521219712297,-0.06219139264890955,0.0,1,1,0.7,-3.37
2021,15,2021-11-29,osasuna,elche,2021|2021-11-29|osasuna|elche,2021|2021-11-29|osasuna|elche,D,H,0.5636097617228797,0.2951826131862953,0.14120762509082496,0.5636097617228797,0.9597576393813676,0.2684271485365844,1.8,3.4,4.75,1.0601995184038528,0.5240103828682673,0.2774172615184945,0.19857235561323813,1.8,0.5636097617228797,0.014497571101183437,0.018121963876479297,1,0,-1.0,-4.37
2021,16,2021-12-03,granada,alaves,2021|2021-12-03|granada|alaves,2021|2021-12-03|granada|alaves,H,H,0.3807354194530281,0.3436162630351255,0.2756483175118463,0.3807354194530281,1.0899270336026161,0.03711915641790259,2.37,3.1,3.25,1.0522138811236401,0.4010030050349261,0.3065732651396048,0.2924237298254692,2.37,0.3807354194530281,-0.09765705589632334,0.0,1,1,1.37,-3.0
2021,16,2021-12-04,ath madrid,mallorca,2021|2021-12-04|ath madrid|mallorca,2021|2021-12-04|athmadrid|mallorca,A,H,0.7306958313433547,0.18566205495435245,0.08364211370229291,0.7306958313433547,0.7494179712268701,0.5450337763890023,1.3,5.25,11.0,1.0506160506160505,0.7321711568938194,0.18129952456418386,0.08652931854199684,1.3,0.7306958313433547,-0.05009541925363886,0.0,1,0,-1.0,-4.0
2021,16,2021-12-04,barcelona,betis,2021|2021-12-04|barcelona|betis,2021|2021-12-04|barcelona|betis,A,H,0.6349989331158135,0.2598042009280709,0.10519686595611571,0.6349989331158135,0.8754395408906809,0.3751947321877426,1.5,4.5,6.5,1.0427350427350426,0.639344262295082,0.21311475409836067,0.1475409836065574,1.5,0.6349989331158135,-0.047501600326279814,0.0,1,0,-1.0,-5.0
2021,16,2021-12-04,sevilla,villarreal,2021|2021-12-04|sevilla|villarreal,2021|2021-12-04|sevilla|villarreal,H,H,0.45185081155629886,0.32380325982086045,0.22434592862284075,0.45185081155629886,1.0593783196005289,0.12804755173543841,2.0,3.3,4.0,1.053030303030303,0.47482014388489213,0.2877697841726619,0.23741007194244607,2.0,0.45185081155629886,-0.09629837688740223,0.0,1,1,1.0,-4.0
2021,16,2021-12-04,sociedad,real madrid,2021|2021-12-04|sociedad|real madrid,2021|2021-12-04|sociedad|realmadrid,A,A,0.23194651941854516,0.34191793408908133,0.42613554649237345,0.42613554649237345,1.0693652133188205,0.08421761240329212,3.3,3.3,2.25,1.0505050505050506,0.28846153846153844,0.28846153846153844,0.423076923076923,2.25,0.42613554649237345,-0.04119502039215972,0.0,1,1,1.25,-2.75
2021,16,2021-12-05,celta,valencia,2021|2021-12-05|celta|valencia,2021|2021-12-05|celta|valencia,A,H,0.45158402604671666,0.31606187648697176,0.23235409746631167,0.45158402604671666,1.0621711678972932,0.1355221495597449,2.1,3.25,3.75,1.0505494505494506,0.4532775453277545,0.2928870292887029,0.25383542538354253,2.1,0.45158402604671666,-0.051673545301894996,0.0,1,0,-1.0,-3.75
2021,16,2021-12-05,elche,cadiz,2021|2021-12-05|elche|cadiz,2021|2021-12-05|elche|cadiz,H,H,0.48060208923278036,0.3310376386482308,0.18836027211898873,0.48060208923278036,1.0325628551942567,0.14956445058454954,2.05,3.1,4.2,1.0484807613053089,0.46524924066464185,0.30766482043952115,0.22708593889583706,2.05,0.48060208923278036,-0.014765717072800388,0.0,1,1,1.0499999999999998,-2.7
2021,16,2021-12-05,levante,osasuna,2021|2021-12-05|levante|osasuna,2021|2021-12-05|levante|osasuna,D,H,0.4109478861141291,0.3163108622937455,0.2727412515921255,0.4109478861141291,1.0838887003772029,0.09463702382038358,2.4,3.2,3.1,1.051747311827957,0.39616613418530355,0.2971246006389776,0.30670926517571884,2.4,0.4109478861141291,-0.013725073326090187,0.0,1,0,-1.0,-3.7
2021,16,2021-12-05,vallecano,espanol,2021|2021-12-05|vallecano|espanol,2021|2021-12-05|vallecano|espanol,H,H,0.3972187876670613,0.34640938973468166,0.25637182259825697,0.3972187876670613,1.082934255559705,0.05080939793237965,2.15,3.1,3.8,1.0508548189679,0.4426075521322562,0.3069697538981777,0.250422693969566,2.15,0.3972187876670613,-0.1459796065158182,0.0,1,1,1.15,-2.5500000000000003
2021,16,2021-12-06,getafe,ath bilbao,2021|2021-12-06|getafe|ath bilbao,2021|2021-12-06|getafe|athbilbao,D,A,0.2611017810843499,0.3271576144918769,0.41174060442377325,0.41174060442377325,1.0815195996283269,0.08458298993189634,3.5,3.0,2.3,1.0538302277432714,0.2711198428290766,0.3163064833005893,0.41257367387033395,2.3,0.41174060442377325,-0.05299660982532162,0.0,1,0,-1.0,-3.5500000000000003
2021,17,2021-12-10,mallorca,celta,2021|2021-12-10|mallorca|celta,2021|2021-12-10|mallorca|celta,D,D,0.31090497398572897,0.5142813887154877,0.17481363729878327,0.5142813887154877,1.0100906505410427,0.2033764147297587,2.5,3.0,3.1,1.0559139784946237,0.3788187372708758,0.3156822810590631,0.3054989816700611,3.0,0.5142813887154877,0.542844166146463,0.2714220830732315,1,1,2.0,-1.5500000000000003
2021,17,2021-12-11,alaves,getafe,2021|2021-12-11|alaves|getafe,2021|2021-12-11|alaves|getafe,D,D,0.35296370728256343,0.36647778663742886,0.28055850608000765,0.36647778663742886,1.0920319422203602,0.013514079354865427,2.45,2.9,3.2,1.065490851513019,0.38307533539731675,0.3236326109391125,0.2932920536635707,2.9,0.36647778663742886,0.06278558124854372,0.03304504276239143,1,1,1.9,0.34999999999999964
2021,17,2021-12-11,ath bilbao,sevilla,2021|2021-12-11|ath bilbao|sevilla,2021|2021-12-11|athbilbao|sevilla,A,D,0.33687908098630487,0.39526456320213393,0.26785635581156125,0.39526456320213393,1.0862678730739228,0.058385482215829065,2.5,3.0,3.1,1.0559139784946237,0.3788187372708758,0.3156822810590631,0.3054989816700611,3.0,0.39526456320213393,0.18579368960640175,0.09289684480320087,1,0,-1.0,-0.6500000000000004
2021,17,2021-12-11,espanol,levante,2021|2021-12-11|espanol|levante,2021|2021-12-11|espanol|levante,H,H,0.4968861356891494,0.3087128470879261,0.19440101722292458,0.4968861356891494,1.028759318514166,0.1881732886012233,2.05,3.3,3.8,1.0539930758159257,0.46281601771544567,0.28750692009595863,0.24967706218859564,2.05,0.4968861356891494,0.018616578162756192,0.017730074440720184,1,1,1.0499999999999998,0.39999999999999947
2021,17,2021-12-11,valencia,elche,2021|2021-12-11|valencia|elche,2021|2021-12-11|valencia|elche,H,H,0.5272680443339264,0.28106068136355356,0.19167127430251996,0.5272680443339264,1.0108297033004885,0.24620736297037282,1.75,3.5,5.0,1.0571428571428572,0.5405405405405405,0.27027027027027023,0.1891891891891892,1.75,0.5272680443339264,-0.07728092241562884,0.0,1,1,0.75,1.1499999999999995
2021,17,2021-12-12,betis,sociedad,2021|2021-12-12|betis|sociedad,2021|2021-12-12|betis|sociedad,H,D,0.3346728120740416,0.4671305209849839,0.1981966669409744,0.4671305209849839,1.042668700765076,0.13245770891094233,2.25,3.3,3.3,1.0505050505050504,0.42307692307692313,0.2884615384615385,0.2884615384615385,3.3,0.4671305209849839,0.5415307192504468,0.23544813880454213,1,0,-1.0,0.14999999999999947
2021,17,2021-12-12,osasuna,barcelona,2021|2021-12-12|osasuna|barcelona,2021|2021-12-12|osasuna|barcelona,D,A,0.1875412821849208,0.2766459788925735,0.5358127389225057,0.5358127389225057,1.0037244551484232,0.2591667600299322,4.0,3.5,1.9,1.0620300751879699,0.23539823008849559,0.26902654867256637,0.49557522123893805,1.9,0.5358127389225057,0.018044203952760796,0.020049115503067552,1,0,-1.0,-0.8500000000000005
2021,17,2021-12-12,real madrid,ath madrid,2021|2021-12-12|real madrid|ath madrid,2021|2021-12-12|realmadrid|athmadrid,H,H,0.4752176339625731,0.32931155014445335,0.19547081589297355,0.4752176339625731,1.0384123466574793,0.14590608381811976,2.05,3.5,3.6,1.0512969415408442,0.46400294605045106,0.27177315411526415,0.2642238998342846,2.05,0.4752176339625731,-0.025803850376725224,0.0,1,1,1.0499999999999998,0.1999999999999993
2021,17,2021-12-12,villarreal,vallecano,2021|2021-12-12|villarreal|vallecano,2021|2021-12-12|villarreal|vallecano,H,H,0.540113917495902,0.28636040914981,0.17352567335428803,0.540113917495902,0.9947096639488424,0.253753508346092,1.72,3.8,4.75,1.0550795593635252,0.5510440835266821,0.24941995359628769,0.19953596287703013,1.72,0.540113917495902,-0.07100406190704861,0.0,1,1,0.72,0.9199999999999993
2021,17,2021-12-13,cadiz,granada,2021|2021-12-13|cadiz|granada,2021|2021-12-13|cadiz|granada,D,D,0.3343881942278245,0.3713252138334412,0.2942865919387343,0.3713252138334412,1.0941415125747587,0.03693701960561668,2.6,3.1,2.9,1.0520236159835714,0.36559577063847093,0.3066287108580724,0.3277755185034567,3.1,0.3713252138334412,0.15110816288366768,0.07195626803984174,1,1,2.1,3.0199999999999996
2021,18,2021-12-17,celta,espanol,2021|2021-12-17|celta|espanol,2021|2021-12-17|celta|espanol,H,H,0.46944568662219527,0.3187734332873247,0.2117808800904801,0.46944568662219527,1.0481686168306148,0.15067225333487055,1.95,3.4,4.0,1.0569381598793364,0.48519443453442745,0.27827327863003926,0.23653228683553335,1.95,0.46944568662219527,-0.08458091108671928,0.0,1,1,0.95,3.969999999999999
2021,18,2021-12-18,barcelona,elche,2021|2021-12-18|barcelona|elche,2021|2021-12-18|barcelona|elche,H,H,0.7516405518965752,0.16575887256000263,0.08260057554342214,0.7516405518965752,0.7184807598441395,0.5858816793365725,1.3,5.5,10.0,1.0510489510489511,0.7318695941450432,0.17298735861610112,0.09514304723885562,1.3,0.7516405518965752,-0.02286728253445222,0.0,1,1,0.30000000000000004,4.27
2021,18,2021-12-18,sevilla,ath madrid,2021|2021-12-18|sevilla|ath madrid,2021|2021-12-18|sevilla|athmadrid,H,D,0.3276669746036411,0.34545740217605125,0.3268756232203077,0.34545740217605125,1.0982830271376538,0.017790427572410172,2.75,3.0,2.8,1.0541125541125542,0.3449691991786447,0.31622176591375767,0.3388090349075975,3.0,0.34545740217605125,0.03637220652815376,0.01818610326407688,1,0,-1.0,3.269999999999999
2021,18,2021-12-18,sociedad,villarreal,2021|2021-12-18|sociedad|villarreal,2021|2021-12-18|sociedad|villarreal,A,H,0.39110779167648774,0.33183529270812046,0.2770569156153918,0.39110779167648774,1.0888255792151837,0.05927249896836728,2.15,3.3,3.5,1.0538608678143562,0.44134505158578524,0.28754298815437523,0.2711119602598395,2.15,0.39110779167648774,-0.15911824789555135,0.0,1,0,-1.0,2.269999999999999
2021,18,2021-12-18,vallecano,alaves,2021|2021-12-18|vallecano|alaves,2021|2021-12-18|vallecano|alaves,H,H,0.535948296440071,0.2678135317815378,0.19623817177839123,0.535948296440071,1.0066745281669864,0.26813476465853325,1.72,3.6,5.0,1.059173126614987,0.5489143693583801,0.2622590875823372,0.18882654305928276,1.72,0.535948296440071,-0.07816893012307785,0.0,1,1,0.72,2.9899999999999993
2021,18,2021-12-19,ath bilbao,betis,2021|2021-12-19|ath bilbao|betis,2021|2021-12-19|athbilbao|betis,H,H,0.4559184982519848,0.3232483674760146,0.22083313427200066,0.4559184982519848,1.0566875159366997,0.13267013077597023,2.15,3.25,3.5,1.058522872476361,0.43940125543215836,0.2906808305166586,0.269917914051183,2.15,0.4559184982519848,-0.019775228758232677,0.0,1,1,1.15,4.139999999999999
2021,18,2021-12-19,getafe,osasuna,2021|2021-12-19|getafe|osasuna,2021|2021-12-19|getafe|osasuna,H,H,0.4479628965532997,0.3478935186163664,0.20414358483033396,0.4479628965532997,1.0514309589373,0.10006937793693327,2.4,2.9,3.4,1.055611899932387,0.39471577261809443,0.32666132906325057,0.2786228983186549,2.4,0.4479628965532997,0.07511095172791915,0.05365067980565654,1,1,1.4,5.539999999999999
2021,18,2021-12-19,granada,mallorca,2021|2021-12-19|granada|mallorca,2021|2021-12-19|granada|mallorca,H,H,0.39313436625299647,0.36534810511285226,0.2415175286341512,0.39313436625299647,1.0780537599859485,0.02778626114014421,2.5,3.0,3.1,1.0559139784946237,0.3788187372708758,0.3156822810590631,0.3054989816700611,2.5,0.39313436625299647,-0.017164084367508825,0.0,1,1,1.5,7.039999999999999
2021,18,2021-12-19,real madrid,cadiz,2021|2021-12-19|real madrid|cadiz,2021|2021-12-19|realmadrid|cadiz,D,H,0.811469477799533,0.12969699090224476,0.05883353129822211,0.811469477799533,0.6011139764491761,0.6817724868972883,1.2,7.5,11.0,1.0575757575757576,0.7879656160458453,0.12607449856733524,0.08595988538681948,1.2,0.811469477799533,-0.026236626640560368,0.0,1,0,-1.0,6.039999999999999
2021,18,2021-12-20,levante,valencia,2021|2021-12-20|levante|valencia,2021|2021-12-20|levante|valencia,A,H,0.3420168641684815,0.3310203405936139,0.32696279523790467,0.3420168641684815,1.0984308419435758,0.010996523574867578,2.7,3.2,2.75,1.046506734006734,0.3539111200482606,0.2986125075407199,0.34747637241101953,2.7,0.3420168641684815,-0.07655446674509991,0.0,1,0,-1.0,5.039999999999999
2021,19,2021-12-31,valencia,espanol,2021|2021-12-31|valencia|espanol,2021|2021-12-31|valencia|espanol,A,H,0.5094928935566164,0.3141995684402659,0.17630753800311763,0.5094928935566164,1.0133146361596583,0.1952933251163505,1.8,3.8,4.2,1.0568086883876358,0.5256916996047432,0.24901185770750986,0.225296442687747,1.8,0.5094928935566164,-0.0829127915980904,0.0,1,0,-1.0,4.039999999999999
2021,19,2022-01-02,alaves,sociedad,2021|2022-01-02|alaves|sociedad,2021|2022-01-02|alaves|sociedad,D,A,0.27941437929099905,0.3336400553490176,0.3869455653599834,0.3869455653599834,1.0898978148486949,0.05330551001096584,3.5,3.1,2.25,1.0527393753200205,0.2714007782101167,0.306420233463035,0.42217898832684825,2.25,0.3869455653599834,-0.12937247794003737,0.0,1,0,-1.0,3.039999999999999
2021,19,2022-01-02,ath madrid,vallecano,2021|2022-01-02|ath madrid|vallecano,2021|2022-01-02|athmadrid|vallecano,H,H,0.6498191051674371,0.23117737388032752,0.11900352095223539,0.6498191051674371,0.8719984440039481,0.4186417312871096,1.36,4.5,9.5,1.062779497764018,0.6918595241948534,0.20909532286777793,0.0990451529373685,1.36,0.6498191051674371,-0.11624601697228545,0.0,1,1,0.3600000000000001,3.399999999999999
2021,19,2022-01-02,betis,celta,2021|2022-01-02|betis|celta,2021|2022-01-02|betis|celta,A,H,0.5338523610314687,0.2905865932720934,0.1755610456964379,0.5338523610314687,0.9996230124303824,0.2432657677593753,1.72,3.75,4.75,1.0585883312933497,0.5492176057966546,0.2519078085253989,0.19887458567794647,1.72,0.5338523610314687,-0.08177393902587382,0.0,1,0,-1.0,2.399999999999999
2021,19,2022-01-02,elche,granada,2021|2022-01-02|elche|granada,2021|2022-01-02|elche|granada,D,A,0.3288856835272026,0.3062999884903707,0.3648143279824267,0.3648143279824267,1.0960135106991773,0.03592864445522409,2.5,3.1,3.0,1.0559139784946237,0.3788187372708758,0.3054989816700611,0.3156822810590631,3.0,0.3648143279824267,0.09444298394728012,0.04722149197364006,1,0,-1.0,1.399999999999999
2021,19,2022-01-02,getafe,real madrid,2021|2022-01-02|getafe|real madrid,2021|2022-01-02|getafe|realmadrid,H,A,0.17136241892063342,0.24332631563883556,0.585311265440531,0.585311265440531,0.9596840932983552,0.34198494980169547,5.5,3.75,1.65,1.0545454545454547,0.17241379310344826,0.2528735632183908,0.5747126436781609,1.65,0.585311265440531,-0.034236412023123886,0.0,1,0,-1.0,0.399999999999999
2021,19,2022-01-02,mallorca,barcelona,2021|2022-01-02|mallorca|barcelona,2021|2022-01-02|mallorca|barcelona,A,A,0.24127455687639443,0.29510054769515803,0.4636248954284476,0.4636248954284476,1.0595801283157007,0.16852434773328956,3.4,3.4,2.15,1.0533515731874146,0.2792207792207792,0.2792207792207792,0.44155844155844154,2.15,0.4636248954284476,-0.0032064748288376244,0.0,1,1,1.15,1.549999999999999
2021,19,2022-01-03,cadiz,sevilla,2021|2022-01-03|cadiz|sevilla,2021|2022-01-03|cadiz|sevilla,A,A,0.19440955962799172,0.30325522116339987,0.5023352192086085,0.5023352192086085,1.0260914828259005,0.1990799980452086,4.75,3.3,1.85,1.054097159360317,0.19972192688312754,0.2874785311196533,0.5127995419972193,1.85,0.5023352192086085,-0.07067984446407427,0.0,1,1,0.8500000000000001,2.399999999999999
2021,19,2022-01-03,osasuna,ath bilbao,2021|2022-01-03|osasuna|ath bilbao,2021|2022-01-03|osasuna|athbilbao,A,A,0.30865528059761116,0.334873038999129,0.35647168040325977,0.35647168040325977,1.0968866994357067,0.02159864140413076,3.1,3.0,2.5,1.0559139784946237,0.3054989816700611,0.3156822810590631,0.3788187372708758,2.5,0.35647168040325977,-0.1088207989918506,0.0,1,1,1.5,3.899999999999999
2021,19,2022-01-03,villarreal,levante,2021|2022-01-03|villarreal|levante,2021|2022-01-03|villarreal|levante,H,H,0.6959232640281059,0.20458940802629305,0.09948732794560104,0.6959232640281059,0.8065049099636095,0.49133385600181284,1.4,5.0,7.0,1.0571428571428572,0.6756756756756757,0.1891891891891892,0.13513513513513511,1.4,0.6959232640281059,-0.025707430360651817,0.0,1,1,0.3999999999999999,4.299999999999999
2021,20,2022-01-08,granada,barcelona,2021|2022-01-08|granada|barcelona,2021|2022-01-08|granada|barcelona,D,A,0.18109478504075036,0.2731573174099305,0.5457478975493191,0.5457478975493191,0.9944251255007365,0.2725905801393886,4.5,3.8,1.75,1.0568086883876358,0.2102766798418972,0.24901185770750986,0.5407114624505929,1.75,0.5457478975493191,-0.044941179288691624,0.0,1,0,-1.0,3.299999999999999
2021,20,2022-01-08,levante,mallorca,2021|2022-01-08|levante|mallorca,2021|2022-01-08|levante|mallorca,H,H,0.45845046299600234,0.31098771785388213,0.2305618191501155,0.45845046299600234,1.059069800636121,0.1474627451421202,2.2,3.25,3.4,1.056355409296586,0.43029595015576316,0.29127725856697817,0.27842679127725856,2.2,0.45845046299600234,0.008591018591205257,0.007159182159337713,1,1,1.2000000000000002,4.499999999999999
2021,20,2022-01-08,real madrid,valencia,2021|2022-01-08|real madrid|valencia,2021|2022-01-08|realmadrid|valencia,H,H,0.700154493399737,0.18773047348693397,0.11211503311332897,0.700154493399737,0.8089322901120718,0.5124240199128031,1.37,5.0,8.0,1.05492700729927,0.6919218128351496,0.18958657671683102,0.11849161044801938,1.37,0.700154493399737,-0.0407883440423602,0.0,1,1,0.3700000000000001,4.869999999999999
2021,20,2022-01-08,sociedad,celta,2021|2022-01-08|sociedad|celta,2021|2022-01-08|sociedad|celta,H,H,0.49272703539565565,0.2949574327234166,0.21231553188092778,0.49272703539565565,1.0378943473234794,0.19776960267223903,1.83,3.3,4.75,1.0600047062514706,0.5155147748014405,0.28587637511716246,0.1986088500813971,1.83,0.49272703539565565,-0.0983095252259501,0.0,1,1,0.8300000000000001,5.699999999999999
2021,20,2022-01-09,alaves,ath bilbao,2021|2022-01-09|alaves|ath bilbao,2021|2022-01-09|alaves|athbilbao,D,A,0.2337289390480036,0.32834512094912555,0.43792594000287083,0.43792594000287083,1.0670193301665034,0.10958081905374528,4.0,3.3,1.95,1.065850815850816,0.23455440131219243,0.2843083652268999,0.4811372334609076,1.95,0.43792594000287083,-0.14604441699440196,0.0,1,0,-1.0,4.699999999999999
2021,20,2022-01-09,osasuna,cadiz,2021|2022-01-09|osasuna|cadiz,2021|2022-01-09|osasuna|cadiz,H,H,0.6160292114602562,0.267241793825338,0.11672899471440573,0.6160292114602562,0.9018169626904331,0.3487874176349182,1.75,3.3,5.75,1.0483719179371351,0.5450628366247756,0.28904847396768407,0.16588868940754042,1.75,0.6160292114602562,0.07805112005544845,0.10406816007393127,1,1,0.75,5.449999999999999
2021,20,2022-01-09,sevilla,getafe,2021|2022-01-09|sevilla|getafe,2021|2022-01-09|sevilla|getafe,H,H,0.6181697634825387,0.2504228561707123,0.13140738034674904,0.6181697634825387,0.9107564935081834,0.3677469073118264,1.61,3.4,7.5,1.048568992814517,0.5923482543148505,0.2804943204255616,0.12715742525958793,1.61,0.6181697634825387,-0.004746680793112634,0.0,1,1,0.6100000000000001,6.06
2021,20,2022-01-09,vallecano,betis,2021|2022-01-09|vallecano|betis,2021|2022-01-09|vallecano|betis,D,H,0.3973906876342238,0.3341117157527528,0.26849759661302336,0.3973906876342238,1.0860571985189273,0.06327897188147102,2.5,3.4,2.8,1.0512605042016807,0.38049560351718625,0.2797761790567546,0.33972821742605913,2.5,0.3973906876342238,-0.0065232809144405435,0.0,1,0,-1.0,5.06
2021,20,2022-01-09,villarreal,ath madrid,2021|2022-01-09|villarreal|ath madrid,2021|2022-01-09|villarreal|athmadrid,D,D,0.3116311693936307,0.38278354680325827,0.30558528380311095,0.38278354680325827,1.0932026118898264,0.07115237740962754,2.8,3.2,2.62,1.0513222464558343,0.33970826580226904,0.2972447325769854,0.3630470016207455,3.2,0.38278354680325827,0.2249073497704266,0.10223061353201207,1,1,2.2,7.26
2021,20,2022-01-10,espanol,elche,2021|2022-01-10|espanol|elche,2021|2022-01-10|espanol|elche,A,H,0.45109028879558344,0.4017221573814867,0.14718755382292983,0.45109028879558344,1.0074942525283883,0.04936813141409674,1.9,3.25,4.5,1.056230319388214,0.49829642248722317,0.29131175468483816,0.21039182282793867,1.9,0.45109028879558344,-0.1429284512883915,0.0,1,0,-1.0,6.26
2021,21,2021-12-22,ath bilbao,real madrid,2021|2021-12-22|ath bilbao|real madrid,2021|2021-12-22|athbilbao|realmadrid,A,A,0.23010125809268353,0.2840171813437642,0.4858815605635522,0.4858815605635522,1.0462759103933865,0.201864379219788,3.4,3.5,2.1,1.0560224089635852,0.2785145888594165,0.27055702917771884,0.4509283819628648,2.1,0.4858815605635522,0.02035127718345975,0.018501161075872498,1,1,1.1,7.359999999999999
2021,21,2022-01-16,elche,villarreal,2021|2022-01-16|elche|villarreal,2021|2022-01-16|elche|villarreal,H,A,0.18502553706918184,0.37847772236371463,0.43649674056710364,0.43649674056710364,1.0417592851962147,0.058019018203389006,4.5,3.6,1.8,1.0555555555555556,0.21052631578947367,0.2631578947368421,0.5263157894736842,1.8,0.43649674056710364,-0.21430586697921344,0.0,1,0,-1.0,6.359999999999999
2021,21,2022-01-18,betis,alaves,2021|2022-01-18|betis|alaves,2021|2022-01-18|betis|alaves,H,H,0.7084290345841077,0.2036600266597828,0.08791093875610959,0.7084290345841077,0.7820335444637884,0.5047690079243249,1.45,4.33,7.0,1.063459197488026,0.6485017704889973,0.2171657199097104,0.13433250960129228,1.45,0.7084290345841077,0.027222100146956085,0.06049355588212464,1,1,0.44999999999999996,6.81
2021,21,2022-01-18,cadiz,espanol,2021|2022-01-18|cadiz|espanol,2021|2022-01-18|cadiz|espanol,D,D,0.3142026636398374,0.35574190345303575,0.33005543290712697,0.35574190345303575,1.0972994474880644,0.02568647054590878,3.25,3.1,2.37,1.0522138811236401,0.2924237298254692,0.3065732651396048,0.4010030050349261,3.1,0.35574190345303575,0.10279990070441092,0.048952333668767105,1,1,2.1,8.91
2021,21,2022-01-19,celta,osasuna,2021|2022-01-19|celta|osasuna,2021|2022-01-19|celta|osasuna,H,H,0.481737706708966,0.29440017944517705,0.22386211384585708,0.481737706708966,1.0468968352968897,0.18733752726378894,1.85,3.5,4.33,1.0572017084719163,0.511293669135136,0.2702552251142862,0.21845110575057775,1.85,0.481737706708966,-0.10878524258841288,0.0,1,1,0.8500000000000001,9.76
2021,21,2022-01-19,valencia,sevilla,2021|2022-01-19|valencia|sevilla,2021|2022-01-19|valencia|sevilla,D,D,0.298519116579217,0.3590537003221859,0.3424271830985972,0.3590537003221859,1.0956367633550959,0.01662651722358871,3.3,3.25,2.25,1.0551670551670551,0.2871870397643594,0.2916053019145803,0.4212076583210604,3.25,0.3590537003221859,0.16692452604710417,0.0741886782431574,1,1,2.25,12.01
2021,21,2022-01-20,getafe,granada,2021|2022-01-20|getafe|granada,2021|2022-01-20|getafe|granada,H,H,0.5253745289124719,0.27748621680580327,0.19713925428172488,0.5253745289124719,1.0140105737943197,0.24788831210666867,2.1,3.2,3.8,1.0518483709273183,0.4527177959791511,0.29709605361131797,0.2501861504095309,2.1,0.5253745289124719,0.1032865107161911,0.09389682792381009,1,1,1.1,13.11
2021,21,2022-02-16,ath madrid,levante,2021|2022-02-16|ath madrid|levante,2021|2022-02-16|athmadrid|levante,A,H,0.7829928684021731,0.13315794240216292,0.08384918919566407,0.7829928684021731,0.6678604439662043,0.6498349260000101,1.33,5.25,9.0,1.0534670008354219,0.7137192704203014,0.18080888183980967,0.10547184773988898,1.33,0.7829928684021731,0.04138051497489026,0.12539549992390986,1,0,-1.0,12.11
2021,21,2022-03-02,mallorca,sociedad,2021|2022-03-02|mallorca|sociedad,2021|2022-03-02|mallorca|sociedad,A,A,0.27445821810645427,0.34785092563888415,0.3776908562546616,0.3776908562546616,1.0899362794432026,0.029839930615777444,3.4,3.2,2.25,1.051062091503268,0.27982899339292655,0.29731830547998445,0.42285270112708895,2.25,0.3776908562546616,-0.1501955734270114,0.0,1,1,1.25,13.36
2021,21,2022-04-24,barcelona,vallecano,2021|2022-04-24|barcelona|vallecano,2021|2022-04-24|barcelona|vallecano,A,H,0.7064727675439355,0.1828469389499959,0.1106802935060686,0.7064727675439355,0.7997742834771497,0.5236258285939396,1.3,5.5,10.0,1.0510489510489511,0.7318695941450432,0.17298735861610112,0.09514304723885562,1.3,0.7064727675439355,-0.0815854021928838,0.0,1,0,-1.0,12.36
2021,22,2022-01-21,espanol,betis,2021|2022-01-21|espanol|betis,2021|2022-01-21|espanol|betis,A,A,0.29430528423924945,0.3508806027529315,0.3548141130078191,0.3548141130078191,1.0951010249815463,0.00393351025488764,3.25,3.25,2.25,1.0598290598290598,0.2903225806451613,0.2903225806451613,0.4193548387096774,2.25,0.3548141130078191,-0.20166824573240705,0.0,1,1,1.25,13.61
2021,22,2022-01-22,ath madrid,valencia,2021|2022-01-22|ath madrid|valencia,2021|2022-01-22|athmadrid|valencia,H,H,0.6658114369543742,0.2133068558367983,0.1208817072088276,0.6658114369543742,0.8557982322592459,0.45250458111757585,1.44,4.2,8.5,1.050186741363212,0.6612580573460769,0.22671704823294064,0.11202489442098243,1.44,0.6658114369543742,-0.04123153078570124,0.0,1,1,0.43999999999999995,14.05
2021,22,2022-01-22,levante,cadiz,2021|2022-01-22|levante|cadiz,2021|2022-01-22|levante|cadiz,A,H,0.6192787425851796,0.24872963893789715,0.13199161847692334,0.6192787425851796,0.9101231234023306,0.37054910364728244,1.8,3.5,5.0,1.0412698412698413,0.5335365853658537,0.274390243902439,0.19207317073170732,1.8,0.6192787425851796,0.11470173665332323,0.14337717081665402,1,0,-1.0,13.05
2021,22,2022-01-22,sevilla,celta,2021|2022-01-22|sevilla|celta,2021|2022-01-22|sevilla|celta,D,H,0.5895369164545885,0.22547011903919081,0.18499296450622063,0.5895369164545885,0.959538936992595,0.3640667974153977,1.75,3.5,5.25,1.0476190476190474,0.5454545454545455,0.27272727272727276,0.18181818181818185,1.75,0.5895369164545885,0.031689603795529875,0.0422528050607065,1,0,-1.0,12.05
2021,22,2022-01-22,villarreal,mallorca,2021|2022-01-22|villarreal|mallorca,2021|2022-01-22|villarreal|mallorca,H,H,0.6455086449178491,0.25120037739076645,0.10329097769138444,0.6455086449178491,0.864076030169805,0.39430826752708265,1.44,4.33,8.0,1.0503913266615346,0.661129263749351,0.2198674687757657,0.11900326747488318,1.44,0.6455086449178491,-0.07046755131829735,0.0,1,1,0.43999999999999995,12.49
2021,22,2022-01-23,alaves,barcelona,2021|2022-01-23|alaves|barcelona,2021|2022-01-23|alaves|barcelona,A,A,0.13759769045713519,0.2479870321091524,0.6144152774337124,0.6144152774337124,0.9179740274629598,0.36642824532456,6.0,4.0,1.57,1.0536093418259023,0.15818639798488665,0.23727959697732998,0.6045340050377834,1.57,0.6144152774337124,-0.035368014429071504,0.0,1,1,0.5700000000000001,13.06
2021,22,2022-01-23,granada,osasuna,2021|2022-01-23|granada|osasuna,2021|2022-01-23|granada|osasuna,A,H,0.36549737425827045,0.3637838808712786,0.270718744870451,0.36549737425827045,1.089469643091293,0.0017134933869918378,2.5,3.2,3.0,1.0458333333333334,0.38247011952191234,0.298804780876494,0.31872509960159356,2.5,0.36549737425827045,-0.08625656435432394,0.0,1,0,-1.0,12.06
2021,22,2022-01-23,real madrid,elche,2021|2022-01-23|real madrid|elche,2021|2022-01-23|realmadrid|elche,D,H,0.8357342088887939,0.11395408643284465,0.05031170467836143,0.8357342088887939,0.5478794335351381,0.7217801224559492,1.16,8.0,15.0,1.0537356321839082,0.8181074447777474,0.11862557949277337,0.06326697572947913,1.16,0.8357342088887939,-0.030548317688999127,0.0,1,0,-1.0,11.06
2021,22,2022-01-23,sociedad,getafe,2021|2022-01-23|sociedad|getafe,2021|2022-01-23|sociedad|getafe,D,H,0.5617017923601246,0.24636329560638073,0.19193491203349455,0.5617017923601246,0.985930450928219,0.3153384967537439,1.66,3.5,6.0,1.0547905909351694,0.5711177590426978,0.2708729942888224,0.1580092466684797,1.66,0.5617017923601246,-0.06757502468219317,0.0,1,0,-1.0,10.06
2021,22,2022-01-23,vallecano,ath bilbao,2021|2022-01-23|vallecano|ath bilbao,2021|2022-01-23|vallecano|athbilbao,A,D,0.3459459621686737,0.3524874008755042,0.3015666369558221,0.3524874008755042,1.0962723551051758,0.0065414387068304936,2.75,3.0,2.8,1.0541125541125542,0.3449691991786447,0.31622176591375767,0.3388090349075975,3.0,0.3524874008755042,0.05746220262651247,0.028731101313256235,1,0,-1.0,9.06
2021,23,2022-02-04,getafe,levante,2021|2022-02-04|getafe|levante,2021|2022-02-04|getafe|levante,H,H,0.566806383472862,0.26080420984825786,0.17238940667888006,0.566806383472862,0.9753747383699953,0.3060021736246042,1.95,3.1,4.5,1.0576233802040256,0.48488008342022937,0.30500521376433776,0.21011470281543268,1.95,0.566806383472862,0.105272447772081,0.11081310291798001,1,1,0.95,10.01
2021,23,2022-02-05,celta,vallecano,2021|2022-02-05|celta|vallecano,2021|2022-02-05|celta|vallecano,H,H,0.42984930969267754,0.2788734365589629,0.29127725374835955,0.42984930969267754,1.0783358032721622,0.13857205594431798,1.9,3.4,4.33,1.0513803187495978,0.5005950559352579,0.2797442959638206,0.21966064810092148,1.9,0.42984930969267754,-0.18328631158391273,0.0,1,1,0.8999999999999999,10.91
2021,23,2022-02-05,elche,alaves,2021|2022-02-05|elche|alaves,2021|2022-02-05|elche|alaves,H,H,0.42751336170705223,0.3503461797805541,0.2221404585123936,0.42751336170705223,1.0649409274263086,0.07716718192649813,2.37,3.1,3.3,1.0475518764616354,0.4027876210725254,0.3079376328844791,0.2892747460429956,2.37,0.42751336170705223,0.013206667245713843,0.009639903099061198,1,1,1.37,12.280000000000001
2021,23,2022-02-05,mallorca,cadiz,2021|2022-02-05|mallorca|cadiz,2021|2022-02-05|mallorca|cadiz,H,H,0.5504869716574443,0.29403552374839903,0.1554775045941566,0.5504869716574443,0.977913016724334,0.2564514479090453,1.83,3.4,4.6,1.0579570388383437,0.5165125495376485,0.27800528401585206,0.20548216644649933,1.83,0.5504869716574443,0.007391158133123132,0.008905009798943533,1,1,0.8300000000000001,13.11
2021,23,2022-02-05,osasuna,sevilla,2021|2022-02-05|osasuna|sevilla,2021|2022-02-05|osasuna|sevilla,D,A,0.20579237289724553,0.33017218622904,0.46403544087371446,0.46403544087371446,1.0474957137945036,0.13386325464467447,3.6,3.2,2.15,1.0553940568475453,0.2631981637337414,0.29609793420045905,0.4407039020657995,2.15,0.46403544087371446,-0.0023238021215140625,0.0,1,0,-1.0,12.11
2021,23,2022-02-06,barcelona,ath madrid,2021|2022-02-06|barcelona|ath madrid,2021|2022-02-06|barcelona|athmadrid,H,H,0.42012679850666634,0.3232489099730153,0.25662429152031835,0.42012679850666634,1.0784344806256712,0.09687788853365104,2.25,3.4,3.2,1.051062091503268,0.42285270112708895,0.27982899339292655,0.29731830547998445,2.25,0.42012679850666634,-0.05471470336000073,0.0,1,1,1.25,13.36
2021,23,2022-02-06,betis,villarreal,2021|2022-02-06|betis|villarreal,2021|2022-02-06|betis|villarreal,A,H,0.48438448073829277,0.269933775437517,0.24568174382419025,0.48438448073829277,1.049486296848428,0.21445070530077576,2.37,3.5,2.9,1.0524828001912243,0.40090054506675094,0.2714669405166285,0.32763251441662067,2.37,0.48438448073829277,0.1479912193497539,0.10802278784653568,1,0,-1.0,12.36
2021,23,2022-02-06,real madrid,granada,2021|2022-02-06|real madrid|granada,2021|2022-02-06|realmadrid|granada,H,H,0.7423596593005564,0.18670126449396524,0.07093907620547836,0.7423596593005564,0.7221955084739262,0.5556583948065912,1.25,6.0,11.0,1.0575757575757576,0.7564469914040115,0.15759312320916904,0.08595988538681948,1.25,0.7423596593005564,-0.07205042587430455,0.0,1,1,0.25,12.61
2021,23,2022-02-06,valencia,sociedad,2021|2022-02-06|valencia|sociedad,2021|2022-02-06|valencia|sociedad,D,H,0.3939336956471535,0.3438592928228748,0.2622070115299717,0.3939336956471535,1.085051281240755,0.05007440282427872,2.87,3.2,2.6,1.0455474403645135,0.3332532243851638,0.2988864856204438,0.36786028999439235,2.87,0.3939336956471535,0.1305897065073307,0.06983406765097898,1,0,-1.0,11.61
2021,23,2022-02-07,ath bilbao,espanol,2021|2022-02-07|ath bilbao|espanol,2021|2022-02-07|athbilbao|espanol,H,H,0.6207518617467622,0.21141673644944498,0.1678314018037928,0.6207518617467622,0.9240595529093769,0.40933512529731725,1.6,3.8,6.0,1.0548245614035088,0.5925155925155925,0.24948024948024947,0.15800415800415799,1.6,0.6207518617467622,-0.006797021205180387,0.0,1,1,0.6000000000000001,12.21
2021,24,2022-02-11,sevilla,elche,2021|2022-02-11|sevilla|elche,2021|2022-02-11|sevilla|elche,H,H,0.6918571976974806,0.1796297968691494,0.12851300543337013,0.6918571976974806,0.8269354673338414,0.5122274008283312,1.45,4.33,7.5,1.0539353879642166,0.6543619089837492,0.21912812194605918,0.12650996907019152,1.45,0.6918571976974806,0.0031929366613467902,0.007095414802992868,1,1,0.44999999999999996,12.66
2021,24,2022-02-12,ath madrid,getafe,2021|2022-02-12|ath madrid|getafe,2021|2022-02-12|athmadrid|getafe,H,H,0.7084685884752681,0.19643919937652554,0.09509221214820646,0.7084685884752681,0.7876022381391385,0.5120293890987425,1.45,4.2,8.0,1.0527504105090313,0.6550984597387405,0.22616494443361276,0.1187365958276467,1.45,0.7084685884752681,0.027279453289138667,0.06062100730919704,1,1,0.44999999999999996,13.11
2021,24,2022-02-12,cadiz,celta,2021|2022-02-12|cadiz|celta,2021|2022-02-12|cadiz|celta,D,A,0.29457135742153756,0.30506575205083863,0.4003628905276238,0.4003628905276238,1.0887034667579814,0.09529713847678517,3.8,3.4,2.05,1.045080419844446,0.2518063583815029,0.2814306358381503,0.46676300578034685,2.05,0.4003628905276238,-0.17925607441837133,0.0,1,0,-1.0,12.11
2021,24,2022-02-12,vallecano,osasuna,2021|2022-02-12|vallecano|osasuna,2021|2022-02-12|vallecano|osasuna,A,H,0.45987904544281205,0.29289022864925696,0.247230725907931,0.45987904544281205,1.062375417412119,0.1669888167935551,2.15,3.25,3.5,1.058522872476361,0.43940125543215836,0.2906808305166586,0.269917914051183,2.15,0.45987904544281205,-0.011260052297954126,0.0,1,0,-1.0,11.11
2021,24,2022-02-12,villarreal,real madrid,2021|2022-02-12|villarreal|real madrid,2021|2022-02-12|villarreal|realmadrid,D,A,0.29534330752845817,0.3317669240114832,0.37288976846005867,0.37288976846005867,1.0940970916717236,0.041122844448575446,2.5,3.5,2.7,1.0560846560846562,0.3787575150300601,0.2705410821643286,0.3507014028056112,2.7,0.37288976846005867,0.0068023748421585095,0.004001396965975594,1,0,-1.0,10.11
2021,24,2022-02-13,alaves,valencia,2021|2022-02-13|alaves|valencia,2021|2022-02-13|alaves|valencia,H,A,0.3118591290664614,0.28909421712217953,0.399046653811359,0.399046653811359,1.0887410562199071,0.0871875247448976,2.8,3.2,2.6,1.0542582417582418,0.33876221498371334,0.29641693811074915,0.3648208469055374,2.6,0.399046653811359,0.03752129990953357,0.02345081244345848,1,0,-1.0,9.11
2021,24,2022-02-13,espanol,barcelona,2021|2022-02-13|espanol|barcelona,2021|2022-02-13|espanol|barcelona,D,A,0.16322231461430706,0.2985367305943825,0.5382409547913105,0.5382409547913105,0.9901662342198209,0.239704224196928,5.0,3.6,1.75,1.0492063492063493,0.19062027231467474,0.264750378214826,0.5446293494704992,1.75,0.5382409547913105,-0.058078329115206606,0.0,1,0,-1.0,8.11
2021,24,2022-02-13,levante,betis,2021|2022-02-13|levante|betis,2021|2022-02-13|levante|betis,A,A,0.28213044593059944,0.31115718962786276,0.4067123644415377,0.4067123644415377,1.0861648998743416,0.09555517481367493,3.4,3.6,2.1,1.0480859010270773,0.28062360801781744,0.26503340757238314,0.4543429844097996,2.1,0.4067123644415377,-0.1459040346727708,0.0,1,1,1.1,9.21
2021,24,2022-02-13,sociedad,granada,2021|2022-02-13|sociedad|granada,2021|2022-02-13|sociedad|granada,H,H,0.7216298150530588,0.16794201576331877,0.11042816918362243,0.7216298150530588,0.778374477692104,0.55368779928974,1.4,4.5,9.0,1.0476190476190477,0.6818181818181818,0.2121212121212121,0.10606060606060605,1.4,0.7216298150530588,0.010281741074282258,0.025704352685705652,1,1,0.3999999999999999,9.61
2021,24,2022-02-14,mallorca,ath bilbao,2021|2022-02-14|mallorca|ath bilbao,2021|2022-02-14|mallorca|athbilbao,H,A,0.24460000959864067,0.3313943618480405,0.42400562855331886,0.42400562855331886,1.074236553674479,0.09261126670527836,3.4,3.1,2.3,1.0514809009157662,0.27971753628874063,0.3067869752844252,0.41349548842683403,2.3,0.42400562855331886,-0.02478705432736661,0.0,1,0,-1.0,8.61
2021,25,2022-02-18,elche,vallecano,2021|2022-02-18|elche|vallecano,2021|2022-02-18|elche|vallecano,H,A,0.29931109048590854,0.3321893195619264,0.36849958995216514,0.36849958995216514,1.0950187666580398,0.036310270390238764,3.0,3.0,2.62,1.0483460559796436,0.3179611650485437,0.3179611650485437,0.3640776699029127,2.62,0.36849958995216514,-0.034531074325327316,0.0,1,0,-1.0,7.61
2021,25,2022-02-19,cadiz,getafe,2021|2022-02-19|cadiz|getafe,2021|2022-02-19|cadiz|getafe,D,D,0.31856489268161353,0.3774644480557886,0.3039706592625978,0.3774644480557886,1.0941468749428238,0.05889955537417507,3.2,2.9,2.55,1.0494844489519948,0.29776525065431847,0.3285685524461445,0.37366619689953695,2.9,0.3774644480557886,0.09464689936178694,0.04981415755883523,1,1,1.9,9.51
2021,25,2022-02-19,granada,villarreal,2021|2022-02-19|granada|villarreal,2021|2022-02-19|granada|villarreal,A,A,0.2760108063078157,0.285081567686557,0.4389076260056273,0.4389076260056273,1.0745102129924782,0.1538260583190703,4.0,3.4,1.95,1.0569381598793366,0.2365322868355333,0.2782732786300392,0.48519443453442734,1.95,0.4389076260056273,-0.1441301292890268,0.0,1,1,0.95,10.46
2021,25,2022-02-19,osasuna,ath madrid,2021|2022-02-19|osasuna|ath madrid,2021|2022-02-19|osasuna|athmadrid,A,A,0.2302777745673672,0.30155889914182704,0.46816332629080587,0.46816332629080587,1.0549685053451503,0.16660442714897883,3.9,3.25,2.05,1.0519074421513446,0.24375743162901312,0.2925089179548157,0.46373365041617126,2.05,0.46816332629080587,-0.04026518110384808,0.0,1,1,1.0499999999999998,11.51
2021,25,2022-02-19,real madrid,alaves,2021|2022-02-19|real madrid|alaves,2021|2022-02-19|realmadrid|alaves,H,H,0.8135928696365632,0.12990518680234925,0.05650194356108753,0.8135928696365632,0.5953275672644124,0.683687682834214,1.22,6.5,12.0,1.0568516183270282,0.7755791985681615,0.14557024957740877,0.07885055185442974,1.22,0.8135928696365632,-0.007416699043392927,0.0,1,1,0.21999999999999997,11.73
2021,25,2022-02-20,ath bilbao,sociedad,2021|2022-02-20|ath bilbao|sociedad,2021|2022-02-20|athbilbao|sociedad,H,H,0.4001234297818459,0.33309048098082505,0.266786089237329,0.4001234297818459,1.085192623168333,0.06703294880102084,2.37,3.0,3.4,1.049391908662199,0.40208136234626296,0.3176442762535478,0.28027436140018924,2.37,0.4001234297818459,-0.05170747141702514,0.0,1,1,1.37,13.1
2021,25,2022-02-20,betis,mallorca,2021|2022-02-20|betis|mallorca,2021|2022-02-20|betis|mallorca,H,H,0.6645230750534201,0.20674219787154646,0.12873472707503342,0.6645230750534201,0.8613715754688998,0.45778087718187366,1.6,4.0,5.75,1.0489130434782608,0.5958549222797929,0.2383419689119171,0.16580310880829016,1.6,0.6645230750534201,0.06323692008547227,0.10539486680912044,1,1,0.6000000000000001,13.7
2021,25,2022-02-20,espanol,sevilla,2021|2022-02-20|espanol|sevilla,2021|2022-02-20|espanol|sevilla,D,A,0.21819276043374491,0.3484118994764033,0.4333953400898518,0.4333953400898518,1.0618905040783673,0.08498344061344854,3.4,3.3,2.2,1.0516934046345812,0.2796610169491525,0.288135593220339,0.43220338983050843,2.2,0.4333953400898518,-0.04653025180232595,0.0,1,0,-1.0,12.7
2021,25,2022-02-20,valencia,barcelona,2021|2022-02-20|valencia|barcelona,2021|2022-02-20|valencia|barcelona,A,A,0.20300334327713945,0.33458678747798476,0.4624098692448759,0.4624098692448759,1.0466792493353032,0.12782308176689117,3.6,3.5,2.05,1.051296941540844,0.2642238998342847,0.2717731541152642,0.46400294605045117,2.05,0.4624098692448759,-0.05205976804800444,0.0,1,1,1.0499999999999998,13.75
2021,25,2022-02-21,celta,levante,2021|2022-02-21|celta|levante,2021|2022-02-21|celta|levante,D,H,0.6755462565536662,0.18268607350587662,0.1417676699404572,0.6755462565536662,0.8524882027555933,0.49286018304778956,1.6,3.8,6.0,1.0548245614035088,0.5925155925155925,0.24948024948024947,0.15800415800415799,1.6,0.6755462565536662,0.08087401048586595,0.13479001747644323,1,0,-1.0,12.75
2021,26,2022-02-25,levante,elche,2021|2022-02-25|levante|elche,2021|2022-02-25|levante|elche,H,H,0.5314432644997822,0.2785136642109903,0.19004307128922754,0.5314432644997822,1.007544655384318,0.2529296002887919,2.05,3.4,3.75,1.0485891917742707,0.4652011310772599,0.2804889172671714,0.25430995165556874,2.05,0.5314432644997822,0.08945869222455338,0.08519875449957466,1,1,1.0499999999999998,13.8
2021,26,2022-02-26,ath madrid,celta,2021|2022-02-26|ath madrid|celta,2021|2022-02-26|athmadrid|celta,H,H,0.5996161894061184,0.2576890795178475,0.14269473107603414,0.5996161894061184,0.9339432350206662,0.3419271098882709,1.61,3.8,6.0,1.050942573825869,0.5910104204468868,0.2504017833998652,0.15858779615324795,1.61,0.5996161894061184,-0.03461793505614935,0.0,1,1,0.6100000000000001,14.41
2021,26,2022-02-26,getafe,alaves,2021|2022-02-26|getafe|alaves,2021|2022-02-26|getafe|alaves,D,H,0.5817034117441253,0.2682693774801715,0.1500272107757031,0.5817034117441253,0.9527352512322433,0.31343403426395383,1.95,3.0,4.75,1.05668016194332,0.48531289910600256,0.31545338441890164,0.19923371647509575,1.95,0.5817034117441253,0.13432165290104436,0.1413912135800467,1,0,-1.0,13.41
2021,26,2022-02-26,mallorca,valencia,2021|2022-02-26|mallorca|valencia,2021|2022-02-26|mallorca|valencia,A,H,0.47106377249116704,0.2910618961670514,0.23787433134178154,0.47106377249116704,1.0554236068515626,0.18000187632411563,2.4,3.1,3.1,1.0618279569892473,0.3924050632911393,0.3037974683544304,0.3037974683544304,2.4,0.47106377249116704,0.1305530539788009,0.09325218141342922,1,0,-1.0,12.41
2021,26,2022-02-26,vallecano,real madrid,2021|2022-02-26|vallecano|real madrid,2021|2022-02-26|vallecano|realmadrid,A,A,0.19613491063801874,0.20645893490464592,0.5974061544573354,0.5974061544573354,0.9529737751377801,0.3909472195526894,5.0,3.8,1.66,1.065567533291059,0.18769340633182577,0.24696500833134966,0.5653415853368245,1.66,0.5974061544573354,-0.008305783600823347,0.0,1,1,0.6599999999999999,13.07
2021,26,2022-02-27,barcelona,ath bilbao,2021|2022-02-27|barcelona|ath bilbao,2021|2022-02-27|barcelona|athbilbao,H,H,0.6729647460504713,0.19547791049111005,0.1315573434584186,0.6729647460504713,0.8524555224459122,0.4774868355593612,1.6,4.2,5.25,1.0535714285714286,0.5932203389830508,0.22598870056497172,0.18079096045197737,1.6,0.6729647460504713,0.07674359368075412,0.1279059894679235,1,1,0.6000000000000001,13.67
2021,26,2022-02-27,sevilla,betis,2021|2022-02-27|sevilla|betis,2021|2022-02-27|sevilla|betis,H,H,0.4963952120234042,0.3066082861527981,0.19699650182379766,0.4963952120234042,1.030168672516984,0.18978692587060608,2.2,3.25,3.5,1.047952047952048,0.4337464251668255,0.29361296472831266,0.27264061010486174,2.2,0.4963952120234042,0.09206946645148928,0.07672455537624105,1,1,1.2000000000000002,14.870000000000001
2021,26,2022-02-27,sociedad,osasuna,2021|2022-02-27|sociedad|osasuna,2021|2022-02-27|sociedad|osasuna,H,H,0.5344731553896342,0.2778006727658226,0.18772617184454318,0.5344731553896342,1.0046776820616257,0.25667248262381165,1.85,3.4,4.75,1.0451845033888376,0.5171723641021535,0.28140260987911303,0.2014250260187335,1.85,0.5344731553896342,-0.011224662529176588,0.0,1,1,0.8500000000000001,15.72
2021,26,2022-02-27,villarreal,espanol,2021|2022-02-27|villarreal|espanol,2021|2022-02-27|villarreal|espanol,H,H,0.6722342589941207,0.2038529165739969,0.12391282443188235,0.6722342589941207,0.8499274882802486,0.4683813424201238,1.5,4.2,7.0,1.0476190476190474,0.6363636363636365,0.2272727272727273,0.13636363636363638,1.5,0.6722342589941207,0.008351388491181055,0.01670277698236211,1,1,0.5,16.22
2021,26,2022-02-28,granada,cadiz,2021|2022-02-28|granada|cadiz,2021|2022-02-28|granada|cadiz,D,H,0.45331799510327864,0.31045275461473937,0.23622925028198188,0.45331799510327864,1.0626592062631186,0.14286524048853927,2.0,3.3,4.0,1.053030303030303,0.47482014388489213,0.2877697841726619,0.23741007194244607,2.0,0.45331799510327864,-0.09336400979344273,0.0,1,0,-1.0,15.22
2021,27,2022-03-04,alaves,sevilla,2021|2022-03-04|alaves|sevilla,2021|2022-03-04|alaves|sevilla,D,A,0.17559188397091513,0.32419799431145024,0.5002101217176346,0.5002101217176346,1.0171443482905382,0.17601212740618433,4.5,3.1,1.95,1.0576233802040256,0.21011470281543268,0.30500521376433776,0.48488008342022937,1.95,0.5002101217176346,-0.024590262650612593,0.0,1,0,-1.0,14.22
2021,27,2022-03-05,espanol,getafe,2021|2022-03-05|espanol|getafe,2021|2022-03-05|espanol|getafe,H,H,0.41071709489519326,0.3387811582794428,0.250501746825364,0.41071709489519326,1.0789408178972724,0.07193593661575048,2.15,3.0,3.6,1.0762273901808785,0.43217286914765907,0.3097238895558223,0.2581032412965186,2.15,0.41071709489519326,-0.11695824597533455,0.0,1,1,1.15,15.370000000000001
2021,27,2022-03-05,osasuna,villarreal,2021|2022-03-05|osasuna|villarreal,2021|2022-03-05|osasuna|villarreal,H,A,0.3372765065413464,0.27405289254333665,0.38867060091531697,0.38867060091531697,1.0886158215754862,0.05139409437397058,3.5,3.4,2.1,1.0560224089635852,0.27055702917771884,0.2785145888594165,0.4509283819628648,2.1,0.38867060091531697,-0.1837917380778344,0.0,1,0,-1.0,14.370000000000001
2021,27,2022-03-05,real madrid,sociedad,2021|2022-03-05|real madrid|sociedad,2021|2022-03-05|realmadrid|sociedad,H,H,0.6352197135841284,0.23303445451552107,0.1317458319003504,0.6352197135841284,0.8947165963269799,0.40218525906860736,1.6,4.2,5.25,1.0535714285714286,0.5932203389830508,0.22598870056497172,0.18079096045197737,1.6,0.6352197135841284,0.016351541734605568,0.027252569557675944,1,1,0.6000000000000001,14.97
2021,27,2022-03-05,valencia,granada,2021|2022-03-05|valencia|granada,2021|2022-03-05|valencia|granada,H,H,0.6080545910958406,0.24200195154899468,0.1499434573551648,0.6080545910958406,0.9303733779550972,0.3660526395468459,1.75,3.6,4.5,1.0714285714285714,0.5333333333333333,0.2592592592592593,0.2074074074074074,1.75,0.6080545910958406,0.06409553441772103,0.08546071255696137,1,1,0.75,15.72
2021,27,2022-03-06,betis,ath madrid,2021|2022-03-06|betis|ath madrid,2021|2022-03-06|betis|athmadrid,A,A,0.30806489202788373,0.31685385243222597,0.3750812555398902,0.3750812555398902,1.0947035905537568,0.05822740310766422,3.0,3.2,2.37,1.0677742616033754,0.31217584588787356,0.2926648555198815,0.395159298592245,2.37,0.3750812555398902,-0.11105742437046029,0.0,1,1,1.37,17.09
2021,27,2022-03-06,cadiz,vallecano,2021|2022-03-06|cadiz|vallecano,2021|2022-03-06|cadiz|vallecano,H,H,0.3810752338476647,0.26269446900242915,0.35623029714990617,0.3810752338476647,1.0864989932867464,0.024844936697758502,2.7,3.1,2.7,1.063321385902031,0.34831460674157305,0.30337078651685395,0.34831460674157305,2.7,0.3810752338476647,0.028903131388694603,0.017001841993349764,1,1,1.7000000000000002,18.79
2021,27,2022-03-06,celta,mallorca,2021|2022-03-06|celta|mallorca,2021|2022-03-06|celta|mallorca,H,H,0.6066429592595903,0.19182370007858984,0.2015333406618198,0.6066429592595903,0.9427605456341739,0.4051096185977705,1.75,3.4,5.25,1.0560224089635855,0.5411140583554376,0.27851458885941643,0.18037135278514588,1.75,0.6066429592595903,0.06162517870428308,0.0821669049390441,1,1,0.75,19.54
2021,27,2022-03-06,elche,barcelona,2021|2022-03-06|elche|barcelona,2021|2022-03-06|elche|barcelona,A,A,0.09829449438945122,0.20271043631138508,0.6989950692991637,0.6989950692991637,0.8018616935197432,0.4962846329877786,7.5,4.33,1.4,1.0785659298361376,0.12362093929073965,0.21412402879458367,0.6622550319146767,1.4,0.6989950692991637,-0.021406902981170928,0.0,1,1,0.3999999999999999,19.94
2021,27,2022-03-07,ath bilbao,levante,2021|2022-03-07|ath bilbao|levante,2021|2022-03-07|athbilbao|levante,H,H,0.6155932640781377,0.2246919687283112,0.15971476719355102,0.6155932640781377,0.9271126484994856,0.39090129534982654,1.57,4.0,5.5,1.0687608569774174,0.5959637003927942,0.23391575240417176,0.17012054720303402,1.57,0.6155932640781377,-0.033518575397323724,0.0,1,1,0.5700000000000001,20.51
2021,28,2022-03-11,ath madrid,cadiz,2021|2022-03-11|ath madrid|cadiz,2021|2022-03-11|athmadrid|cadiz,H,H,0.6678450964626879,0.23134943209723058,0.10080547144008165,0.6678450964626879,0.8395682007130912,0.4364956643654573,1.36,4.6,9.5,1.0579485798896218,0.6950187670971435,0.20548380940263378,0.09949742350022266,1.36,0.6678450964626879,-0.09173066881074446,0.0,1,1,0.3600000000000001,20.87
2021,28,2022-03-12,getafe,valencia,2021|2022-03-12|getafe|valencia,2021|2022-03-12|getafe|valencia,D,H,0.42414934264891396,0.3122041321150995,0.26364652523598653,0.42414934264891396,1.0786955490179397,0.11194521053381445,2.37,3.2,3.2,1.0469409282700421,0.4030226700251889,0.29848866498740556,0.29848866498740556,2.37,0.42414934264891396,0.005233942077926157,0.0038203956773183623,1,0,-1.0,19.87
2021,28,2022-03-12,granada,elche,2021|2022-03-12|granada|elche,2021|2022-03-12|granada|elche,A,H,0.4806525936303409,0.31900980506571913,0.20033760130394004,0.4806525936303409,1.0387035652458898,0.16164278856462178,2.25,3.2,3.4,1.051062091503268,0.42285270112708895,0.29731830547998445,0.27982899339292655,2.25,0.4806525936303409,0.08146833566826706,0.06517466853461365,1,0,-1.0,18.87
2021,28,2022-03-12,levante,espanol,2021|2022-03-12|levante|espanol,2021|2022-03-12|levante|espanol,D,H,0.5208134247275873,0.25651895280648773,0.222667622465925,0.5208134247275873,1.0232306748161404,0.26429447192109956,2.3,3.3,3.2,1.0503129117259553,0.41395531164249316,0.2885143081144649,0.2975303802430419,2.3,0.5208134247275873,0.19787087687345073,0.15220836682573136,1,0,-1.0,17.87
2021,28,2022-03-12,villarreal,celta,2021|2022-03-12|villarreal|celta,2021|2022-03-12|villarreal|celta,H,H,0.5628894600306219,0.2476440426958841,0.18946649727349393,0.5628894600306219,0.984314856852461,0.31524541733473777,1.65,4.2,4.75,1.0546821599453178,0.5746381507885073,0.22575070209548498,0.19961114711600778,1.65,0.5628894600306219,-0.07123239094947392,0.0,1,1,0.6499999999999999,18.52
2021,28,2022-03-13,barcelona,osasuna,2021|2022-03-13|barcelona|osasuna,2021|2022-03-13|barcelona|osasuna,H,H,0.744396755158643,0.15884163722389666,0.09676160761746042,0.744396755158643,0.7379634787555283,0.5855551179347463,1.33,4.75,10.0,1.062406015037594,0.7077140835102618,0.1981599433828733,0.09412597310686482,1.33,0.744396755158643,-0.009952315639004755,0.0,1,1,0.33000000000000007,18.85
2021,28,2022-03-13,betis,ath bilbao,2021|2022-03-13|betis|ath bilbao,2021|2022-03-13|betis|athbilbao,H,H,0.4107449880878268,0.29261039245110126,0.29664461946107185,0.4107449880878268,1.0855551898635827,0.11410036862675493,2.3,3.3,3.2,1.0503129117259553,0.41395531164249316,0.2885143081144649,0.2975303802430419,2.3,0.4107449880878268,-0.05528652739799844,0.0,1,1,1.2999999999999998,20.15
2021,28,2022-03-13,sociedad,alaves,2021|2022-03-13|sociedad|alaves,2021|2022-03-13|sociedad|alaves,H,H,0.7177447006109829,0.17274853306315754,0.10950676632585953,0.7177447006109829,0.7835697929195016,0.5449961675478254,1.53,4.0,7.0,1.046451914098973,0.6245817532902074,0.23890252063350434,0.13651572607628817,1.53,0.7177447006109829,0.09814939193480393,0.18518753195246024,1,1,0.53,20.68
2021,28,2022-03-13,vallecano,sevilla,2021|2022-03-13|vallecano|sevilla,2021|2022-03-13|vallecano|sevilla,D,A,0.25953472048381576,0.3113760827327648,0.42908919678341956,0.42908919678341956,1.0764247596661318,0.11771311405065477,3.4,3.1,2.3,1.0514809009157662,0.27971753628874063,0.3067869752844252,0.41349548842683403,2.3,0.42908919678341956,-0.013094847398135046,0.0,1,0,-1.0,19.68
2021,28,2022-03-14,mallorca,real madrid,2021|2022-03-14|mallorca|real madrid,2021|2022-03-14|mallorca|realmadrid,A,A,0.16799782146769732,0.20505918130286768,0.626942997229435,0.626942997229435,0.9173020844483091,0.4218838159265673,6.0,4.0,1.57,1.0536093418259023,0.15818639798488665,0.23727959697732998,0.6045340050377834,1.57,0.626942997229435,-0.015699494349786958,0.0,1,1,0.5700000000000001,20.25
2021,29,2022-03-18,ath bilbao,getafe,2021|2022-03-18|ath bilbao|getafe,2021|2022-03-18|athbilbao|getafe,D,H,0.5805636348334943,0.2654357403065335,0.15400062485997223,0.5805636348334943,0.9558583575834758,0.3151278945269608,1.72,3.2,6.0,1.060562015503876,0.5481955230698949,0.29465509365006853,0.15714938328003653,1.72,0.5805636348334943,-0.0014305480863898712,0.0,1,0,-1.0,19.25
2021,29,2022-03-19,alaves,granada,2021|2022-03-19|alaves|granada,2021|2022-03-19|alaves|granada,A,H,0.553717110973215,0.2672011884621568,0.1790817005646282,0.553717110973215,0.9879475790808113,0.2865159225110582,2.0,3.3,4.0,1.053030303030303,0.47482014388489213,0.2877697841726619,0.23741007194244607,2.0,0.553717110973215,0.10743422194642993,0.10743422194642993,1,0,-1.0,18.25
2021,29,2022-03-19,elche,valencia,2021|2022-03-19|elche|valencia,2021|2022-03-19|elche|valencia,A,D,0.30582608060865285,0.37325491109263154,0.32091900829871567,0.37325491109263154,1.094910145243662,0.05233590279391587,2.62,3.25,2.7,1.0597420673756552,0.3601625348875389,0.29034641274010836,0.3494910523723526,3.25,0.37325491109263154,0.21307846105105255,0.09470153824491225,1,0,-1.0,17.25
2021,29,2022-03-19,osasuna,levante,2021|2022-03-19|osasuna|levante,2021|2022-03-19|osasuna|levante,H,H,0.49496134879572806,0.28147454294675867,0.22356410825751322,0.49496134879572806,1.0398350464639052,0.2134868058489694,1.9,3.5,4.2,1.050125313283208,0.5011933174224343,0.2720763723150358,0.22673031026252982,1.9,0.49496134879572806,-0.059573437288116704,0.0,1,1,0.8999999999999999,18.15
2021,29,2022-03-19,vallecano,ath madrid,2021|2022-03-19|vallecano|ath madrid,2021|2022-03-19|vallecano|athmadrid,A,A,0.25538045981253954,0.23936843279601402,0.5052511073914464,0.5052511073914464,1.0357666798357528,0.24987064757890687,4.0,3.25,2.0,1.0576923076923077,0.23636363636363636,0.2909090909090909,0.4727272727272727,2.0,0.5052511073914464,0.010502214782892816,0.010502214782892816,1,1,1.0,19.15
2021,29,2022-03-20,cadiz,villarreal,2021|2022-03-20|cadiz|villarreal,2021|2022-03-20|cadiz|villarreal,H,A,0.25700046905774737,0.25492153954024227,0.48807799140201025,0.48807799140201025,1.0476959606589653,0.23107752234426288,4.75,3.5,1.83,1.0426886889354532,0.2019071636850816,0.27401686500118216,0.5240759713137364,1.83,0.48807799140201025,-0.1068172757343212,0.0,1,0,-1.0,18.15
2021,29,2022-03-20,celta,betis,2021|2022-03-20|celta|betis,2021|2022-03-20|celta|betis,D,H,0.4594275036854614,0.2644950237841203,0.27607747253041826,0.4594275036854614,1.0644235110284916,0.18335003115504317,2.2,3.5,3.2,1.0527597402597402,0.4317656129529684,0.27139552814186585,0.2968388589051658,2.2,0.4594275036854614,0.01074050810801519,0.008950423423345991,1,0,-1.0,17.15
2021,29,2022-03-20,espanol,mallorca,2021|2022-03-20|espanol|mallorca,2021|2022-03-20|espanol|mallorca,H,H,0.5409252759837542,0.2215132336222992,0.23756149039394664,0.5409252759837542,1.0077194611139602,0.30336378558980753,2.05,3.5,3.5,1.059233449477352,0.4605263157894737,0.2697368421052631,0.2697368421052631,2.05,0.5409252759837542,0.10889681576669596,0.10371125311113903,1,1,1.0499999999999998,18.2
2021,29,2022-03-20,real madrid,barcelona,2021|2022-03-20|real madrid|barcelona,2021|2022-03-20|realmadrid|barcelona,A,H,0.5417663819568183,0.2770547890533443,0.18117882898983745,0.5417663819568183,0.9971730613990377,0.26471159290347396,2.15,3.6,3.25,1.050586364539853,0.4427206508371961,0.2644026109166588,0.29287673824614513,2.15,0.5417663819568183,0.1647977212071592,0.14330236626709494,1,0,-1.0,17.2
2021,29,2022-03-20,sevilla,sociedad,2021|2022-03-20|sevilla|sociedad,2021|2022-03-20|sevilla|sociedad,D,H,0.5134244108699225,0.275011292098777,0.2115642970313005,0.5134244108699225,1.0259068190492173,0.23841311877114552,2.05,3.25,3.8,1.0586550804779302,0.46077791250816164,0.290644529428225,0.24857755806361348,2.05,0.5134244108699225,0.05252004228334106,0.05001908788889626,1,0,-1.0,16.2
2021,30,2022-04-02,ath madrid,alaves,2021|2022-04-02|ath madrid|alaves,2021|2022-04-02|athmadrid|alaves,H,H,0.7569693164206172,0.13832708802074276,0.10470359555864012,0.7569693164206172,0.7206708655648598,0.6186422283998744,1.33,4.8,10.0,1.0602130325814536,0.709177944565924,0.19650138880680812,0.0943206666272679,1.33,0.7569693164206172,0.006769190839420874,0.020512699513396584,1,1,0.33000000000000007,16.53
2021,30,2022-04-02,celta,real madrid,2021|2022-04-02|celta|real madrid,2021|2022-04-02|celta|realmadrid,A,A,0.22368487758416036,0.2615033985333738,0.5148117238824659,0.5148117238824659,1.0275398289520856,0.2533083253490921,4.0,3.6,1.9,1.054093567251462,0.23717059639389737,0.2635228848821082,0.49930651872399445,1.9,0.5148117238824659,-0.021857724623314867,0.0,1,1,0.8999999999999999,17.43
2021,30,2022-04-02,getafe,mallorca,2021|2022-04-02|getafe|mallorca,2021|2022-04-02|getafe|mallorca,H,H,0.5566166075792657,0.26554299436680445,0.17784039805392993,0.5566166075792657,0.985321089491931,0.2910736132124612,2.15,3.0,4.0,1.0484496124031009,0.44362292051756,0.31792975970425136,0.23844731977818853,2.15,0.5566166075792657,0.1967257062954212,0.17106583156123584,1,1,1.15,18.58
2021,30,2022-04-02,levante,villarreal,2021|2022-04-02|levante|villarreal,2021|2022-04-02|levante|villarreal,H,A,0.3228890883225764,0.23001889032051367,0.44709202135690984,0.44709202135690984,1.0629481327721049,0.12420293303433344,3.8,3.6,1.95,1.053756185335133,0.2497331910352187,0.263607257203842,0.4866595517609391,1.95,0.44709202135690984,-0.12817055835402585,0.0,1,0,-1.0,17.58
2021,30,2022-04-03,ath bilbao,elche,2021|2022-04-03|ath bilbao|elche,2021|2022-04-03|athbilbao|elche,H,H,0.7601528824950826,0.1407897255441773,0.09905739196074002,0.7601528824950826,0.713503827686241,0.6193631569509053,1.45,4.2,7.5,1.0610837438423646,0.6499535747446611,0.22438873413803773,0.12565769111730113,1.45,0.7601528824950826,0.10222167961786977,0.2271592880397106,1,1,0.44999999999999996,18.03
2021,30,2022-04-03,barcelona,sevilla,2021|2022-04-03|barcelona|sevilla,2021|2022-04-03|barcelona|sevilla,H,H,0.5892490343301707,0.28061362529830713,0.13013734037152216,0.5892490343301707,0.9336262867749054,0.3086354090318636,1.45,4.5,7.0,1.0547345374931583,0.6538661131292164,0.21069019200830302,0.13544369486248053,1.45,0.5892490343301707,-0.14558890022125248,0.0,1,1,0.44999999999999996,18.48
2021,30,2022-04-03,betis,osasuna,2021|2022-04-03|betis|osasuna,2021|2022-04-03|betis|osasuna,H,H,0.5348447804698531,0.27472824571147153,0.19042697381867543,0.5348447804698531,1.0054564778132455,0.26011653475838153,1.9,3.5,4.0,1.0620300751879699,0.49557522123893805,0.26902654867256637,0.23539823008849559,1.9,0.5348447804698531,0.016205082892720768,0.018005647658578632,1,1,0.8999999999999999,19.38
2021,30,2022-04-03,granada,vallecano,2021|2022-04-03|granada|vallecano,2021|2022-04-03|granada|vallecano,D,H,0.41143556737582976,0.2740349232718312,0.3145295093523391,0.41143556737582976,1.0839444009309256,0.09690605802349067,2.6,3.1,2.9,1.0520236159835714,0.36559577063847093,0.3066287108580724,0.3277755185034567,2.6,0.41143556737582976,0.06973247517715742,0.043582796985723385,1,0,-1.0,18.38
2021,30,2022-04-03,valencia,cadiz,2021|2022-04-03|valencia|cadiz,2021|2022-04-03|valencia|cadiz,D,H,0.5529886390129516,0.27723573675577007,0.16977562423127834,0.5529886390129516,0.9843217818737162,0.2757529022571815,1.85,3.3,4.75,1.0540971593603172,0.5127995419972192,0.28747853111965327,0.1997219268831275,1.85,0.5529886390129516,0.02302898217396049,0.027092920204659397,1,0,-1.0,17.38
2021,30,2022-04-04,sociedad,espanol,2021|2022-04-04|sociedad|espanol,2021|2022-04-04|sociedad|espanol,H,H,0.6010796243733966,0.2411757562678251,0.15774461935877837,0.6010796243733966,0.9402927885038117,0.3599038681055715,1.6,4.0,5.75,1.0489130434782608,0.5958549222797929,0.2383419689119171,0.16580310880829016,1.6,0.6010796243733966,-0.03827260100256541,0.0,1,1,0.6000000000000001,17.98
2021,31,2022-04-08,sevilla,granada,2021|2022-04-08|sevilla|granada,2021|2022-04-08|sevilla|granada,H,H,0.7361062327648983,0.13506993466222084,0.1288238325728808,0.7361062327648983,0.7599336952085771,0.6010362981026774,1.5,4.33,7.0,1.0404706917408995,0.64073565162245,0.22196385160131066,0.13730049677623932,1.5,0.7361062327648983,0.10415934914734742,0.20831869829469485,1,1,0.5,18.48
2021,31,2022-04-09,cadiz,betis,2021|2022-04-09|cadiz|betis,2021|2022-04-09|cadiz|betis,A,A,0.32404472992455235,0.2828012501765703,0.3931540198988773,0.3931540198988773,1.089369001096894,0.06910928997432497,3.4,3.2,2.25,1.051062091503268,0.27982899339292655,0.29731830547998445,0.42285270112708895,2.25,0.3931540198988773,-0.11540345522752604,0.0,1,1,1.25,19.73
2021,31,2022-04-09,mallorca,ath madrid,2021|2022-04-09|mallorca|ath madrid,2021|2022-04-09|mallorca|athmadrid,H,A,0.2334228270529254,0.2873740944767609,0.47920307847031357,0.47920307847031357,1.0504712999704342,0.1918289839935527,4.0,3.4,1.95,1.0569381598793366,0.2365322868355333,0.2782732786300392,0.48519443453442734,1.95,0.47920307847031357,-0.0655539969828885,0.0,1,0,-1.0,18.73
2021,31,2022-04-09,real madrid,getafe,2021|2022-04-09|real madrid|getafe,2021|2022-04-09|realmadrid|getafe,H,H,0.7207991497479298,0.18134851089965634,0.09785233935241378,0.7207991497479298,0.7730462202635845,0.5394506388482735,1.4,4.5,8.5,1.054154995331466,0.6775907883082374,0.21080602302922938,0.11160318866253321,1.4,0.7207991497479298,0.009118809647101656,0.022797024117754142,1,1,0.3999999999999999,19.13
2021,31,2022-04-09,villarreal,ath bilbao,2021|2022-04-09|villarreal|ath bilbao,2021|2022-04-09|villarreal|athbilbao,D,H,0.3934512878278082,0.3127973201824708,0.29375139198972106,0.3934512878278082,1.090395336800039,0.08065396764533739,2.3,3.4,3.1,1.051480900915766,0.41349548842683415,0.2797175362887407,0.3067869752844253,2.3,0.3934512878278082,-0.09506203799604118,0.0,1,0,-1.0,18.13
2021,31,2022-04-10,elche,sociedad,2021|2022-04-10|elche|sociedad,2021|2022-04-10|elche|sociedad,A,A,0.19659332145682934,0.30317311397525326,0.5002335645679173,0.5002335645679173,1.0281064574396133,0.19706045059266408,3.9,3.4,2.0,1.05052790346908,0.24407753050969133,0.2799712849964106,0.47595118449389806,2.0,0.5002335645679173,0.0004671291358346874,0.0004671291358346874,1,1,1.0,19.13
2021,31,2022-04-10,espanol,celta,2021|2022-04-10|espanol|celta,2021|2022-04-10|espanol|celta,H,H,0.37180104953451626,0.2841792376257372,0.3440197128397464,0.37180104953451626,1.092487163419306,0.027781336694769843,2.75,3.2,2.7,1.046506734006734,0.34747637241101953,0.2986125075407199,0.3539111200482606,2.75,0.37180104953451626,0.02245288621991981,0.012830220697097034,1,1,1.75,20.88
2021,31,2022-04-10,levante,barcelona,2021|2022-04-10|levante|barcelona,2021|2022-04-10|levante|barcelona,A,A,0.15527631425062294,0.1472470683763394,0.6974766173730377,0.6974766173730377,0.8225738877542417,0.5422003031224147,6.0,5.0,1.45,1.0563218390804598,0.15778019586507072,0.18933623503808486,0.6528835690968444,1.45,0.6974766173730377,0.011341095190904593,0.025202433757565763,1,1,0.44999999999999996,21.33
2021,31,2022-04-10,osasuna,alaves,2021|2022-04-10|osasuna|alaves,2021|2022-04-10|osasuna|alaves,H,H,0.6301433791337772,0.216554073471958,0.15330254739426485,0.6301433791337772,0.9098092026705458,0.4135893056618192,1.95,3.3,4.33,1.0467976980679061,0.48989457444073026,0.28948315762406784,0.2206222679352018,1.95,0.6301433791337772,0.2287795893108654,0.24082062032722673,1,1,0.95,22.28
2021,31,2022-04-11,vallecano,valencia,2021|2022-04-11|vallecano|valencia,2021|2022-04-11|vallecano|valencia,D,H,0.44806686343443153,0.27863954667273544,0.2732935898928331,0.44806686343443153,1.0702883452617564,0.1694273167616961,2.2,3.3,3.3,1.0606060606060606,0.4285714285714286,0.28571428571428575,0.28571428571428575,2.2,0.44806686343443153,-0.014252900444250538,0.0,1,0,-1.0,21.28
2021,32,2022-04-15,sociedad,betis,2021|2022-04-15|sociedad|betis,2021|2022-04-15|sociedad|betis,D,H,0.5025323697079386,0.26414628442265814,0.23332134586940328,0.5025323697079386,1.0369970142668379,0.23838608528528044,2.1,3.5,3.4,1.0560224089635855,0.45092838196286467,0.2705570291777188,0.27851458885941643,2.1,0.5025323697079386,0.05531797638667102,0.0502890694424282,1,0,-1.0,20.28
2021,32,2022-04-16,alaves,vallecano,2021|2022-04-16|alaves|vallecano,2021|2022-04-16|alaves|vallecano,H,D,0.33523172475578417,0.3927299948934568,0.27203828035075894,0.3927299948934568,1.0875871247855653,0.057498270137672614,2.7,3.1,2.8,1.050093872674518,0.3527021535960991,0.30719219829337663,0.34010564811052413,3.1,0.3927299948934568,0.2174629841697161,0.10355380198557909,1,0,-1.0,19.28
2021,32,2022-04-16,elche,mallorca,2021|2022-04-16|elche|mallorca,2021|2022-04-16|elche|mallorca,H,H,0.39939246956728697,0.32723342908741393,0.27337410134529905,0.39939246956728697,1.0866558240528825,0.07215904047987304,2.7,3.0,2.9,1.0485312899106003,0.3532277710109622,0.317904993909866,0.32886723507917176,2.7,0.39939246956728697,0.07835966783167492,0.04609392225392642,1,1,1.7000000000000002,20.98
2021,32,2022-04-16,getafe,villarreal,2021|2022-04-16|getafe|villarreal,2021|2022-04-16|getafe|villarreal,A,A,0.3461018310367052,0.24841323315892813,0.40548493580436673,0.40548493580436673,1.0791970420036376,0.05938310476766151,3.1,3.1,2.5,1.0451612903225806,0.30864197530864196,0.30864197530864196,0.3827160493827161,2.5,0.40548493580436673,0.013712339510916771,0.009141559673944514,1,1,1.5,22.48
2021,32,2022-04-16,valencia,osasuna,2021|2022-04-16|valencia|osasuna,2021|2022-04-16|valencia|osasuna,A,H,0.5255071305807233,0.27280235281174847,0.20169051660752826,0.5255071305807233,1.0153899187658433,0.2527047777689748,2.15,3.2,3.7,1.0478865493400376,0.44386129334582947,0.2982193064667292,0.2579194001874414,2.15,0.5255071305807233,0.12984033074855506,0.11290463543352615,1,0,-1.0,21.48
2021,32,2022-04-17,ath bilbao,celta,2021|2022-04-17|ath bilbao|celta,2021|2022-04-17|athbilbao|celta,A,H,0.6052314393271387,0.24377421501330973,0.15099434565955144,0.6052314393271387,0.9334607363760501,0.361457224313829,1.75,3.6,5.0,1.0492063492063493,0.5446293494704992,0.264750378214826,0.19062027231467474,1.75,0.6052314393271387,0.0591550188224928,0.0788733584299904,1,0,-1.0,20.48
2021,32,2022-04-17,ath madrid,espanol,2021|2022-04-17|ath madrid|espanol,2021|2022-04-17|athmadrid|espanol,H,H,0.7285609799727484,0.16569515411253857,0.10574386591471295,0.7285609799727484,0.7661566004368121,0.5628658258602098,1.4,4.5,8.5,1.054154995331466,0.6775907883082374,0.21080602302922938,0.11160318866253321,1.4,0.7285609799727484,0.019985371961847687,0.04996342990461923,1,1,0.3999999999999999,20.88
2021,32,2022-04-17,granada,levante,2021|2022-04-17|granada|levante,2021|2022-04-17|granada|levante,A,H,0.4829853999823164,0.25784747856771884,0.25916712144996473,0.4829853999823164,1.0509336036978447,0.22381827853235164,2.37,3.4,3.0,1.049391908662199,0.40208136234626296,0.28027436140018924,0.3176442762535478,2.37,0.4829853999823164,0.1446753979580898,0.10560248026137942,1,0,-1.0,19.88
2021,32,2022-04-17,sevilla,real madrid,2021|2022-04-17|sevilla|real madrid,2021|2022-04-17|sevilla|realmadrid,A,A,0.30856219775404975,0.2767306602671473,0.41470714197880304,0.41470714197880304,1.0833541154520012,0.10614494422475329,3.0,3.4,2.4,1.0441176470588236,0.31924882629107976,0.28169014084507044,0.39906103286384975,2.4,0.41470714197880304,-0.00470285925087266,0.0,1,1,1.4,21.28
2021,32,2022-04-18,barcelona,cadiz,2021|2022-04-18|barcelona|cadiz,2021|2022-04-18|barcelona|cadiz,A,H,0.7919613488030935,0.1424254718173235,0.0656131793795829,0.7919613488030935,0.6410262878936617,0.64953587698577,1.2,6.5,15.0,1.0538461538461539,0.7907542579075426,0.14598540145985403,0.0632603406326034,1.2,0.7919613488030935,-0.04964638143628777,0.0,1,0,-1.0,20.28
2021,33,2022-04-19,betis,elche,2021|2022-04-19|betis|elche,2021|2022-04-19|betis|elche,A,H,0.6511084338530877,0.1836624287682882,0.16522913737862407,0.6511084338530877,0.8881038009661901,0.4674460050847995,1.55,4.0,6.0,1.0618279569892473,0.6075949367088608,0.23544303797468355,0.1569620253164557,1.55,0.6511084338530877,0.009218072472285954,0.016760131767792643,1,0,-1.0,19.28
2021,33,2022-04-19,mallorca,alaves,2021|2022-04-19|mallorca|alaves,2021|2022-04-19|mallorca|alaves,H,H,0.6548465468585162,0.2000334361664208,0.14512001697506294,0.6548465468585162,0.8792499029508782,0.4548131106920954,1.95,3.3,4.2,1.0539460539460541,0.48657187993680884,0.287519747235387,0.22590837282780407,1.95,0.6548465468585162,0.27695076637410654,0.29152712249905954,1,1,0.95,20.23
2021,33,2022-04-19,villarreal,valencia,2021|2022-04-19|villarreal|valencia,2021|2022-04-19|villarreal|valencia,H,H,0.6056893431510624,0.22662852548836443,0.16768213136057322,0.6056893431510624,0.939530039519197,0.37906081766269795,1.44,4.75,6.5,1.0588169140800718,0.6558682952734998,0.19883165161975572,0.14530005310674457,1.44,0.6056893431510624,-0.12780734586247022,0.0,1,1,0.43999999999999995,20.669999999999998
2021,33,2022-04-20,ath madrid,granada,2021|2022-04-20|ath madrid|granada,2021|2022-04-20|athmadrid|granada,D,H,0.8088384797697191,0.09983079188231067,0.09133072834797021,0.8088384797697191,0.6202168318072874,0.7090076878874084,1.3,5.25,10.0,1.0597069597069597,0.7258900795022467,0.1797442101624611,0.09436571033529209,1.3,0.8088384797697191,0.05149002370063488,0.17163341233544957,1,0,-1.0,19.669999999999998
2021,33,2022-04-20,celta,getafe,2021|2022-04-20|celta|getafe,2021|2022-04-20|celta|getafe,A,H,0.41546257934499914,0.4042400822383308,0.18029733841667003,0.41546257934499914,1.0399418189340315,0.011222497106668339,2.15,3.1,3.75,1.0543635908977245,0.44113461720899344,0.3059482022578503,0.25291718053315626,2.15,0.41546257934499914,-0.10675545440825196,0.0,1,0,-1.0,18.669999999999998
2021,33,2022-04-20,osasuna,real madrid,2021|2022-04-20|osasuna|real madrid,2021|2022-04-20|osasuna|realmadrid,A,A,0.18323164248208726,0.2163999628074428,0.6003683947104699,0.6003683947104699,0.9484875093379374,0.3839684319030271,5.0,3.75,1.66,1.0690763052208836,0.18707738542449287,0.2494365138993238,0.5634861006761833,1.66,0.6003683947104699,-0.0033884647806200485,0.0,1,1,0.6599999999999999,19.33
2021,33,2022-04-21,cadiz,ath bilbao,2021|2022-04-21|cadiz|ath bilbao,2021|2022-04-21|cadiz|athbilbao,A,D,0.28024436483680903,0.41015622368004884,0.3095994114831422,0.41015622368004884,1.085033141438403,0.10055681219690665,3.4,3.0,2.3,1.0622335890878092,0.2768860353130016,0.3138041733547351,0.40930979133226325,3.0,0.41015622368004884,0.23046867104014657,0.11523433552007328,1,0,-1.0,18.33
2021,33,2022-04-21,espanol,vallecano,2021|2022-04-21|espanol|vallecano,2021|2022-04-21|espanol|vallecano,A,H,0.39002470397114275,0.32096039789661585,0.28901489813224146,0.39002470397114275,1.0907248882423144,0.0690643060745269,2.37,3.2,3.1,1.0570215734313324,0.39917910748058427,0.29564202647780774,0.305178866041608,2.37,0.39002470397114275,-0.07564145158839164,0.0,1,0,-1.0,17.33
2021,33,2022-04-21,levante,sevilla,2021|2022-04-21|levante|sevilla,2021|2022-04-21|levante|sevilla,A,A,0.2472358644777432,0.27879995111721406,0.47396418440504273,0.47396418440504273,1.0554635324826673,0.19516423328782867,3.5,3.5,2.1,1.0476190476190474,0.27272727272727276,0.27272727272727276,0.4545454545454546,2.1,0.47396418440504273,-0.004675212749410185,0.0,1,1,1.1,18.43
2021,33,2022-04-21,sociedad,barcelona,2021|2022-04-21|sociedad|barcelona,2021|2022-04-21|sociedad|barcelona,A,A,0.2747474573841831,0.21831194569070844,0.5069405969251084,0.5069405969251084,1.031576678797464,0.2321931395409253,3.5,3.5,2.1,1.0476190476190474,0.27272727272727276,0.27272727272727276,0.4545454545454546,2.1,0.5069405969251084,0.06457525354272764,0.05870477594793421,1,1,1.1,19.53
2021,34,2022-04-29,sevilla,cadiz,2021|2022-04-29|sevilla|cadiz,2021|2022-04-29|sevilla|cadiz,D,H,0.6059611669351416,0.23212127275681885,0.16191756030803958,0.6059611669351416,0.9373599547790727,0.37383989417832275,1.65,3.5,6.0,1.0584415584415585,0.5725971370143149,0.2699386503067484,0.1574642126789366,1.65,0.6059611669351416,-0.00016407455701644702,0.0,1,0,-1.0,18.53
2021,34,2022-04-30,alaves,villarreal,2021|2022-04-30|alaves|villarreal,2021|2022-04-30|alaves|villarreal,H,A,0.2838331959491223,0.24411574652273232,0.4720510575281454,0.4720510575281454,1.0560350215225984,0.1882178615790231,3.4,3.5,2.1,1.0560224089635852,0.2785145888594165,0.27055702917771884,0.4509283819628648,2.1,0.4720510575281454,-0.008692779190894617,0.0,1,0,-1.0,17.53
2021,34,2022-04-30,ath bilbao,ath madrid,2021|2022-04-30|ath bilbao|ath madrid,2021|2022-04-30|athbilbao|athmadrid,H,A,0.3266642460880441,0.3117573985769106,0.36157835533504534,0.36157835533504534,1.0966670342666793,0.034914109247001224,3.0,3.0,2.55,1.0588235294117647,0.31481481481481477,0.31481481481481477,0.3703703703703704,2.55,0.36157835533504534,-0.07797519389563445,0.0,1,0,-1.0,16.53
2021,34,2022-04-30,real madrid,espanol,2021|2022-04-30|real madrid|espanol,2021|2022-04-30|realmadrid|espanol,H,H,0.6461732675907339,0.2104904923318625,0.14333624007740356,0.6461732675907339,0.8886258430153587,0.4356827752588714,1.5,4.5,6.0,1.0555555555555556,0.631578947368421,0.21052631578947367,0.15789473684210525,1.5,0.6461732675907339,-0.030740098613899147,0.0,1,1,0.5,17.03
2021,34,2022-04-30,valencia,levante,2021|2022-04-30|valencia|levante,2021|2022-04-30|valencia|levante,D,H,0.5200453619311097,0.21502461010704,0.2649300279618502,0.5200453619311097,1.0224232717432076,0.2551153339692595,2.2,3.5,3.2,1.0527597402597402,0.4317656129529684,0.27139552814186585,0.2968388589051658,2.2,0.5200453619311097,0.1440997962484415,0.1200831635403679,1,0,-1.0,16.03
2021,34,2022-05-01,barcelona,mallorca,2021|2022-05-01|barcelona|mallorca,2021|2022-05-01|barcelona|mallorca,H,H,0.8005147027839232,0.12949162600696518,0.06999367120911157,0.8005147027839232,0.6289514177031764,0.671023076776958,1.3,5.5,9.0,1.0621600621600622,0.7242136064374541,0.1711777615215801,0.10460863204096561,1.3,0.8005147027839232,0.04066911361910022,0.13556371206366738,1,1,0.30000000000000004,16.33
2021,34,2022-05-01,elche,osasuna,2021|2022-05-01|elche|osasuna,2021|2022-05-01|elche|osasuna,D,D,0.339198995184694,0.3401048967320571,0.32069610808324883,0.3401048967320571,1.098250024592033,0.0009059015473631415,2.8,3.2,2.7,1.0400132275132274,0.34340222575516693,0.3004769475357711,0.35612082670906203,3.2,0.3401048967320571,0.08833566954258287,0.040152577064810395,1,1,2.2,18.53
2021,34,2022-05-01,granada,celta,2021|2022-05-01|granada|celta,2021|2022-05-01|granada|celta,D,H,0.41134945637634673,0.2481651821448674,0.34048536147878583,0.41134945637634673,1.0780979775712967,0.0708640948975609,2.8,3.2,2.62,1.0513222464558343,0.33970826580226904,0.2972447325769854,0.3630470016207455,2.8,0.41134945637634673,0.15177847785377074,0.0843213765854282,1,0,-1.0,17.53
2021,34,2022-05-01,vallecano,sociedad,2021|2022-05-01|vallecano|sociedad,2021|2022-05-01|vallecano|sociedad,D,D,0.27252623931667064,0.3948837401631722,0.33259002052015724,0.3948837401631722,1.0873313423994997,0.062293719643014944,3.3,3.1,2.37,1.0475518764616356,0.2892747460429955,0.30793763288447906,0.4027876210725253,3.1,0.3948837401631722,0.22413959450583376,0.10673314024087321,1,1,2.1,19.63
2021,34,2022-05-02,getafe,betis,2021|2022-05-02|getafe|betis,2021|2022-05-02|getafe|betis,D,A,0.3419409155929734,0.28724776058866686,0.37081132381835974,0.37081132381835974,1.093126281857371,0.028870408225386335,2.75,3.1,2.7,1.0565873791680245,0.34416118421052627,0.30530427631578944,0.3505345394736841,2.7,0.37081132381835974,0.0011905743095712573,0.000700337829159563,1,0,-1.0,18.63
2021,35,2022-05-06,levante,sociedad,2021|2022-05-06|levante|sociedad,2021|2022-05-06|levante|sociedad,H,A,0.28180551827688133,0.2769238563019164,0.4412706254212022,0.4412706254212022,1.0734933160937608,0.15946510714432088,3.3,3.6,2.1,1.0569985569985572,0.28668941979522183,0.26279863481228666,0.4505119453924914,2.1,0.4412706254212022,-0.07333168661547529,0.0,1,0,-1.0,17.63
2021,35,2022-05-07,ath bilbao,valencia,2021|2022-05-07|ath bilbao|valencia,2021|2022-05-07|athbilbao|valencia,D,H,0.6612179372577852,0.18708181261638243,0.15170025012583227,0.6612179372577852,0.873199196715077,0.47413612464140276,1.55,4.0,6.5,1.0490074441687345,0.6150206978119456,0.23832052040212892,0.1466587817859255,1.55,0.6612179372577852,0.02488780274956709,0.045250550453758344,1,0,-1.0,16.63
2021,35,2022-05-07,betis,barcelona,2021|2022-05-07|betis|barcelona,2021|2022-05-07|betis|barcelona,A,A,0.23043349482508585,0.25684352735493987,0.5127229778199743,0.5127229778199743,1.0298620390177193,0.25587945046503446,3.0,3.6,2.25,1.0555555555555556,0.3157894736842105,0.2631578947368421,0.42105263157894735,2.25,0.5127229778199743,0.15362670009494228,0.12290136007595383,1,1,1.25,17.88
2021,35,2022-05-07,cadiz,elche,2021|2022-05-07|cadiz|elche,2021|2022-05-07|cadiz|elche,H,H,0.6559376422723374,0.17975588726780356,0.16430647045985905,0.6559376422723374,0.8818321900898793,0.47618175500453386,1.7,3.75,5.0,1.0549019607843138,0.5576208178438662,0.2527881040892193,0.1895910780669145,1.7,0.6559376422723374,0.11509399186297359,0.16441998837567656,1,1,0.7,18.580000000000002
2021,35,2022-05-07,celta,alaves,2021|2022-05-07|celta|alaves,2021|2022-05-07|celta|alaves,H,H,0.5557119266523807,0.26858741744390296,0.1757006559037165,0.5557119266523807,0.9851017962873806,0.2871245092084777,1.9,3.4,4.33,1.0513803187495978,0.5005950559352579,0.2797442959638206,0.21966064810092148,1.9,0.5557119266523807,0.05585266063952321,0.06205851182169246,1,1,0.8999999999999999,19.48
2021,35,2022-05-07,mallorca,granada,2021|2022-05-07|mallorca|granada,2021|2022-05-07|mallorca|granada,A,H,0.5012995286775117,0.23454047548890444,0.26415999583358385,0.5012995286775117,1.0379365086507573,0.23713953284392786,1.95,3.5,4.0,1.0485347985347986,0.48908296943231444,0.2724890829694323,0.23842794759825325,1.95,0.5012995286775117,-0.022465919078852203,0.0,1,0,-1.0,18.48
2021,35,2022-05-08,ath madrid,real madrid,2021|2022-05-08|ath madrid|real madrid,2021|2022-05-08|athmadrid|realmadrid,H,H,0.5103285769963135,0.19367828411595692,0.29599313888772955,0.5103285769963135,1.0215798666115146,0.21433543810858396,2.1,3.5,3.5,1.0476190476190474,0.4545454545454546,0.27272727272727276,0.27272727272727276,2.1,0.5103285769963135,0.07169001169225842,0.0651727379020531,1,1,1.1,19.580000000000002
2021,35,2022-05-08,espanol,osasuna,2021|2022-05-08|espanol|osasuna,2021|2022-05-08|espanol|osasuna,D,H,0.43956306833182784,0.2705411668798889,0.2898957647882832,0.43956306833182784,1.0739550501531057,0.14966730354354463,2.3,3.3,3.2,1.0503129117259553,0.41395531164249316,0.2885143081144649,0.2975303802430419,2.3,0.43956306833182784,0.010995057163204036,0.008457736279387722,1,0,-1.0,18.580000000000002
2021,35,2022-05-08,getafe,vallecano,2021|2022-05-08|getafe|vallecano,2021|2022-05-08|getafe|vallecano,D,H,0.4721507019389502,0.26719341221875753,0.26065588584229227,0.4721507019389502,1.057431978064296,0.20495728972019267,2.05,3.1,4.2,1.0484807613053089,0.46524924066464185,0.30766482043952115,0.22708593889583706,2.05,0.4721507019389502,-0.032091061025152245,0.0,1,0,-1.0,17.580000000000002
2021,35,2022-05-08,villarreal,sevilla,2021|2022-05-08|villarreal|sevilla,2021|2022-05-08|villarreal|sevilla,D,H,0.38330125779477825,0.28562512529659745,0.3310736169086244,0.38330125779477825,1.0914439278851886,0.05222764088615384,2.3,3.3,3.1,1.0603935568872456,0.41002004008016035,0.28577154308617236,0.30420841683366734,2.3,0.38330125779477825,-0.11840710707201002,0.0,1,0,-1.0,16.580000000000002
2021,36,2022-05-10,barcelona,celta,2021|2022-05-10|barcelona|celta,2021|2022-05-10|barcelona|celta,H,H,0.6981057245634099,0.1538938484365318,0.14800042700005828,0.6981057245634099,0.8216604223429164,0.5442118761268782,1.44,5.0,6.0,1.0611111111111111,0.6544502617801047,0.18848167539267016,0.15706806282722513,1.44,0.6981057245634099,0.005272243371310215,0.011982371298432307,1,1,0.43999999999999995,17.02
2021,36,2022-05-10,granada,ath bilbao,2021|2022-05-10|granada|ath bilbao,2021|2022-05-10|granada|athbilbao,H,A,0.3277166781229521,0.2755942172620917,0.3966891046149561,0.3966891046149561,1.087575257768724,0.06897242649200402,3.2,3.3,2.25,1.0599747474747474,0.2948183442525313,0.2858844550327576,0.41929720071471116,2.25,0.3966891046149561,-0.10744951461634877,0.0,1,0,-1.0,16.02
2021,36,2022-05-10,valencia,betis,2021|2022-05-10|valencia|betis,2021|2022-05-10|valencia|betis,A,A,0.249927698447186,0.29108627607266835,0.4589860254801456,0.4589860254801456,1.0632142975762937,0.16789974940747726,3.1,3.4,2.2,1.0712437467655684,0.30112721417069244,0.2745571658615137,0.4243156199677939,2.2,0.4589860254801456,0.009769256056320508,0.008141046713600423,1,1,1.2000000000000002,17.22
2021,36,2022-05-11,alaves,espanol,2021|2022-05-11|alaves|espanol,2021|2022-05-11|alaves|espanol,H,H,0.582938876156069,0.19589237508694873,0.22116874875698223,0.582938876156069,0.9676439933925053,0.36177012739908676,2.1,3.4,3.5,1.0560224089635852,0.4509283819628648,0.2785145888594165,0.27055702917771884,2.1,0.582938876156069,0.22417163992774491,0.20379239993431353,1,1,1.1,18.32
2021,36,2022-05-11,elche,ath madrid,2021|2022-05-11|elche|ath madrid,2021|2022-05-11|elche|athmadrid,A,A,0.10354886499501462,0.1843633518156824,0.7120877831893029,0.7120877831893029,0.7883414534241434,0.5277244313736205,6.0,3.6,1.65,1.0505050505050506,0.15865384615384612,0.2644230769230769,0.5769230769230769,1.65,0.7120877831893029,0.1749448422623497,0.2691459111728457,1,1,0.6499999999999999,18.97
2021,36,2022-05-11,osasuna,getafe,2021|2022-05-11|osasuna|getafe,2021|2022-05-11|osasuna|getafe,D,H,0.3638657240633993,0.3450129316619977,0.29112134427460296,0.3638657240633993,1.0942591800526624,0.018852792401401586,2.7,2.9,3.0,1.0485312899106003,0.3532277710109622,0.32886723507917176,0.317904993909866,2.7,0.3638657240633993,-0.01756254502882182,0.0,1,0,-1.0,17.97
2021,36,2022-05-11,sevilla,mallorca,2021|2022-05-11|sevilla|mallorca,2021|2022-05-11|sevilla|mallorca,D,H,0.6733048291517645,0.2029871823425253,0.12370798850571024,0.6733048291517645,0.8485452413898212,0.47031764680923915,1.61,4.0,5.5,1.052936194240542,0.5898914063547392,0.23743129105778257,0.17267730258747824,1.61,0.6733048291517645,0.0840207749343409,0.13773897530219817,1,0,-1.0,16.97
2021,36,2022-05-12,real madrid,levante,2021|2022-05-12|real madrid|levante,2021|2022-05-12|realmadrid|levante,H,H,0.6804669801792395,0.1605370601735457,0.15899595964721486,0.6804669801792395,0.8479966552944569,0.5199299200056937,1.45,5.25,5.5,1.0619495447081655,0.6494236716333989,0.17936463311779588,0.17121169524880517,1.45,0.6804669801792395,-0.013322878740102795,0.0,1,1,0.44999999999999996,17.42
2021,36,2022-05-12,sociedad,cadiz,2021|2022-05-12|sociedad|cadiz,2021|2022-05-12|sociedad|cadiz,H,H,0.6658045786450426,0.21551575057671782,0.1186796707782396,0.6658045786450426,0.854523882453486,0.4502888280683248,1.66,3.6,5.5,1.0620055981501766,0.5672377241734945,0.261559617257778,0.17120265856872743,1.66,0.6658045786450426,0.10523560055077069,0.15944787962237986,1,1,0.6599999999999999,18.080000000000002
2021,36,2022-05-12,vallecano,villarreal,2021|2022-05-12|vallecano|villarreal,2021|2022-05-12|vallecano|villarreal,A,A,0.2079298475880685,0.17728959192630117,0.6147805604856302,0.6147805604856302,0.9323555009488533,0.4068507128975617,4.2,3.8,1.8,1.0568086883876358,0.225296442687747,0.24901185770750986,0.5256916996047432,1.8,0.6147805604856302,0.10660500887413443,0.13325626109266803,1,1,0.8,18.88
2021,37,2022-05-14,espanol,valencia,2021|2022-05-14|espanol|valencia,2021|2022-05-14|espanol|valencia,D,H,0.48198569899485627,0.2547087730387571,0.26330552796638673,0.48198569899485627,1.051486824822483,0.21868017102846954,2.5,3.4,2.8,1.0512605042016807,0.38049560351718625,0.2797761790567546,0.33972821742605913,2.5,0.48198569899485627,0.2049642474871407,0.1366428316580938,1,0,-1.0,17.88
2021,37,2022-05-15,ath bilbao,osasuna,2021|2022-05-15|ath bilbao|osasuna,2021|2022-05-15|athbilbao|osasuna,H,H,0.6329138531798347,0.2159815894337109,0.15110455738645437,0.6329138531798347,0.9060681232760578,0.4169322637461238,1.53,4.2,6.0,1.0583566760037348,0.6175562417291575,0.22496691662990734,0.15747684164093514,1.53,0.6329138531798347,-0.03164180463485283,0.0,1,1,0.53,18.41
2021,37,2022-05-15,ath madrid,sevilla,2021|2022-05-15|ath madrid|sevilla,2021|2022-05-15|athmadrid|sevilla,D,H,0.3942692249276901,0.3132970349566121,0.2924337401156977,0.3942692249276901,1.0901207152687853,0.08097218997107802,2.25,3.0,3.6,1.0555555555555554,0.4210526315789474,0.31578947368421056,0.26315789473684215,2.25,0.3942692249276901,-0.1128942439126972,0.0,1,0,-1.0,17.41
2021,37,2022-05-15,betis,granada,2021|2022-05-15|betis|granada,2021|2022-05-15|betis|granada,H,H,0.6244957190920002,0.21871862532530417,0.15678565558269575,0.6244957190920002,0.9169692285280643,0.405777093766696,1.5,4.33,6.0,1.0642802155504234,0.6264014466546112,0.21699819168173598,0.1566003616636528,1.5,0.6244957190920002,-0.06325642136199972,0.0,1,1,0.5,17.91
2021,37,2022-05-15,cadiz,real madrid,2021|2022-05-15|cadiz|real madrid,2021|2022-05-15|cadiz|realmadrid,D,A,0.3163802462701935,0.15803542105846202,0.5255843326713445,0.5255843326713445,0.9937382484672993,0.209204086401151,3.3,3.3,2.2,1.0606060606060606,0.28571428571428575,0.28571428571428575,0.4285714285714286,2.2,0.5255843326713445,0.15628553187695804,0.13023794323079835,1,0,-1.0,16.91
2021,37,2022-05-15,celta,elche,2021|2022-05-15|celta|elche,2021|2022-05-15|celta|elche,H,H,0.6333165213721226,0.21107007336046885,0.15561340526740866,0.6333165213721226,0.9071228415930987,0.42224644801165373,1.65,3.8,5.5,1.05103668261563,0.5766312594840667,0.25037936267071315,0.17298937784522,1.65,0.6333165213721226,0.044972260264002195,0.06918809271384954,1,1,0.6499999999999999,17.56
2021,37,2022-05-15,getafe,barcelona,2021|2022-05-15|getafe|barcelona,2021|2022-05-15|getafe|barcelona,D,A,0.2049721525482325,0.24633727189660481,0.5486905755551628,0.5486905755551628,0.9993236293397012,0.30235330365855795,3.75,3.25,2.1,1.0505494505494504,0.2538354253835426,0.29288702928870297,0.4532775453277546,2.1,0.5486905755551628,0.15225020866584182,0.13840928060531074,1,0,-1.0,16.56
2021,37,2022-05-15,levante,alaves,2021|2022-05-15|levante|alaves,2021|2022-05-15|levante|alaves,H,D,0.330226444735596,0.35328894615310186,0.31648460911130216,0.35328894615310186,1.0975788196177478,0.023062501417505876,2.8,3.8,2.25,1.0647451963241437,0.3354256571204394,0.2471557473519027,0.4174185955276579,3.8,0.35328894615310186,0.34249799538178705,0.12232071263635252,1,0,-1.0,15.56
2021,37,2022-05-15,mallorca,vallecano,2021|2022-05-15|mallorca|vallecano,2021|2022-05-15|mallorca|vallecano,H,H,0.6723134759531668,0.19128343089000294,0.13640309315683022,0.6723134759531668,0.8550457813215373,0.4810300450631639,1.57,3.8,6.5,1.0539467237422318,0.6043404859191113,0.24968804286658017,0.14597147121430842,1.57,0.6723134759531668,0.055532157246471925,0.09742483727451214,1,1,0.5700000000000001,16.13
2021,37,2022-05-15,villarreal,sociedad,2021|2022-05-15|villarreal|sociedad,2021|2022-05-15|villarreal|sociedad,A,H,0.4363811338126038,0.28895766878878587,0.2746611973986104,0.4363811338126038,1.0755199661359571,0.14742346502381792,2.1,3.6,3.3,1.056998556998557,0.45051194539249145,0.2627986348122867,0.2866894197952219,2.1,0.4363811338126038,-0.08359961899353202,0.0,1,0,-1.0,15.13
2021,38,2022-05-20,real madrid,betis,2021|2022-05-20|real madrid|betis,2021|2022-05-20|realmadrid|betis,D,H,0.5831701006407881,0.22643059161108764,0.19039930774812427,0.5831701006407881,0.966613364755456,0.3567395090297005,1.65,4.5,4.33,1.0592297104999184,0.5721710787120644,0.20979606219442362,0.21803285909351183,1.65,0.5831701006407881,-0.03776933394269966,0.0,1,0,-1.0,14.13
2021,38,2022-05-20,vallecano,levante,2021|2022-05-20|vallecano|levante,2021|2022-05-20|vallecano|levante,A,H,0.627539411584457,0.16888237169645232,0.20357821671909068,0.627539411584457,0.9168039214011259,0.4239611948653663,1.85,4.0,3.8,1.0536984352773826,0.5129935875801552,0.2372595342558218,0.24974687816402294,1.85,0.627539411584457,0.16094791143124554,0.18935048403675944,1,0,-1.0,13.13
2021,38,2022-05-21,valencia,celta,2021|2022-05-21|valencia|celta,2021|2022-05-21|valencia|celta,H,H,0.35312210195963945,0.33927418699252654,0.30760371104783396,0.35312210195963945,1.096963952851507,0.013847914967112906,2.75,3.3,2.62,1.0483460559796438,0.3468667255075022,0.2890556045895852,0.36407766990291257,2.75,0.35312210195963945,-0.0289142196109915,0.0,1,1,1.75,14.88
2021,38,2022-05-22,alaves,cadiz,2021|2022-05-22|alaves|cadiz,2021|2022-05-22|alaves|cadiz,A,A,0.268703829031664,0.19437951555252087,0.5369166554158151,0.5369166554158151,1.005413578598167,0.2682128263841511,4.2,3.7,1.83,1.0548135957972022,0.22572257225722572,0.25622562256225623,0.5180518051805181,1.83,0.5369166554158151,-0.017442520589058264,0.0,1,1,0.8300000000000001,15.71
2021,38,2022-05-22,barcelona,villarreal,2021|2022-05-22|barcelona|villarreal,2021|2022-05-22|barcelona|villarreal,A,H,0.5041347019909168,0.2198470541241104,0.27601824388497276,0.5041347019909168,1.0336322706902399,0.22811645810594405,2.1,4.0,3.0,1.0595238095238095,0.449438202247191,0.23595505617977527,0.3146067415730337,2.1,0.5041347019909168,0.058682874180925326,0.05334806743720484,1,0,-1.0,14.71
2021,38,2022-05-22,elche,getafe,2021|2022-05-22|elche|getafe,2021|2022-05-22|elche|getafe,H,D,0.28412073352783335,0.38817347031168176,0.32770579616048495,0.38817347031168176,1.0904561124075527,0.060467674151196804,3.1,2.87,2.62,1.0526920902233963,0.30643399732663906,0.33099142568382617,0.36257457698953477,2.87,0.38817347031168176,0.11405785979452665,0.06099350791151158,1,0,-1.0,13.71
2021,38,2022-05-22,granada,espanol,2021|2022-05-22|granada|espanol,2021|2022-05-22|granada|espanol,D,H,0.806281782372011,0.1024188671761709,0.09129935045181813,0.806281782372011,0.6255256521587381,0.7038629151958401,1.44,4.33,7.5,1.0587246599948679,0.6559254456657416,0.21813686876643598,0.1259376855678224,1.44,0.806281782372011,0.16104576661569575,0.3660131059447631,1,0,-1.0,12.71
2021,38,2022-05-22,osasuna,mallorca,2021|2022-05-22|osasuna|mallorca,2021|2022-05-22|osasuna|mallorca,A,H,0.4055341338846918,0.3035922420150067,0.29087362410030165,0.4055341338846918,1.0871081272363414,0.10194189186968511,3.3,3.4,2.2,1.0516934046345812,0.288135593220339,0.2796610169491525,0.43220338983050843,3.3,0.4055341338846918,0.33826264181948285,0.14707071383455778,1,0,-1.0,11.71
2021,38,2022-05-22,sevilla,ath bilbao,2021|2022-05-22|sevilla|ath bilbao,2021|2022-05-22|sevilla|athbilbao,H,D,0.3492978236895144,0.35505330069628294,0.2956488756142028,0.35505330069628294,1.095327881888481,0.005755477006768539,2.5,3.3,2.87,1.051462358779432,0.38042255784061696,0.2881989074550128,0.3313785347043701,3.3,0.35505330069628294,0.1716758922977336,0.07464169230336244,1,0,-1.0,10.71
2021,38,2022-05-22,sociedad,ath madrid,2021|2022-05-22|sociedad|ath madrid,2021|2022-05-22|sociedad|athmadrid,A,A,0.3034639460182397,0.3478828765736691,0.34865317740809115,0.34865317740809115,1.096572365635666,0.000770300834422033,2.62,3.3,2.7,1.0550800627136505,0.36175395858708886,0.28721071863581,0.3510353227771011,2.7,0.34865317740809115,-0.058636420998153804,0.0,1,1,1.7000000000000002,12.41
