Season,Matchday,Date,HomeTeam_norm,AwayTeam_norm,pred_key,pred_key_match,y_true,y_pred,proba_H,proba_D,proba_A,conf_maxprob,entropy,margin_top12,B365H,B365D,B365A,overround,pH_mkt,pD_mkt,pA_mkt,odds_pick,p_pick,ev_pick,kelly_pick,bet_placed,correct,profit,cum_profit_season
2023,1,2023-08-11,almeria,vallecano,2023|2023-08-11|almeria|vallecano,2023|2023-08-11|almeria|vallecano,A,H,0.3543062867758845,0.30976398062754473,0.3359297325965708,0.3543062867758845,1.0971021875468692,0.01837655417931372,2.45,3.3,2.9,1.056021154543322,0.3865105008077544,0.28695476575121165,0.32653473344103395,2.45,0.3543062867758845,-0.13194959739908296,0.0,1,0,-1.0,-1.0
2023,1,2023-08-11,sevilla,valencia,2023|2023-08-11|sevilla|valencia,2023|2023-08-11|sevilla|valencia,A,H,0.490579739775788,0.33827418317386804,0.1711460770503439,0.490579739775788,1.018143336686294,0.15230555660191997,1.91,3.5,4.2,1.0473697332336076,0.49988098071887643,0.2727921923351583,0.22732682694596523,1.91,0.490579739775788,-0.06299269702824489,0.0,1,0,-1.0,-2.0
2023,1,2023-08-12,ath bilbao,real madrid,2023|2023-08-12|ath bilbao|real madrid,2023|2023-08-12|athbilbao|realmadrid,A,A,0.20957891450927885,0.18586971191568077,0.6045513735750404,0.6045513735750404,0.9445159613031184,0.39497245906576156,3.3,3.5,2.15,1.0538608678143562,0.28754298815437523,0.2711119602598395,0.44134505158578524,2.15,0.6045513735750404,0.29978545318633687,0.26068300277072776,1,1,1.15,-0.8500000000000001
2023,1,2023-08-12,las palmas,mallorca,2023|2023-08-12|las palmas|mallorca,2023|2023-08-12|laspalmas|mallorca,D,H,0.47423319333518454,0.19354191733871554,0.33222488932609984,0.47423319333518454,1.0377438903166463,0.1420083040090847,2.4,3.0,3.3,1.053030303030303,0.3956834532374101,0.31654676258992803,0.2877697841726619,2.4,0.47423319333518454,0.1381596640044429,0.0986854742888878,1,0,-1.0,-1.85
2023,1,2023-08-12,sociedad,girona,2023|2023-08-12|sociedad|girona,2023|2023-08-12|sociedad|girona,D,H,0.5715291980605804,0.31277152111209416,0.11569928082732542,0.5715291980605804,0.9328006165318463,0.2587576769484863,1.62,4.0,5.25,1.0577601410934743,0.5835764902042518,0.236348478532722,0.18007503126302626,1.62,0.5715291980605804,-0.0741226991418596,0.0,1,0,-1.0,-2.85
2023,1,2023-08-13,celta,osasuna,2023|2023-08-13|celta|osasuna,2023|2023-08-13|celta|osasuna,A,H,0.41651482731113215,0.27150156436589173,0.3119836083229761,0.41651482731113215,1.0821777857361354,0.10453121898815604,2.05,3.2,3.9,1.0567151344590369,0.46162382097281307,0.29572776031070835,0.2426484187164787,2.05,0.41651482731113215,-0.1461446040121792,0.0,1,0,-1.0,-3.85
2023,1,2023-08-13,getafe,barcelona,2023|2023-08-13|getafe|barcelona,2023|2023-08-13|getafe|barcelona,D,A,0.06824954935489132,0.1187373742800593,0.8130130763650495,0.8130130763650495,0.6045324439412634,0.6942757020849902,6.5,3.8,1.57,1.0539467237422315,0.14597147121430845,0.24968804286658022,0.6043404859191114,1.57,0.8130130763650495,0.2764305298931278,0.484965841917768,1,0,-1.0,-4.85
2023,1,2023-08-13,villarreal,betis,2023|2023-08-13|villarreal|betis,2023|2023-08-13|villarreal|betis,A,H,0.5471141312940798,0.29652007291429505,0.15636579579162516,0.5471141312940798,0.9805707985898522,0.25059405837978477,1.75,4.0,4.2,1.0595238095238095,0.5393258426966292,0.23595505617977527,0.2247191011235955,1.75,0.5471141312940798,-0.04255027023536029,0.0,1,0,-1.0,-5.85
2023,1,2023-08-14,ath madrid,granada,2023|2023-08-14|ath madrid|granada,2023|2023-08-14|athmadrid|granada,H,H,0.7221592344998312,0.21856365468530237,0.05927711081486643,0.7221592344998312,0.7349240893829835,0.5035955798145288,1.3,5.5,9.5,1.056312108943688,0.7282229965156793,0.17212543554006968,0.09965156794425085,1.3,0.7221592344998312,-0.06119299515021939,0.0,1,1,0.30000000000000004,-5.55
2023,1,2023-08-14,cadiz,alaves,2023|2023-08-14|cadiz|alaves,2023|2023-08-14|cadiz|alaves,H,H,0.41971238926087373,0.370509573579633,0.20977803715949328,0.41971238926087373,1.0598697765305602,0.04920281568124074,2.2,3.0,3.75,1.0545454545454545,0.4310344827586207,0.3160919540229885,0.25287356321839083,2.2,0.41971238926087373,-0.07663274362607775,0.0,1,1,1.2000000000000002,-4.35
2023,2,2023-08-18,mallorca,villarreal,2023|2023-08-18|mallorca|villarreal,2023|2023-08-18|mallorca|villarreal,A,A,0.2667677335579025,0.3200992923019593,0.41313297414013816,0.41313297414013816,1.0823371925122764,0.09303368183817884,2.8,3.2,2.6,1.0542582417582418,0.33876221498371334,0.29641693811074915,0.3648208469055374,2.6,0.41313297414013816,0.07414573276435932,0.046341082977724574,1,1,1.6,-2.75
2023,2,2023-08-18,valencia,las palmas,2023|2023-08-18|valencia|las palmas,2023|2023-08-18|valencia|laspalmas,H,H,0.47963383524010583,0.40748948835165333,0.11287667640824076,0.47963383524010583,0.9644580351619614,0.0721443468884525,1.57,3.9,6.0,1.0600195982361589,0.6008782066096602,0.2418919959941453,0.15722979739619442,1.57,0.47963383524010583,-0.2469748786730338,0.0,1,1,0.5700000000000001,-2.1799999999999997
2023,2,2023-08-19,almeria,real madrid,2023|2023-08-19|almeria|real madrid,2023|2023-08-19|almeria|realmadrid,A,A,0.09428582061693963,0.1387664961500994,0.7669476832329609,0.7669476832329609,0.7002068487488488,0.6281811870828615,8.0,4.75,1.4,1.0498120300751879,0.11906893464637423,0.20053715308863027,0.6803939122649956,1.4,0.7669476832329609,0.07372675652614524,0.18431689131536313,1,1,0.3999999999999999,-1.7799999999999998
2023,2,2023-08-19,osasuna,ath bilbao,2023|2023-08-19|osasuna|ath bilbao,2023|2023-08-19|osasuna|athbilbao,A,A,0.21487713955717108,0.3328499038286943,0.4522729566141347,0.4522729566141347,1.0554350060722713,0.11942305278544041,2.9,3.0,2.63,1.0583890564223593,0.3258041871412644,0.31494404756988886,0.35925176528884667,2.63,0.4522729566141347,0.18947787589517417,0.11624409564121116,1,1,1.63,-0.1499999999999999
2023,2,2023-08-19,sociedad,celta,2023|2023-08-19|sociedad|celta,2023|2023-08-19|sociedad|celta,D,H,0.6129488761798298,0.28981516829586645,0.09723595552430364,0.6129488761798298,0.8855814696366894,0.3231337078839634,1.73,3.4,5.5,1.0539705109579303,0.5484353462181424,0.2790568085168783,0.1725078452649793,1.73,0.6129488761798298,0.06040155579110562,0.0827418572480899,1,0,-1.0,-1.15
2023,2,2023-08-20,barcelona,cadiz,2023|2023-08-20|barcelona|cadiz,2023|2023-08-20|barcelona|cadiz,H,H,0.8462888890588477,0.12042119000129053,0.03328992093986174,0.8462888890588477,0.5094126679264499,0.7258676990575572,1.2,7.0,13.0,1.0531135531135531,0.7913043478260869,0.13565217391304346,0.07304347826086957,1.2,0.8462888890588477,0.015546666870617204,0.07773333435308603,1,1,0.19999999999999996,-0.95
2023,2,2023-08-20,betis,ath madrid,2023|2023-08-20|betis|ath madrid,2023|2023-08-20|betis|athmadrid,D,A,0.11784270299108002,0.28893182091128844,0.5932254760976315,0.5932254760976315,0.9204937835483098,0.3042936551863431,3.8,3.4,2.0,1.0572755417956656,0.24890190336749632,0.2781844802342606,0.47291361639824303,2.0,0.5932254760976315,0.1864509521952631,0.1864509521952631,1,0,-1.0,-1.95
2023,2,2023-08-20,girona,getafe,2023|2023-08-20|girona|getafe,2023|2023-08-20|girona|getafe,H,H,0.4389388298904128,0.3409839438439284,0.2200772262656588,0.4389388298904128,1.0614393308956618,0.09795488604648439,2.05,3.1,4.0,1.060385523210071,0.46002596920793914,0.30421072157299195,0.2357633092190688,2.05,0.4389388298904128,-0.10017539872465392,0.0,1,1,1.0499999999999998,-0.9000000000000001
2023,2,2023-08-21,alaves,sevilla,2023|2023-08-21|alaves|sevilla,2023|2023-08-21|alaves|sevilla,H,A,0.20327617856882654,0.26772953849347214,0.5289942829377012,0.5289942829377012,1.013517354443824,0.2612647444442291,3.3,3.1,2.35,1.0511428630852104,0.2882865057380293,0.3068856351404828,0.4048278591214879,2.35,0.5289942829377012,0.24313656490359792,0.1801011591878503,1,0,-1.0,-1.9000000000000001
2023,2,2023-08-21,granada,vallecano,2023|2023-08-21|granada|vallecano,2023|2023-08-21|granada|vallecano,A,A,0.3079065527788535,0.3204172369941684,0.37167621022697805,0.37167621022697805,1.0952380686438483,0.051258973232809646,2.75,3.0,2.8,1.0541125541125542,0.3449691991786447,0.31622176591375767,0.3388090349075975,2.8,0.37167621022697805,0.04069338863553851,0.02260743813085473,1,1,1.7999999999999998,-0.10000000000000031
2023,3,2023-08-25,celta,real madrid,2023|2023-08-25|celta|real madrid,2023|2023-08-25|celta|realmadrid,A,A,0.13067432725781886,0.18463631191037813,0.684689360831803,0.684689360831803,0.8372004578284704,0.5000530489214249,4.75,3.9,1.7,1.0551718663173772,0.1995185073728558,0.24300331026181163,0.5574781823653325,1.7,0.684689360831803,0.16397191341406503,0.23424559059152147,1,1,0.7,0.5999999999999996
2023,3,2023-08-25,las palmas,sociedad,2023|2023-08-25|las palmas|sociedad,2023|2023-08-25|laspalmas|sociedad,D,A,0.17665203446378128,0.24754742452732123,0.5758005410088975,0.5758005410088975,0.9696917918652057,0.3282531164815763,4.33,3.1,2.0,1.0535275273783804,0.21921295477848884,0.3061909981260828,0.47459604709542835,2.0,0.5758005410088975,0.1516010820177951,0.1516010820177951,1,0,-1.0,-0.40000000000000036
2023,3,2023-08-26,cadiz,almeria,2023|2023-08-26|cadiz|almeria,2023|2023-08-26|cadiz|almeria,D,H,0.37282930181169005,0.33628679801817213,0.2908839001701377,0.37282930181169005,1.0935210619889522,0.03654250379351792,2.25,3.2,3.3,1.0599747474747474,0.41929720071471116,0.2948183442525313,0.2858844550327576,2.25,0.37282930181169005,-0.16113407092369736,0.0,1,0,-1.0,-1.4000000000000004
2023,3,2023-08-26,granada,mallorca,2023|2023-08-26|granada|mallorca,2023|2023-08-26|granada|mallorca,H,H,0.3593127479321896,0.35522468620195324,0.2854625658658571,0.3593127479321896,1.0933066981126214,0.0040880617302363476,2.6,3.0,3.0,1.051282051282051,0.3658536585365854,0.3170731707317074,0.3170731707317074,2.6,0.3593127479321896,-0.06578685537630702,0.0,1,1,1.6,0.19999999999999973
2023,3,2023-08-26,sevilla,girona,2023|2023-08-26|sevilla|girona,2023|2023-08-26|sevilla|girona,A,H,0.48865303089504186,0.32284760839902604,0.18849936070593196,0.48865303089504186,1.0294705613310853,0.16580542249601582,2.05,3.4,3.6,1.059700302885382,0.4603234298608499,0.27754795035727714,0.26212861978187285,2.05,0.48865303089504186,0.001738713334835773,0.0016559174617483555,1,0,-1.0,-0.8000000000000003
2023,3,2023-08-27,ath bilbao,betis,2023|2023-08-27|ath bilbao|betis,2023|2023-08-27|athbilbao|betis,H,H,0.5283228304961839,0.2810990384250093,0.1905781310788068,0.5283228304961839,1.0097434736745223,0.24722379207117462,1.85,3.5,4.2,1.0643500643500643,0.5078597339782346,0.26844014510278114,0.22370012091898428,1.85,0.5283228304961839,-0.02260276358205976,0.0,1,1,0.8500000000000001,0.04999999999999982
2023,3,2023-08-27,valencia,osasuna,2023|2023-08-27|valencia|osasuna,2023|2023-08-27|valencia|osasuna,A,H,0.49704461628344226,0.2856491061359887,0.21730627758056897,0.49704461628344226,1.0370941256752166,0.21139551014745356,1.91,3.4,4.0,1.0676778564829073,0.4903728275762602,0.2754741472560756,0.23415302516766426,1.91,0.49704461628344226,-0.050644782898625285,0.0,1,0,-1.0,-0.9500000000000002
2023,3,2023-08-27,villarreal,barcelona,2023|2023-08-27|villarreal|barcelona,2023|2023-08-27|villarreal|barcelona,A,A,0.14324948909503904,0.23172913862582836,0.6250213722791326,0.6250213722791326,0.9109298152156643,0.39329223365330424,3.6,3.5,2.0,1.0634920634920635,0.2611940298507463,0.26865671641791045,0.4701492537313433,2.0,0.6250213722791326,0.25004274455826514,0.25004274455826514,1,1,1.0,0.04999999999999982
2023,3,2023-08-28,getafe,alaves,2023|2023-08-28|getafe|alaves,2023|2023-08-28|getafe|alaves,H,H,0.4284389142951079,0.358457921553308,0.21310316415158412,0.4284389142951079,1.0603586164050576,0.06998099274179986,2.2,2.88,3.8,1.0649255715045187,0.42683307332293297,0.3260530421216849,0.24711388455538225,2.2,0.4284389142951079,-0.05743438855076255,0.0,1,1,1.2000000000000002,1.25
2023,3,2023-08-28,vallecano,ath madrid,2023|2023-08-28|vallecano|ath madrid,2023|2023-08-28|vallecano|athmadrid,A,A,0.14372495206520333,0.20072314328175384,0.6555519046530428,0.6555519046530428,0.8779574040425114,0.45482876137128897,4.2,3.3,1.95,1.0539460539460541,0.22590837282780407,0.287519747235387,0.48657187993680884,1.95,0.6555519046530428,0.2783262140734334,0.29297496218256147,1,1,0.95,2.2
2023,4,2023-09-01,almeria,celta,2023|2023-09-01|almeria|celta,2023|2023-09-01|almeria|celta,A,A,0.300766656252505,0.29738741222533804,0.4018459315221571,0.4018459315221571,1.0883522931851468,0.1010792752696521,2.8,3.4,2.5,1.0512605042016807,0.33972821742605913,0.2797761790567546,0.38049560351718625,2.5,0.4018459315221571,0.004614828805392768,0.003076552536928512,1,1,1.5,3.7
2023,4,2023-09-01,cadiz,villarreal,2023|2023-09-01|cadiz|villarreal,2023|2023-09-01|cadiz|villarreal,H,A,0.22541685695436528,0.2766593983631723,0.4979237446824623,0.4979237446824623,1.038531801400432,0.22126434631928998,3.4,3.4,2.15,1.0533515731874146,0.2792207792207792,0.2792207792207792,0.44155844155844154,2.15,0.4979237446824623,0.07053605106729388,0.061335696580255554,1,0,-1.0,2.7
2023,4,2023-09-02,alaves,valencia,2023|2023-09-02|alaves|valencia,2023|2023-09-02|alaves|valencia,H,A,0.27191001079226507,0.32551255891991715,0.4025774302878178,0.4025774302878178,1.085736737145286,0.07706487136790063,2.9,2.88,2.75,1.0556861720654824,0.3266383470120015,0.3289066688662515,0.344454984121747,2.75,0.4025774302878178,0.1070879332914989,0.061193104737999375,1,0,-1.0,1.7
2023,4,2023-09-02,betis,vallecano,2023|2023-09-02|betis|vallecano,2023|2023-09-02|betis|vallecano,H,H,0.4693373801656519,0.3073029451462917,0.22335967468805637,0.4693373801656519,1.0524256214613061,0.1620344350193602,1.95,3.4,4.0,1.0569381598793364,0.48519443453442745,0.27827327863003926,0.23653228683553335,1.95,0.4693373801656519,-0.08479210867697873,0.0,1,1,0.95,2.65
2023,4,2023-09-02,real madrid,getafe,2023|2023-09-02|real madrid|getafe,2023|2023-09-02|realmadrid|getafe,H,H,0.7319407417222726,0.17352594002587524,0.09453331825185211,0.7319407417222726,0.7553099865163262,0.5584148016963975,1.33,5.25,9.5,1.0476190476190474,0.7177033492822967,0.18181818181818185,0.10047846889952154,1.33,0.7319407417222726,-0.026518813509377348,0.0,1,1,0.33000000000000007,2.98
2023,4,2023-09-02,sociedad,granada,2023|2023-09-02|sociedad|granada,2023|2023-09-02|sociedad|granada,H,H,0.6915558571407665,0.21262360030870292,0.09582054255053057,0.6915558571407665,0.8089701022523743,0.4789322568320636,1.44,4.5,7.0,1.0595238095238095,0.6554307116104868,0.2097378277153558,0.1348314606741573,1.44,0.6915558571407665,-0.004159565717296254,0.0,1,1,0.43999999999999995,3.42
2023,4,2023-09-03,girona,las palmas,2023|2023-09-03|girona|las palmas,2023|2023-09-03|girona|laspalmas,H,H,0.5152220657734198,0.33358532155515735,0.15119261267142284,0.5152220657734198,0.993535297418578,0.18163674421826242,1.67,3.8,5.25,1.0524364804226134,0.5689677299756157,0.2500463444892837,0.1809859255351006,1.67,0.5152220657734198,-0.139579150158389,0.0,1,1,0.6699999999999999,4.09
2023,4,2023-09-03,mallorca,ath bilbao,2023|2023-09-03|mallorca|ath bilbao,2023|2023-09-03|mallorca|athbilbao,D,A,0.25900741939817096,0.34527908118761363,0.3957134994142154,0.3957134994142154,1.0839153698897888,0.050434418226601774,3.3,3.0,2.38,1.056531703590527,0.28681610026512416,0.31549771029163654,0.39768618944323936,2.38,0.3957134994142154,-0.058201871394167326,0.0,1,0,-1.0,3.09
2023,4,2023-09-03,osasuna,barcelona,2023|2023-09-03|osasuna|barcelona,2023|2023-09-03|osasuna|barcelona,A,A,0.08407653952297602,0.15726980954334102,0.758653650933683,0.758653650933683,0.7086400134425529,0.601383841390342,5.25,4.0,1.65,1.0465367965367967,0.18200620475698032,0.2388831437435367,0.5791106514994829,1.65,0.758653650933683,0.2517785240405768,0.3873515754470413,1,1,0.6499999999999999,3.7399999999999998
2023,4,2023-12-23,ath madrid,sevilla,2023|2023-12-23|ath madrid|sevilla,2023|2023-12-23|athmadrid|sevilla,H,H,0.7063671586013325,0.18050426720521084,0.11312857419345666,0.7063671586013325,0.8011041133032358,0.5258628913961216,1.53,4.33,5.75,1.058454696937181,0.6174990513369328,0.21819250543776147,0.1643084432253056,1.53,0.7063671586013325,0.08074175266003869,0.1523429295472428,1,1,0.53,4.27
2023,5,2023-09-15,vallecano,alaves,2023|2023-09-15|vallecano|alaves,2023|2023-09-15|vallecano|alaves,H,H,0.4660195101698154,0.26003379303985896,0.27394669679032563,0.4660195101698154,1.0607818517790224,0.19207281337948978,2.0,3.25,4.0,1.0576923076923077,0.4727272727272727,0.2909090909090909,0.23636363636363636,2.0,0.4660195101698154,-0.06796097966036913,0.0,1,1,1.0,5.27
2023,5,2023-09-16,ath bilbao,cadiz,2023|2023-09-16|ath bilbao|cadiz,2023|2023-09-16|athbilbao|cadiz,H,H,0.6639935026256949,0.19593703262568685,0.14006946474861814,0.6639935026256949,0.8665867928215976,0.46805647000000805,1.53,4.0,7.0,1.046451914098973,0.6245817532902074,0.23890252063350434,0.13651572607628817,1.53,0.6639935026256949,0.01591005901731324,0.030018979277949505,1,1,0.53,5.8
2023,5,2023-09-16,barcelona,betis,2023|2023-09-16|barcelona|betis,2023|2023-09-16|barcelona|betis,H,H,0.7508680751567223,0.17032446480659044,0.07880746003668732,0.7508680751567223,0.7168553993972595,0.5805436103501318,1.36,5.25,7.5,1.0591036414565826,0.6942607775720708,0.1798466014281936,0.12589262099973553,1.36,0.7508680751567223,0.02118058221314234,0.05883495059206204,1,1,0.3600000000000001,6.16
2023,5,2023-09-16,celta,mallorca,2023|2023-09-16|celta|mallorca,2023|2023-09-16|celta|mallorca,A,H,0.44501753344797235,0.25245624438705977,0.30252622216496783,0.44501753344797235,1.0695116182931312,0.14249131128300452,2.0,3.1,4.33,1.0535275273783804,0.47459604709542835,0.3061909981260828,0.21921295477848884,2.0,0.44501753344797235,-0.1099649331040553,0.0,1,0,-1.0,5.16
2023,5,2023-09-16,valencia,ath madrid,2023|2023-09-16|valencia|ath madrid,2023|2023-09-16|valencia|athmadrid,H,A,0.20949818070790077,0.2181617086986344,0.5723401105934649,0.5723401105934649,0.9789876622582849,0.3541784018948305,3.8,3.3,2.05,1.0539930758159257,0.24967706218859564,0.28750692009595863,0.46281601771544567,2.05,0.5723401105934649,0.17329722671660297,0.1650449778253362,1,0,-1.0,4.16
2023,5,2023-09-17,getafe,osasuna,2023|2023-09-17|getafe|osasuna,2023|2023-09-17|getafe|osasuna,H,H,0.4092011713494314,0.3480928101213909,0.2427060185291778,0.4092011713494314,1.0766270741919688,0.061108361228040475,2.63,3.0,3.0,1.046894803548796,0.36319612590799033,0.31840193704600483,0.31840193704600483,2.63,0.4092011713494314,0.0761990806490046,0.04674790223865313,1,1,1.63,5.79
2023,5,2023-09-17,real madrid,sociedad,2023|2023-09-17|real madrid|sociedad,2023|2023-09-17|realmadrid|sociedad,H,H,0.5515873900613862,0.22271889488151286,0.22569371505710095,0.5515873900613862,0.9986212480157577,0.3258936750042853,1.65,4.0,5.0,1.0560606060606061,0.5738880918220947,0.23672883787661403,0.18938307030129126,1.65,0.5515873900613862,-0.08988080639871276,0.0,1,1,0.6499999999999999,6.4399999999999995
2023,5,2023-09-17,sevilla,las palmas,2023|2023-09-17|sevilla|las palmas,2023|2023-09-17|sevilla|laspalmas,H,H,0.6188194320754566,0.26083316296693076,0.12034740495761263,0.6188194320754566,0.9023445770175471,0.3579862691085259,1.62,4.0,5.5,1.0491021324354657,0.5883926183471516,0.23829901043059643,0.17330837122225196,1.62,0.6188194320754566,0.0024874799622398025,0.004012064455225488,1,1,0.6200000000000001,7.06
2023,5,2023-09-17,villarreal,almeria,2023|2023-09-17|villarreal|almeria,2023|2023-09-17|villarreal|almeria,H,H,0.6670888663140705,0.21964820744284655,0.11326292624308298,0.6670888663140705,0.8496774463831033,0.447440658871224,1.44,4.5,7.0,1.0595238095238095,0.6554307116104868,0.2097378277153558,0.1348314606741573,1.44,0.6670888663140705,-0.03939203250773854,0.0,1,1,0.43999999999999995,7.5
2023,5,2023-09-18,granada,girona,2023|2023-09-18|granada|girona,2023|2023-09-18|granada|girona,A,H,0.3899199648532228,0.304459035322142,0.30562099982463514,0.3899199648532228,1.0915864224222576,0.08429896502858764,2.63,3.5,2.6,1.0505578072117996,0.3619297617627173,0.2719643638388418,0.3661058743984409,2.63,0.3899199648532228,0.025489507563975833,0.015637734701825664,1,0,-1.0,6.5
2023,6,2023-09-22,alaves,ath bilbao,2023|2023-09-22|alaves|ath bilbao,2023|2023-09-22|alaves|athbilbao,A,A,0.19033725847877753,0.3348505072819761,0.4748122342392465,0.4748122342392465,1.0357689018819765,0.13996172695727044,4.2,3.0,2.05,1.0592334494773519,0.22478070175438597,0.31469298245614036,0.46052631578947373,2.05,0.4748122342392465,-0.0266349198095448,0.0,1,1,1.0499999999999998,7.55
2023,6,2023-09-23,almeria,valencia,2023|2023-09-23|almeria|valencia,2023|2023-09-23|almeria|valencia,D,A,0.3226404877594106,0.2834714910564786,0.39388802118411076,0.39388802118411076,1.0893138233835047,0.07124753342470014,3.0,3.6,2.3,1.0458937198067635,0.31870669745958424,0.26558891454965355,0.4157043879907621,2.3,0.39388802118411076,-0.09405755127654536,0.0,1,0,-1.0,6.55
2023,6,2023-09-23,barcelona,celta,2023|2023-09-23|barcelona|celta,2023|2023-09-23|barcelona|celta,H,H,0.7545018009615568,0.13850337858975845,0.10699482044868462,0.7545018009615568,0.7254739565166561,0.6159984223717984,1.29,6.0,9.0,1.0529715762273901,0.7361963190184049,0.15828220858895706,0.10552147239263804,1.29,0.7545018009615568,-0.026692676759591666,0.0,1,1,0.29000000000000004,6.84
2023,6,2023-09-23,girona,mallorca,2023|2023-09-23|girona|mallorca,2023|2023-09-23|girona|mallorca,H,H,0.484288218709978,0.23765898486060014,0.2780527964294218,0.484288218709978,1.0485339752618716,0.2062354222805562,1.85,3.5,4.2,1.0643500643500643,0.5078597339782346,0.26844014510278114,0.22370012091898428,1.85,0.484288218709978,-0.10406679538654068,0.0,1,1,0.8500000000000001,7.6899999999999995
2023,6,2023-09-23,osasuna,sevilla,2023|2023-09-23|osasuna|sevilla,2023|2023-09-23|osasuna|sevilla,D,A,0.3058680831575958,0.3065790777710395,0.38755283907136473,0.38755283907136473,1.092156456077018,0.08097376130032524,2.6,3.1,2.88,1.054418251998897,0.3647654845563001,0.3059323418859291,0.3293021735577709,2.88,0.38755283907136473,0.11615217652553034,0.06178307261996295,1,0,-1.0,6.6899999999999995
2023,6,2023-09-24,ath madrid,real madrid,2023|2023-09-24|ath madrid|real madrid,2023|2023-09-24|athmadrid|realmadrid,H,A,0.3219933328211567,0.33332150264695753,0.3446851645318858,0.3446851645318858,1.0982260311848617,0.011363661884928267,2.7,3.4,2.55,1.056644880174292,0.35051546391752575,0.27835051546391754,0.3711340206185567,2.55,0.3446851645318858,-0.1210528304436913,0.0,1,0,-1.0,5.6899999999999995
2023,6,2023-09-24,betis,cadiz,2023|2023-09-24|betis|cadiz,2023|2023-09-24|betis|cadiz,D,H,0.5442236169758404,0.26281904895140534,0.19295733407275428,0.5442236169758404,0.9997753315273272,0.2814045680244351,1.8,3.5,4.5,1.0634920634920635,0.5223880597014926,0.26865671641791045,0.208955223880597,1.8,0.5442236169758404,-0.020397489443487182,0.0,1,0,-1.0,4.6899999999999995
2023,6,2023-09-24,las palmas,granada,2023|2023-09-24|las palmas|granada,2023|2023-09-24|laspalmas|granada,H,H,0.5036193563460283,0.28324012085855715,0.21314052279541448,0.5036193563460283,1.032219455434817,0.22037923548747113,1.95,3.5,3.6,1.0763125763125765,0.47646057855927393,0.2654566080544526,0.25808281338627337,1.95,0.5036193563460283,-0.017942255125244888,0.0,1,1,0.95,5.64
2023,6,2023-09-24,sociedad,getafe,2023|2023-09-24|sociedad|getafe,2023|2023-09-24|sociedad|getafe,H,H,0.6923730783749633,0.2035839737590494,0.10404294786598728,0.6923730783749633,0.8140213642139503,0.4887891046159139,1.53,3.8,7.0,1.059609808835815,0.6168258974121139,0.2483535850106669,0.1348205175772192,1.53,0.6923730783749633,0.05933080991369388,0.11194492436546015,1,1,0.53,6.17
2023,6,2023-09-24,vallecano,villarreal,2023|2023-09-24|vallecano|villarreal,2023|2023-09-24|vallecano|villarreal,D,A,0.3072114184292689,0.2559578279814143,0.4368307535893169,0.4368307535893169,1.073168776437778,0.12961933516004798,2.5,3.5,2.63,1.065942422596415,0.3752547900529964,0.2680391357521402,0.3567060741948635,2.63,0.4368307535893169,0.14886488193990333,0.09132814842938855,1,0,-1.0,5.17
2023,7,2023-09-26,mallorca,barcelona,2023|2023-09-26|mallorca|barcelona,2023|2023-09-26|mallorca|barcelona,D,A,0.13011853715987956,0.2335211672233993,0.6363602956167211,0.6363602956167211,0.8926331499331464,0.4028391283933218,7.5,4.2,1.5,1.038095238095238,0.12844036697247707,0.22935779816513763,0.6422018348623854,1.5,0.6363602956167211,-0.04545955657491829,0.0,1,0,-1.0,4.17
2023,7,2023-09-26,sevilla,almeria,2023|2023-09-26|sevilla|almeria,2023|2023-09-26|sevilla|almeria,H,H,0.552165811169468,0.2517808536409177,0.19605333518961435,0.552165811169468,0.9946334149236862,0.30038495752855027,1.67,3.8,5.0,1.0619602899464229,0.5638651471984806,0.24780389363722696,0.18833095916429252,1.67,0.552165811169468,-0.07788309534698856,0.0,1,1,0.6699999999999999,4.84
2023,7,2023-09-27,ath bilbao,getafe,2023|2023-09-27|ath bilbao|getafe,2023|2023-09-27|athbilbao|getafe,D,H,0.6492314118495384,0.2064400418744127,0.14432854627604896,0.6492314118495384,0.8855271603756492,0.4427913699751257,1.62,3.6,6.5,1.0489078822412155,0.5885015844273427,0.26482571299230423,0.14667270258035311,1.62,0.6492314118495384,0.05175488719625221,0.0834756245100842,1,0,-1.0,3.84
2023,7,2023-09-27,cadiz,vallecano,2023|2023-09-27|cadiz|vallecano,2023|2023-09-27|cadiz|vallecano,D,H,0.3568787849500357,0.3144833461796968,0.32863786887026747,0.3568787849500357,1.097223071377611,0.028240916079768252,2.5,3.2,2.88,1.0597222222222222,0.3774574049803408,0.2948885976408912,0.327653997378768,2.5,0.3568787849500357,-0.10780303762491072,0.0,1,0,-1.0,2.84
2023,7,2023-09-27,real madrid,las palmas,2023|2023-09-27|real madrid|las palmas,2023|2023-09-27|realmadrid|laspalmas,H,H,0.775169219499113,0.13730633041446527,0.08752445008642175,0.775169219499113,0.6832380199655365,0.6378628890846477,1.2,7.0,11.0,1.067099567099567,0.7809330628803246,0.13387423935091278,0.08519269776876268,1.2,0.775169219499113,-0.06979693660106445,0.0,1,1,0.19999999999999996,3.0399999999999996
2023,7,2023-09-27,valencia,sociedad,2023|2023-09-27|valencia|sociedad,2023|2023-09-27|valencia|sociedad,A,A,0.30006703492830145,0.300556255340129,0.3993767097315696,0.3993767097315696,1.0890782760450297,0.0988204543914406,2.63,3.1,2.8,1.0599516391862769,0.3587221556391288,0.30433524817126084,0.33694259618961026,2.8,0.3993767097315696,0.11825478724839478,0.065697104026886,1,1,1.7999999999999998,4.84
2023,7,2023-09-27,villarreal,girona,2023|2023-09-27|villarreal|girona,2023|2023-09-27|villarreal|girona,A,H,0.46998442190221135,0.3237317066147839,0.20628387148300464,0.46998442190221135,1.0456015667218121,0.14625271528742745,2.25,3.5,3.1,1.0527393753200205,0.42217898832684825,0.2714007782101167,0.306420233463035,2.25,0.46998442190221135,0.057464949279975475,0.04597195942398038,1,0,-1.0,3.8399999999999994
2023,7,2023-09-28,celta,alaves,2023|2023-09-28|celta|alaves,2023|2023-09-28|celta|alaves,D,H,0.5837655838972868,0.26960252172364524,0.14663189437906793,0.5837655838972868,0.949120249539467,0.3141630621736416,1.7,3.6,5.25,1.0564892623716153,0.556783031374282,0.2629253203711887,0.18029164825452937,1.7,0.5837655838972868,-0.007598507374612429,0.0,1,0,-1.0,2.8399999999999994
2023,7,2023-09-28,granada,betis,2023|2023-09-28|granada|betis,2023|2023-09-28|granada|betis,D,A,0.32170889907100503,0.3384428988364676,0.3398482020925275,0.3398482020925275,1.0983049819069652,0.0014053032560598644,3.0,3.3,2.38,1.056531703590527,0.31549771029163654,0.28681610026512416,0.39768618944323936,2.38,0.3398482020925275,-0.19116127901978458,0.0,1,0,-1.0,1.8399999999999994
2023,7,2023-09-28,osasuna,ath madrid,2023|2023-09-28|osasuna|ath madrid,2023|2023-09-28|osasuna|athmadrid,A,A,0.25221788621451974,0.2633645337801735,0.4844175800053068,0.4844175800053068,1.0499154770521226,0.22105304622513333,3.4,3.4,2.15,1.0533515731874146,0.2792207792207792,0.2792207792207792,0.44155844155844154,2.15,0.4844175800053068,0.04149779701140954,0.03608504087948656,1,1,1.15,2.9899999999999993
2023,8,2023-09-29,barcelona,sevilla,2023|2023-09-29|barcelona|sevilla,2023|2023-09-29|barcelona|sevilla,H,H,0.7085710343157072,0.16604125796579383,0.1253877077184989,0.7085710343157072,0.8025845691281086,0.5425297763499134,1.36,5.25,8.0,1.0507703081232491,0.6997667444185273,0.18127290903032325,0.11896034655114963,1.36,0.7085710343157072,-0.03634339333063813,0.0,1,1,0.3600000000000001,3.3499999999999996
2023,8,2023-09-30,getafe,villarreal,2023|2023-09-30|getafe|villarreal,2023|2023-09-30|getafe|villarreal,D,A,0.273707358348729,0.33962760040211465,0.38666504124915635,0.38666504124915635,1.0888149648669647,0.0470374408470417,2.9,3.1,2.6,1.0520236159835714,0.3277755185034567,0.3066287108580724,0.36559577063847093,2.6,0.38666504124915635,0.005329107247806553,0.0033306920298790954,1,0,-1.0,2.3499999999999996
2023,8,2023-09-30,girona,real madrid,2023|2023-09-30|girona|real madrid,2023|2023-09-30|girona|realmadrid,A,A,0.19638559635116712,0.2727041448093625,0.5309102588394704,0.5309102588394704,1.0101472994251293,0.2582061140301079,3.5,4.0,1.95,1.0485347985347986,0.2724890829694323,0.23842794759825325,0.48908296943231444,1.95,0.5309102588394704,0.03527500473696732,0.03713158393364981,1,1,0.95,3.2999999999999994
2023,8,2023-09-30,sociedad,ath bilbao,2023|2023-09-30|sociedad|ath bilbao,2023|2023-09-30|sociedad|athbilbao,H,H,0.44540441048377594,0.3238487010129035,0.23074688850332065,0.44540441048377594,1.0637385093731058,0.12155570947087246,2.2,3.2,3.5,1.0527597402597402,0.4317656129529684,0.2968388589051658,0.27139552814186585,2.2,0.44540441048377594,-0.020110296935692773,0.0,1,1,1.2000000000000002,4.5
2023,8,2023-09-30,vallecano,mallorca,2023|2023-09-30|vallecano|mallorca,2023|2023-09-30|vallecano|mallorca,D,H,0.3927801589785162,0.2721456903773317,0.3350741506441521,0.3927801589785162,1.0876015580716336,0.05770600833436412,2.1,3.1,4.0,1.0487711213517665,0.4540461369461735,0.3075796411570853,0.23837422189674112,2.1,0.3927801589785162,-0.17516166614511586,0.0,1,0,-1.0,3.4999999999999996
2023,8,2023-10-01,alaves,osasuna,2023|2023-10-01|alaves|osasuna,2023|2023-10-01|alaves|osasuna,A,A,0.32038803972795116,0.2853224522672048,0.394289508004844,0.394289508004844,1.0894591647382132,0.07390146827689287,2.75,3.0,2.8,1.0541125541125542,0.3449691991786447,0.31622176591375767,0.3388090349075975,2.8,0.394289508004844,0.10401062241356329,0.05778367911864628,1,1,1.7999999999999998,5.299999999999999
2023,8,2023-10-01,almeria,granada,2023|2023-10-01|almeria|granada,2023|2023-10-01|almeria|granada,D,H,0.5212242869568054,0.3072445050285798,0.17153120801461477,0.5212242869568054,1.0046071916055483,0.21397978192822564,1.95,3.6,3.75,1.0572649572649573,0.4850444624090542,0.2627324171382377,0.25222312045270817,1.95,0.5212242869568054,0.016387359565770587,0.017249852174495355,1,0,-1.0,4.299999999999999
2023,8,2023-10-01,ath madrid,cadiz,2023|2023-10-01|ath madrid|cadiz,2023|2023-10-01|athmadrid|cadiz,H,H,0.7657427666448366,0.1595179296792475,0.07473930367591586,0.7657427666448366,0.6910495717688374,0.6062248369655892,1.33,5.0,10.0,1.0518796992481203,0.7147962830593281,0.1901358112937813,0.09506790564689065,1.33,0.7657427666448366,0.01843787963763277,0.05587236253828111,1,1,0.33000000000000007,4.629999999999999
2023,8,2023-10-01,betis,valencia,2023|2023-10-01|betis|valencia,2023|2023-10-01|betis|valencia,H,H,0.4253448046887221,0.3089426920943854,0.2657125032168924,0.4253448046887221,1.0786516232088563,0.11640211259433669,2.3,3.25,3.3,1.045505219418263,0.41585886002326483,0.29430011632415665,0.28984102365257847,2.3,0.4253448046887221,-0.021706949215939297,0.0,1,1,1.2999999999999998,5.93
2023,8,2023-10-02,las palmas,celta,2023|2023-10-02|las palmas|celta,2023|2023-10-02|laspalmas|celta,H,H,0.36527718460258946,0.32786851025735336,0.3068543051400573,0.36527718460258946,1.0960025901526051,0.03740867434523609,2.5,3.2,3.0,1.0458333333333334,0.38247011952191234,0.298804780876494,0.31872509960159356,2.5,0.36527718460258946,-0.08680703849352633,0.0,1,1,1.5,7.43
2023,9,2023-10-06,ath bilbao,almeria,2023|2023-10-06|ath bilbao|almeria,2023|2023-10-06|athbilbao|almeria,H,H,0.7123640674515361,0.17186396545139557,0.11577196709706826,0.7123640674515361,0.7938909113949084,0.5405001020001405,1.36,5.0,8.0,1.0602941176470588,0.6934812760055478,0.18862690707350901,0.11789181692094314,1.36,0.7123640674515361,-0.03118486826591077,0.0,1,1,0.3600000000000001,7.789999999999999
2023,9,2023-10-07,cadiz,girona,2023|2023-10-07|cadiz|girona,2023|2023-10-07|cadiz|girona,A,A,0.294649975129234,0.3030375919418851,0.4023124329288809,0.4023124329288809,1.0881647411312738,0.0992748409869958,3.25,3.4,2.25,1.0462543991955757,0.2940893801057184,0.2811148486304661,0.4247957712638154,2.25,0.4023124329288809,-0.09479702591001793,0.0,1,1,1.25,9.04
2023,9,2023-10-07,mallorca,valencia,2023|2023-10-07|mallorca|valencia,2023|2023-10-07|mallorca|valencia,D,H,0.3746113523053121,0.33819870176628647,0.2871899459284015,0.3746113523053121,1.092768228972749,0.03641265053902565,2.5,3.0,3.2,1.0458333333333334,0.38247011952191234,0.31872509960159356,0.298804780876494,2.5,0.3746113523053121,-0.06347161923671973,0.0,1,0,-1.0,8.04
2023,9,2023-10-07,real madrid,osasuna,2023|2023-10-07|real madrid|osasuna,2023|2023-10-07|realmadrid|osasuna,H,H,0.7497287653418471,0.14278794322523106,0.10748329143292185,0.7497287653418471,0.7336092704735707,0.606940822116616,1.29,6.0,9.5,1.0471236230110157,0.7403078121955972,0.1591661796220534,0.10052600818234952,1.29,0.7497287653418471,-0.03284989270901725,0.0,1,1,0.29000000000000004,8.33
2023,9,2023-10-07,sevilla,vallecano,2023|2023-10-07|sevilla|vallecano,2023|2023-10-07|sevilla|vallecano,D,H,0.5154182724319409,0.26549745693870636,0.21908427062935262,0.5154182724319409,1.0263319811229668,0.24992081549323458,1.85,3.6,4.2,1.0564135564135564,0.5116751269035532,0.2629441624365482,0.22538071065989848,1.85,0.5154182724319409,-0.04647619600090924,0.0,1,0,-1.0,7.329999999999999
2023,9,2023-10-08,alaves,betis,2023|2023-10-08|alaves|betis,2023|2023-10-08|alaves|betis,D,D,0.33606277677001584,0.3535278112744712,0.31040941195551297,0.3535278112744712,1.0971944337085762,0.017465034504455357,2.8,3.25,2.6,1.0494505494505495,0.3403141361256544,0.2931937172774869,0.3664921465968586,3.25,0.3535278112744712,0.1489653866420314,0.06620683850756952,1,1,2.25,9.579999999999998
2023,9,2023-10-08,ath madrid,sociedad,2023|2023-10-08|ath madrid|sociedad,2023|2023-10-08|athmadrid|sociedad,H,H,0.5369118051603624,0.2890668666915424,0.17402132814809518,0.5369118051603624,0.996966815311153,0.24784493846882,1.83,3.4,4.5,1.0627879567127398,0.5141647343482205,0.27674160701683637,0.209093658634943,1.83,0.5369118051603624,-0.01745139655653677,0.0,1,1,0.8300000000000001,10.41
2023,9,2023-10-08,celta,getafe,2023|2023-10-08|celta|getafe,2023|2023-10-08|celta|getafe,D,H,0.48209829786469016,0.34074192737411296,0.177159774761197,0.48209829786469016,1.0252063612186146,0.1413563704905772,2.05,3.1,4.2,1.0484807613053089,0.46524924066464185,0.30766482043952115,0.22708593889583706,2.05,0.48209829786469016,-0.011698489377385268,0.0,1,0,-1.0,9.41
2023,9,2023-10-08,granada,barcelona,2023|2023-10-08|granada|barcelona,2023|2023-10-08|granada|barcelona,D,A,0.11881984535877178,0.17756736927163613,0.703612785369592,0.703612785369592,0.8073510400643589,0.526045416097956,6.5,5.25,1.4,1.0586080586080586,0.1453287197231834,0.17993079584775085,0.6747404844290658,1.4,0.703612785369592,-0.014942100482571219,0.0,1,0,-1.0,8.41
2023,9,2023-10-08,villarreal,las palmas,2023|2023-10-08|villarreal|las palmas,2023|2023-10-08|villarreal|laspalmas,A,H,0.6712134367434007,0.23374599438266927,0.09504056887392995,0.6712134367434007,0.8310192879264351,0.43746744236073143,1.6,4.0,5.75,1.0489130434782608,0.5958549222797929,0.2383419689119171,0.16580310880829016,1.6,0.6712134367434007,0.07394149878944123,0.12323583131573536,1,0,-1.0,7.409999999999999
2023,10,2023-10-20,osasuna,granada,2023|2023-10-20|osasuna|granada,2023|2023-10-20|osasuna|granada,H,H,0.5906180345656514,0.24612298930959792,0.16325897612475063,0.5906180345656514,0.9519501888170394,0.3444950452560535,1.73,3.8,4.75,1.0517188926072407,0.5496094879953717,0.25021695111368236,0.20017356089094587,1.73,0.5906180345656514,0.021769199798576944,0.029820821641886226,1,1,0.73,8.139999999999999
2023,10,2023-10-21,celta,ath madrid,2023|2023-10-21|celta|ath madrid,2023|2023-10-21|celta|athmadrid,A,A,0.26086504773762725,0.3005327208318357,0.438602231430537,0.438602231430537,1.0733174235744842,0.13806951059870132,3.5,3.5,2.1,1.0476190476190474,0.27272727272727276,0.27272727272727276,0.4545454545454546,2.1,0.438602231430537,-0.07893531399587222,0.0,1,1,1.1,9.239999999999998
2023,10,2023-10-21,getafe,betis,2023|2023-10-21|getafe|betis,2023|2023-10-21|getafe|betis,D,D,0.318007111225657,0.4049739945802884,0.27701889419405457,0.4049739945802884,1.0860047233845047,0.08696688335463137,2.5,3.0,3.1,1.0559139784946237,0.3788187372708758,0.3156822810590631,0.3054989816700611,3.0,0.4049739945802884,0.21492198374086513,0.10746099187043257,1,1,2.0,11.239999999999998
2023,10,2023-10-21,sevilla,real madrid,2023|2023-10-21|sevilla|real madrid,2023|2023-10-21|sevilla|realmadrid,D,A,0.15853071425773407,0.22458586153174837,0.6168834242105177,0.6168834242105177,0.9254024111485774,0.3922975626787693,4.2,3.6,1.85,1.0564135564135562,0.2253807106598985,0.2629441624365483,0.5116751269035533,1.85,0.6168834242105177,0.1412343347894578,0.16615804092877387,1,0,-1.0,10.239999999999998
2023,10,2023-10-21,sociedad,mallorca,2023|2023-10-21|sociedad|mallorca,2023|2023-10-21|sociedad|mallorca,H,H,0.6405209276432772,0.21803912845193424,0.14143994390478856,0.6405209276432772,0.8940658556936284,0.42248179919134293,1.55,3.8,7.0,1.0511763279165656,0.6137517305029996,0.2503461005999077,0.13590216889709275,1.55,0.6405209276432772,-0.0071925621529203565,0.0,1,1,0.55,10.79
2023,10,2023-10-22,barcelona,ath bilbao,2023|2023-10-22|barcelona|ath bilbao,2023|2023-10-22|barcelona|athbilbao,H,H,0.5675604126220286,0.24027693488965676,0.19216265248831468,0.5675604126220286,0.9810524530638751,0.3272834777323719,1.62,4.0,5.5,1.0491021324354657,0.5883926183471516,0.23829901043059643,0.17330837122225196,1.62,0.5675604126220286,-0.08055213155231361,0.0,1,1,0.6200000000000001,11.41
2023,10,2023-10-22,girona,almeria,2023|2023-10-22|girona|almeria,2023|2023-10-22|girona|almeria,H,H,0.5891901513555007,0.198740809255553,0.21206903938894628,0.5891901513555007,0.9616873894528101,0.3771211119665544,1.45,4.5,7.0,1.0547345374931583,0.6538661131292164,0.21069019200830302,0.13544369486248053,1.45,0.5891901513555007,-0.14567428053452403,0.0,1,1,0.44999999999999996,11.86
2023,10,2023-10-22,las palmas,vallecano,2023|2023-10-22|las palmas|vallecano,2023|2023-10-22|laspalmas|vallecano,A,D,0.20994126613248298,0.48572387145864826,0.3043348624088687,0.48572387145864826,1.0404964414559714,0.18138900904977956,2.63,3.1,2.8,1.0599516391862769,0.3587221556391288,0.30433524817126084,0.33694259618961026,3.1,0.48572387145864826,0.5057440015218095,0.2408304769151474,1,0,-1.0,10.86
2023,10,2023-10-22,villarreal,alaves,2023|2023-10-22|villarreal|alaves,2023|2023-10-22|villarreal|alaves,D,H,0.575262763635307,0.24894133284426484,0.17579590352042812,0.575262763635307,0.9698506393281291,0.3263214307910422,1.7,3.75,5.0,1.0549019607843138,0.5576208178438662,0.2527881040892193,0.1895910780669145,1.7,0.575262763635307,-0.022053301819978055,0.0,1,0,-1.0,9.86
2023,10,2023-10-23,valencia,cadiz,2023|2023-10-23|valencia|cadiz,2023|2023-10-23|valencia|cadiz,H,H,0.5812329532064529,0.26468040896711015,0.15408663782643706,0.5812329532064529,0.955379872636274,0.3165525442393427,1.75,3.6,5.0,1.0492063492063493,0.5446293494704992,0.264750378214826,0.19062027231467474,1.75,0.5812329532064529,0.01715766811129249,0.022876890815056655,1,1,0.75,10.61
2023,11,2023-10-27,girona,celta,2023|2023-10-27|girona|celta,2023|2023-10-27|girona|celta,H,H,0.47082952300868924,0.23563859621262237,0.29353188077868836,0.47082952300868924,1.0550641826532106,0.17729764223000088,1.7,4.2,4.5,1.0485527544351072,0.5609973285841497,0.2270703472840606,0.21193232413178986,1.7,0.47082952300868924,-0.19958981088522837,0.0,1,1,0.7,11.309999999999999
2023,11,2023-10-28,almeria,las palmas,2023|2023-10-28|almeria|las palmas,2023|2023-10-28|almeria|laspalmas,A,H,0.4478129543722986,0.37964741742237346,0.17253962820532787,0.4478129543722986,1.0306312790837102,0.06816553694992517,2.25,3.5,3.1,1.0527393753200205,0.42217898832684825,0.2714007782101167,0.306420233463035,2.25,0.4478129543722986,0.007579147337671843,0.006063317870137475,1,0,-1.0,10.309999999999999
2023,11,2023-10-28,barcelona,real madrid,2023|2023-10-28|barcelona|real madrid,2023|2023-10-28|barcelona|realmadrid,A,A,0.267459942464496,0.2678431409652498,0.46469691657025414,0.46469691657025414,1.061696175843289,0.19685377560500433,2.55,3.6,2.6,1.0545500251382605,0.3718712753277712,0.2634088200238379,0.3647199046483909,2.6,0.46469691657025414,0.20821198308266076,0.13013248942666297,1,1,1.6,11.91
2023,11,2023-10-28,cadiz,sevilla,2023|2023-10-28|cadiz|sevilla,2023|2023-10-28|cadiz|sevilla,D,D,0.2176132892374249,0.4041037347611097,0.37828297600146543,0.4041037347611097,1.0657535304712855,0.02582075875964429,3.3,3.25,2.25,1.0551670551670551,0.2871870397643594,0.2916053019145803,0.4212076583210604,3.25,0.4041037347611097,0.3133371379736066,0.13926095021049184,1,1,2.25,14.16
2023,11,2023-10-28,mallorca,getafe,2023|2023-10-28|mallorca|getafe,2023|2023-10-28|mallorca|getafe,D,H,0.3747451323764293,0.37393663278341693,0.2513182348401537,0.3747451323764293,1.0827249631539975,0.0008084995930123795,2.25,3.0,3.5,1.0634920634920633,0.41791044776119407,0.3134328358208956,0.2686567164179105,2.25,0.3747451323764293,-0.15682345215303412,0.0,1,0,-1.0,13.16
2023,11,2023-10-29,ath bilbao,valencia,2023|2023-10-29|ath bilbao|valencia,2023|2023-10-29|athbilbao|valencia,D,H,0.6429060040017656,0.22881577606066708,0.12827821993756736,0.6429060040017656,0.884900507403791,0.4140902279410985,1.62,3.8,5.75,1.0543548888323868,0.5854612684547574,0.24959138286755447,0.16494734867768818,1.62,0.6429060040017656,0.041507726482860274,0.0669479459400972,1,0,-1.0,12.16
2023,11,2023-10-29,ath madrid,alaves,2023|2023-10-29|ath madrid|alaves,2023|2023-10-29|athmadrid|alaves,H,H,0.681475841573441,0.17980951530793368,0.13871464311862547,0.681475841573441,0.8438777612154992,0.5016663262655073,1.4,4.75,8.5,1.0424590888987173,0.6851930420025457,0.20195163343232925,0.11285532456512516,1.4,0.681475841573441,-0.045933821797182695,0.0,1,1,0.3999999999999999,12.559999999999999
2023,11,2023-10-29,betis,osasuna,2023|2023-10-29|betis|osasuna,2023|2023-10-29|betis|osasuna,H,H,0.5013023252783464,0.2789918330845322,0.2197058416371215,0.5013023252783464,1.0352823200584973,0.2223104921938142,2.05,3.5,3.6,1.0512969415408442,0.46400294605045106,0.27177315411526415,0.2642238998342846,2.05,0.5013023252783464,0.027669766820610064,0.026352158876771493,1,1,1.0499999999999998,13.61
2023,11,2023-10-29,vallecano,sociedad,2023|2023-10-29|vallecano|sociedad,2023|2023-10-29|vallecano|sociedad,D,A,0.2153645157937839,0.30803824826818804,0.47659723593802794,0.47659723593802794,1.0465987275489952,0.1685589876698399,3.1,3.2,2.38,1.055248712388181,0.3056915790318696,0.2961387171871237,0.3981697037810067,2.38,0.47659723593802794,0.13430142153250646,0.09731987067572932,1,0,-1.0,12.61
2023,11,2023-10-30,granada,villarreal,2023|2023-10-30|granada|villarreal,2023|2023-10-30|granada|villarreal,A,A,0.2805923966517797,0.34438658561161517,0.3750210177366051,0.3750210177366051,1.0915148471723335,0.030634432124989952,3.1,3.5,2.25,1.0527393753200205,0.306420233463035,0.2714007782101167,0.42217898832684825,2.25,0.3750210177366051,-0.15620271009263847,0.0,1,1,1.25,13.86
2023,12,2023-11-03,las palmas,ath madrid,2023|2023-11-03|las palmas|ath madrid,2023|2023-11-03|laspalmas|athmadrid,H,A,0.12430937580972524,0.19683515643956562,0.678855467750709,0.678855467750709,0.8420690783209159,0.4820203113111434,5.75,3.6,1.65,1.0577514273166448,0.1644176873572763,0.26261158397342743,0.5729707286692962,1.65,0.678855467750709,0.12011152178866985,0.18478695659795363,1,0,-1.0,12.86
2023,12,2023-11-04,betis,mallorca,2023|2023-11-04|betis|mallorca,2023|2023-11-04|betis|mallorca,H,H,0.5273789653346256,0.26093976779614686,0.2116812668692276,0.5273789653346256,1.016671523551297,0.2664391975384787,1.91,3.3,4.5,1.0488127346766092,0.49919322307382,0.2889269866881807,0.21187979023799916,1.91,0.5273789653346256,0.007293823789134846,0.008015190977071259,1,1,0.9099999999999999,13.77
2023,12,2023-11-04,celta,sevilla,2023|2023-11-04|celta|sevilla,2023|2023-11-04|celta|sevilla,D,D,0.31546488229875,0.3928105496583139,0.29172456804293606,0.3928105496583139,1.0903961220291851,0.07734566735956389,2.6,3.4,2.7,1.0491034020445786,0.36661341853035134,0.28035143769968046,0.353035143769968,3.4,0.3928105496583139,0.33555586883826716,0.139814945349278,1,1,2.4,16.169999999999998
2023,12,2023-11-04,osasuna,girona,2023|2023-11-04|osasuna|girona,2023|2023-11-04|osasuna|girona,A,H,0.34746567340631934,0.30724395781895264,0.3452903687747281,0.34746567340631934,1.0970561994503958,0.0021753046315912683,2.9,3.4,2.4,1.055611899932387,0.32666132906325057,0.2786228983186549,0.39471577261809443,2.9,0.34746567340631934,0.007650452878325997,0.004026554146487367,1,0,-1.0,15.169999999999998
2023,12,2023-11-04,sociedad,barcelona,2023|2023-11-04|sociedad|barcelona,2023|2023-11-04|sociedad|barcelona,A,A,0.21685141251365603,0.2529768971052735,0.5301716903810705,0.5301716903810705,1.0155953494980117,0.277194793275797,3.1,3.5,2.25,1.0527393753200205,0.306420233463035,0.2714007782101167,0.42217898832684825,2.25,0.5301716903810705,0.19288630335740864,0.1543090426859269,1,1,1.25,16.419999999999998
2023,12,2023-11-05,alaves,almeria,2023|2023-11-05|alaves|almeria,2023|2023-11-05|alaves|almeria,H,H,0.5427646698177306,0.2943740460241881,0.1628612841580813,0.5427646698177306,0.9872333993597391,0.24839062379354254,1.75,3.75,4.75,1.0486215538847117,0.5449330783938815,0.25430210325047803,0.20076481835564056,1.75,0.5427646698177306,-0.05016182781897138,0.0,1,1,0.75,17.169999999999998
2023,12,2023-11-05,real madrid,vallecano,2023|2023-11-05|real madrid|vallecano,2023|2023-11-05|realmadrid|vallecano,D,H,0.7577633256184721,0.1697608481272713,0.07247582625425661,0.7577633256184721,0.7014524023888327,0.5880024774912008,1.29,5.5,12.0,1.0403453136011274,0.7451312447078747,0.1747671464860288,0.08010160880609654,1.29,0.7577633256184721,-0.022485309952170907,0.0,1,0,-1.0,16.169999999999998
2023,12,2023-11-05,valencia,granada,2023|2023-11-05|valencia|granada,2023|2023-11-05|valencia|granada,H,H,0.5535029665837504,0.26696366379217956,0.17953336962407007,0.5535029665837504,0.9882836394830672,0.28653930279157086,1.65,4.0,5.0,1.0560606060606061,0.5738880918220947,0.23672883787661403,0.18938307030129126,1.65,0.5535029665837504,-0.08672010513681183,0.0,1,1,0.6499999999999999,16.82
2023,12,2023-11-05,villarreal,ath bilbao,2023|2023-11-05|villarreal|ath bilbao,2023|2023-11-05|villarreal|athbilbao,A,A,0.2897813342666079,0.30337602734620267,0.4068426383871896,0.4068426383871896,1.0866783040777768,0.10346661104098692,2.8,3.6,2.4,1.0515873015873016,0.33962264150943394,0.2641509433962264,0.39622641509433965,2.4,0.4068426383871896,-0.023577667870745,0.0,1,1,1.4,18.22
2023,12,2023-11-06,getafe,cadiz,2023|2023-11-06|getafe|cadiz,2023|2023-11-06|getafe|cadiz,H,H,0.49892394930366224,0.3058027333778613,0.19527331731847636,0.49892394930366224,1.0281729644548347,0.19312121592580095,1.91,3.1,4.75,1.0566671703748478,0.49548261184110903,0.3052812221343607,0.19923616602453015,1.91,0.49892394930366224,-0.047055256830005165,0.0,1,1,0.9099999999999999,19.13
2023,13,2023-11-10,ath bilbao,celta,2023|2023-11-10|ath bilbao|celta,2023|2023-11-10|athbilbao|celta,H,H,0.5599261174528775,0.24817843898625558,0.1918954435608669,0.5599261174528775,0.9873745605346028,0.3117476784666219,1.67,3.8,5.0,1.0619602899464229,0.5638651471984806,0.24780389363722696,0.18833095916429252,1.67,0.5599261174528775,-0.06492338385369467,0.0,1,1,0.6699999999999999,19.799999999999997
2023,13,2023-11-11,almeria,sociedad,2023|2023-11-11|almeria|sociedad,2023|2023-11-11|almeria|sociedad,A,A,0.1793262809064067,0.3212777596878143,0.4993959594057791,0.4993959594057791,1.0197340446011482,0.17811819971796478,4.75,3.8,1.73,1.0517188926072407,0.20017356089094587,0.25021695111368236,0.5496094879953717,1.73,0.4993959594057791,-0.1360449902280022,0.0,1,1,0.73,20.529999999999998
2023,13,2023-11-11,granada,getafe,2023|2023-11-11|granada|getafe,2023|2023-11-11|granada|getafe,D,D,0.38371596631992655,0.3848935351864935,0.23139049849357998,0.3848935351864935,1.073709652213511,0.001177568866566947,2.5,3.1,3.0,1.0559139784946237,0.3788187372708758,0.3054989816700611,0.3156822810590631,3.1,0.3848935351864935,0.19316995907812984,0.09198569479910944,1,1,2.1,22.63
2023,13,2023-11-11,osasuna,las palmas,2023|2023-11-11|osasuna|las palmas,2023|2023-11-11|osasuna|laspalmas,D,H,0.5592733713040761,0.29980955479551075,0.1409170739004131,0.5592733713040761,0.962294936506759,0.2594638165085653,1.95,3.4,4.0,1.0569381598793364,0.48519443453442745,0.27827327863003926,0.23653228683553335,1.95,0.5592733713040761,0.0905830740429483,0.09535060425573505,1,0,-1.0,21.63
2023,13,2023-11-11,real madrid,valencia,2023|2023-11-11|real madrid|valencia,2023|2023-11-11|realmadrid|valencia,H,H,0.7776080343309872,0.1345568938583584,0.08783507181065446,0.7776080343309872,0.6791245317102118,0.6430511404726289,1.33,5.5,8.5,1.0513449398898316,0.7151598592626587,0.17293865687624294,0.11190148386109836,1.33,0.7776080343309872,0.03421868566021308,0.10369298684913052,1,1,0.33000000000000007,21.96
2023,13,2023-11-11,vallecano,girona,2023|2023-11-11|vallecano|girona,2023|2023-11-11|vallecano|girona,A,A,0.26220860947512015,0.25060292250340643,0.4871884680214733,0.4871884680214733,1.0481414032926137,0.22497985854635316,2.88,3.5,2.4,1.0496031746031746,0.33081285444234404,0.2722117202268431,0.39697542533081287,2.4,0.4871884680214733,0.16925232325153594,0.12089451660823997,1,1,1.4,23.36
2023,13,2023-11-12,ath madrid,villarreal,2023|2023-11-12|ath madrid|villarreal,2023|2023-11-12|athmadrid|villarreal,H,H,0.7202290417606505,0.15217597628803708,0.12759498195131241,0.7202290417606505,0.7855780663757599,0.5680530654726135,1.36,5.5,7.5,1.0504456327985738,0.6999830307144069,0.17308671304938064,0.12693025623621246,1.36,0.7202290417606505,-0.020488503205515263,0.0,1,1,0.3600000000000001,23.72
2023,13,2023-11-12,barcelona,alaves,2023|2023-11-12|barcelona|alaves,2023|2023-11-12|barcelona|alaves,H,H,0.7602249286125823,0.1484243653377378,0.09135070604967996,0.7602249286125823,0.7101616695463733,0.6118005632748444,1.25,6.0,11.0,1.0575757575757576,0.7564469914040115,0.15759312320916904,0.08595988538681948,1.25,0.7602249286125823,-0.049718839234272144,0.0,1,1,0.25,23.97
2023,13,2023-11-12,sevilla,betis,2023|2023-11-12|sevilla|betis,2023|2023-11-12|sevilla|betis,D,H,0.4273491242351214,0.3151902973267459,0.25746057843813275,0.4273491242351214,1.0765699035890028,0.11215882690837548,2.05,3.5,3.6,1.0512969415408442,0.46400294605045106,0.27177315411526415,0.2642238998342846,2.05,0.4273491242351214,-0.12393429531800121,0.0,1,0,-1.0,22.97
2023,13,2023-11-29,mallorca,cadiz,2023|2023-11-29|mallorca|cadiz,2023|2023-11-29|mallorca|cadiz,D,H,0.5574612313655287,0.28475446754617273,0.15778430108829858,0.5574612313655287,0.9748002651175779,0.272706763819356,1.95,3.2,4.33,1.056267395037603,0.48550254909861773,0.29585311585697016,0.2186443350444121,1.95,0.5574612313655287,0.08704940116278093,0.09163094859240098,1,0,-1.0,21.97
2023,14,2023-11-24,alaves,granada,2023|2023-11-24|alaves|granada,2023|2023-11-24|alaves|granada,H,H,0.5842274828639074,0.27221065043398546,0.14356186670210722,0.5842274828639074,0.946848567518327,0.3120168324299219,1.7,3.6,5.0,1.0660130718954248,0.5518087063151441,0.26057633353770693,0.187614960147149,1.7,0.5842274828639074,-0.006813279131357541,0.0,1,1,0.7,22.669999999999998
2023,14,2023-11-25,ath madrid,mallorca,2023|2023-11-25|ath madrid|mallorca,2023|2023-11-25|athmadrid|mallorca,H,H,0.7296621263293467,0.1584471660381702,0.11189070763248317,0.7296621263293467,0.7669496080353397,0.5712149602911765,1.33,5.0,9.5,1.057142857142857,0.7112375533428166,0.18918918918918923,0.09957325746799432,1.33,0.7296621263293467,-0.02954937198196886,0.0,1,1,0.33000000000000007,23.0
2023,14,2023-11-25,getafe,almeria,2023|2023-11-25|getafe|almeria,2023|2023-11-25|getafe|almeria,H,H,0.634553667893658,0.20801297360724763,0.15743335849909437,0.634553667893658,0.906284183651237,0.42654069428641034,1.65,3.75,5.5,1.0545454545454547,0.5747126436781609,0.2528735632183908,0.17241379310344826,1.65,0.634553667893658,0.04701355202453561,0.07232854157620865,1,1,0.6499999999999999,23.65
2023,14,2023-11-25,valencia,celta,2023|2023-11-25|valencia|celta,2023|2023-11-25|valencia|celta,D,H,0.4586207541103201,0.2597156401869763,0.28166360570270366,0.4586207541103201,1.0645292583532373,0.17695714840761645,2.2,3.25,3.5,1.047952047952048,0.4337464251668255,0.29361296472831266,0.27264061010486174,2.2,0.4586207541103201,0.0089656590427043,0.007471382535586915,1,0,-1.0,22.65
2023,14,2023-11-25,vallecano,barcelona,2023|2023-11-25|vallecano|barcelona,2023|2023-11-25|vallecano|barcelona,D,A,0.11482783903780729,0.21803149207329076,0.667140668888902,0.667140668888902,0.8506396367855172,0.44910917681561124,5.25,4.0,1.65,1.0465367965367967,0.18200620475698032,0.2388831437435367,0.5791106514994829,1.65,0.667140668888902,0.10078210366668822,0.15504939025644343,1,0,-1.0,21.65
2023,14,2023-11-26,betis,las palmas,2023|2023-11-26|betis|las palmas,2023|2023-11-26|betis|laspalmas,H,H,0.6409574618780967,0.2340131150022504,0.1250294231196529,0.6409574618780967,0.8849303482312608,0.40694434687584624,1.7,3.75,5.25,1.0453781512605043,0.5627009646302251,0.255091103965702,0.18220793140407288,1.7,0.6409574618780967,0.08962768519276426,0.12803955027537753,1,1,0.7,22.349999999999998
2023,14,2023-11-26,cadiz,real madrid,2023|2023-11-26|cadiz|real madrid,2023|2023-11-26|cadiz|realmadrid,A,A,0.11002945769235642,0.2236171996899389,0.6663533426177047,0.6663533426177047,0.8482703093855981,0.44273614292776586,6.0,4.5,1.5,1.0555555555555554,0.15789473684210528,0.2105263157894737,0.6315789473684211,1.5,0.6663533426177047,-0.0004699860734428962,0.0,1,1,0.5,22.849999999999998
2023,14,2023-11-26,sociedad,sevilla,2023|2023-11-26|sociedad|sevilla,2023|2023-11-26|sociedad|sevilla,H,H,0.5546962071573975,0.255792661281387,0.18951113156121552,0.5546962071573975,0.990861671480455,0.29890354587601053,1.75,3.6,4.75,1.0597326649958227,0.5392195506503745,0.2621206148994876,0.19865983445013796,1.75,0.5546962071573975,-0.029281637474554312,0.0,1,1,0.75,23.599999999999998
2023,14,2023-11-26,villarreal,osasuna,2023|2023-11-26|villarreal|osasuna,2023|2023-11-26|villarreal|osasuna,H,H,0.43176867090527676,0.3471532683409175,0.22107806075380582,0.43176867090527676,1.0635715620511705,0.08461540256435929,2.15,3.5,3.3,1.0538608678143562,0.44134505158578524,0.2711119602598395,0.28754298815437523,2.15,0.43176867090527676,-0.07169735755365492,0.0,1,1,1.15,24.75
2023,14,2023-11-27,girona,ath bilbao,2023|2023-11-27|girona|ath bilbao,2023|2023-11-27|girona|athbilbao,D,H,0.3885549637179349,0.2583047822467625,0.3531402540353025,0.3885549637179349,1.0845344246882667,0.035414709682632384,2.25,3.5,3.1,1.0527393753200205,0.42217898832684825,0.2714007782101167,0.306420233463035,2.25,0.3885549637179349,-0.12575133163464652,0.0,1,0,-1.0,23.75
2023,15,2023-12-01,las palmas,getafe,2023|2023-12-01|las palmas|getafe,2023|2023-12-01|laspalmas|getafe,H,H,0.3728818081023763,0.3288946564907849,0.2982235354068388,0.3728818081023763,1.0944065076050498,0.04398715161159139,2.38,2.9,3.4,1.059113300492611,0.39671682626538984,0.3255813953488372,0.27770177838577287,2.38,0.3728818081023763,-0.11254129671634439,0.0,1,1,1.38,25.13
2023,15,2023-12-02,ath bilbao,vallecano,2023|2023-12-02|ath bilbao|vallecano,2023|2023-12-02|athbilbao|vallecano,H,H,0.620464160990101,0.2604777226142915,0.1190581163956075,0.620464160990101,0.8999170225911308,0.35998643837580957,1.57,4.2,5.75,1.0489509567327344,0.6072187370353144,0.2269841469393913,0.1657971160252945,1.57,0.620464160990101,-0.02587126724554134,0.0,1,1,0.5700000000000001,25.7
2023,15,2023-12-02,girona,valencia,2023|2023-12-02|girona|valencia,2023|2023-12-02|girona|valencia,H,H,0.6350582532600197,0.190273033148091,0.17466871359188937,0.6350582532600197,0.9088332402104315,0.4447852201119288,1.7,4.0,4.75,1.0487616099071206,0.5608856088560886,0.23837638376383766,0.2007380073800738,1.7,0.6350582532600197,0.07959903054203354,0.11371290077433364,1,1,0.7,26.4
2023,15,2023-12-02,osasuna,sociedad,2023|2023-12-02|osasuna|sociedad,2023|2023-12-02|osasuna|sociedad,D,A,0.25483000438010234,0.3469209803371552,0.39824901528274237,0.39824901528274237,1.082322818828287,0.051328034945587186,3.4,3.25,2.2,1.056355409296586,0.27842679127725856,0.29127725856697817,0.43029595015576316,2.2,0.39824901528274237,-0.1238521663779667,0.0,1,0,-1.0,25.4
2023,15,2023-12-02,real madrid,granada,2023|2023-12-02|real madrid|granada,2023|2023-12-02|realmadrid|granada,H,H,0.8472686169991842,0.09066024104004379,0.062071141960771965,0.8472686169991842,0.5305915822921775,0.7566083759591404,1.17,8.0,15.0,1.0463675213675214,0.8168266285480907,0.11946089442515825,0.06371247702675106,1.17,0.8472686169991842,-0.008695718110954542,0.0,1,1,0.16999999999999993,25.57
2023,15,2023-12-03,almeria,betis,2023|2023-12-03|almeria|betis,2023|2023-12-03|almeria|betis,D,D,0.25294401151374557,0.3772180017041229,0.3698379867821316,0.3772180017041229,1.0833297180826387,0.007380014921991307,3.2,3.6,2.2,1.0448232323232323,0.2990936555891239,0.26586102719033233,0.4350453172205438,3.6,0.3772180017041229,0.3579848061348425,0.13768646389801634,1,1,2.6,28.169999999999998
2023,15,2023-12-03,barcelona,ath madrid,2023|2023-12-03|barcelona|ath madrid,2023|2023-12-03|barcelona|athmadrid,H,H,0.45294102234374894,0.27669659168580335,0.2703623859704477,0.45294102234374894,1.067867239923903,0.1762444306579456,2.0,3.75,3.5,1.0523809523809522,0.4751131221719458,0.2533936651583711,0.2714932126696833,2.0,0.45294102234374894,-0.09411795531250217,0.0,1,1,1.0,29.169999999999998
2023,15,2023-12-03,mallorca,alaves,2023|2023-12-03|mallorca|alaves,2023|2023-12-03|mallorca|alaves,D,D,0.34432997719544384,0.4223694457680059,0.23330057703655036,0.4223694457680059,1.0706907957957665,0.07803946857256205,2.45,3.0,3.25,1.0491889063317634,0.38902743142144636,0.31770573566084787,0.2932668329177058,3.0,0.4223694457680059,0.2671083373040176,0.1335541686520088,1,1,2.0,31.169999999999998
2023,15,2023-12-03,sevilla,villarreal,2023|2023-12-03|sevilla|villarreal,2023|2023-12-03|sevilla|villarreal,D,H,0.436029180581924,0.29181575960342054,0.27215505981465554,0.436029180581924,1.0755121888899524,0.14421342097850348,2.0,3.6,3.6,1.0555555555555556,0.47368421052631576,0.2631578947368421,0.2631578947368421,2.0,0.436029180581924,-0.1279416388361519,0.0,1,0,-1.0,30.169999999999998
2023,15,2023-12-04,celta,cadiz,2023|2023-12-04|celta|cadiz,2023|2023-12-04|celta|cadiz,D,H,0.7427075888807645,0.17588012427872937,0.08141228684050608,0.7427075888807645,0.7307924902041474,0.5668274646020351,1.57,3.8,6.5,1.0539467237422318,0.6043404859191113,0.24968804286658017,0.14597147121430842,1.57,0.7427075888807645,0.1660509145428003,0.2913173939347373,1,0,-1.0,29.169999999999998
2023,16,2023-12-08,getafe,valencia,2023|2023-12-08|getafe|valencia,2023|2023-12-08|getafe|valencia,H,H,0.3667135474860748,0.34655451399172893,0.2867319385221963,0.3667135474860748,1.0933143503114982,0.02015903349434589,2.6,2.9,3.1,1.0520236159835714,0.36559577063847093,0.3277755185034567,0.3066287108580724,2.6,0.3667135474860748,-0.04654477653620548,0.0,1,1,1.6,30.77
2023,16,2023-12-09,alaves,las palmas,2023|2023-12-09|alaves|las palmas,2023|2023-12-09|alaves|laspalmas,A,H,0.49540621486805164,0.3390871409218472,0.1655066442101012,0.49540621486805164,1.0123882276914933,0.15631907394620442,2.1,3.0,4.2,1.0476190476190477,0.4545454545454545,0.3181818181818181,0.22727272727272724,2.1,0.49540621486805164,0.04035305122290844,0.03668459202082586,1,0,-1.0,29.77
2023,16,2023-12-09,betis,real madrid,2023|2023-12-09|betis|real madrid,2023|2023-12-09|betis|realmadrid,D,A,0.20294228207610918,0.20334064887067949,0.5937170690532114,0.5937170690532114,0.9570907499484553,0.39037642018253194,4.2,3.8,1.8,1.0568086883876358,0.225296442687747,0.24901185770750986,0.5256916996047432,1.8,0.5937170690532114,0.0686907242957806,0.08586340536972575,1,0,-1.0,28.77
2023,16,2023-12-09,mallorca,sevilla,2023|2023-12-09|mallorca|sevilla,2023|2023-12-09|mallorca|sevilla,H,D,0.327015899621721,0.3550538868338828,0.3179302135443962,0.3550538868338828,1.097497761107317,0.028037987212161775,2.75,3.1,2.75,1.0498533724340176,0.3463687150837989,0.30726256983240224,0.3463687150837989,3.1,0.3550538868338828,0.10066704918503666,0.047936690088112695,1,0,-1.0,27.77
2023,16,2023-12-09,villarreal,sociedad,2023|2023-12-09|villarreal|sociedad,2023|2023-12-09|villarreal|sociedad,A,A,0.22649363735876463,0.37682789011170564,0.39667847252952965,0.39667847252952965,1.0709037411711295,0.019850582417824003,3.4,3.4,2.1,1.0644257703081232,0.27631578947368424,0.27631578947368424,0.4473684210526316,2.1,0.39667847252952965,-0.16697520768798774,0.0,1,1,1.1,28.869999999999997
2023,16,2023-12-10,ath madrid,almeria,2023|2023-12-10|ath madrid|almeria,2023|2023-12-10|athmadrid|almeria,H,H,0.8252148728061554,0.11411746652339572,0.0606676606704489,0.8252148728061554,0.5762399680000427,0.7110974062827596,1.22,6.5,12.0,1.0568516183270282,0.7755791985681615,0.14557024957740877,0.07885055185442974,1.22,0.8252148728061554,0.006762144823509508,0.030737021925043222,1,1,0.21999999999999997,29.09
2023,16,2023-12-10,barcelona,girona,2023|2023-12-10|barcelona|girona,2023|2023-12-10|barcelona|girona,A,H,0.6999675985203571,0.18765033070555795,0.11238207077408502,0.6999675985203571,0.809315591918793,0.5123172678147991,1.53,5.0,5.5,1.035412953060012,0.6312406748536669,0.19315964650522208,0.17559967864111098,1.53,0.6999675985203571,0.0709504257361463,0.1338687278040496,1,0,-1.0,28.09
2023,16,2023-12-10,cadiz,osasuna,2023|2023-12-10|cadiz|osasuna,2023|2023-12-10|cadiz|osasuna,D,A,0.27526401559982955,0.3201148369446271,0.4046211474555434,0.4046211474555434,1.0858351780850737,0.08450631051091628,2.9,3.1,2.55,1.0595650941132848,0.32544256895841916,0.30444627418690823,0.3701111568546728,2.55,0.4046211474555434,0.0317839260116356,0.02050575871718426,1,0,-1.0,27.09
2023,16,2023-12-11,granada,ath bilbao,2023|2023-12-11|granada|ath bilbao,2023|2023-12-11|granada|athbilbao,D,A,0.14719475346670274,0.3016695223745486,0.5511357241587487,0.5511357241587487,0.9719051324984671,0.2494662017842001,5.0,4.0,1.67,1.0488023952095809,0.19069369112189552,0.2383671139023694,0.5709391949757351,1.67,0.5511357241587487,-0.07960334065488978,0.0,1,0,-1.0,26.09
2023,16,2023-12-11,vallecano,celta,2023|2023-12-11|vallecano|celta,2023|2023-12-11|vallecano|celta,D,A,0.3194403305924586,0.3283277701197466,0.35223189928779486,0.35223189928779486,1.0977549973099001,0.023904129168048238,2.45,3.1,3.1,1.053324555628703,0.3875,0.30625,0.30625,3.1,0.35223189928779486,0.09191888779216406,0.04377089894864955,1,0,-1.0,25.09
2023,17,2023-12-15,osasuna,vallecano,2023|2023-12-15|osasuna|vallecano,2023|2023-12-15|osasuna|vallecano,H,H,0.4560845506836237,0.3611466360962246,0.18276881322015176,0.4560845506836237,1.0365006465083417,0.09493791458739909,2.2,3.2,3.5,1.0527597402597402,0.4317656129529684,0.2968388589051658,0.27139552814186585,2.2,0.4560845506836237,0.0033860115039722194,0.0028216762533101823,1,1,1.2000000000000002,26.29
2023,17,2023-12-16,ath bilbao,ath madrid,2023|2023-12-16|ath bilbao|ath madrid,2023|2023-12-16|athbilbao|athmadrid,H,A,0.3131039023246257,0.2837046966081235,0.4031914010672508,0.4031914010672508,1.0872362604942718,0.09008749874262512,2.45,3.3,2.9,1.056021154543322,0.3865105008077544,0.28695476575121165,0.32653473344103395,2.9,0.4031914010672508,0.16925506309502736,0.08908161215527756,1,0,-1.0,25.29
2023,17,2023-12-16,celta,granada,2023|2023-12-16|celta|granada,2023|2023-12-16|celta|granada,H,H,0.6809018976999837,0.203690871243399,0.11540723105661722,0.6809018976999837,0.8349963899683839,0.47721102645658464,1.67,4.0,5.0,1.0488023952095809,0.5709391949757351,0.2383671139023694,0.19069369112189552,1.67,0.6809018976999837,0.13710616915897267,0.20463607337160103,1,1,0.6699999999999999,25.96
2023,17,2023-12-16,sevilla,getafe,2023|2023-12-16|sevilla|getafe,2023|2023-12-16|sevilla|getafe,A,H,0.43764711874824475,0.3962200450489803,0.16613283620277486,0.43764711874824475,1.0266642026564763,0.04142707369926446,1.95,3.4,4.2,1.0450333979745745,0.4907216494845361,0.28144329896907216,0.22783505154639172,1.95,0.43764711874824475,-0.14658811844092284,0.0,1,0,-1.0,24.96
2023,17,2023-12-16,valencia,barcelona,2023|2023-12-16|valencia|barcelona,2023|2023-12-16|valencia|barcelona,D,A,0.14515936992717293,0.24294986349500566,0.6118907665778214,0.6118907665778214,0.9244578790653586,0.3689409030828157,5.0,3.8,1.67,1.0619602899464229,0.18833095916429252,0.24780389363722696,0.5638651471984806,1.67,0.6118907665778214,0.021857580184961645,0.03262325400740544,1,0,-1.0,23.96
2023,17,2023-12-17,almeria,mallorca,2023|2023-12-17|almeria|mallorca,2023|2023-12-17|almeria|mallorca,D,D,0.3374948185819314,0.4159274823504085,0.2465776990676601,0.4159274823504085,1.076686679177251,0.07843266376847707,2.7,3.2,2.7,1.0532407407407407,0.3516483516483516,0.2967032967032967,0.3516483516483516,3.2,0.4159274823504085,0.3309679435213072,0.1504399743278669,1,1,2.2,26.16
2023,17,2023-12-17,las palmas,cadiz,2023|2023-12-17|las palmas|cadiz,2023|2023-12-17|laspalmas|cadiz,D,H,0.45240393319959665,0.33965445788678933,0.20794160891361405,0.45240393319959665,1.0521774304832552,0.11274947531280732,1.91,3.3,4.33,1.057537394671477,0.49507489008152494,0.2865433454714281,0.2183817644470468,1.91,0.45240393319959665,-0.1359084875887705,0.0,1,0,-1.0,25.16
2023,17,2023-12-17,real madrid,villarreal,2023|2023-12-17|real madrid|villarreal,2023|2023-12-17|realmadrid|villarreal,H,H,0.7799395664576588,0.1060730258163594,0.11398740772598177,0.7799395664576588,0.6793763591333721,0.665952158731677,1.29,6.0,9.0,1.0529715762273901,0.7361963190184049,0.15828220858895706,0.10552147239263804,1.29,0.7799395664576588,0.0061220407303799185,0.02111048527717213,1,1,0.29000000000000004,25.45
2023,17,2023-12-17,sociedad,betis,2023|2023-12-17|sociedad|betis,2023|2023-12-17|sociedad|betis,D,H,0.5861728375543352,0.25337380586090663,0.16045335658475807,0.5861728375543352,0.9545427621290716,0.3327990316934286,1.7,4.0,5.0,1.0382352941176471,0.56657223796034,0.24079320113314445,0.19263456090651557,1.7,0.5861728375543352,-0.003506176157630103,0.0,1,0,-1.0,24.45
2023,17,2023-12-18,girona,alaves,2023|2023-12-18|girona|alaves,2023|2023-12-18|girona|alaves,H,H,0.5481362426453594,0.2800993983196971,0.1717643590349434,0.5481362426453594,0.9885997750915168,0.2680368443256623,1.53,4.0,6.5,1.057440925087984,0.6180910495661476,0.23641982645905146,0.1454891239748009,1.53,0.5481362426453594,-0.16135154875260005,0.0,1,1,0.53,24.98
2023,18,2023-12-19,ath madrid,getafe,2023|2023-12-19|ath madrid|getafe,2023|2023-12-19|athmadrid|getafe,D,H,0.6722094309812717,0.24607759438052682,0.08171297463820151,0.6722094309812717,0.8166727978453924,0.42613183660074494,1.45,4.33,7.5,1.0539353879642166,0.6543619089837492,0.21912812194605918,0.12650996907019152,1.45,0.6722094309812717,-0.025296325077156012,0.0,1,0,-1.0,23.98
2023,18,2023-12-19,granada,sevilla,2023|2023-12-19|granada|sevilla,2023|2023-12-19|granada|sevilla,A,H,0.35115150680737683,0.33526329703100577,0.31358519616161745,0.35115150680737683,1.0975418565291617,0.015888209776371065,2.8,3.4,2.5,1.0512605042016807,0.33972821742605913,0.2797761790567546,0.38049560351718625,2.8,0.35115150680737683,-0.016775780939344953,0.0,1,0,-1.0,22.98
2023,18,2023-12-19,vallecano,valencia,2023|2023-12-19|vallecano|valencia,2023|2023-12-19|vallecano|valencia,A,H,0.45850186913676627,0.3128817430362183,0.22861638782701543,0.45850186913676627,1.0584537204058646,0.14562012610054798,2.2,3.2,3.5,1.0527597402597402,0.4317656129529684,0.2968388589051658,0.27139552814186585,2.2,0.45850186913676627,0.008704112100885841,0.0072534267507382,1,0,-1.0,21.98
2023,18,2023-12-20,ath bilbao,las palmas,2023|2023-12-20|ath bilbao|las palmas,2023|2023-12-20|athbilbao|laspalmas,H,H,0.7404369441418812,0.15702557448352075,0.10253748137459813,0.7404369441418812,0.7467528933985346,0.5834113696583605,1.36,5.0,7.0,1.0781512605042016,0.6819953234606391,0.18550272798129386,0.13250194855806702,1.36,0.7404369441418812,0.006994244032958508,0.01942845564710696,1,1,0.3600000000000001,22.34
2023,18,2023-12-20,barcelona,almeria,2023|2023-12-20|barcelona|almeria,2023|2023-12-20|barcelona|almeria,H,H,0.8779011614952666,0.08123425175084813,0.04086458675388524,0.8779011614952666,0.4489175175713036,0.7966669097444186,1.14,8.5,15.0,1.0615067079463365,0.8263659342796034,0.11083025471514679,0.06280381100524984,1.14,0.8779011614952666,0.0008073241046038931,0.005766600747170669,1,1,0.1399999999999999,22.48
2023,18,2023-12-20,villarreal,celta,2023|2023-12-20|villarreal|celta,2023|2023-12-20|villarreal|celta,H,D,0.36789365387333034,0.4112998050802121,0.22080654104645753,0.4112998050802121,1.0668129999773182,0.04340615120688174,2.4,3.6,2.88,1.0416666666666665,0.4000000000000001,0.2666666666666667,0.33333333333333337,3.6,0.4112998050802121,0.48067929828876355,0.18487665318798596,1,0,-1.0,21.48
2023,18,2023-12-21,alaves,real madrid,2023|2023-12-21|alaves|real madrid,2023|2023-12-21|alaves|realmadrid,A,A,0.173546971248829,0.20178139455218597,0.624671634198985,0.624671634198985,0.9208255601788016,0.422890239646799,5.75,4.0,1.53,1.077507814720091,0.16140304608689918,0.23201687874991758,0.6065800751631832,1.53,0.624671634198985,-0.044252399675553,0.0,1,1,0.53,22.009999999999998
2023,18,2023-12-21,betis,girona,2023|2023-12-21|betis|girona,2023|2023-12-21|betis|girona,D,A,0.32006686098475023,0.2959707576503635,0.38396238136488625,0.38396238136488625,1.0925039902922684,0.06389552038013602,2.8,3.5,2.38,1.0630252100840336,0.3359683794466403,0.26877470355731226,0.3952569169960474,2.38,0.38396238136488625,-0.08616953235157077,0.0,1,0,-1.0,21.009999999999998
2023,18,2023-12-21,cadiz,sociedad,2023|2023-12-21|cadiz|sociedad,2023|2023-12-21|cadiz|sociedad,D,A,0.15114011306066147,0.2716675008287689,0.5771923861105697,0.5771923861105697,0.9568303510118611,0.3055248852818008,4.75,3.1,1.75,1.1045355323793353,0.19060166886253843,0.2920509442248573,0.5173473869126043,1.75,0.5771923861105697,0.010086675693496916,0.013448900924662555,1,0,-1.0,20.009999999999998
2023,18,2023-12-21,mallorca,osasuna,2023|2023-12-21|mallorca|osasuna,2023|2023-12-21|mallorca|osasuna,H,H,0.40926143724475006,0.3108418016899126,0.27989676106533734,0.40926143724475006,1.0852464988624007,0.09841963555483746,2.3,2.9,3.3,1.0826404979328519,0.40159462861938733,0.3185060847671003,0.2798992866135124,2.3,0.40926143724475006,-0.058698694337074975,0.0,1,1,1.2999999999999998,21.31
2023,19,2024-01-02,getafe,vallecano,2023|2024-01-02|getafe|vallecano,2023|2024-01-02|getafe|vallecano,A,H,0.40567567005006727,0.28725926226236803,0.3070650676875646,0.40567567005006727,1.0868701055269212,0.09861060236250269,2.38,3.0,3.3,1.056531703590527,0.39768618944323936,0.31549771029163654,0.28681610026512416,2.38,0.40567567005006727,-0.03449190528084001,0.0,1,0,-1.0,20.31
2023,19,2024-01-02,sociedad,alaves,2023|2024-01-02|sociedad|alaves,2023|2024-01-02|sociedad|alaves,D,H,0.631194437733683,0.21111648914258652,0.1576890731237304,0.631194437733683,0.9100698940508134,0.4200779485910965,1.6,3.75,6.5,1.0455128205128204,0.5977927651747396,0.25505824647455555,0.1471489883507051,1.6,0.631194437733683,0.009911100373892867,0.016518500623154776,1,0,-1.0,19.31
2023,19,2024-01-02,valencia,villarreal,2023|2024-01-02|valencia|villarreal,2023|2024-01-02|valencia|villarreal,H,H,0.49512256009098066,0.27081307183387837,0.23406436807514086,0.49512256009098066,1.0417153706653148,0.22430948825710229,2.05,3.5,3.6,1.0512969415408442,0.46400294605045106,0.27177315411526415,0.2642238998342846,2.05,0.49512256009098066,0.015001248186510274,0.014286903034771693,1,1,1.0499999999999998,20.36
2023,19,2024-01-03,celta,betis,2023|2024-01-03|celta|betis,2023|2024-01-03|celta|betis,H,H,0.40735164214944003,0.33491622020460743,0.2577321376459526,0.40735164214944003,1.0816322935051768,0.0724354219448326,2.4,3.3,3.0,1.053030303030303,0.3956834532374101,0.2877697841726619,0.31654676258992803,2.4,0.40735164214944003,-0.02235605884134395,0.0,1,1,1.4,21.759999999999998
2023,19,2024-01-03,girona,ath madrid,2023|2024-01-03|girona|ath madrid,2023|2024-01-03|girona|athmadrid,H,H,0.3789440877686862,0.24719526933534258,0.37386064289597126,0.3789440877686862,1.0810201160493909,0.005083444872714948,2.55,3.6,2.63,1.050162777405005,0.3734248358279596,0.26450925871147135,0.36206590546056916,2.55,0.3789440877686862,-0.03369257618985022,0.0,1,1,1.5499999999999998,23.31
2023,19,2024-01-03,granada,cadiz,2023|2024-01-03|granada|cadiz,2023|2024-01-03|granada|cadiz,H,H,0.4664960744671878,0.3486026972867608,0.18490122824605135,0.4664960744671878,1.0351722144843074,0.11789337718042703,2.25,3.1,3.5,1.0527393753200203,0.4221789883268483,0.3064202334630351,0.27140077821011677,2.25,0.4664960744671878,0.049616167551172596,0.03969293404093808,1,1,1.25,24.56
2023,19,2024-01-03,real madrid,mallorca,2023|2024-01-03|real madrid|mallorca,2023|2024-01-03|realmadrid|mallorca,H,H,0.8536620457910189,0.09006504002668604,0.05627291418229494,0.8536620457910189,0.5138006445116311,0.7635970057643329,1.2,6.5,15.0,1.0538461538461539,0.7907542579075426,0.14598540145985403,0.0632603406326034,1.2,0.8536620457910189,0.024394454949222627,0.12197227474611316,1,1,0.19999999999999996,24.759999999999998
2023,19,2024-01-04,las palmas,barcelona,2023|2024-01-04|las palmas|barcelona,2023|2024-01-04|laspalmas|barcelona,A,A,0.12281649594831033,0.190296599095174,0.6868869049565157,0.6868869049565157,0.831273560524433,0.49659030586134173,5.5,4.33,1.57,1.0497077391945075,0.17320838460970087,0.2200106501970796,0.6067809651932196,1.57,0.6868869049565157,0.07841244078172971,0.13756568558198193,1,1,0.5700000000000001,25.33
2023,19,2024-01-04,osasuna,almeria,2023|2024-01-04|osasuna|almeria,2023|2024-01-04|osasuna|almeria,H,H,0.6049897150338985,0.23799953471405721,0.15701075025204422,0.6049897150338985,0.9363751174554404,0.3669901803198413,1.7,4.0,4.75,1.0487616099071206,0.5608856088560886,0.23837638376383766,0.2007380073800738,1.7,0.6049897150338985,0.028482515557627486,0.04068930793946784,1,1,0.7,26.029999999999998
2023,19,2024-01-04,sevilla,ath bilbao,2023|2024-01-04|sevilla|ath bilbao,2023|2024-01-04|sevilla|athbilbao,A,A,0.2503151517461748,0.36746983730321103,0.3822150109506142,0.3822150109506142,1.0821780312474343,0.014745173647403187,3.0,3.3,2.38,1.056531703590527,0.31549771029163654,0.28681610026512416,0.39768618944323936,2.38,0.3822150109506142,-0.09032827393753828,0.0,1,1,1.38,27.41
2023,20,2024-01-12,sevilla,alaves,2023|2024-01-12|sevilla|alaves,2023|2024-01-12|sevilla|alaves,A,H,0.5262486817893599,0.2995913619804059,0.17415995623023414,0.5262486817893599,1.003343558931056,0.22665731980895398,1.91,3.4,4.2,1.0557730945781454,0.4959022086400889,0.2785803583831088,0.22551743297680232,1.91,0.5262486817893599,0.005134982217677386,0.005642837601843282,1,0,-1.0,26.41
2023,20,2024-01-13,ath bilbao,sociedad,2023|2024-01-13|ath bilbao|sociedad,2023|2024-01-13|athbilbao|sociedad,H,H,0.48077764306007764,0.2995664598899181,0.2196558970500042,0.48077764306007764,1.0461317139831015,0.18121118317015955,2.0,3.4,3.8,1.0572755417956656,0.47291361639824303,0.2781844802342606,0.24890190336749632,2.0,0.48077764306007764,-0.038444713879844716,0.0,1,1,1.0,27.41
2023,20,2024-01-13,betis,granada,2023|2024-01-13|betis|granada,2023|2024-01-13|betis|granada,H,H,0.6378429227010408,0.20702247881266025,0.1551345984862989,0.6378429227010408,0.901947439657116,0.4308204438883806,1.62,4.2,4.75,1.0659055045019956,0.579116955499434,0.22337368283549597,0.1975093616650701,1.62,0.6378429227010408,0.03330553477568621,0.05371860447691323,1,1,0.6200000000000001,28.029999999999998
2023,20,2024-01-13,las palmas,villarreal,2023|2024-01-13|las palmas|villarreal,2023|2024-01-13|laspalmas|villarreal,H,H,0.35866780379336677,0.30111242285903067,0.3402197733476025,0.35866780379336677,1.0959923569225989,0.018448030445764263,2.5,3.3,2.8,1.0601731601731603,0.3772968558595345,0.2858309514087382,0.3368721927317272,2.5,0.35866780379336677,-0.10333049051658305,0.0,1,1,1.5,29.529999999999998
2023,20,2024-01-13,mallorca,celta,2023|2024-01-13|mallorca|celta,2023|2024-01-13|mallorca|celta,D,D,0.3588626717584639,0.3801008605734618,0.26103646766807437,0.3801008605734618,1.0860434891244943,0.021238188814997894,2.5,3.1,3.0,1.0559139784946237,0.3788187372708758,0.3054989816700611,0.3156822810590631,3.1,0.3801008605734618,0.1783126677777317,0.08491079417987223,1,1,2.1,31.63
2023,20,2024-01-14,almeria,girona,2023|2024-01-14|almeria|girona,2023|2024-01-14|almeria|girona,D,A,0.17285631758529169,0.29880830060826186,0.5283353818064465,0.5283353818064465,1.0014508073601776,0.2295270811981846,4.5,4.0,1.7,1.0604575163398693,0.20955315870570107,0.2357473035439137,0.5546995377503853,1.7,0.5283353818064465,-0.10182985092904107,0.0,1,0,-1.0,30.63
2023,20,2024-01-14,cadiz,valencia,2023|2024-01-14|cadiz|valencia,2023|2024-01-14|cadiz|valencia,A,A,0.31346336347691106,0.3298566580607488,0.3566799784623401,0.3566799784623401,1.0971905873891983,0.0268233204015913,2.88,3.0,2.7,1.050925925925926,0.33039647577092507,0.3171806167400881,0.35242290748898675,2.7,0.3566799784623401,-0.03696405815168158,0.0,1,1,1.7000000000000002,32.33
2023,20,2024-01-31,ath madrid,vallecano,2023|2024-01-31|ath madrid|vallecano,2023|2024-01-31|athmadrid|vallecano,H,H,0.6759012030901611,0.22255845305076122,0.10154034385907772,0.6759012030901611,0.831417942770142,0.4533427500393999,1.5,4.2,6.5,1.0586080586080584,0.6297577854671281,0.2249134948096886,0.14532871972318342,1.5,0.6759012030901611,0.01385180463524166,0.02770360927048332,1,1,0.5,32.83
2023,20,2024-01-31,barcelona,osasuna,2023|2024-01-31|barcelona|osasuna,2023|2024-01-31|barcelona|osasuna,H,H,0.7583954894561461,0.18241401354765518,0.059190496996198785,0.7583954894561461,0.6874388122524782,0.5759814759084909,1.33,5.0,10.0,1.0518796992481203,0.7147962830593281,0.1901358112937813,0.09506790564689065,1.33,0.7583954894561461,0.00866600097667436,0.026260609020225326,1,1,0.33000000000000007,33.16
2023,20,2024-02-01,getafe,real madrid,2023|2024-02-01|getafe|real madrid,2023|2024-02-01|getafe|realmadrid,A,A,0.13000991288030897,0.2098524067302794,0.6601376803894116,0.6601376803894116,0.8670519529319523,0.4502852736591322,6.0,4.2,1.55,1.0499231950844854,0.15874177029992684,0.22677395757132407,0.6144842721287491,1.55,0.6601376803894116,0.02321340460358795,0.04220619018834172,1,1,0.55,33.71
2023,21,2024-01-19,alaves,cadiz,2023|2024-01-19|alaves|cadiz,2023|2024-01-19|alaves|cadiz,H,H,0.5202136742038646,0.3550984049401188,0.12468792085601663,0.5202136742038646,0.9672155058321619,0.16511526926374576,1.7,3.5,5.75,1.0478626233101935,0.5613668061366807,0.27266387726638774,0.16596931659693168,1.7,0.5202136742038646,-0.11563675385343031,0.0,1,1,0.7,34.41
2023,21,2024-01-20,celta,sociedad,2023|2024-01-20|celta|sociedad,2023|2024-01-20|celta|sociedad,A,A,0.31017280893114957,0.28697364211039694,0.40285354895845343,0.40285354895845343,1.0876113519830184,0.09268074002730387,3.25,3.0,2.4,1.0576923076923077,0.2909090909090909,0.3151515151515151,0.393939393939394,2.4,0.40285354895845343,-0.03315148249971178,0.0,1,1,1.4,35.81
2023,21,2024-01-20,valencia,ath bilbao,2023|2024-01-20|valencia|ath bilbao,2023|2024-01-20|valencia|athbilbao,H,A,0.26722093543980774,0.32048508067966414,0.41229398388052824,0.41229398388052824,1.0826323787641976,0.0918089032008641,3.3,3.3,2.25,1.0505050505050506,0.28846153846153844,0.28846153846153844,0.423076923076923,2.25,0.41229398388052824,-0.07233853626881148,0.0,1,0,-1.0,34.81
2023,21,2024-01-20,vallecano,las palmas,2023|2024-01-20|vallecano|las palmas,2023|2024-01-20|vallecano|laspalmas,A,H,0.5103629448298379,0.36441123909072776,0.12522581607943434,0.5103629448298379,0.971323820489134,0.14595170573911015,1.85,3.3,4.5,1.0657930657930659,0.5071721311475409,0.28432377049180324,0.2085040983606557,1.85,0.5103629448298379,-0.05582855206479981,0.0,1,0,-1.0,33.81
2023,21,2024-01-20,villarreal,mallorca,2023|2024-01-20|villarreal|mallorca,2023|2024-01-20|villarreal|mallorca,D,H,0.5212995076184879,0.3460167348125237,0.13268375756898843,0.5212995076184879,0.9747998462979357,0.17528277280596416,2.05,3.5,3.6,1.0512969415408442,0.46400294605045106,0.27177315411526415,0.2642238998342846,2.05,0.5212995076184879,0.06866399061790007,0.06539427677895246,1,0,-1.0,32.81
2023,21,2024-01-21,betis,barcelona,2023|2024-01-21|betis|barcelona,2023|2024-01-21|betis|barcelona,A,A,0.1372569310078376,0.23586703580428586,0.6268760331878765,0.6268760331878765,0.9060406766399234,0.3910089973835907,4.33,3.8,1.8,1.0496603325094878,0.22002058672156458,0.2507076685537828,0.5292717447246527,1.8,0.6268760331878765,0.1283768597381778,0.16047107467272226,1,1,0.8,33.61
2023,21,2024-01-21,girona,sevilla,2023|2024-01-21|girona|sevilla,2023|2024-01-21|girona|sevilla,H,H,0.6803430990374393,0.15099016768119422,0.16866673328136653,0.6803430990374393,0.8476908546126958,0.5116763657560728,1.73,4.0,4.5,1.050256904303147,0.5503745604647607,0.238036997401009,0.21158844213423023,1.73,0.6803430990374393,0.17699356133476996,0.24245693333530133,1,1,0.73,34.339999999999996
2023,21,2024-01-21,osasuna,getafe,2023|2024-01-21|osasuna|getafe,2023|2024-01-21|osasuna|getafe,H,H,0.4421883556594976,0.33698759873433015,0.22082404560617222,0.4421883556594976,1.0609089702706218,0.10520075692516745,2.15,3.0,4.0,1.0484496124031009,0.44362292051756,0.31792975970425136,0.23844731977818853,2.15,0.4421883556594976,-0.04929503533208013,0.0,1,1,1.15,35.49
2023,21,2024-01-21,real madrid,almeria,2023|2024-01-21|real madrid|almeria,2023|2024-01-21|realmadrid|almeria,H,H,0.8737551211844391,0.0770710245983519,0.04917385421720903,0.8737551211844391,0.46358390095021373,0.7966840965860872,1.13,10.0,17.0,1.043779281624154,0.84783801306668,0.09580569547653485,0.0563562914567852,1.13,0.8737551211844391,-0.012656713061583919,0.0,1,1,0.1299999999999999,35.62
2023,21,2024-01-22,granada,ath madrid,2023|2024-01-22|granada|ath madrid,2023|2024-01-22|granada|athmadrid,A,A,0.1724233950685773,0.23365832966799244,0.5939182752634303,0.5939182752634303,0.9522404600320092,0.3602599455954379,4.75,3.8,1.7,1.061919504643963,0.19825072886297374,0.24781341107871718,0.5539358600583091,1.7,0.5939182752634303,0.009661067947831559,0.01380152563975937,1,1,0.7,36.32
2023,22,2024-01-26,almeria,alaves,2023|2024-01-26|almeria|alaves,2023|2024-01-26|almeria|alaves,A,H,0.3544255512437736,0.30433427139547187,0.3412401773607546,0.3544255512437736,1.096565890227226,0.013185373883018991,2.6,3.2,2.8,1.0542582417582418,0.3648208469055374,0.29641693811074915,0.33876221498371334,2.6,0.3544255512437736,-0.07849356676618857,0.0,1,0,-1.0,35.32
2023,22,2024-01-27,barcelona,villarreal,2023|2024-01-27|barcelona|villarreal,2023|2024-01-27|barcelona|villarreal,A,H,0.786370887284316,0.13417487590244417,0.0794542368132397,0.786370887284316,0.6597148539229892,0.6521960113818719,1.36,5.5,8.0,1.0421122994652405,0.7055805003207184,0.1744708146247595,0.11994868505452214,1.36,0.786370887284316,0.06946440670666987,0.19295668529630514,1,0,-1.0,34.32
2023,22,2024-01-27,las palmas,real madrid,2023|2024-01-27|las palmas|real madrid,2023|2024-01-27|laspalmas|realmadrid,A,A,0.10758319951014352,0.2458637023637475,0.646553098126109,0.646553098126109,0.8667588805699178,0.40068939576236146,6.5,4.75,1.45,1.0540276420494208,0.14596026490066225,0.1997350993377483,0.6543046357615894,1.45,0.646553098126109,-0.062498007717142035,0.0,1,1,0.44999999999999996,34.769999999999996
2023,22,2024-01-27,mallorca,betis,2023|2024-01-27|mallorca|betis,2023|2024-01-27|mallorca|betis,A,H,0.4195154858748031,0.2526062757638165,0.32787823836138047,0.4195154858748031,1.0776022724544103,0.09163724751342261,2.3,3.2,3.2,1.0597826086956523,0.41025641025641024,0.2948717948717948,0.2948717948717948,2.3,0.4195154858748031,-0.035114382487952955,0.0,1,0,-1.0,33.769999999999996
2023,22,2024-01-27,sociedad,vallecano,2023|2024-01-27|sociedad|vallecano,2023|2024-01-27|sociedad|vallecano,D,H,0.6899044988933054,0.16833750290836702,0.14175799819832757,0.6899044988933054,0.8329783618113347,0.5215669959849384,1.67,3.75,5.5,1.0472872436944294,0.5717651950932151,0.2546261002148451,0.17360870469193984,1.67,0.6899044988933054,0.15214051315181998,0.22707539276391045,1,0,-1.0,32.769999999999996
2023,22,2024-01-28,ath madrid,valencia,2023|2024-01-28|ath madrid|valencia,2023|2024-01-28|athmadrid|valencia,H,H,0.7207133070490729,0.18695345664352578,0.0923332363074012,0.7207133070490729,0.769515207052136,0.5337598504055471,1.45,4.33,7.0,1.063459197488026,0.6485017704889973,0.2171657199097104,0.13433250960129228,1.45,0.7207133070490729,0.04503429522115565,0.10007621160256812,1,1,0.44999999999999996,33.22
2023,22,2024-01-28,cadiz,ath bilbao,2023|2024-01-28|cadiz|ath bilbao,2023|2024-01-28|cadiz|athbilbao,D,A,0.15472973509032487,0.3144547593691327,0.5308155055405425,0.5308155055405425,0.9887218873738548,0.21636074617140977,5.5,3.4,1.73,1.0539705109579303,0.1725078452649793,0.2790568085168783,0.5484353462181424,1.73,0.5308155055405425,-0.08168917541486154,0.0,1,0,-1.0,32.22
2023,22,2024-01-28,celta,girona,2023|2024-01-28|celta|girona,2023|2024-01-28|celta|girona,A,A,0.35409625268436984,0.25673672698445604,0.3891670203311742,0.3891670203311742,1.083979016830616,0.035070767646804335,2.8,3.4,2.5,1.0512605042016807,0.33972821742605913,0.2797761790567546,0.38049560351718625,2.5,0.3891670203311742,-0.027082449172064593,0.0,1,1,1.5,33.72
2023,22,2024-01-28,sevilla,osasuna,2023|2024-01-28|sevilla|osasuna,2023|2024-01-28|sevilla|osasuna,D,H,0.43694607572002864,0.3615613266426396,0.20149259763733174,0.43694607572002864,1.052384077075023,0.07538474907738901,2.0,3.4,3.75,1.0607843137254902,0.47134935304990755,0.27726432532347506,0.2513863216266174,2.0,0.43694607572002864,-0.12610784855994273,0.0,1,0,-1.0,32.72
2023,22,2024-01-29,getafe,granada,2023|2024-01-29|getafe|granada,2023|2024-01-29|getafe|granada,H,H,0.5277915204523657,0.3066052221983573,0.16560325734927703,0.5277915204523657,0.9975353945273475,0.22118629825400837,1.8,3.4,4.75,1.0601995184038528,0.5240103828682673,0.2774172615184945,0.19857235561323813,1.8,0.5277915204523657,-0.0499752631857418,0.0,1,1,0.8,33.519999999999996
2023,23,2024-02-02,ath bilbao,mallorca,2023|2024-02-02|ath bilbao|mallorca,2023|2024-02-02|athbilbao|mallorca,H,H,0.705459848723723,0.17161901236138186,0.12292113891489498,0.705459848723723,0.8062823517427511,0.5338408363623411,1.53,3.9,7.0,1.0528621705092294,0.620779043590968,0.243536394024149,0.135684562384883,1.53,0.705459848723723,0.07935356854729625,0.1497237142401816,1,1,0.53,34.05
2023,23,2024-02-03,alaves,barcelona,2023|2024-02-03|alaves|barcelona,2023|2024-02-03|alaves|barcelona,A,A,0.16935596031472253,0.2640877919489983,0.5665562477362792,0.5665562477362792,0.9742655298088723,0.30246845578728093,4.33,3.6,1.85,1.0492652005354084,0.22010344200803078,0.2647355288596593,0.5151610291323099,1.85,0.5665562477362792,0.04812905831211661,0.0566224215436666,1,1,0.8500000000000001,34.9
2023,23,2024-02-03,girona,sociedad,2023|2024-02-03|girona|sociedad,2023|2024-02-03|girona|sociedad,D,H,0.5325586272521925,0.21883440575092325,0.24860696699688434,0.5325586272521925,1.01408243269834,0.28395166025530816,2.1,3.4,3.5,1.0560224089635852,0.4509283819628648,0.2785145888594165,0.27055702917771884,2.1,0.5325586272521925,0.11837311722960431,0.10761192475418573,1,0,-1.0,33.9
2023,23,2024-02-03,granada,las palmas,2023|2024-02-03|granada|las palmas,2023|2024-02-03|granada|laspalmas,D,H,0.44917151379855813,0.268727459637777,0.2821010265636649,0.44917151379855813,1.0696140217983932,0.1670704872348932,2.3,3.2,3.3,1.0503129117259553,0.41395531164249316,0.2975303802430419,0.2885143081144649,2.3,0.44917151379855813,0.03309448173668361,0.02545729364360278,1,0,-1.0,32.9
2023,23,2024-02-03,valencia,almeria,2023|2024-02-03|valencia|almeria,2023|2024-02-03|valencia|almeria,H,H,0.6776008191081596,0.19343997953169353,0.12895920136014682,0.6776008191081596,0.8456429028231267,0.48416083957646605,1.65,3.75,5.5,1.0545454545454547,0.5747126436781609,0.2528735632183908,0.17241379310344826,1.65,0.6776008191081596,0.11804135152846329,0.18160207927455893,1,1,0.6499999999999999,33.55
2023,23,2024-02-04,betis,getafe,2023|2024-02-04|betis|getafe,2023|2024-02-04|betis|getafe,D,H,0.5415976386849174,0.2562144737733809,0.2021878875417017,0.5415976386849174,1.0042315979918162,0.2853831649115365,1.91,3.4,4.2,1.0557730945781454,0.4959022086400889,0.2785803583831088,0.22551743297680232,1.91,0.5415976386849174,0.03445148988819219,0.0378587800969145,1,0,-1.0,32.55
2023,23,2024-02-04,osasuna,celta,2023|2024-02-04|osasuna|celta,2023|2024-02-04|osasuna|celta,A,H,0.4358526435349601,0.3493908405342081,0.21475651593083175,0.4358526435349601,1.0597104476318013,0.08646180300075201,2.38,3.1,3.3,1.045779015418484,0.40177519440735215,0.30845966538370906,0.28976514020893884,2.38,0.4358526435349601,0.037329291613205084,0.02705021131391673,1,0,-1.0,31.549999999999997
2023,23,2024-02-04,real madrid,ath madrid,2023|2024-02-04|real madrid|ath madrid,2023|2024-02-04|realmadrid|athmadrid,D,H,0.5938437917203445,0.1753769439799462,0.23077926429970935,0.5938437917203445,0.9531645793386896,0.36306452742063516,1.73,4.0,4.5,1.050256904303147,0.5503745604647607,0.238036997401009,0.21158844213423023,1.73,0.5938437917203445,0.027349759676196017,0.03746542421396715,1,0,-1.0,30.549999999999997
2023,23,2024-02-04,villarreal,cadiz,2023|2024-02-04|villarreal|cadiz,2023|2024-02-04|villarreal|cadiz,D,H,0.6256239922994826,0.2638787136668788,0.11049729403363863,0.6256239922994826,0.8883772908916665,0.3617452786326038,1.62,4.0,5.5,1.0491021324354657,0.5883926183471516,0.23829901043059643,0.17330837122225196,1.62,0.6256239922994826,0.013510867525161896,0.02179172181477725,1,0,-1.0,29.549999999999997
2023,23,2024-02-05,vallecano,sevilla,2023|2024-02-05|vallecano|sevilla,2023|2024-02-05|vallecano|sevilla,A,H,0.5447826886881131,0.27122474287949727,0.1839925684323897,0.5447826886881131,0.9962534552459974,0.2735579458086158,2.15,3.3,3.5,1.0538608678143562,0.44134505158578524,0.28754298815437523,0.2711119602598395,2.15,0.5447826886881131,0.17128278067944303,0.148941548416907,1,0,-1.0,28.549999999999997
2023,24,2024-02-09,cadiz,betis,2023|2024-02-09|cadiz|betis,2023|2024-02-09|cadiz|betis,A,D,0.285459227686875,0.38314000793874986,0.33140076437437505,0.38314000793874986,1.0914428076191802,0.051739243564374815,3.0,3.0,2.6,1.051282051282051,0.3170731707317074,0.3170731707317074,0.3658536585365854,3.0,0.38314000793874986,0.14942002381624964,0.07471001190812482,1,0,-1.0,27.549999999999997
2023,24,2024-02-10,alaves,villarreal,2023|2024-02-10|alaves|villarreal,2023|2024-02-10|alaves|villarreal,D,H,0.47787619765006173,0.2909863462334054,0.23113745611653283,0.47787619765006173,1.0506389106667866,0.18688985141665632,2.2,3.4,3.3,1.0516934046345812,0.43220338983050843,0.2796610169491525,0.288135593220339,2.2,0.47787619765006173,0.051327634830135915,0.042773029025113256,1,0,-1.0,26.549999999999997
2023,24,2024-02-10,las palmas,valencia,2023|2024-02-10|las palmas|valencia,2023|2024-02-10|laspalmas|valencia,H,D,0.38260866791249093,0.39318111934902916,0.22421021273847996,0.39318111934902916,1.0698497322240397,0.010572451436538233,2.75,3.0,2.9,1.0417972831765936,0.3490471414242728,0.3199598796389167,0.33099297893681046,3.0,0.39318111934902916,0.17954335804708743,0.08977167902354372,1,0,-1.0,25.549999999999997
2023,24,2024-02-10,real madrid,girona,2023|2024-02-10|real madrid|girona,2023|2024-02-10|realmadrid|girona,H,H,0.7436158381244627,0.10298780084688165,0.1533963610286556,0.7436158381244627,0.7419648127276297,0.5902194770958071,1.45,5.0,6.0,1.0563218390804598,0.6528835690968444,0.18933623503808486,0.15778019586507072,1.45,0.7436158381244627,0.07824296528047098,0.1738732561788244,1,1,0.44999999999999996,26.0
2023,24,2024-02-10,sociedad,osasuna,2023|2024-02-10|sociedad|osasuna,2023|2024-02-10|sociedad|osasuna,A,H,0.5291191814667388,0.29158876126200006,0.1792920572712611,0.5291191814667388,1.004319789471654,0.2375304202047387,1.85,3.2,5.0,1.0530405405405405,0.5133140840551812,0.2967597048444017,0.18992621110041707,1.85,0.5291191814667388,-0.021129514286533257,0.0,1,0,-1.0,25.0
2023,24,2024-02-11,barcelona,granada,2023|2024-02-11|barcelona|granada,2023|2024-02-11|barcelona|granada,D,H,0.8523752980072422,0.08694390536411402,0.0606807966286438,0.8523752980072422,0.518543671230948,0.7654313926431282,1.22,7.5,10.0,1.0530054644808744,0.7784120394395433,0.12662169174883237,0.09496626881162429,1.22,0.8523752980072422,0.039897863568835484,0.18135392531288858,1,0,-1.0,24.0
2023,24,2024-02-11,getafe,celta,2023|2024-02-11|getafe|celta,2023|2024-02-11|getafe|celta,H,H,0.4528620402958518,0.36637927712390644,0.18075868258024183,0.4528620402958518,1.0358235058195442,0.08648276317194536,2.2,3.1,3.6,1.0549038774845227,0.43088803088803085,0.30579150579150577,0.2633204633204633,2.2,0.4528620402958518,-0.003703511349125832,0.0,1,1,1.2000000000000002,25.2
2023,24,2024-02-11,mallorca,vallecano,2023|2024-02-11|mallorca|vallecano,2023|2024-02-11|mallorca|vallecano,H,H,0.4284411707395266,0.3675657780745431,0.20399305118593036,0.4284411707395266,1.0553083335031244,0.060875392664983485,2.3,3.0,3.4,1.0622335890878092,0.40930979133226325,0.3138041733547351,0.2768860353130016,2.3,0.4284411707395266,-0.014585307299088912,0.0,1,1,1.2999999999999998,26.5
2023,24,2024-02-11,sevilla,ath madrid,2023|2024-02-11|sevilla|ath madrid,2023|2024-02-11|sevilla|athmadrid,H,A,0.2271656138126177,0.33328393534014056,0.43955045084724176,0.43955045084724176,1.064187605715468,0.1062665155071012,3.5,3.5,2.05,1.0592334494773519,0.26973684210526316,0.26973684210526316,0.46052631578947373,2.05,0.43955045084724176,-0.09892157576315447,0.0,1,0,-1.0,25.5
2023,24,2024-02-12,almeria,ath bilbao,2023|2024-02-12|almeria|ath bilbao,2023|2024-02-12|almeria|athbilbao,D,A,0.19883032405935788,0.29559767298151324,0.5055720029591289,0.5055720029591289,1.0262656098550553,0.20997432997761561,4.33,4.0,1.73,1.058981564298015,0.21808394971463146,0.23607587556608858,0.54584017471928,1.73,0.5055720029591289,-0.12536043488070708,0.0,1,0,-1.0,24.5
2023,25,2024-02-16,villarreal,getafe,2023|2024-02-16|villarreal|getafe,2023|2024-02-16|villarreal|getafe,D,H,0.4833082097251028,0.32053754486518343,0.19615424540971374,0.4833082097251028,1.0356138356490412,0.16277066485991937,1.95,3.5,3.8,1.0616926932716406,0.4830216088614491,0.26911203922280735,0.24786635191574358,1.95,0.4833082097251028,-0.057548991036049546,0.0,1,0,-1.0,23.5
2023,25,2024-02-17,ath madrid,las palmas,2023|2024-02-17|ath madrid|las palmas,2023|2024-02-17|athmadrid|laspalmas,H,H,0.6931461809428763,0.1992571935095424,0.10759662554758134,0.6931461809428763,0.8153537956579265,0.49388898743333387,1.5,4.75,6.5,1.0310391363022942,0.6465968586387435,0.20418848167539266,0.1492146596858639,1.5,0.6931461809428763,0.03971927141431442,0.07943854282862883,1,1,0.5,24.0
2023,25,2024-02-17,celta,barcelona,2023|2024-02-17|celta|barcelona,2023|2024-02-17|celta|barcelona,A,A,0.1808927810054261,0.2808178909048752,0.5382893280896988,0.5382893280896988,0.9993464994894874,0.25747143718482357,3.8,3.8,1.85,1.0668563300142246,0.24666666666666667,0.24666666666666667,0.5066666666666666,1.85,0.5382893280896988,-0.004164743034057228,0.0,1,1,0.8500000000000001,24.849999999999998
2023,25,2024-02-17,osasuna,cadiz,2023|2024-02-17|osasuna|cadiz,2023|2024-02-17|osasuna|cadiz,H,H,0.5574595990413277,0.3399074812117732,0.10263291974689912,0.5574595990413277,0.9262017470732229,0.21755211782955447,1.75,3.3,5.5,1.0562770562770563,0.540983606557377,0.28688524590163933,0.1721311475409836,1.75,0.5574595990413277,-0.024445701677676568,0.0,1,1,0.75,25.599999999999998
2023,25,2024-02-17,valencia,sevilla,2023|2024-02-17|valencia|sevilla,2023|2024-02-17|valencia|sevilla,D,H,0.4812409182418177,0.2361643026534182,0.28259477910476416,0.4812409182418177,1.0499389881841221,0.19864613913705353,2.25,3.3,3.3,1.0505050505050504,0.42307692307692313,0.2884615384615385,0.2884615384615385,2.25,0.4812409182418177,0.08279206604408984,0.06623365283527187,1,0,-1.0,24.599999999999998
2023,25,2024-02-18,betis,alaves,2023|2024-02-18|betis|alaves,2023|2024-02-18|betis|alaves,D,H,0.4796654786560903,0.32937082758567376,0.190963693758236,0.4796654786560903,1.0343570108285702,0.15029465107041656,2.1,3.3,3.75,1.0458874458874459,0.4552980132450331,0.2897350993377484,0.25496688741721857,2.1,0.4796654786560903,0.007297505177789709,0.0066340956161724625,1,0,-1.0,23.599999999999998
2023,25,2024-02-18,granada,almeria,2023|2024-02-18|granada|almeria,2023|2024-02-18|granada|almeria,D,H,0.4680978901332662,0.2714960546729252,0.2604060551938085,0.4680978901332662,1.0596811358346905,0.196601835460341,2.1,3.5,3.4,1.0560224089635855,0.45092838196286467,0.2705570291777188,0.27851458885941643,2.1,0.4680978901332662,-0.01699443072014095,0.0,1,0,-1.0,22.599999999999998
2023,25,2024-02-18,mallorca,sociedad,2023|2024-02-18|mallorca|sociedad,2023|2024-02-18|mallorca|sociedad,A,D,0.32002920086340747,0.34333616352805724,0.33663463560853524,0.34333616352805724,1.0981782843232932,0.006701527919521999,3.4,2.8,2.5,1.0512605042016807,0.2797761790567546,0.33972821742605913,0.38049560351718625,2.8,0.34333616352805724,-0.038658742121439826,0.0,1,0,-1.0,21.599999999999998
2023,25,2024-02-18,vallecano,real madrid,2023|2024-02-18|vallecano|real madrid,2023|2024-02-18|vallecano|realmadrid,D,A,0.15276980771899623,0.26461994669639466,0.5826102455846092,0.5826102455846092,0.9535767590651653,0.3179902988882145,6.0,3.75,1.62,1.0506172839506172,0.15863689776733256,0.2538190364277321,0.5875440658049355,1.62,0.5826102455846092,-0.05617140215293309,0.0,1,0,-1.0,20.599999999999998
2023,25,2024-02-19,ath bilbao,girona,2023|2024-02-19|ath bilbao|girona,2023|2024-02-19|athbilbao|girona,H,H,0.5546615874538463,0.22903916739177915,0.21629924515437454,0.5546615874538463,0.9956622545973236,0.32562242006206715,1.91,3.6,4.0,1.0513379872018616,0.49799419006778256,0.2642135841748513,0.23779222575736617,1.91,0.5546615874538463,0.0594036320368464,0.06527871652400703,1,1,0.9099999999999999,21.509999999999998
2023,26,2024-02-23,sociedad,villarreal,2023|2024-02-23|sociedad|villarreal,2023|2024-02-23|sociedad|villarreal,A,H,0.6016617824097064,0.2281740769670053,0.1701641406232883,0.6016617824097064,0.9442000810002882,0.37348770544270105,1.73,3.6,5.0,1.0558124598587026,0.5474785570898474,0.26309386215706554,0.1894275807530872,1.73,0.6016617824097064,0.040874883568791986,0.05599299119012601,1,0,-1.0,20.509999999999998
2023,26,2024-02-24,alaves,mallorca,2023|2024-02-24|alaves|mallorca,2023|2024-02-24|alaves|mallorca,D,H,0.5900371645979716,0.22373056098103428,0.18623227442099413,0.5900371645979716,0.9592922636627341,0.36630660361693734,1.91,3.0,5.0,1.056893542757417,0.4953764861294584,0.3153896961690885,0.18923381770145312,1.91,0.5900371645979716,0.12697098438212573,0.13952855426607225,1,0,-1.0,19.509999999999998
2023,26,2024-02-24,almeria,ath madrid,2023|2024-02-24|almeria|ath madrid,2023|2024-02-24|almeria|athmadrid,D,A,0.17430674602632337,0.313270495501069,0.5124227584726077,0.5124227584726077,1.010721142286032,0.19915226297153865,4.75,4.0,1.7,1.0487616099071206,0.2007380073800738,0.23837638376383766,0.5608856088560886,1.7,0.5124227584726077,-0.128881310596567,0.0,1,0,-1.0,18.509999999999998
2023,26,2024-02-24,barcelona,getafe,2023|2024-02-24|barcelona|getafe,2023|2024-02-24|barcelona|getafe,H,H,0.7414872696224736,0.15604441922609325,0.1024683111514332,0.7414872696224736,0.7450906966104064,0.5854428503963803,1.4,5.0,7.0,1.0571428571428572,0.6756756756756757,0.1891891891891892,0.13513513513513511,1.4,0.7414872696224736,0.03808217747146292,0.09520544367865733,1,1,0.3999999999999999,18.91
2023,26,2024-02-25,betis,ath bilbao,2023|2024-02-25|betis|ath bilbao,2023|2024-02-25|betis|athbilbao,H,A,0.28202450866421697,0.2904125017786807,0.42756298955710226,0.42756298955710226,1.0793375606612905,0.13715048777842154,3.6,3.1,2.2,1.0549038774845227,0.2633204633204633,0.30579150579150577,0.43088803088803085,2.2,0.42756298955710226,-0.05936142297437497,0.0,1,0,-1.0,17.91
2023,26,2024-02-25,cadiz,celta,2023|2024-02-25|cadiz|celta,2023|2024-02-25|cadiz|celta,D,D,0.26443695832770714,0.38290956061507636,0.3526534810572166,0.38290956061507636,1.0868778701090005,0.03025607955785975,3.1,3.0,2.5,1.0559139784946237,0.3054989816700611,0.3156822810590631,0.3788187372708758,3.0,0.38290956061507636,0.14872868184522903,0.07436434092261451,1,1,2.0,19.91
2023,26,2024-02-25,las palmas,osasuna,2023|2024-02-25|las palmas|osasuna,2023|2024-02-25|laspalmas|osasuna,D,H,0.42715092044932323,0.3230485394867828,0.24980054006389393,0.42715092044932323,1.0748682389611126,0.10410238096254043,2.38,2.9,3.5,1.050709939148073,0.39988968560397137,0.3281853281853282,0.2719249862107005,2.38,0.42715092044932323,0.016619190669389217,0.012042891789412476,1,0,-1.0,18.91
2023,26,2024-02-25,real madrid,sevilla,2023|2024-02-25|real madrid|sevilla,2023|2024-02-25|realmadrid|sevilla,H,H,0.8015413176446785,0.11853747119923781,0.07992121115608358,0.8015413176446785,0.6320382747702338,0.6830038464454407,1.29,6.0,9.0,1.0529715762273901,0.7361963190184049,0.15828220858895706,0.10552147239263804,1.29,0.8015413176446785,0.03398829976163531,0.1172010336608114,1,1,0.29000000000000004,19.2
2023,26,2024-02-26,girona,vallecano,2023|2024-02-26|girona|vallecano,2023|2024-02-26|girona|vallecano,H,H,0.6762492684808143,0.1929196470238716,0.13083108449531394,0.6762492684808143,0.8480806198351505,0.48332962145694275,1.65,4.2,4.75,1.0546821599453178,0.5746381507885073,0.22575070209548498,0.19961114711600778,1.65,0.6762492684808143,0.11581129299334364,0.17817121998975946,1,1,0.6499999999999999,19.849999999999998
2023,26,2024-04-04,granada,valencia,2023|2024-04-04|granada|valencia,2023|2024-04-04|granada|valencia,A,A,0.22455299864519823,0.36128792554067296,0.41415907581412886,0.41415907581412886,1.0683055190102695,0.0528711502734559,3.4,3.1,2.3,1.0514809009157662,0.27971753628874063,0.3067869752844252,0.41349548842683403,2.3,0.41415907581412886,-0.0474341256275036,0.0,1,1,1.2999999999999998,21.15
2023,27,2024-03-01,celta,almeria,2023|2024-03-01|celta|almeria,2023|2024-03-01|celta|almeria,H,H,0.5467893051729024,0.3050782067077029,0.14813248811939472,0.5467893051729024,0.9751580425255162,0.24171109846519945,1.85,3.6,4.2,1.0564135564135564,0.5116751269035532,0.2629441624365482,0.22538071065989848,1.85,0.5467893051729024,0.011560214569869443,0.01360025243514052,1,1,0.8500000000000001,22.0
2023,27,2024-03-02,getafe,las palmas,2023|2024-03-02|getafe|las palmas,2023|2024-03-02|getafe|laspalmas,D,H,0.538517883720434,0.30921592660009106,0.15226618967947494,0.538517883720434,0.9828228567134585,0.2293019571203429,2.0,3.1,4.33,1.0535275273783804,0.47459604709542835,0.3061909981260828,0.21921295477848884,2.0,0.538517883720434,0.07703576744086793,0.07703576744086793,1,0,-1.0,21.0
2023,27,2024-03-02,sevilla,sociedad,2023|2024-03-02|sevilla|sociedad,2023|2024-03-02|sevilla|sociedad,H,H,0.4062304911300465,0.3219300157808506,0.2718394930891029,0.4062304911300465,1.0849115024258802,0.08430047534919588,2.6,3.0,3.0,1.051282051282051,0.3658536585365854,0.3170731707317074,0.3170731707317074,2.6,0.4062304911300465,0.05619927693812099,0.03512454808632562,1,1,1.6,22.599999999999998
2023,27,2024-03-02,valencia,real madrid,2023|2024-03-02|valencia|real madrid,2023|2024-03-02|valencia|realmadrid,D,A,0.1858204510522263,0.22359854810858668,0.590581000839187,0.590581000839187,0.9586885889771513,0.36698245273060026,5.25,3.8,1.67,1.0524364804226134,0.1809859255351006,0.2500463444892837,0.5689677299756157,1.67,0.590581000839187,-0.013729728598557811,0.0,1,0,-1.0,21.599999999999998
2023,27,2024-03-02,vallecano,cadiz,2023|2024-03-02|vallecano|cadiz,2023|2024-03-02|vallecano|cadiz,D,H,0.6571324149786842,0.26519180303001555,0.07767578199130026,0.6571324149786842,0.8263776767988291,0.3919406119486687,1.8,3.3,5.25,1.049062049062049,0.5295735900962861,0.28885832187070154,0.1815680880330124,1.8,0.6571324149786842,0.1828383469616317,0.22854793370203963,1,0,-1.0,20.599999999999998
2023,27,2024-03-03,ath bilbao,barcelona,2023|2024-03-03|ath bilbao|barcelona,2023|2024-03-03|athbilbao|barcelona,D,A,0.32014860382532623,0.2255110690908892,0.45434032708378463,0.45434032708378463,1.0589457496569086,0.1341917232584584,2.88,3.5,2.4,1.0496031746031746,0.33081285444234404,0.2722117202268431,0.39697542533081287,2.4,0.45434032708378463,0.09041678500108319,0.06458341785791656,1,0,-1.0,19.599999999999998
2023,27,2024-03-03,ath madrid,betis,2023|2024-03-03|ath madrid|betis,2023|2024-03-03|athmadrid|betis,H,H,0.6505709181733118,0.20902221330710796,0.14040686851958015,0.6505709181733118,0.8825175119142618,0.44154870486620384,1.57,4.2,5.75,1.0489509567327344,0.6072187370353144,0.2269841469393913,0.1657971160252945,1.57,0.6505709181733118,0.021396341532099572,0.03753744128438521,1,1,0.5700000000000001,20.169999999999998
2023,27,2024-03-03,mallorca,girona,2023|2024-03-03|mallorca|girona,2023|2024-03-03|mallorca|girona,H,A,0.28401942072968467,0.3292877792136601,0.38669280005665524,0.38669280005665524,1.0906857262761147,0.05740502084299515,3.25,3.2,2.3,1.0549749163879598,0.2916584109371904,0.29621557360808404,0.41212601545472566,2.3,0.38669280005665524,-0.11060655986969303,0.0,1,0,-1.0,19.169999999999998
2023,27,2024-03-03,villarreal,granada,2023|2024-03-03|villarreal|granada,2023|2024-03-03|villarreal|granada,H,H,0.5129633441012035,0.32181015444704675,0.1652265014517498,0.5129633441012035,1.0047754686615962,0.19115318965415673,1.65,4.0,5.0,1.0560606060606061,0.5738880918220947,0.23672883787661403,0.18938307030129126,1.65,0.5129633441012035,-0.15361048223301432,0.0,1,1,0.6499999999999999,19.82
2023,27,2024-03-04,osasuna,alaves,2023|2024-03-04|osasuna|alaves,2023|2024-03-04|osasuna|alaves,H,H,0.46469881848017447,0.35442467090882135,0.1808765106110043,0.46469881848017447,1.0330477288860527,0.11027414757135312,2.38,3.1,3.25,1.0504410200804888,0.39999205971097346,0.30709067810068286,0.2929172621883437,2.38,0.46469881848017447,0.10598318798281514,0.0767994115817501,1,1,1.38,21.2
2023,28,2024-03-08,barcelona,mallorca,2023|2024-03-08|barcelona|mallorca,2023|2024-03-08|barcelona|mallorca,H,H,0.6976203632482546,0.1778956223307061,0.12448401442103935,0.6976203632482546,0.8177186032166475,0.5197247409175485,1.44,4.75,6.5,1.0588169140800718,0.6558682952734998,0.19883165161975572,0.14530005310674457,1.44,0.6976203632482546,0.004573323077486591,0.010393916085196799,1,1,0.43999999999999995,21.639999999999997
2023,28,2024-03-09,cadiz,ath madrid,2023|2024-03-09|cadiz|ath madrid,2023|2024-03-09|cadiz|athmadrid,H,A,0.14666568390593918,0.26892942912161016,0.5844048869724505,0.5844048869724505,0.9486457393152347,0.31547545785084036,4.75,3.6,1.73,1.0663387756481764,0.19742911033269403,0.26049674280008245,0.5420741468672235,1.73,0.5844048869724505,0.011020454462339402,0.01509651296210877,1,0,-1.0,20.639999999999997
2023,28,2024-03-09,girona,osasuna,2023|2024-03-09|girona|osasuna,2023|2024-03-09|girona|osasuna,H,H,0.6323994641064207,0.21958276523190343,0.148017770661676,0.6323994641064207,0.9054566873160121,0.4128166988745172,1.62,4.2,5.25,1.0458553791887124,0.5902192242833053,0.22765598650927488,0.1821247892074199,1.62,0.6323994641064207,0.024487131852401534,0.039495373955486336,1,1,0.6200000000000001,21.259999999999998
2023,28,2024-03-09,granada,sociedad,2023|2024-03-09|granada|sociedad,2023|2024-03-09|granada|sociedad,A,A,0.1673910283377849,0.31686211301061923,0.5157468586515959,0.5157468586515959,1.0048607543705828,0.19888474564097663,4.5,3.3,1.85,1.0657930657930659,0.2085040983606557,0.28432377049180324,0.5071721311475409,1.85,0.5157468586515959,-0.04586831149454762,0.0,1,1,0.8500000000000001,22.11
2023,28,2024-03-09,valencia,getafe,2023|2024-03-09|valencia|getafe,2023|2024-03-09|valencia|getafe,H,H,0.5578745897037167,0.2567590454776476,0.18536636481863566,0.5578745897037167,0.9871017668986761,0.3011155442260691,2.0,3.2,4.2,1.0505952380952381,0.4759206798866855,0.29745042492917845,0.22662889518413595,2.0,0.5578745897037167,0.11574917940743346,0.11574917940743346,1,1,1.0,23.11
2023,28,2024-03-10,alaves,vallecano,2023|2024-03-10|alaves|vallecano,2023|2024-03-10|alaves|vallecano,H,H,0.5578389768469014,0.29675884504560396,0.14540217810749465,0.5578389768469014,0.9664873682741902,0.26108013180129747,2.15,3.1,3.75,1.0543635908977245,0.44113461720899344,0.3059482022578503,0.25291718053315626,2.15,0.5578389768469014,0.19935380022083804,0.1733511306268157,1,1,1.15,24.259999999999998
2023,28,2024-03-10,betis,villarreal,2023|2024-03-10|betis|villarreal,2023|2024-03-10|betis|villarreal,A,H,0.48636637688997786,0.2740411679883479,0.2395924551216743,0.48636637688997786,1.0476429988889826,0.21232520890162998,2.05,3.5,3.4,1.0676368108218899,0.4569015166058744,0.26761374544058353,0.2754847379535419,2.05,0.48636637688997786,-0.002948927375545529,0.0,1,0,-1.0,23.259999999999998
2023,28,2024-03-10,las palmas,ath bilbao,2023|2024-03-10|las palmas|ath bilbao,2023|2024-03-10|laspalmas|athbilbao,A,A,0.285840098513463,0.33054066686670625,0.3836192346198308,0.3836192346198308,1.0914284516206334,0.05307856775312453,4.0,3.3,2.0,1.053030303030303,0.23741007194244607,0.2877697841726619,0.47482014388489213,2.0,0.3836192346198308,-0.2327615307603384,0.0,1,1,1.0,24.259999999999998
2023,28,2024-03-10,real madrid,celta,2023|2024-03-10|real madrid|celta,2023|2024-03-10|realmadrid|celta,H,H,0.7867115981573854,0.1299377984000551,0.0833506034425594,0.7867115981573854,0.6609922282951067,0.6567737997573304,1.3,6.0,8.0,1.0608974358974357,0.7250755287009064,0.1570996978851964,0.1178247734138973,1.3,0.7867115981573854,0.02272507760460113,0.07575025868200376,1,1,0.30000000000000004,24.56
2023,28,2024-03-11,almeria,sevilla,2023|2024-03-11|almeria|sevilla,2023|2024-03-11|almeria|sevilla,D,D,0.24659638219759306,0.415267488083547,0.33813612971886003,0.415267488083547,1.0768293226626027,0.07713135836468699,3.1,3.3,2.38,1.045779015418484,0.30845966538370906,0.28976514020893884,0.40177519440735215,3.3,0.415267488083547,0.37038271067570505,0.16103596116335003,1,1,2.3,26.86
2023,29,2024-03-15,sociedad,cadiz,2023|2024-03-15|sociedad|cadiz,2023|2024-03-15|sociedad|cadiz,H,H,0.727147255680243,0.19670181155614877,0.07615093276360826,0.727147255680243,0.7476299548121611,0.5304454441240942,1.5,4.0,8.5,1.034313725490196,0.6445497630331753,0.24170616113744078,0.1137440758293839,1.5,0.727147255680243,0.09072088352036445,0.1814417670407289,1,1,0.5,27.36
2023,29,2024-03-16,ath bilbao,alaves,2023|2024-03-16|ath bilbao|alaves,2023|2024-03-16|athbilbao|alaves,H,H,0.6891266359145941,0.15193522771533916,0.15893813637006673,0.6891266359145941,0.835199791233368,0.5301884995445274,1.55,3.75,7.0,1.0546850998463901,0.6117098747451208,0.25284008156131665,0.13545004369356248,1.55,0.6891266359145941,0.06814628566762088,0.12390233757749249,1,1,0.55,27.91
2023,29,2024-03-16,getafe,girona,2023|2024-03-16|getafe|girona,2023|2024-03-16|getafe|girona,H,A,0.3083349207871896,0.2534888284098923,0.43817625080291805,0.43817625080291805,1.0722284295279172,0.12984133001572845,3.1,3.5,2.25,1.0527393753200205,0.306420233463035,0.2714007782101167,0.42217898832684825,2.25,0.43817625080291805,-0.014103435693434307,0.0,1,0,-1.0,26.91
2023,29,2024-03-16,mallorca,granada,2023|2024-03-16|mallorca|granada,2023|2024-03-16|mallorca|granada,H,H,0.622047146840778,0.2275358926827723,0.1504169604764497,0.622047146840778,0.9171066596843412,0.3945112541580057,1.83,3.3,5.0,1.0494783904619969,0.520685411341475,0.28874372810754523,0.19057086055097988,1.83,0.622047146840778,0.13834627871862382,0.16668226351641421,1,1,0.8300000000000001,27.74
2023,29,2024-03-16,osasuna,real madrid,2023|2024-03-16|osasuna|real madrid,2023|2024-03-16|osasuna|realmadrid,A,A,0.20378683148596616,0.18372271957259548,0.6124904489414384,0.6124904489414384,0.9357025228264162,0.4087036174554723,5.75,4.2,1.55,1.0571695718960796,0.16450818118642996,0.22521953376713624,0.6102722850464337,1.55,0.6124904489414384,-0.050639804140770406,0.0,1,1,0.55,28.29
2023,29,2024-03-17,ath madrid,barcelona,2023|2024-03-17|ath madrid|barcelona,2023|2024-03-17|athmadrid|barcelona,A,H,0.41971931166882165,0.2694714644062717,0.3108092239249066,0.41971931166882165,1.080947515088992,0.10891008774391503,2.38,3.6,2.8,1.0550887021475257,0.39823008849557523,0.26327433628318586,0.33849557522123896,2.38,0.41971931166882165,-0.0010680382282045597,0.0,1,0,-1.0,27.29
2023,29,2024-03-17,las palmas,almeria,2023|2024-03-17|las palmas|almeria,2023|2024-03-17|laspalmas|almeria,A,H,0.5846456430841861,0.2865320688077986,0.12882228810801533,0.5846456430841861,0.9359442602254262,0.2981135742763875,1.95,3.5,4.0,1.0485347985347986,0.48908296943231444,0.2724890829694323,0.23842794759825325,1.95,0.5846456430841861,0.14005900401416282,0.14743053054122404,1,0,-1.0,26.29
2023,29,2024-03-17,sevilla,celta,2023|2024-03-17|sevilla|celta,2023|2024-03-17|sevilla|celta,A,H,0.5117438343715092,0.28117019511383456,0.2070859705146563,0.5117438343715092,1.0256624525527975,0.2305736392576746,2.0,3.4,3.75,1.0607843137254902,0.47134935304990755,0.27726432532347506,0.2513863216266174,2.0,0.5117438343715092,0.02348766874301833,0.02348766874301833,1,0,-1.0,25.29
2023,29,2024-03-17,vallecano,betis,2023|2024-03-17|vallecano|betis,2023|2024-03-17|vallecano|betis,H,H,0.397451223324376,0.3541787091819454,0.2483700674936786,0.397451223324376,1.0802812322201387,0.04327251414243061,2.5,3.25,3.0,1.041025641025641,0.3842364532019704,0.29556650246305416,0.3201970443349753,2.5,0.397451223324376,-0.006371941689060079,0.0,1,1,1.5,26.79
2023,29,2024-03-17,villarreal,valencia,2023|2024-03-17|villarreal|valencia,2023|2024-03-17|villarreal|valencia,H,H,0.519830328609655,0.2667340011208295,0.2134356702695155,0.519830328609655,1.022224610495843,0.25309632748882543,2.05,3.5,3.6,1.0512969415408442,0.46400294605045106,0.27177315411526415,0.2642238998342846,2.05,0.519830328609655,0.06565217364979259,0.06252587966646914,1,1,1.0499999999999998,27.84
2023,30,2024-03-29,cadiz,granada,2023|2024-03-29|cadiz|granada,2023|2024-03-29|cadiz|granada,H,H,0.5524262062677131,0.2939150060911194,0.15365878764116744,0.5524262062677131,0.9755239163889993,0.2585112001765937,2.0,3.3,4.2,1.0411255411255411,0.4802494802494803,0.2910602910602911,0.22869022869022868,2.0,0.5524262062677131,0.10485241253542621,0.10485241253542621,1,1,1.0,28.84
2023,30,2024-03-30,almeria,osasuna,2023|2024-03-30|almeria|osasuna,2023|2024-03-30|almeria|osasuna,A,D,0.35720660016737993,0.38691369677610526,0.25587970305651475,0.38691369677610526,1.0838946831971477,0.029707096608725336,2.63,3.2,2.8,1.0498709940249864,0.3621665319320938,0.2976556184316896,0.34017784963621667,3.2,0.38691369677610526,0.23812382968353696,0.1082381044016077,1,0,-1.0,27.84
2023,30,2024-03-30,barcelona,las palmas,2023|2024-03-30|barcelona|las palmas,2023|2024-03-30|barcelona|laspalmas,H,H,0.8670055431262119,0.0806004003253606,0.05239405654842741,0.8670055431262119,0.48121046209846374,0.7864051428008513,1.25,6.5,10.0,1.0538461538461539,0.759124087591241,0.14598540145985403,0.09489051094890512,1.25,0.8670055431262119,0.0837569289077649,0.3350277156310596,1,1,0.25,28.09
2023,30,2024-03-30,getafe,sevilla,2023|2024-03-30|getafe|sevilla,2023|2024-03-30|getafe|sevilla,A,H,0.4005329176362791,0.3052583084253152,0.2942087739384057,0.4005329176362791,1.0886442331875035,0.09527460921096387,2.55,3.1,3.0,1.0480708412397217,0.3741701870850936,0.30778515389257693,0.3180446590223295,2.55,0.4005329176362791,0.021358939972511592,0.013779961272588126,1,0,-1.0,27.09
2023,30,2024-03-30,valencia,mallorca,2023|2024-03-30|valencia|mallorca,2023|2024-03-30|valencia|mallorca,D,H,0.5023154354184564,0.30192821304442474,0.19575635153711898,0.5023154354184564,1.0266926992856629,0.20038722237403161,2.05,3.0,4.2,1.0592334494773519,0.46052631578947373,0.31469298245614036,0.22478070175438597,2.05,0.5023154354184564,0.02974664260783544,0.028330135816986138,1,0,-1.0,26.09
2023,30,2024-03-31,alaves,sociedad,2023|2024-03-31|alaves|sociedad,2023|2024-03-31|alaves|sociedad,A,A,0.27905072127396063,0.3020149501770321,0.41893432854900725,0.41893432854900725,1.082255828646277,0.11691937837197514,3.5,2.9,2.38,1.050709939148073,0.2719249862107005,0.3281853281853282,0.39988968560397137,2.38,0.41893432854900725,-0.002936298053362818,0.0,1,1,1.38,27.47
2023,30,2024-03-31,celta,vallecano,2023|2024-03-31|celta|vallecano,2023|2024-03-31|celta|vallecano,D,H,0.563425695373573,0.24873519347728773,0.1878391111491392,0.563425695373573,0.9834291122969832,0.3146905018962853,1.95,3.3,4.0,1.065850815850816,0.4811372334609076,0.2843083652268999,0.23455440131219243,1.95,0.563425695373573,0.09868010597846733,0.10387379576680772,1,0,-1.0,26.47
2023,30,2024-03-31,girona,betis,2023|2024-03-31|girona|betis,2023|2024-03-31|girona|betis,H,H,0.6406073881722822,0.17854692444714956,0.18084568738056817,0.6406073881722822,0.9021725484392771,0.4597617007917141,1.75,3.8,4.75,1.045112781954887,0.5467625899280576,0.2517985611510791,0.20143884892086333,1.75,0.6406073881722822,0.12106292930149393,0.16141723906865857,1,1,0.75,27.22
2023,30,2024-03-31,real madrid,ath bilbao,2023|2024-03-31|real madrid|ath bilbao,2023|2024-03-31|realmadrid|athbilbao,H,H,0.7387353915236181,0.13975585731982965,0.12150875115655234,0.7387353915236181,0.7548326114563209,0.5989795342037885,1.53,4.33,6.0,1.0512083201255868,0.6217557060086298,0.21969658895916944,0.15854770503220061,1.53,0.7387353915236181,0.13026514903113573,0.24578330005874666,1,1,0.53,27.75
2023,30,2024-04-01,villarreal,ath madrid,2023|2024-04-01|villarreal|ath madrid,2023|2024-04-01|villarreal|athmadrid,A,A,0.32608225614447856,0.2202685039497555,0.4536492399057659,0.4536492399057659,1.0572340010370462,0.12756698376128733,2.9,3.75,2.25,1.0559386973180076,0.3265602322206096,0.2525399129172714,0.420899854862119,2.25,0.4536492399057659,0.02071078978797325,0.0165686318303786,1,1,1.25,29.0
2023,31,2024-04-12,betis,celta,2023|2024-04-12|betis|celta,2023|2024-04-12|betis|celta,H,H,0.4435506639192072,0.300547035032804,0.2559023010479888,0.4435506639192072,1.0706689236559193,0.14300362888640322,2.1,3.4,3.5,1.0560224089635852,0.4509283819628648,0.2785145888594165,0.27055702917771884,2.1,0.4435506639192072,-0.06854360576966473,0.0,1,1,1.1,30.099999999999998
2023,31,2024-04-13,ath madrid,girona,2023|2024-04-13|ath madrid|girona,2023|2024-04-13|athmadrid|girona,H,H,0.5165841406620252,0.20770748989684318,0.2757083694411317,0.5165841406620252,1.0228766975792583,0.2408757712208935,1.91,3.6,3.8,1.0644958819387036,0.491838642410297,0.26094772416768536,0.2472136334220177,1.91,0.5165841406620252,-0.013324291335531924,0.0,1,1,0.9099999999999999,31.009999999999998
2023,31,2024-04-13,cadiz,barcelona,2023|2024-04-13|cadiz|barcelona,2023|2024-04-13|cadiz|barcelona,A,A,0.2519643095351822,0.29642817155108364,0.4516075189137342,0.4516075189137342,1.0667683251407554,0.15517934736265054,4.33,3.6,1.83,1.0551727474265618,0.2188711590403955,0.2632533662902535,0.517875474669351,1.83,0.4516075189137342,-0.17355824038786644,0.0,1,1,0.8300000000000001,31.84
2023,31,2024-04-13,mallorca,real madrid,2023|2024-04-13|mallorca|real madrid,2023|2024-04-13|mallorca|realmadrid,A,A,0.2256895489338751,0.22892339517014373,0.5453870558959812,0.5453870558959812,1.0041237126174085,0.31646366072583754,5.0,3.6,1.75,1.0492063492063493,0.19062027231467474,0.264750378214826,0.5446293494704992,1.75,0.5453870558959812,-0.045572652182032825,0.0,1,1,0.75,32.589999999999996
2023,31,2024-04-13,vallecano,getafe,2023|2024-04-13|vallecano|getafe,2023|2024-04-13|vallecano|getafe,D,H,0.46802432725803655,0.31826444018895483,0.21371123255300845,0.46802432725803655,1.049496829948444,0.14975988706908172,2.2,3.0,3.7,1.058149058149058,0.4295665634674923,0.315015479876161,0.25541795665634676,2.2,0.46802432725803655,0.02965351996768051,0.024711266639733755,1,0,-1.0,31.59
2023,31,2024-04-14,ath bilbao,villarreal,2023|2024-04-14|ath bilbao|villarreal,2023|2024-04-14|athbilbao|villarreal,D,H,0.6053411414788035,0.2177223915781537,0.17693646694304282,0.6053411414788035,0.9422318998058322,0.38761874990064976,1.75,4.0,4.33,1.0523754536456615,0.5429892624813857,0.23755780233560622,0.21945293518300807,1.75,0.6053411414788035,0.05934699758790607,0.07912933011720809,1,0,-1.0,30.59
2023,31,2024-04-14,granada,alaves,2023|2024-04-14|granada|alaves,2023|2024-04-14|granada|alaves,H,D,0.26663903753818485,0.41417382769650035,0.31918713476531474,0.41417382769650035,1.0820455337096029,0.09498669293118561,3.0,3.0,2.55,1.0588235294117647,0.31481481481481477,0.31481481481481477,0.3703703703703704,3.0,0.41417382769650035,0.24252148308950106,0.12126074154475053,1,0,-1.0,29.59
2023,31,2024-04-14,las palmas,sevilla,2023|2024-04-14|las palmas|sevilla,2023|2024-04-14|laspalmas|sevilla,A,D,0.3358830582812315,0.3400892593997164,0.32402768231905205,0.3400892593997164,1.0984034372838014,0.004206201118484909,2.7,3.2,2.7,1.0532407407407407,0.3516483516483516,0.2967032967032967,0.3516483516483516,3.2,0.3400892593997164,0.08828563007909263,0.040129831854133005,1,0,-1.0,28.59
2023,31,2024-04-14,sociedad,almeria,2023|2024-04-14|sociedad|almeria,2023|2024-04-14|sociedad|almeria,D,H,0.7974240387531413,0.13252590807192793,0.07005005317493078,0.7974240387531413,0.634574905418578,0.6648981306812134,1.33,5.0,10.0,1.0518796992481203,0.7147962830593281,0.1901358112937813,0.09506790564689065,1.33,0.7974240387531413,0.06057397154167793,0.18355748952023612,1,0,-1.0,27.59
2023,31,2024-04-15,osasuna,valencia,2023|2024-04-15|osasuna|valencia,2023|2024-04-15|osasuna|valencia,A,H,0.5472707710552964,0.241562144561012,0.2111670843836916,0.5472707710552964,1.0014583457357586,0.30570862649428443,2.2,3.1,3.75,1.0437927663734115,0.43547480801648253,0.3090466379471811,0.2554785540363364,2.2,0.5472707710552964,0.20399569632165226,0.16999641360137685,1,0,-1.0,26.59
2023,32,2024-04-19,ath bilbao,granada,2023|2024-04-19|ath bilbao|granada,2023|2024-04-19|athbilbao|granada,D,H,0.8117128469274478,0.12261864618140132,0.06566850689115081,0.8117128469274478,0.6054914062953092,0.6890942007460465,1.25,6.0,11.0,1.0575757575757576,0.7564469914040115,0.15759312320916904,0.08595988538681948,1.25,0.8117128469274478,0.014641058659309786,0.05856423463723914,1,0,-1.0,25.59
2023,32,2024-04-20,celta,las palmas,2023|2024-04-20|celta|las palmas,2023|2024-04-20|celta|laspalmas,H,H,0.7150871809043344,0.18560016052728148,0.09931265856838409,0.7150871809043344,0.7817463645664089,0.529487020377053,1.73,3.75,5.0,1.0447013487475916,0.5533013648100332,0.2552563629656953,0.1914422722242715,1.73,0.7150871809043344,0.23710082296449853,0.32479564789657334,1,1,0.73,26.32
2023,32,2024-04-20,girona,cadiz,2023|2024-04-20|girona|cadiz,2023|2024-04-20|girona|cadiz,H,H,0.7324067707345867,0.17779904612599676,0.0897941831394165,0.7324067707345867,0.7515876041815553,0.55460772460859,1.4,4.75,8.0,1.0498120300751879,0.6803939122649956,0.20053715308863027,0.11906893464637423,1.4,0.7324067707345867,0.02536947902842135,0.06342369757105339,1,1,0.3999999999999999,26.72
2023,32,2024-04-20,valencia,betis,2023|2024-04-20|valencia|betis,2023|2024-04-20|valencia|betis,A,H,0.49968431051529255,0.22797393103489216,0.2723417584498154,0.49968431051529255,1.0379695421776782,0.22734255206547715,2.2,3.2,3.5,1.0527597402597402,0.4317656129529684,0.2968388589051658,0.27139552814186585,2.2,0.49968431051529255,0.09930548313364373,0.08275456927803643,1,0,-1.0,25.72
2023,32,2024-04-20,vallecano,osasuna,2023|2024-04-20|vallecano|osasuna,2023|2024-04-20|vallecano|osasuna,H,H,0.4224303298730605,0.31687354164521353,0.2606961284817259,0.4224303298730605,1.078668740441881,0.10555678822784698,2.2,3.1,3.6,1.0549038774845227,0.43088803088803085,0.30579150579150577,0.2633204633204633,2.2,0.4224303298730605,-0.07065327427926682,0.0,1,1,1.2000000000000002,26.919999999999998
2023,32,2024-04-21,alaves,ath madrid,2023|2024-04-21|alaves|ath madrid,2023|2024-04-21|alaves|athmadrid,H,A,0.204348395695357,0.23636834754354846,0.5592832567610945,0.5592832567610945,0.9904189586196166,0.322914909217546,4.0,3.5,1.95,1.0485347985347986,0.23842794759825325,0.2724890829694323,0.48908296943231444,1.95,0.5592832567610945,0.09060235068413425,0.09537089545698342,1,0,-1.0,25.919999999999998
2023,32,2024-04-21,almeria,villarreal,2023|2024-04-21|almeria|villarreal,2023|2024-04-21|almeria|villarreal,A,A,0.22397908104042197,0.38567903923298436,0.3903418797265937,0.3903418797265937,1.0697809177556636,0.0046628404936093215,3.4,3.8,2.05,1.045080419844446,0.2814306358381503,0.2518063583815029,0.46676300578034685,2.05,0.3903418797265937,-0.1997991465604831,0.0,1,1,1.0499999999999998,26.97
2023,32,2024-04-21,getafe,sociedad,2023|2024-04-21|getafe|sociedad,2023|2024-04-21|getafe|sociedad,D,A,0.24581903811313163,0.2998280026534427,0.4543529592334256,0.4543529592334256,1.064510449514058,0.1545249565799829,3.8,3.1,2.15,1.0508548189679,0.250422693969566,0.3069697538981777,0.4426075521322562,2.15,0.4543529592334256,-0.02314113764813497,0.0,1,0,-1.0,25.97
2023,32,2024-04-21,real madrid,barcelona,2023|2024-04-21|real madrid|barcelona,2023|2024-04-21|realmadrid|barcelona,H,H,0.5707238891976304,0.18060436846555528,0.24867174233681427,0.5707238891976304,0.975242008731015,0.3220521468608161,1.85,3.8,4.0,1.0536984352773826,0.5129935875801552,0.24974687816402294,0.2372595342558218,1.85,0.5707238891976304,0.055839195015616294,0.0656931706066074,1,1,0.8500000000000001,26.82
2023,32,2024-04-22,sevilla,mallorca,2023|2024-04-22|sevilla|mallorca,2023|2024-04-22|sevilla|mallorca,H,H,0.5983323525823777,0.26016941899494184,0.14149822842268048,0.5983323525823777,0.9343019884432633,0.3381629335874359,1.95,3.1,4.5,1.0576233802040256,0.48488008342022937,0.30500521376433776,0.21011470281543268,1.95,0.5983323525823777,0.16674808753563652,0.17552430266909108,1,1,0.95,27.77
2023,33,2024-04-26,sociedad,real madrid,2023|2024-04-26|sociedad|real madrid,2023|2024-04-26|sociedad|realmadrid,A,H,0.5357218925655741,0.17876890680667545,0.2855092006277504,0.5357218925655741,1.0000253999522992,0.2502126919378237,2.45,3.25,2.9,1.0606831592053267,0.384811677043993,0.29008880269470244,0.3250995202613045,2.45,0.5357218925655741,0.3125186367856567,0.21553009433493564,1,0,-1.0,26.77
2023,33,2024-04-27,alaves,celta,2023|2024-04-27|alaves|celta,2023|2024-04-27|alaves|celta,H,A,0.30444345612656887,0.32219629383483667,0.37336025003859447,0.37336025003859447,1.0948219438638884,0.0511639562037578,2.75,3.1,2.7,1.0565873791680245,0.34416118421052627,0.30530427631578944,0.3505345394736841,2.7,0.37336025003859447,0.008072675104205063,0.004748632414238271,1,0,-1.0,25.77
2023,33,2024-04-27,almeria,getafe,2023|2024-04-27|almeria|getafe,2023|2024-04-27|almeria|getafe,A,H,0.37219401294860616,0.33681317535624183,0.290992811695152,0.37219401294860616,1.093601418897106,0.03538083759236432,2.7,3.4,2.63,1.044716154311323,0.35451770209729216,0.28152876343020267,0.36395353447250534,2.7,0.37219401294860616,0.004923834961236606,0.002896373506609768,1,0,-1.0,24.77
2023,33,2024-04-27,ath madrid,ath bilbao,2023|2024-04-27|ath madrid|ath bilbao,2023|2024-04-27|athmadrid|athbilbao,H,H,0.611933688594379,0.18941870500360775,0.19864760640201334,0.611933688594379,0.9367525804435093,0.4132860821923657,1.95,3.5,4.0,1.0485347985347986,0.48908296943231444,0.2724890829694323,0.23842794759825325,1.95,0.611933688594379,0.19327069275903908,0.20344283448319903,1,1,0.95,25.72
2023,33,2024-04-27,las palmas,girona,2023|2024-04-27|las palmas|girona,2023|2024-04-27|laspalmas|girona,A,A,0.14677711319223324,0.20630896965239448,0.6469139171553724,0.6469139171553724,0.8890340465584795,0.4406049475029779,4.5,3.8,1.75,1.0568086883876358,0.2102766798418972,0.24901185770750986,0.5407114624505929,1.75,0.6469139171553724,0.13209935502190168,0.17613247336253557,1,1,0.75,26.47
2023,33,2024-04-28,betis,sevilla,2023|2024-04-28|betis|sevilla,2023|2024-04-28|betis|sevilla,D,H,0.4588581935346341,0.28869863388777084,0.25244317257759513,0.4588581935346341,1.063633537682168,0.17015955964686325,2.05,3.4,3.6,1.059700302885382,0.4603234298608499,0.27754795035727714,0.26212861978187285,2.05,0.4588581935346341,-0.059340703254000204,0.0,1,0,-1.0,25.47
2023,33,2024-04-28,cadiz,mallorca,2023|2024-04-28|cadiz|mallorca,2023|2024-04-28|cadiz|mallorca,D,H,0.38981305086088075,0.321263533485927,0.28892341565319224,0.38981305086088075,1.0907563318091649,0.06854951737495374,2.5,2.9,3.2,1.0573275862068967,0.3783122706889523,0.32613126783530366,0.29555646147574394,2.5,0.38981305086088075,-0.025467372847798098,0.0,1,0,-1.0,24.47
2023,33,2024-04-28,granada,osasuna,2023|2024-04-28|granada|osasuna,2023|2024-04-28|granada|osasuna,H,H,0.38156800721695683,0.3469263129490648,0.27150567983397833,0.38156800721695683,1.088880503486248,0.03464169426789204,2.55,3.1,3.0,1.0480708412397217,0.3741701870850936,0.30778515389257693,0.3180446590223295,2.55,0.38156800721695683,-0.027001581596760138,0.0,1,1,1.5499999999999998,26.02
2023,33,2024-04-28,villarreal,vallecano,2023|2024-04-28|villarreal|vallecano,2023|2024-04-28|villarreal|vallecano,H,H,0.7174473559310851,0.18806156392120418,0.09449108014771071,0.7174473559310851,0.7754087756338144,0.5293857920098809,1.65,4.0,5.0,1.0560606060606061,0.5738880918220947,0.23672883787661403,0.18938307030129126,1.65,0.7174473559310851,0.18378813728629034,0.2827509804404467,1,1,0.6499999999999999,26.669999999999998
2023,33,2024-04-29,barcelona,valencia,2023|2024-04-29|barcelona|valencia,2023|2024-04-29|barcelona|valencia,H,H,0.7931061211883327,0.12866079487978302,0.07823308393188438,0.7931061211883327,0.6470121223433152,0.6644453263085497,1.36,5.0,7.5,1.0686274509803921,0.6880733944954128,0.1871559633027523,0.12477064220183487,1.36,0.7931061211883327,0.07862432481613252,0.2184009022670347,1,1,0.3600000000000001,27.029999999999998
2023,34,2024-05-03,getafe,ath bilbao,2023|2024-05-03|getafe|ath bilbao,2023|2024-05-03|getafe|athbilbao,A,A,0.2963954076827311,0.2522146717516988,0.45138992056557004,0.45138992056557004,1.0669004455572386,0.15499451288283894,4.0,3.2,2.05,1.0503048780487805,0.23802612481857766,0.29753265602322204,0.46444121915820036,2.05,0.45138992056557004,-0.07465066284058153,0.0,1,1,1.0499999999999998,28.08
2023,34,2024-05-04,girona,barcelona,2023|2024-05-04|girona|barcelona,2023|2024-05-04|girona|barcelona,H,H,0.42922263401214783,0.19839114006629402,0.3723862259215581,0.42922263401214783,1.0517802607977922,0.05683640809058971,2.7,3.75,2.4,1.0537037037037038,0.35149384885764495,0.25307557117750434,0.3954305799648506,2.7,0.42922263401214783,0.1589011118327993,0.09347124225458782,1,1,1.7000000000000002,29.779999999999998
2023,34,2024-05-04,mallorca,ath madrid,2023|2024-05-04|mallorca|ath madrid,2023|2024-05-04|mallorca|athmadrid,A,A,0.27213347586007974,0.25891899572577975,0.4689475284141405,0.4689475284141405,1.0591505216729322,0.19681405255406076,3.75,3.2,2.15,1.044282945736434,0.25535863412823606,0.29924839936902664,0.44539296650273735,2.15,0.4689475284141405,0.008237186090402027,0.007162770513393067,1,1,1.15,30.93
2023,34,2024-05-04,real madrid,cadiz,2023|2024-05-04|real madrid|cadiz,2023|2024-05-04|realmadrid|cadiz,H,H,0.6946104088016894,0.17153650711604654,0.13385308408226396,0.6946104088016894,0.8247109964178431,0.5230739016856429,1.33,5.25,8.5,1.0600029485478402,0.7093184979137691,0.17969401947148816,0.1109874826147427,1.33,0.6946104088016894,-0.07616815629375298,0.0,1,1,0.33000000000000007,31.259999999999998
2023,34,2024-05-04,sociedad,las palmas,2023|2024-05-04|sociedad|las palmas,2023|2024-05-04|sociedad|laspalmas,H,H,0.8184498667951007,0.10413048251506749,0.07741965068983182,0.8184498667951007,0.5976047822560334,0.7143193842800332,1.33,5.0,10.0,1.0518796992481203,0.7147962830593281,0.1901358112937813,0.09506790564689065,1.33,0.8184498667951007,0.08853832283748397,0.2682979479923756,1,1,0.33000000000000007,31.59
2023,34,2024-05-05,celta,villarreal,2023|2024-05-05|celta|villarreal,2023|2024-05-05|celta|villarreal,H,H,0.4075517612898083,0.3424378370075062,0.2500104017026854,0.4075517612898083,1.0793695975867736,0.06511392428230212,2.3,3.6,2.88,1.0597826086956523,0.41025641025641024,0.2621082621082621,0.3276353276353276,2.3,0.4075517612898083,-0.06263094903344102,0.0,1,1,1.2999999999999998,32.89
2023,34,2024-05-05,osasuna,betis,2023|2024-05-05|osasuna|betis,2023|2024-05-05|osasuna|betis,A,A,0.31566749379519515,0.30491457901433533,0.3794179271904695,0.3794179271904695,1.0938400054388746,0.06375043339527436,3.2,3.25,2.38,1.0403603749191985,0.3003766844006058,0.29575550464059647,0.4038678109587977,2.38,0.3794179271904695,-0.09698533328668257,0.0,1,1,1.38,34.269999999999996
2023,34,2024-05-05,sevilla,granada,2023|2024-05-05|sevilla|granada,2023|2024-05-05|sevilla|granada,H,H,0.6430169230679978,0.23921488141785047,0.11776819551415163,0.6430169230679978,0.8780279709106588,0.4038020416501474,1.65,4.0,5.25,1.0465367965367967,0.5791106514994829,0.2388831437435367,0.18200620475698032,1.65,0.6430169230679978,0.060977923062196404,0.09381218932645602,1,1,0.6499999999999999,34.919999999999995
2023,34,2024-05-05,valencia,alaves,2023|2024-05-05|valencia|alaves,2023|2024-05-05|valencia|alaves,A,H,0.4851205609233668,0.3071327004434389,0.20774673863319432,0.4851205609233668,1.0399389601362186,0.17798786047992793,2.1,3.0,4.0,1.0595238095238095,0.449438202247191,0.3146067415730337,0.23595505617977527,2.1,0.4851205609233668,0.018753177939070387,0.01704834358097308,1,0,-1.0,33.919999999999995
2023,34,2024-05-05,vallecano,almeria,2023|2024-05-05|vallecano|almeria,2023|2024-05-05|vallecano|almeria,A,H,0.5905656646657869,0.29941302340216047,0.11002131193205271,0.5905656646657869,0.9149333524532726,0.2911526412636264,1.57,4.0,5.75,1.0608557186374965,0.600404620505123,0.2356588135482608,0.1639365659466162,1.57,0.5905656646657869,-0.07281190647471458,0.0,1,0,-1.0,32.919999999999995
2023,35,2024-05-10,alaves,girona,2023|2024-05-10|alaves|girona,2023|2024-05-10|alaves|girona,D,A,0.32604900211904086,0.2312923224626272,0.442658675418332,0.442658675418332,1.0647818872734978,0.11660967329929112,3.5,3.6,2.05,1.051296941540844,0.2717731541152642,0.2642238998342847,0.46400294605045117,2.05,0.442658675418332,-0.09254971539241957,0.0,1,0,-1.0,31.919999999999998
2023,35,2024-05-11,ath bilbao,osasuna,2023|2024-05-11|ath bilbao|osasuna,2023|2024-05-11|athbilbao|osasuna,D,H,0.7459004653633962,0.15662044591989607,0.09747908871670785,0.7459004653633962,0.7359765985126515,0.5892800194435001,1.44,4.33,7.5,1.0587246599948679,0.6559254456657416,0.21813686876643598,0.1259376855678224,1.44,0.7459004653633962,0.07409667012329041,0.1684015230074782,1,0,-1.0,30.919999999999998
2023,35,2024-05-11,granada,real madrid,2023|2024-05-11|granada|real madrid,2023|2024-05-11|granada|realmadrid,A,A,0.21975591774849113,0.1907110979733026,0.5895329842782063,0.5895329842782063,0.9605136570457569,0.3697770665297152,5.5,4.6,1.53,1.052804257407838,0.1726989424091478,0.20648786592398108,0.6208131916668711,1.53,0.5895329842782063,-0.0980145340543443,0.0,1,1,0.53,31.45
2023,35,2024-05-11,mallorca,las palmas,2023|2024-05-11|mallorca|las palmas,2023|2024-05-11|mallorca|laspalmas,H,H,0.7074143568250123,0.18504826039442296,0.10753738278056477,0.7074143568250123,0.7968649683673724,0.5223660964305894,1.65,3.5,6.5,1.0456210456210457,0.5796178343949044,0.27324840764331204,0.14713375796178343,1.65,0.7074143568250123,0.16723368876127026,0.25728259809426196,1,1,0.6499999999999999,32.099999999999994
2023,35,2024-05-11,villarreal,sevilla,2023|2024-05-11|villarreal|sevilla,2023|2024-05-11|villarreal|sevilla,H,H,0.593144052627002,0.23901249990964574,0.16784344746335228,0.593144052627002,0.9514480823696678,0.35413155271735625,1.83,4.0,3.8,1.059605982168536,0.5157087602632829,0.23593675782045195,0.2483544819162652,1.83,0.593144052627002,0.08545361630741366,0.10295616422579958,1,1,0.8300000000000001,32.93
2023,35,2024-05-12,ath madrid,celta,2023|2024-05-12|ath madrid|celta,2023|2024-05-12|athmadrid|celta,H,H,0.6781867243169157,0.18467016518337556,0.13714311049970868,0.6781867243169157,0.8477702794984101,0.4935165591335402,1.42,4.75,7.0,1.0576088107592927,0.6658656253129068,0.1990587764093321,0.13507559827776108,1.42,0.6781867243169157,-0.0369748514699797,0.0,1,1,0.41999999999999993,33.349999999999994
2023,35,2024-05-12,betis,almeria,2023|2024-05-12|betis|almeria,2023|2024-05-12|betis|almeria,H,H,0.719358644984772,0.19461821533950346,0.08602313967572453,0.719358644984772,0.7665146760583332,0.5247404296452685,1.33,5.5,8.5,1.0513449398898316,0.7151598592626587,0.17293865687624294,0.11190148386109836,1.33,0.719358644984772,-0.04325300217025321,0.0,1,1,0.33000000000000007,33.68
2023,35,2024-05-12,cadiz,getafe,2023|2024-05-12|cadiz|getafe,2023|2024-05-12|cadiz|getafe,H,H,0.5020125331519573,0.2940952575509139,0.20389220929712884,0.5020125331519573,1.0301029458285478,0.20791727560104334,2.1,3.2,3.8,1.0518483709273183,0.4527177959791511,0.29709605361131797,0.2501861504095309,2.1,0.5020125331519573,0.054226319619110286,0.049296654199191166,1,1,1.1,34.78
2023,35,2024-05-12,valencia,vallecano,2023|2024-05-12|valencia|vallecano,2023|2024-05-12|valencia|vallecano,D,H,0.4709938504957303,0.30886952642460225,0.22013662307966742,0.4709938504957303,1.050665536793474,0.16212432407112803,2.25,3.1,3.5,1.0527393753200203,0.4221789883268483,0.3064202334630351,0.27140077821011677,2.25,0.4709938504957303,0.059736163615393134,0.04778893089231451,1,0,-1.0,33.78
2023,35,2024-05-13,barcelona,sociedad,2023|2024-05-13|barcelona|sociedad,2023|2024-05-13|barcelona|sociedad,H,H,0.644997921690269,0.20507359100497807,0.14992848730475278,0.644997921690269,0.8922564980376138,0.43992433068529097,1.8,3.6,4.5,1.0555555555555556,0.5263157894736842,0.2631578947368421,0.21052631578947367,1.8,0.644997921690269,0.16099625904248427,0.20124532380310534,1,1,0.8,34.58
2023,36,2024-05-14,girona,villarreal,2023|2024-05-14|girona|villarreal,2023|2024-05-14|girona|villarreal,A,H,0.6050377667152721,0.17618113832004834,0.21878109496467968,0.6050377667152721,0.9423811838285364,0.3862566717505924,1.7,4.5,4.2,1.0485527544351074,0.5609973285841496,0.21193232413178983,0.22707034728406053,1.7,0.6050377667152721,0.028564203415962552,0.040806004879946504,1,0,-1.0,33.58
2023,36,2024-05-14,osasuna,mallorca,2023|2024-05-14|osasuna|mallorca,2023|2024-05-14|osasuna|mallorca,D,H,0.3699569967830735,0.36302333711293405,0.26701966610399247,0.3699569967830735,1.0883024041862335,0.006933659670139425,2.8,2.9,2.88,1.0491926655719759,0.34039778284969024,0.32865992826866647,0.3309422888816433,2.8,0.3699569967830735,0.035879590992605626,0.019933106107003128,1,0,-1.0,32.58
2023,36,2024-05-14,real madrid,alaves,2023|2024-05-14|real madrid|alaves,2023|2024-05-14|realmadrid|alaves,H,H,0.8092329248635949,0.11199940860541298,0.07876766653099214,0.8092329248635949,0.6166536670708643,0.6972335162581819,1.22,7.5,11.0,1.0439145553899651,0.7851908251641764,0.12772437422670602,0.08708480060911775,1.22,0.8092329248635949,-0.01273583166641426,0.0,1,1,0.21999999999999997,32.8
2023,36,2024-05-15,celta,ath bilbao,2023|2024-05-15|celta|ath bilbao,2023|2024-05-15|celta|athbilbao,H,H,0.5057047935765149,0.21168630096563923,0.2826089054578459,0.5057047935765149,1.030595746391593,0.22309588811866898,2.63,3.3,2.7,1.0536288102828029,0.3608748481166464,0.28760631834750905,0.3515188335358444,2.63,0.5057047935765149,0.3300036071062341,0.20245620067867123,1,1,1.63,34.43
2023,36,2024-05-15,getafe,ath madrid,2023|2024-05-15|getafe|ath madrid,2023|2024-05-15|getafe|athmadrid,A,A,0.23314461351882237,0.326943368451746,0.43991201802943164,0.43991201802943164,1.0662405319985058,0.11296864957768565,4.75,3.4,1.83,1.0510920502799912,0.20029293888522268,0.2798210175602376,0.5198860435545397,1.83,0.43991201802943164,-0.1949610070061401,0.0,1,1,0.8300000000000001,35.26
2023,36,2024-05-15,sevilla,cadiz,2023|2024-05-15|sevilla|cadiz,2023|2024-05-15|sevilla|cadiz,A,H,0.568502950637164,0.28086796643976997,0.150629082923066,0.568502950637164,0.9628583589416062,0.2876349841973941,1.9,3.6,4.0,1.054093567251462,0.49930651872399445,0.2635228848821082,0.23717059639389737,1.9,0.568502950637164,0.08015560621061169,0.08906178467845743,1,0,-1.0,34.26
2023,36,2024-05-15,vallecano,granada,2023|2024-05-15|vallecano|granada,2023|2024-05-15|vallecano|granada,H,H,0.5347581333594418,0.3460610530001821,0.11918081364037612,0.5347581333594418,0.9554572575862229,0.1886970803592597,1.65,3.8,5.5,1.05103668261563,0.5766312594840667,0.25037936267071315,0.17298937784522,1.65,0.5347581333594418,-0.11764907995692109,0.0,1,1,0.6499999999999999,34.91
2023,36,2024-05-16,almeria,barcelona,2023|2024-05-16|almeria|barcelona,2023|2024-05-16|almeria|barcelona,A,A,0.09916801600085744,0.16691908984610307,0.7339128941530394,0.7339128941530394,0.7550444656020004,0.5669938043069364,6.5,5.0,1.44,1.0482905982905983,0.14675907052588666,0.19078679168365267,0.6624541377904606,1.44,0.7339128941530394,0.056834567580376694,0.1291694717735834,1,1,0.43999999999999995,35.349999999999994
2023,36,2024-05-16,las palmas,betis,2023|2024-05-16|las palmas|betis,2023|2024-05-16|laspalmas|betis,D,D,0.18724642193136332,0.41309029003330383,0.3996632880353329,0.41309029003330383,1.045452459601719,0.013427001997970922,4.0,3.5,1.91,1.0592744951383695,0.23601059135039718,0.26972639011473964,0.4942630185348632,3.5,0.41309029003330383,0.4458160151165633,0.17832640604662534,1,1,2.5,37.849999999999994
2023,36,2024-05-16,sociedad,valencia,2023|2024-05-16|sociedad|valencia,2023|2024-05-16|sociedad|valencia,H,H,0.7051729314771045,0.17546349755112894,0.11936357097176663,0.7051729314771045,0.805405862529776,0.5297094339259756,1.6,3.9,5.75,1.0553232998885171,0.5922355737488446,0.24296844051234656,0.16479598573880894,1.6,0.7051729314771045,0.1282766903633672,0.2137944839389453,1,1,0.6000000000000001,38.449999999999996
2023,37,2024-05-18,alaves,getafe,2023|2024-05-18|alaves|getafe,2023|2024-05-18|alaves|getafe,H,H,0.5307739630555264,0.20351001330848145,0.2657160236359921,0.5307739630555264,1.012359077183599,0.26505793941953426,2.0,3.2,4.1,1.0564024390243902,0.4733044733044733,0.2958152958152958,0.2308802308802309,2.0,0.5307739630555264,0.06154792611105275,0.06154792611105275,1,1,1.0,39.449999999999996
2023,37,2024-05-19,ath bilbao,sevilla,2023|2024-05-19|ath bilbao|sevilla,2023|2024-05-19|athbilbao|sevilla,H,H,0.5790932687534677,0.24617774489531988,0.17472898635121245,0.5790932687534677,0.9662396316821514,0.3329155238581478,1.7,3.9,4.75,1.0551718663173772,0.5574781823653325,0.24300331026181163,0.1995185073728558,1.7,0.5790932687534677,-0.015541443119104992,0.0,1,1,0.7,40.15
2023,37,2024-05-19,ath madrid,osasuna,2023|2024-05-19|ath madrid|osasuna,2023|2024-05-19|athmadrid|osasuna,A,H,0.7743420973659135,0.13364104270843752,0.09201685992564895,0.7743420973659135,0.686529401264967,0.6407010546574761,1.4,4.5,8.0,1.0615079365079365,0.6728971962616822,0.20934579439252335,0.11775700934579439,1.4,0.7743420973659135,0.08407893631227886,0.2101973407806972,1,0,-1.0,39.15
2023,37,2024-05-19,barcelona,vallecano,2023|2024-05-19|barcelona|vallecano,2023|2024-05-19|barcelona|vallecano,H,H,0.8159985574121958,0.11838646852915889,0.06561497405864539,0.8159985574121958,0.5972724872258937,0.6976120888830369,1.25,6.0,12.0,1.05,0.7619047619047619,0.15873015873015872,0.07936507936507936,1.25,0.8159985574121958,0.019998196765244808,0.07999278706097923,1,1,0.25,39.4
2023,37,2024-05-19,betis,sociedad,2023|2024-05-19|betis|sociedad,2023|2024-05-19|betis|sociedad,A,H,0.4554980620899906,0.20606694892983207,0.3384349889801773,0.4554980620899906,1.0503494422255868,0.11706307310981329,2.55,3.2,2.88,1.0518790849673203,0.37281553398058254,0.29708737864077667,0.33009708737864074,2.55,0.4554980620899906,0.16152005832947602,0.10420648924482326,1,0,-1.0,38.4
2023,37,2024-05-19,cadiz,las palmas,2023|2024-05-19|cadiz|las palmas,2023|2024-05-19|cadiz|laspalmas,D,H,0.7086424528813203,0.17861544988686004,0.1127420972318195,0.7086424528813203,0.797804933676248,0.5300270029944603,1.8,3.5,4.75,1.0517961570593148,0.5281969817315331,0.27164416203335984,0.20015885623510724,1.8,0.7086424528813203,0.27555641518637664,0.34444551898297077,1,0,-1.0,37.4
2023,37,2024-05-19,granada,celta,2023|2024-05-19|granada|celta,2023|2024-05-19|granada|celta,A,A,0.17375608532850242,0.3197261761977584,0.5065177384737393,0.5065177384737393,1.013202985865707,0.18679156227598087,3.7,3.6,2.0,1.048048048048048,0.2578796561604584,0.26504297994269344,0.47707736389684813,2.0,0.5065177384737393,0.01303547694747853,0.01303547694747853,1,1,1.0,38.4
2023,37,2024-05-19,mallorca,almeria,2023|2024-05-19|mallorca|almeria,2023|2024-05-19|mallorca|almeria,D,H,0.6459575906468038,0.23553004604824462,0.11851236330495157,0.6459575906468038,0.8756099755247461,0.4104275445985592,1.5,4.1,7.0,1.0534262485481998,0.6328555678059536,0.23153252480705624,0.13561190738699008,1.5,0.6459575906468038,-0.031063614029794295,0.0,1,0,-1.0,37.4
2023,37,2024-05-19,valencia,girona,2023|2024-05-19|valencia|girona,2023|2024-05-19|valencia|girona,A,H,0.3927935247874231,0.23236586020033217,0.37484061501224486,0.3927935247874231,1.0739927573164691,0.017952909775178216,3.0,3.5,2.3,1.0538302277432714,0.3163064833005893,0.2711198428290766,0.41257367387033395,3.0,0.3927935247874231,0.17838057436226917,0.08919028718113459,1,0,-1.0,36.4
2023,37,2024-05-19,villarreal,real madrid,2023|2024-05-19|villarreal|real madrid,2023|2024-05-19|villarreal|realmadrid,D,H,0.46551319939310687,0.23379979325084188,0.3006870073560513,0.46551319939310687,1.0570484089164847,0.16482619203705556,3.2,3.75,2.05,1.066971544715447,0.2928850366701591,0.2499285646252024,0.4571863987046386,3.2,0.46551319939310687,0.48964223805794205,0.22256465366270092,1,0,-1.0,35.4
2023,38,2024-05-24,girona,granada,2023|2024-05-24|girona|granada,2023|2024-05-24|girona|granada,H,H,0.7942941113907337,0.15766055261940265,0.04804533598986371,0.7942941113907337,0.6200220798360185,0.636633558771331,1.22,6.5,12.0,1.0568516183270282,0.7755791985681615,0.14557024957740877,0.07885055185442974,1.22,0.7942941113907337,-0.030961184103304923,0.0,1,1,0.21999999999999997,35.62
2023,38,2024-05-25,almeria,cadiz,2023|2024-05-25|almeria|cadiz,2023|2024-05-25|almeria|cadiz,H,H,0.42438850818925145,0.35681654441736915,0.2187949473933793,0.42438850818925145,1.063942565585073,0.06757196377188229,2.05,3.6,3.5,1.0512969415408442,0.46400294605045106,0.2642238998342846,0.27177315411526415,2.05,0.42438850818925145,-0.13000355821203463,0.0,1,1,1.0499999999999998,36.669999999999995
2023,38,2024-05-25,osasuna,villarreal,2023|2024-05-25|osasuna|villarreal,2023|2024-05-25|osasuna|villarreal,D,D,0.2083334594140279,0.5524270544436405,0.23923948614233162,0.5524270544436405,0.9968058774967199,0.3131875683013089,2.9,3.6,2.3,1.0573879726803266,0.32611264277274515,0.26270185112248917,0.4111855061047657,3.6,0.5524270544436405,0.9887373959971058,0.38028361384504067,1,1,2.6,39.269999999999996
2023,38,2024-05-25,real madrid,betis,2023|2024-05-25|real madrid|betis,2023|2024-05-25|realmadrid|betis,D,H,0.7622351255662034,0.12200222170784952,0.11576265272594713,0.7622351255662034,0.7132139924987904,0.6402329038583539,1.33,6.0,7.5,1.0518796992481203,0.7147962830593281,0.1584465094114844,0.1267572075291875,1.33,0.7622351255662034,0.013772717003050605,0.04173550606985031,1,0,-1.0,38.269999999999996
2023,38,2024-05-25,sociedad,ath madrid,2023|2024-05-25|sociedad|ath madrid,2023|2024-05-25|sociedad|athmadrid,A,H,0.49671835197789727,0.1922519881839269,0.3110296598381759,0.49671835197789727,1.0278246514352087,0.1856886921397214,2.4,3.3,3.0,1.053030303030303,0.3956834532374101,0.2877697841726619,0.31654676258992803,2.4,0.49671835197789727,0.19212404474695344,0.13723146053353819,1,0,-1.0,37.269999999999996
2023,38,2024-05-25,vallecano,ath bilbao,2023|2024-05-25|vallecano|ath bilbao,2023|2024-05-25|vallecano|athbilbao,A,A,0.3674759106771481,0.22773212310320337,0.40479196621964847,0.40479196621964847,1.070914878690401,0.03731605554250039,2.88,3.5,2.38,1.0531045751633987,0.32971295577967413,0.27130666075584614,0.39898038346447967,2.38,0.40479196621964847,-0.03659512039723678,0.0,1,1,1.38,38.65
2023,38,2024-05-26,celta,valencia,2023|2024-05-26|celta|valencia,2023|2024-05-26|celta|valencia,D,H,0.5658064845691593,0.15369927001756808,0.28049424541327267,0.5658064845691593,0.9666348877121774,0.2853122391558866,1.95,3.5,3.8,1.0616926932716406,0.4830216088614491,0.26911203922280735,0.24786635191574358,1.95,0.5658064845691593,0.10332264490986054,0.10876067885248478,1,0,-1.0,37.65
2023,38,2024-05-26,getafe,mallorca,2023|2024-05-26|getafe|mallorca,2023|2024-05-26|getafe|mallorca,A,H,0.44495124220940063,0.32833883923013385,0.22670991856046563,0.44495124220940063,1.0624478485133584,0.11661240297926678,2.3,3.25,3.2,1.0549749163879598,0.41212601545472566,0.2916584109371904,0.29621557360808404,2.3,0.44495124220940063,0.023387857081621388,0.017990659293554916,1,0,-1.0,36.65
2023,38,2024-05-26,las palmas,alaves,2023|2024-05-26|las palmas|alaves,2023|2024-05-26|laspalmas|alaves,D,D,0.3365652814839032,0.40796709476652965,0.2554676237495671,0.40796709476652965,1.0809040834693038,0.07140181328262646,2.4,3.3,3.0,1.053030303030303,0.3956834532374101,0.2877697841726619,0.31654676258992803,3.3,0.40796709476652965,0.3462914127295478,0.15056148379545556,1,1,2.3,38.949999999999996
2023,38,2024-05-26,sevilla,barcelona,2023|2024-05-26|sevilla|barcelona,2023|2024-05-26|sevilla|barcelona,A,A,0.243467825638345,0.19999326756706676,0.5565389067945882,0.5565389067945882,0.9919895627060671,0.31307108115624316,4.0,4.0,1.8,1.0555555555555556,0.23684210526315788,0.23684210526315788,0.5263157894736842,1.8,0.5565389067945882,0.0017700322302587335,0.002212540287823417,1,1,0.8,39.75
