Season,Matchday,Date,HomeTeam_norm,AwayTeam_norm,pred_key,pred_key_match,y_true,y_pred,proba_H,proba_D,proba_A,conf_maxprob,entropy,margin_top12,B365H,B365D,B365A,overround,pH_mkt,pD_mkt,pA_mkt,odds_pick,p_pick,ev_pick,kelly_pick,bet_placed,correct,profit,cum_profit_season
2014,1,2014-08-23,almeria,espanol,2014|2014-08-23|almeria|espanol,2014|2014-08-23|almeria|espanol,D,A,0.2727001816882025,0.34677818711743646,0.38052163119436117,0.38052163119436117,1.089268810083097,0.0337434440769247,2.55,3.3,2.7,1.0655575361457714,0.36802973977695175,0.2843866171003718,0.3475836431226766,2.7,0.38052163119436117,0.027408404224775196,0.016122590720455996,1,0,-1.0,-1.0
2014,1,2014-08-23,granada,la coruna,2014|2014-08-23|granada|la coruna,2014|2014-08-23|granada|lacoruna,H,H,0.43736629157513346,0.2814362043345302,0.2811975040903364,0.43736629157513346,1.0752684861436224,0.15593008724060325,1.95,3.2,4.2,1.063415750915751,0.48223896663078586,0.2938643702906351,0.2238966630785791,1.95,0.43736629157513346,-0.14713573142848974,0.0,1,1,0.95,-0.050000000000000044
2014,1,2014-08-23,malaga,ath bilbao,2014|2014-08-23|malaga|ath bilbao,2014|2014-08-23|malaga|athbilbao,H,A,0.2749401327107753,0.2991490332198268,0.42591083406939795,0.42591083406939795,1.0795459393023692,0.12676180084957117,2.8,3.3,2.45,1.0683364254792826,0.3342981186685962,0.28364688856729375,0.3820549927641099,2.45,0.42591083406939795,0.043481543470025086,0.029987271358637987,1,0,-1.0,-1.05
2014,1,2014-08-23,sevilla,valencia,2014|2014-08-23|sevilla|valencia,2014|2014-08-23|sevilla|valencia,D,H,0.4274240777067687,0.2546754258583588,0.3179004964348726,0.4274240777067687,1.0759568772927768,0.1095235812718961,2.05,3.5,3.5,1.059233449477352,0.4605263157894737,0.2697368421052631,0.2697368421052631,2.05,0.4274240777067687,-0.12378064070112421,0.0,1,0,-1.0,-2.05
2014,1,2014-08-24,barcelona,elche,2014|2014-08-24|barcelona|elche,2014|2014-08-24|barcelona|elche,H,H,0.9276219391923812,0.03750243313625276,0.034875627671365976,0.9276219391923812,0.3098682353758542,0.8901195060561284,1.1,9.0,21.0,1.0678210678210678,0.8513513513513513,0.10405405405405405,0.0445945945945946,1.1,0.9276219391923812,0.020384133111619435,0.20384133111619415,1,1,0.10000000000000009,-1.95
2014,1,2014-08-24,celta,getafe,2014|2014-08-24|celta|getafe,2014|2014-08-24|celta|getafe,H,H,0.46708416928687196,0.22159821530999568,0.3113176154031324,0.46708416928687196,1.052779341936306,0.15576655388373956,1.91,3.4,4.0,1.0676778564829073,0.4903728275762602,0.2754741472560756,0.23415302516766426,1.91,0.46708416928687196,-0.10786923666207465,0.0,1,1,0.9099999999999999,-1.04
2014,1,2014-08-24,eibar,sociedad,2014|2014-08-24|eibar|sociedad,2014|2014-08-24|eibar|sociedad,H,D,0.2969944455306888,0.36227413194572855,0.3407314225235826,0.36227413194572855,1.095252344753061,0.021542709422145923,3.25,3.4,2.2,1.056355409296586,0.29127725856697817,0.27842679127725856,0.43029595015576316,3.4,0.36227413194572855,0.23173204861547703,0.09655502025644877,1,0,-1.0,-2.04
2014,1,2014-08-24,levante,villarreal,2014|2014-08-24|levante|villarreal,2014|2014-08-24|levante|villarreal,A,A,0.21972807124883056,0.3304860648655446,0.44978586388562486,0.44978586388562486,1.0582508114428115,0.11929979902008025,3.4,3.4,2.1,1.0644257703081232,0.27631578947368424,0.27631578947368424,0.4473684210526316,2.1,0.44978586388562486,-0.055449685840187724,0.0,1,1,1.1,-0.94
2014,1,2014-08-25,real madrid,cordoba,2014|2014-08-25|real madrid|cordoba,2014|2014-08-25|realmadrid|cordoba,H,H,0.903035012649974,0.04976813820662404,0.047196849143401914,0.903035012649974,0.3855396389597018,0.8532668744433499,1.06,11.0,29.0,1.068788075944875,0.8826784726065301,0.08505810736026563,0.032263420033204204,1.06,0.903035012649974,-0.042782886591027525,0.0,1,1,0.06000000000000005,-0.8799999999999999
2014,1,2014-08-25,vallecano,ath madrid,2014|2014-08-25|vallecano|ath madrid,2014|2014-08-25|vallecano|athmadrid,D,A,0.13098630766384708,0.18788976667883656,0.6811239256573164,0.6811239256573164,0.841942912310814,0.49323415897847983,7.0,4.0,1.5,1.0595238095238095,0.1348314606741573,0.23595505617977527,0.6292134831460674,1.5,0.6811239256573164,0.02168588848597458,0.04337177697194916,1,0,-1.0,-1.88
2014,2,2014-08-29,getafe,almeria,2014|2014-08-29|getafe|almeria,2014|2014-08-29|getafe|almeria,H,H,0.46743467001059974,0.2771782712547527,0.2553870587346475,0.46743467001059974,1.0597248891189965,0.19025639875584704,2.0,3.4,3.75,1.0607843137254902,0.47134935304990755,0.27726432532347506,0.2513863216266174,2.0,0.46743467001059974,-0.06513065997880046,0.0,1,1,1.0,-0.8799999999999999
2014,2,2014-08-29,valencia,malaga,2014|2014-08-29|valencia|malaga,2014|2014-08-29|valencia|malaga,H,H,0.7266498996257869,0.1611054124932359,0.11224468788097733,0.7266498996257869,0.7716439501943582,0.565544487132551,1.55,4.2,5.5,1.0650747102360005,0.6057427559984266,0.2235479218565622,0.17070932214501117,1.55,0.7266498996257869,0.12630734441996966,0.22964971712721755,1,1,0.55,-0.32999999999999985
2014,2,2014-08-30,ath bilbao,levante,2014|2014-08-30|ath bilbao|levante,2014|2014-08-30|athbilbao|levante,H,H,0.7118103370513619,0.1420839114174614,0.14610575153117666,0.7118103370513619,0.8002525552861095,0.5657045855201852,1.33,5.0,9.0,1.0629908103592314,0.7073247406475951,0.1881483810122603,0.10452687834014461,1.33,0.7118103370513619,-0.053292251721688666,0.0,1,1,0.33000000000000007,2.220446049250313e-16
2014,2,2014-08-30,ath madrid,eibar,2014|2014-08-30|ath madrid|eibar,2014|2014-08-30|athmadrid|eibar,H,H,0.7629173014135414,0.1098817143758187,0.12720098421063983,0.7629173014135414,0.7113938598355185,0.6357163172029016,1.22,5.75,13.0,1.0705082515488789,0.765685019206146,0.16245838668373877,0.07185659411011523,1.22,0.7629173014135414,-0.0692408922754795,0.0,1,1,0.21999999999999997,0.2200000000000002
2014,2,2014-08-30,cordoba,celta,2014|2014-08-30|cordoba|celta,2014|2014-08-30|cordoba|celta,D,H,0.6488700994584927,0.2361708069560128,0.11495909358549451,0.6488700994584927,0.8701698629176366,0.41269929250247994,3.3,3.3,2.2,1.0606060606060606,0.28571428571428575,0.28571428571428575,0.4285714285714286,3.3,0.6488700994584927,1.1412713282130258,0.49620492531001126,1,0,-1.0,-0.7799999999999998
2014,2,2014-08-30,espanol,sevilla,2014|2014-08-30|espanol|sevilla,2014|2014-08-30|espanol|sevilla,A,H,0.5278720022255935,0.29251534944108043,0.17961264833332607,0.5278720022255935,1.0052156296283268,0.23535665278451307,2.5,3.2,2.88,1.0597222222222222,0.3774574049803408,0.2948885976408912,0.327653997378768,2.5,0.5278720022255935,0.3196800055639838,0.21312000370932252,1,0,-1.0,-1.7799999999999998
2014,2,2014-08-31,elche,granada,2014|2014-08-31|elche|granada,2014|2014-08-31|elche|granada,D,D,0.20394849815860075,0.45953981969078106,0.3365116821506182,0.45953981969078106,1.0480634898814207,0.12302813754016284,2.2,3.2,3.4,1.0611631016042782,0.4283464566929133,0.2944881889763779,0.27716535433070866,3.2,0.45953981969078106,0.47052742301049955,0.21387610136840887,1,1,2.2,0.4200000000000004
2014,2,2014-08-31,la coruna,vallecano,2014|2014-08-31|la coruna|vallecano,2014|2014-08-31|lacoruna|vallecano,D,H,0.44100527055512817,0.2640580826761881,0.29493664676868375,0.44100527055512817,1.072782511907882,0.14606862378644442,2.25,3.3,3.2,1.0599747474747474,0.41929720071471116,0.2858844550327576,0.2948183442525313,2.25,0.44100527055512817,-0.0077381412509616165,0.0,1,0,-1.0,-0.5799999999999996
2014,2,2014-08-31,sociedad,real madrid,2014|2014-08-31|sociedad|real madrid,2014|2014-08-31|sociedad|realmadrid,H,A,0.29587849020595414,0.12910102079306296,0.5750204890009829,0.5750204890009829,0.9428005396357622,0.27914199879502877,7.5,5.0,1.36,1.0686274509803921,0.12477064220183487,0.1871559633027523,0.6880733944954128,1.36,0.5750204890009829,-0.2179721349586632,0.0,1,0,-1.0,-1.5799999999999996
2014,2,2014-08-31,villarreal,barcelona,2014|2014-08-31|villarreal|barcelona,2014|2014-08-31|villarreal|barcelona,A,H,0.8188065944362439,0.023761201833409087,0.15743220373034703,0.8188065944362439,0.5435996876825842,0.6613743907058969,5.0,4.2,1.57,1.0750379132544738,0.18603995034420495,0.22147613136214872,0.5924839182936462,5.0,0.8188065944362439,3.0940329721812194,0.7735082430453049,1,0,-1.0,-2.5799999999999996
2014,3,2014-09-12,almeria,cordoba,2014|2014-09-12|almeria|cordoba,2014|2014-09-12|almeria|cordoba,D,H,0.5674542718130029,0.12072749751954456,0.3118182306674525,0.5674542718130029,0.9401338813458078,0.2556360411455504,2.05,3.3,3.6,1.0686129588568614,0.4564841498559078,0.28357348703170027,0.25994236311239194,2.05,0.5674542718130029,0.16328125721665587,0.155505959253958,1,0,-1.0,-3.5799999999999996
2014,3,2014-09-13,barcelona,ath bilbao,2014|2014-09-13|barcelona|ath bilbao,2014|2014-09-13|barcelona|athbilbao,H,H,0.8953985518831125,0.044305444836021474,0.060296003280866074,0.8953985518831125,0.40635447058137353,0.8351025486022464,1.3,5.5,8.5,1.0686960098724805,0.7197844495765973,0.17013086989992302,0.1100846805234796,1.3,0.8953985518831125,0.16401811744804623,0.546727058160154,1,1,0.30000000000000004,-3.2799999999999994
2014,3,2014-09-13,celta,sociedad,2014|2014-09-13|celta|sociedad,2014|2014-09-13|celta|sociedad,D,A,0.32603927518256326,0.30923645027739816,0.3647242745400386,0.3647242745400386,1.0962053673833223,0.038684999357475325,2.2,3.3,3.3,1.0606060606060606,0.4285714285714286,0.28571428571428575,0.28571428571428575,3.3,0.3647242745400386,0.20359010598212723,0.08851743738353358,1,0,-1.0,-4.279999999999999
2014,3,2014-09-13,malaga,levante,2014|2014-09-13|malaga|levante,2014|2014-09-13|malaga|levante,D,H,0.7397838361687352,0.11603197544083842,0.14418418839042635,0.7397838361687352,0.7521251489218936,0.5955996477783089,1.62,3.6,6.0,1.0617283950617284,0.5813953488372092,0.2616279069767442,0.15697674418604649,1.62,0.7397838361687352,0.19844981459335115,0.32008034611830827,1,0,-1.0,-5.279999999999999
2014,3,2014-09-13,real madrid,ath madrid,2014|2014-09-13|real madrid|ath madrid,2014|2014-09-13|realmadrid|athmadrid,A,H,0.6796885669271405,0.13891989869766655,0.18139153437519306,0.6796885669271405,0.8463028821798826,0.49829703255194746,1.67,3.75,5.0,1.0654690618762475,0.562008242787561,0.2502810041213938,0.18771075309104535,1.67,0.6796885669271405,0.13507990676832465,0.20161180114675323,1,0,-1.0,-6.279999999999999
2014,3,2014-09-14,granada,villarreal,2014|2014-09-14|granada|villarreal,2014|2014-09-14|granada|villarreal,D,D,0.14297817936445667,0.5918886167220739,0.2651332039134694,0.5918886167220739,0.9404801859698682,0.32675541280860454,3.5,3.2,2.15,1.0633305647840532,0.2686975200156219,0.2938879125170865,0.4374145674672915,3.2,0.5918886167220739,0.8940435735106368,0.4063834425048349,1,1,2.2,-4.079999999999999
2014,3,2014-09-14,sevilla,getafe,2014|2014-09-14|sevilla|getafe,2014|2014-09-14|sevilla|getafe,H,H,0.7594368350945118,0.12428114047652046,0.11628202442896772,0.7594368350945118,0.7183408709860528,0.6351556946179913,1.44,4.33,7.0,1.0682484695186774,0.6500776404176282,0.2161921021250311,0.13373025745734066,1.44,0.7594368350945118,0.0935890425360969,0.21270236940022025,1,1,0.43999999999999995,-3.6399999999999992
2014,3,2014-09-14,valencia,espanol,2014|2014-09-14|valencia|espanol,2014|2014-09-14|valencia|espanol,H,H,0.6486936593485005,0.1606416242747152,0.1906647163767842,0.6486936593485005,0.8904740939182818,0.45802894297171637,1.62,3.75,5.5,1.0657687991021325,0.5791912384161751,0.2502106149957877,0.17059814658803707,1.62,0.6486936593485005,0.05088372814457093,0.08207052926543697,1,1,0.6200000000000001,-3.019999999999999
2014,3,2014-09-14,vallecano,elche,2014|2014-09-14|vallecano|elche,2014|2014-09-14|vallecano|elche,A,H,0.5466133265772712,0.23940972101086436,0.21397695241186437,0.5466133265772712,1.0023452524130771,0.3072036055664069,1.73,3.5,5.0,1.0637489677952106,0.5433938829374321,0.2685918335662164,0.18801428349635152,1.73,0.5466133265772712,-0.05435894502132077,0.0,1,0,-1.0,-4.02
2014,3,2014-09-15,eibar,la coruna,2014|2014-09-15|eibar|la coruna,2014|2014-09-15|eibar|lacoruna,A,H,0.44317411749119934,0.3357288270926396,0.22109705541616098,0.44317411749119934,1.0607529240285238,0.10744529039855971,2.1,3.2,3.6,1.066468253968254,0.44651162790697674,0.2930232558139535,0.26046511627906976,2.1,0.44317411749119934,-0.06933435326848131,0.0,1,0,-1.0,-5.02
2014,4,2014-09-19,elche,eibar,2014|2014-09-19|elche|eibar,2014|2014-09-19|elche|eibar,A,H,0.5597902542879468,0.24614543743306663,0.19406430827898655,0.5597902542879468,0.9880223558981817,0.3136448168548802,2.15,3.0,3.8,1.061607507139943,0.43812451960030746,0.31398923904688697,0.24788624135280551,2.15,0.5597902542879468,0.20354904671908558,0.17699917106007443,1,0,-1.0,-6.02
2014,4,2014-09-20,ath bilbao,granada,2014|2014-09-20|ath bilbao|granada,2014|2014-09-20|athbilbao|granada,A,H,0.7814945676236771,0.08819742382251153,0.13030800855381128,0.7814945676236771,0.6723829462612869,0.6511865590698658,1.44,4.2,7.5,1.0658730158730159,0.6515264333581534,0.22338049143708116,0.12509307520476545,1.44,0.7814945676236771,0.12535217737809495,0.2848913122229431,1,0,-1.0,-7.02
2014,4,2014-09-20,ath madrid,celta,2014|2014-09-20|ath madrid|celta,2014|2014-09-20|athmadrid|celta,D,H,0.6722443369305037,0.22250351942363095,0.10525214364586537,0.6722443369305037,0.838316025033066,0.4497408175068727,1.44,4.2,7.5,1.0658730158730159,0.6515264333581534,0.22338049143708116,0.12509307520476545,1.44,0.6722443369305037,-0.03196815482007476,0.0,1,0,-1.0,-8.02
2014,4,2014-09-20,espanol,malaga,2014|2014-09-20|espanol|malaga,2014|2014-09-20|espanol|malaga,D,H,0.4551948612215493,0.3186897552577149,0.2261153835207357,0.4551948612215493,1.058853430836227,0.13650510596383436,2.0,3.3,3.75,1.0696969696969696,0.4674220963172805,0.28328611898017003,0.2492917847025496,2.0,0.4551948612215493,-0.08961027755690143,0.0,1,0,-1.0,-9.02
2014,4,2014-09-20,la coruna,real madrid,2014|2014-09-20|la coruna|real madrid,2014|2014-09-20|lacoruna|realmadrid,A,A,0.16142349586460011,0.2712084056344402,0.5673680985009597,0.5673680985009597,0.9698371508607952,0.2961596928665195,9.5,6.0,1.25,1.0719298245614035,0.09819967266775777,0.15548281505728315,0.7463175122749591,1.25,0.5673680985009597,-0.29078987687380037,0.0,1,1,0.25,-8.77
2014,4,2014-09-21,cordoba,sevilla,2014|2014-09-21|cordoba|sevilla,2014|2014-09-21|cordoba|sevilla,A,D,0.12515265092240632,0.6697898311449925,0.20505751793260113,0.6697898311449925,0.8534472266227253,0.46473231321239133,3.8,3.3,2.0,1.0661881977671452,0.24682124158563945,0.28421839940164545,0.468960359012715,3.3,0.6697898311449925,1.2103064427784749,0.5262201925123804,1,0,-1.0,-9.77
2014,4,2014-09-21,levante,barcelona,2014|2014-09-21|levante|barcelona,2014|2014-09-21|levante|barcelona,A,D,0.0481231626127443,0.7669773797248425,0.18489945766241322,0.7669773797248425,0.6615825750610497,0.5820779220624293,15.0,7.5,1.18,1.0474576271186442,0.06364617044228693,0.12729234088457386,0.8090614886731391,7.5,0.7669773797248425,4.752330347936319,0.7311277458363568,1,0,-1.0,-10.77
2014,4,2014-09-21,sociedad,almeria,2014|2014-09-21|sociedad|almeria,2014|2014-09-21|sociedad|almeria,A,H,0.7826541823393252,0.07504142319280899,0.14230439446786594,0.7826541823393252,0.6635997719704054,0.6403497878714592,1.44,4.5,6.5,1.0705128205128205,0.6487025948103793,0.20758483033932135,0.14371257485029942,1.44,0.7826541823393252,0.12702202256862816,0.2886864149287004,1,0,-1.0,-11.77
2014,4,2014-09-21,villarreal,vallecano,2014|2014-09-21|villarreal|vallecano,2014|2014-09-21|villarreal|vallecano,H,H,0.6862766136600644,0.1513084180924716,0.16241496824746401,0.6862766136600644,0.8393073223757566,0.5238616454126004,1.53,3.8,6.5,1.0705988198248262,0.6104945747546898,0.245804394572283,0.143701030673027,1.53,0.6862766136600644,0.050003218899898616,0.09434569603754456,1,1,0.53,-11.239999999999998
2014,4,2014-09-22,getafe,valencia,2014|2014-09-22|getafe|valencia,2014|2014-09-22|getafe|valencia,A,D,0.12015314939153568,0.520519064749847,0.3593277858586174,0.520519064749847,0.9622442306827812,0.16119127889122958,3.6,3.3,2.05,1.0686129588568614,0.25994236311239194,0.28357348703170027,0.4564841498559078,3.3,0.520519064749847,0.7177129136744951,0.31204909290195443,1,0,-1.0,-12.239999999999998
2014,5,2014-09-23,celta,la coruna,2014|2014-09-23|celta|la coruna,2014|2014-09-23|celta|lacoruna,H,H,0.6933652498993069,0.13016650322388212,0.17646824687681098,0.6933652498993069,0.8254153689967684,0.516897003022496,1.57,3.75,6.0,1.070276008492569,0.595120015869867,0.249156913310851,0.15572307081928186,1.57,0.6933652498993069,0.0885834423419119,0.15540954796826648,1,1,0.5700000000000001,-11.669999999999998
2014,5,2014-09-23,real madrid,elche,2014|2014-09-23|real madrid|elche,2014|2014-09-23|realmadrid|elche,H,H,0.9608456344002602,0.017122546724164453,0.022031818875575468,0.9608456344002602,0.19207845958109432,0.9388138155246847,1.08,12.0,23.0,1.0527375201288243,0.8795411089866157,0.07915869980879542,0.041300191204588915,1.08,0.9608456344002602,0.03771328515228105,0.4714160644035127,1,1,0.08000000000000007,-11.59
2014,5,2014-09-24,almeria,ath madrid,2014|2014-09-24|almeria|ath madrid,2014|2014-09-24|almeria|athmadrid,A,A,0.12653980666197728,0.29310035350591,0.5803598398321126,0.5803598398321126,0.9370652473661403,0.2872594863262026,6.0,3.8,1.57,1.0667672365627445,0.15623526947048655,0.24668726758497875,0.5970774629445346,1.57,0.5803598398321126,-0.08883505146358323,0.0,1,1,0.5700000000000001,-11.02
2014,5,2014-09-24,eibar,villarreal,2014|2014-09-24|eibar|villarreal,2014|2014-09-24|eibar|villarreal,D,D,0.04939265033016715,0.6065150433011,0.3440923063687329,0.6065150433011,0.8189372089028661,0.26242273693236706,3.4,3.0,2.3,1.0622335890878092,0.2768860353130016,0.3138041733547351,0.40930979133226325,3.0,0.6065150433011,0.8195451299032999,0.40977256495164993,1,1,2.0,-9.02
2014,5,2014-09-24,granada,levante,2014|2014-09-24|granada|levante,2014|2014-09-24|granada|levante,A,H,0.6877733841618795,0.16646836142278706,0.14575825441533347,0.6877733841618795,0.8366022882174619,0.5213050227390924,1.5,3.9,7.0,1.065934065934066,0.6254295532646048,0.2405498281786942,0.13402061855670103,1.5,0.6877733841618795,0.031660076242819246,0.06332015248563849,1,0,-1.0,-10.02
2014,5,2014-09-24,malaga,barcelona,2014|2014-09-24|malaga|barcelona,2014|2014-09-24|malaga|barcelona,D,A,0.0613259190003167,0.3400535998767888,0.5986204811228945,0.5986204811228945,0.8451626522276163,0.25856688124610566,9.0,5.0,1.33,1.0629908103592314,0.10452687834014461,0.1881483810122603,0.7073247406475951,1.33,0.5986204811228945,-0.20383476010655033,0.0,1,0,-1.0,-11.02
2014,5,2014-09-24,sevilla,sociedad,2014|2014-09-24|sevilla|sociedad,2014|2014-09-24|sevilla|sociedad,H,H,0.5496856203563698,0.18347106692299564,0.26684331272063455,0.5496856203563698,0.9925732706065238,0.28284230763573526,1.8,3.6,4.33,1.0642802155504234,0.5220012055455093,0.26100060277275466,0.21699819168173598,1.8,0.5496856203563698,-0.010565883358534311,0.0,1,1,0.8,-10.219999999999999
2014,5,2014-09-24,vallecano,ath bilbao,2014|2014-09-24|vallecano|ath bilbao,2014|2014-09-24|vallecano|athbilbao,H,A,0.29876857575468624,0.28173131770436355,0.4195001065409502,0.4195001065409502,1.0822519477825554,0.12073153078626397,3.1,3.4,2.25,1.0611427366645583,0.3039936419630439,0.27717067355454006,0.41883568448241604,2.25,0.4195001065409502,-0.05612476028286195,0.0,1,0,-1.0,-11.219999999999999
2014,5,2014-09-25,espanol,getafe,2014|2014-09-25|espanol|getafe,2014|2014-09-25|espanol|getafe,H,H,0.741264192749298,0.10052586593778058,0.15820994131292154,0.741264192749298,0.7445878792153114,0.5830542514363765,1.67,3.6,5.5,1.0583983548055405,0.5657627796668286,0.26245106723433437,0.17178615309883705,1.67,0.741264192749298,0.23791120189132758,0.3550913461064591,1,1,0.6699999999999999,-10.549999999999999
2014,5,2014-09-25,valencia,cordoba,2014|2014-09-25|valencia|cordoba,2014|2014-09-25|valencia|cordoba,H,H,0.8808960533126001,0.035218256643440256,0.08388569004395972,0.8808960533126001,0.4374523308443091,0.7970103632686404,1.33,5.0,8.5,1.0695267580716497,0.7030022330659168,0.1869985939955339,0.10999917293854934,1.33,0.8808960533126001,0.17159175090575823,0.5199750027447219,1,1,0.33000000000000007,-10.219999999999999
2014,6,2014-09-26,elche,celta,2014|2014-09-26|elche|celta,2014|2014-09-26|elche|celta,A,D,0.18650697956870615,0.473928005728502,0.33956501470279177,0.473928005728502,1.033841373531212,0.13436299102571025,2.8,3.4,2.4,1.0679271708683473,0.3344262295081967,0.2754098360655738,0.39016393442622954,3.4,0.473928005728502,0.6113552194769067,0.2547313414487112,1,0,-1.0,-11.219999999999999
2014,6,2014-09-27,ath bilbao,eibar,2014|2014-09-27|ath bilbao|eibar,2014|2014-09-27|athbilbao|eibar,D,H,0.7936759590191633,0.09055195440144158,0.11577208657939508,0.7936759590191633,0.650513064927128,0.6779038724397682,1.53,3.75,7.0,1.0631185807656396,0.6147900930967856,0.25083435798348847,0.13437554891972597,1.53,0.7936759590191633,0.21432421729931989,0.4043853156590941,1,0,-1.0,-12.219999999999999
2014,6,2014-09-27,ath madrid,sevilla,2014|2014-09-27|ath madrid|sevilla,2014|2014-09-27|athmadrid|sevilla,H,H,0.5380514942595054,0.25922789938129304,0.2027206063592016,0.5380514942595054,1.0069820864967738,0.27882359487821234,1.67,4.0,4.75,1.0593287109990546,0.5652658981033842,0.23599851245816286,0.19873558943845293,1.67,0.5380514942595054,-0.10145400458662607,0.0,1,1,0.6699999999999999,-11.549999999999999
2014,6,2014-09-27,barcelona,granada,2014|2014-09-27|barcelona|granada,2014|2014-09-27|barcelona|granada,H,H,0.9785302838337623,0.004548424320431937,0.01692129184580589,0.9785302838337623,0.11479214931458516,0.9616089919879564,1.13,8.5,17.0,1.0614263404476836,0.8337420304070623,0.1108386463952918,0.0554193231976459,1.13,0.9785302838337623,0.10573922073215128,0.813378621016549,1,1,0.1299999999999999,-11.419999999999998
2014,6,2014-09-27,levante,vallecano,2014|2014-09-27|levante|vallecano,2014|2014-09-27|levante|vallecano,A,D,0.07286918044622483,0.5738035555617175,0.35332726399205766,0.5738035555617175,0.8771682705787238,0.2204762915696598,3.0,3.2,2.4,1.0625,0.3137254901960784,0.29411764705882354,0.39215686274509803,3.2,0.5738035555617175,0.8361713777974961,0.3800778989988618,1,0,-1.0,-12.419999999999998
2014,6,2014-09-27,villarreal,real madrid,2014|2014-09-27|villarreal|real madrid,2014|2014-09-27|villarreal|realmadrid,A,A,0.18811134597017076,0.2325831795809509,0.5793054744488784,0.5793054744488784,0.9697634412392482,0.3467222948679275,5.25,4.0,1.62,1.0577601410934743,0.18007503126302626,0.236348478532722,0.5835764902042518,1.62,0.5793054744488784,-0.06152513139281701,0.0,1,1,0.6200000000000001,-11.799999999999999
2014,6,2014-09-28,cordoba,espanol,2014|2014-09-28|cordoba|espanol,2014|2014-09-28|cordoba|espanol,D,D,0.1582837781193682,0.4778701135946203,0.36384610828601144,0.4778701135946203,1.0124992389189127,0.11402400530860884,2.7,3.25,2.6,1.0626780626780628,0.34852546916890076,0.28954423592493295,0.3619302949061662,3.25,0.4778701135946203,0.5530778691825159,0.2458123863033404,1,1,2.25,-9.549999999999999
2014,6,2014-09-28,getafe,malaga,2014|2014-09-28|getafe|malaga,2014|2014-09-28|getafe|malaga,H,A,0.23236535078046885,0.3262513509076086,0.4413832983119226,0.4413832983119226,1.0655358891553095,0.11513194740431398,3.0,3.2,2.38,1.066001400560224,0.31269502381343406,0.29315158482509446,0.39415339136147154,2.38,0.4413832983119226,0.05049224998237567,0.03658858694375049,1,0,-1.0,-10.549999999999999
2014,6,2014-09-28,la coruna,almeria,2014|2014-09-28|la coruna|almeria,2014|2014-09-28|lacoruna|almeria,A,H,0.5183366095566674,0.20418334835473995,0.27748004208859267,0.5183366095566674,1.0207395330456257,0.2408565674680747,2.05,3.4,3.6,1.059700302885382,0.4603234298608499,0.27754795035727714,0.26212861978187285,2.05,0.5183366095566674,0.0625900495911681,0.05960957103920772,1,0,-1.0,-11.549999999999999
2014,6,2014-09-28,sociedad,valencia,2014|2014-09-28|sociedad|valencia,2014|2014-09-28|sociedad|valencia,D,D,0.2445600802996022,0.42603118340430546,0.32940873629609235,0.42603118340430546,1.0737144604135658,0.0966224471082131,2.63,3.3,2.63,1.0634865767945616,0.35752979414951247,0.28494041170097506,0.35752979414951247,3.3,0.42603118340430546,0.4059029052342079,0.17647952401487302,1,1,2.3,-9.25
2014,7,2014-10-03,getafe,cordoba,2014|2014-10-03|getafe|cordoba,2014|2014-10-03|getafe|cordoba,D,H,0.39401562900673875,0.306475532412635,0.29950883858062627,0.39401562900673875,1.090506788459979,0.08754009659410378,1.95,3.2,4.2,1.063415750915751,0.48223896663078586,0.2938643702906351,0.2238966630785791,1.95,0.39401562900673875,-0.23166952343685948,0.0,1,0,-1.0,-10.25
2014,7,2014-10-04,almeria,elche,2014|2014-10-04|almeria|elche,2014|2014-10-04|almeria|elche,D,H,0.3548430299315367,0.3251781047144685,0.31997886535399483,0.3548430299315367,1.097561008228492,0.029664925217068205,2.15,3.1,3.6,1.0654747020088355,0.4365343242714649,0.30275767651085467,0.26070799921768045,2.15,0.3548430299315367,-0.23708748564719612,0.0,1,0,-1.0,-11.25
2014,7,2014-10-04,eibar,levante,2014|2014-10-04|eibar|levante,2014|2014-10-04|eibar|levante,D,H,0.4535530078472104,0.2998626249731589,0.24658436717963061,0.4535530078472104,1.0649930693779128,0.1536903828740515,1.8,3.4,4.75,1.0601995184038528,0.5240103828682673,0.2774172615184945,0.19857235561323813,1.8,0.4535530078472104,-0.1836045858750212,0.0,1,0,-1.0,-12.25
2014,7,2014-10-04,malaga,granada,2014|2014-10-04|malaga|granada,2014|2014-10-04|malaga|granada,H,H,0.536648306481599,0.2534935859009448,0.2098581076174563,0.536648306481599,1.0095717914075069,0.2831547205806542,1.8,3.5,4.5,1.0634920634920635,0.5223880597014926,0.26865671641791045,0.208955223880597,1.8,0.536648306481599,-0.03403304833312176,0.0,1,1,0.8,-11.45
2014,7,2014-10-04,valencia,ath madrid,2014|2014-10-04|valencia|ath madrid,2014|2014-10-04|valencia|athmadrid,H,D,0.24671185359377454,0.3851476958831719,0.36814045052305355,0.3851476958831719,1.0806413792028369,0.017007245360118328,2.75,3.2,2.6,1.0607517482517483,0.34281005356407085,0.2946023897816234,0.36258755665430564,3.2,0.3851476958831719,0.2324726268261501,0.10566937583006822,1,0,-1.0,-12.45
2014,7,2014-10-04,vallecano,barcelona,2014|2014-10-04|vallecano|barcelona,2014|2014-10-04|vallecano|barcelona,A,A,0.08185790645661431,0.35437487492035735,0.5637672186230283,0.5637672186230283,0.8956028227540525,0.2093923437026709,9.0,6.5,1.25,1.064957264957265,0.1043338683788122,0.14446227929373998,0.7512038523274479,1.25,0.5637672186230283,-0.2952909767212147,0.0,1,1,0.25,-12.2
2014,7,2014-10-05,celta,villarreal,2014|2014-10-05|celta|villarreal,2014|2014-10-05|celta|villarreal,A,A,0.31630738920673096,0.2889993582833069,0.3946932525099622,0.3946932525099622,1.089751672301271,0.07838586330323122,2.38,3.2,3.0,1.066001400560224,0.39415339136147154,0.29315158482509446,0.31269502381343406,3.0,0.3946932525099622,0.1840797575298866,0.0920398787649433,1,1,2.0,-10.2
2014,7,2014-10-05,espanol,sociedad,2014|2014-10-05|espanol|sociedad,2014|2014-10-05|espanol|sociedad,H,A,0.34932685193488816,0.2608900824375672,0.38978306562754467,0.38978306562754467,1.0851900462947153,0.040456213692656506,2.5,3.25,2.8,1.0648351648351648,0.3756449948400413,0.28895768833849333,0.33539731682146545,2.8,0.38978306562754467,0.091392583757125,0.05077365764284723,1,0,-1.0,-11.2
2014,7,2014-10-05,real madrid,ath bilbao,2014|2014-10-05|real madrid|ath bilbao,2014|2014-10-05|realmadrid|athbilbao,H,H,0.9350645602220738,0.02083304910748321,0.044102390670442866,0.9350645602220738,0.2810833651639536,0.890962169551631,1.2,6.5,15.0,1.0538461538461539,0.7907542579075426,0.14598540145985403,0.0632603406326034,1.2,0.9350645602220738,0.12207747226648857,0.610387361332443,1,1,0.19999999999999996,-11.0
2014,7,2014-10-05,sevilla,la coruna,2014|2014-10-05|sevilla|la coruna,2014|2014-10-05|sevilla|lacoruna,H,H,0.7929926874192815,0.08637242699954502,0.12063488558117351,0.7929926874192815,0.6506024946112303,0.672357801838108,1.4,4.4,8.0,1.0665584415584415,0.6697108066971081,0.21308980213089804,0.11719939117199392,1.4,0.7929926874192815,0.11018976238699407,0.27547440596748524,1,1,0.3999999999999999,-10.6
2014,8,2014-10-17,granada,vallecano,2014|2014-10-17|granada|vallecano,2014|2014-10-17|granada|vallecano,A,D,0.2263336169382761,0.43557235722664633,0.33809402583507747,0.43557235722664633,1.0649155301273743,0.09747833139156886,2.2,3.3,3.3,1.0606060606060606,0.4285714285714286,0.28571428571428575,0.28571428571428575,3.3,0.43557235722664633,0.4373887788479329,0.19016903428170998,1,0,-1.0,-11.6
2014,8,2014-10-18,ath bilbao,celta,2014|2014-10-18|ath bilbao|celta,2014|2014-10-18|athbilbao|celta,D,H,0.39442496299449625,0.30776089817035496,0.29781413883514873,0.39442496299449625,1.0903572664778887,0.0866640648241413,1.91,3.6,3.75,1.0680046538685282,0.49022277901846506,0.2600904188681301,0.24968680211340488,1.91,0.39442496299449625,-0.24664832068051218,0.0,1,0,-1.0,-12.6
2014,8,2014-10-18,barcelona,eibar,2014|2014-10-18|barcelona|eibar,2014|2014-10-18|barcelona|eibar,H,H,0.989300750324077,0.002092377117005701,0.00860687255891716,0.989300750324077,0.06447798384789884,0.9806938777651599,1.1,9.0,21.0,1.0678210678210678,0.8513513513513513,0.10405405405405405,0.0445945945945946,1.1,0.989300750324077,0.08823082535648484,0.8823082535648477,1,1,0.10000000000000009,-12.5
2014,8,2014-10-18,cordoba,malaga,2014|2014-10-18|cordoba|malaga,2014|2014-10-18|cordoba|malaga,A,A,0.19579498967471443,0.34865828616530786,0.4555467241599777,0.4555467241599777,1.0448254889811164,0.10688843799466985,3.25,3.0,2.38,1.0611937082525318,0.2899492385786802,0.3141116751269035,0.39593908629441626,2.38,0.4555467241599777,0.084201203500747,0.06101536485561378,1,1,1.38,-11.12
2014,8,2014-10-18,levante,real madrid,2014|2014-10-18|levante|real madrid,2014|2014-10-18|levante|realmadrid,A,A,0.048917268662307126,0.28094935015311917,0.6701333811845737,0.6701333811845737,0.7725418761627215,0.3891840310314545,13.0,7.5,1.17,1.064957264957265,0.07223113964686999,0.12520064205457465,0.8025682182985554,1.17,0.6701333811845737,-0.21594394401404887,0.0,1,1,0.16999999999999993,-10.95
2014,8,2014-10-19,ath madrid,espanol,2014|2014-10-19|ath madrid|espanol,2014|2014-10-19|athmadrid|espanol,H,H,0.8312309850292414,0.07802993160140448,0.09073908336935405,0.8312309850292414,0.5704317317826917,0.7404919016598874,1.33,4.75,9.5,1.0676691729323307,0.7042253521126761,0.1971830985915493,0.09859154929577466,1.33,0.8312309850292414,0.10553721008889116,0.31980972754209436,1,1,0.33000000000000007,-10.62
2014,8,2014-10-19,elche,sevilla,2014|2014-10-19|elche|sevilla,2014|2014-10-19|elche|sevilla,A,D,0.08790430461137301,0.5113766299192729,0.4007190654693541,0.5113766299192729,0.9231495249700339,0.11065756444991881,3.6,3.4,2.05,1.0597003028853818,0.2621286197818729,0.2775479503572772,0.46032342986085,3.4,0.5113766299192729,0.7386805417255279,0.3077835590523033,1,0,-1.0,-11.62
2014,8,2014-10-19,la coruna,valencia,2014|2014-10-19|la coruna|valencia,2014|2014-10-19|lacoruna|valencia,H,A,0.13057236159460775,0.41779166758501407,0.45163597082037826,0.45163597082037826,0.9894557149933256,0.03384430323536419,4.5,3.4,1.83,1.0627879567127396,0.20909365863494306,0.2767416070168364,0.5141647343482206,1.83,0.45163597082037826,-0.17350617339870766,0.0,1,0,-1.0,-12.62
2014,8,2014-10-19,villarreal,almeria,2014|2014-10-19|villarreal|almeria,2014|2014-10-19|villarreal|almeria,H,H,0.8788605925849466,0.05675927223022225,0.064380135184831,0.8788605925849466,0.4529166173163403,0.8144804574001157,1.33,5.0,9.0,1.0629908103592314,0.7073247406475951,0.1881483810122603,0.10452687834014461,1.33,0.8788605925849466,0.16888458813797907,0.5117714792059971,1,1,0.33000000000000007,-12.29
2014,8,2014-10-20,sociedad,getafe,2014|2014-10-20|sociedad|getafe,2014|2014-10-20|sociedad|getafe,A,H,0.749165780275556,0.14206740326213488,0.1087668164623092,0.749165780275556,0.7348977848558422,0.6070983770134212,1.53,4.0,6.0,1.0702614379084967,0.6106870229007634,0.233587786259542,0.15572519083969466,1.53,0.749165780275556,0.14622364382160075,0.27589366758792594,1,0,-1.0,-13.29
2014,9,2014-10-24,celta,levante,2014|2014-10-24|celta|levante,2014|2014-10-24|celta|levante,H,H,0.8418614220127822,0.0728234666209605,0.0853151113662573,0.8418614220127822,0.5456897128191339,0.7565463106465249,1.44,4.5,6.0,1.0833333333333333,0.6410256410256411,0.20512820512820512,0.15384615384615385,1.44,0.8418614220127822,0.21228044769840637,0.4824555629509236,1,1,0.43999999999999995,-12.85
2014,9,2014-10-25,almeria,ath bilbao,2014|2014-10-25|almeria|ath bilbao,2014|2014-10-25|almeria|athbilbao,A,A,0.19045028934409564,0.3404753638528993,0.469074346803005,0.469074346803005,1.0377547989485043,0.12859898295010574,3.3,3.25,2.2,1.0652680652680653,0.2844638949671772,0.2888402625820569,0.42669584245076586,2.2,0.469074346803005,0.03196356296661107,0.02663630247217589,1,1,1.2000000000000002,-11.649999999999999
2014,9,2014-10-25,cordoba,sociedad,2014|2014-10-25|cordoba|sociedad,2014|2014-10-25|cordoba|sociedad,D,A,0.16476547223429855,0.34011179847580325,0.49512272928989814,0.49512272928989814,1.011960810761737,0.1550109308140949,3.4,3.2,2.2,1.0611631016042782,0.27716535433070866,0.2944881889763779,0.4283464566929133,2.2,0.49512272928989814,0.089270004437776,0.07439167036481333,1,0,-1.0,-12.649999999999999
2014,9,2014-10-25,eibar,granada,2014|2014-10-25|eibar|granada,2014|2014-10-25|eibar|granada,D,D,0.3312222941166514,0.39992478473579096,0.2688529211475577,0.39992478473579096,1.0856745313998566,0.06870249061913958,2.1,3.1,3.75,1.0654377880184331,0.4469434832756632,0.3027681660899654,0.2502883506343714,3.1,0.39992478473579096,0.239766832680952,0.11417468222902476,1,1,2.1,-10.549999999999999
2014,9,2014-10-25,real madrid,barcelona,2014|2014-10-25|real madrid|barcelona,2014|2014-10-25|realmadrid|barcelona,H,H,0.3804858463415022,0.26501013194054784,0.35450402171794987,0.3804858463415022,1.0872292254479112,0.025981824623552308,2.38,3.75,3.0,1.0201680672268907,0.41186161449752884,0.2613948380010983,0.32674354750137286,2.38,0.3804858463415022,-0.09444368570722483,0.0,1,1,1.38,-9.169999999999998
2014,9,2014-10-25,valencia,elche,2014|2014-10-25|valencia|elche,2014|2014-10-25|valencia|elche,H,H,0.8339249471209706,0.0777325262352303,0.08834252664379906,0.8339249471209706,0.5643830863411263,0.7455824204771716,1.36,4.75,8.5,1.0634674922600618,0.6914119359534208,0.19796215429403205,0.11062590975254732,1.36,0.8339249471209706,0.13413792808452019,0.37260535579033377,1,1,0.3600000000000001,-8.809999999999999
2014,9,2014-10-26,espanol,la coruna,2014|2014-10-26|espanol|la coruna,2014|2014-10-26|espanol|lacoruna,D,H,0.5463514732912021,0.2325634622193503,0.2210850644894476,0.5463514732912021,1.0031440528847935,0.31378801107185184,1.91,3.4,4.0,1.0676778564829073,0.4903728275762602,0.2754741472560756,0.23415302516766426,1.91,0.5463514732912021,0.043531313986196085,0.04783660877603966,1,0,-1.0,-9.809999999999999
2014,9,2014-10-26,getafe,ath madrid,2014|2014-10-26|getafe|ath madrid,2014|2014-10-26|getafe|athmadrid,A,A,0.04473308782195645,0.32460650718028095,0.6306604049977625,0.6306604049977625,0.7949425716725902,0.3060538978174816,7.0,3.75,1.53,1.0631185807656396,0.13437554891972597,0.25083435798348847,0.6147900930967856,1.53,0.6306604049977625,-0.0350895803534233,0.0,1,1,0.53,-9.28
2014,9,2014-10-26,malaga,vallecano,2014|2014-10-26|malaga|vallecano,2014|2014-10-26|malaga|vallecano,H,H,0.3703999508559475,0.33732168629293036,0.29227836285112213,0.3703999508559475,1.0939610580304084,0.03307826456301716,1.83,3.5,4.33,1.0631092553630697,0.5140093406910212,0.2687534552755911,0.21723720403338773,1.83,0.3703999508559475,-0.32216808993361606,0.0,1,1,0.8300000000000001,-8.45
2014,9,2014-10-26,sevilla,villarreal,2014|2014-10-26|sevilla|villarreal,2014|2014-10-26|sevilla|villarreal,H,H,0.5657198239031707,0.16154025274094377,0.2727399233558856,0.5657198239031707,0.9711076016788768,0.29297990054728507,2.0,3.4,3.75,1.0607843137254902,0.47134935304990755,0.27726432532347506,0.2513863216266174,2.0,0.5657198239031707,0.13143964780634132,0.13143964780634132,1,1,1.0,-7.449999999999999
2014,10,2014-10-31,la coruna,getafe,2014|2014-10-31|la coruna|getafe,2014|2014-10-31|lacoruna|getafe,A,H,0.41939792768717504,0.2907895792800829,0.28981249303274204,0.41939792768717504,1.0825387904306278,0.12860834840709212,2.2,3.1,3.5,1.0628403854210307,0.4276704769412692,0.303508080409933,0.26882144264879776,2.2,0.41939792768717504,-0.07732455908821478,0.0,1,0,-1.0,-8.45
2014,10,2014-11-01,ath madrid,cordoba,2014|2014-11-01|ath madrid|cordoba,2014|2014-11-01|athmadrid|cordoba,H,H,0.9586562654047922,0.017497260457627527,0.02384647413758035,0.9586562654047922,0.20035917576908796,0.9348097912672119,1.18,6.5,15.0,1.0679704476314646,0.7935216082037927,0.14405469195084236,0.06242369984536501,1.18,0.9586562654047922,0.13121439317765474,0.7289688509869711,1,1,0.17999999999999994,-8.27
2014,10,2014-11-01,barcelona,celta,2014|2014-11-01|barcelona|celta,2014|2014-11-01|barcelona|celta,A,H,0.9670420716528392,0.014062776824878144,0.018895151522282792,0.9670420716528392,0.16736759879102261,0.9481469201305563,1.13,8.5,17.0,1.0614263404476836,0.8337420304070623,0.1108386463952918,0.0554193231976459,1.13,0.9670420716528392,0.09275754096770816,0.713519545905448,1,0,-1.0,-9.27
2014,10,2014-11-01,granada,real madrid,2014|2014-11-01|granada|real madrid,2014|2014-11-01|granada|realmadrid,A,A,0.039583517305936254,0.3018518993910348,0.658564583303029,0.658564583303029,0.7644702179229874,0.35671268391199423,12.0,7.0,1.2,1.0595238095238095,0.07865168539325842,0.1348314606741573,0.7865168539325843,1.2,0.658564583303029,-0.2097225000363652,0.0,1,1,0.19999999999999996,-9.069999999999999
2014,10,2014-11-01,sociedad,malaga,2014|2014-11-01|sociedad|malaga,2014|2014-11-01|sociedad|malaga,A,D,0.288345354981535,0.4430860615760175,0.26856858344244744,0.4430860615760175,1.0723268272780355,0.15474070659448247,2.2,3.4,3.2,1.061163101604278,0.42834645669291344,0.2771653543307087,0.29448818897637796,3.4,0.4430860615760175,0.5064926093584594,0.21103858723269142,1,0,-1.0,-10.069999999999999
2014,10,2014-11-02,ath bilbao,sevilla,2014|2014-11-02|ath bilbao|sevilla,2014|2014-11-02|athbilbao|sevilla,H,D,0.19790607613702968,0.48632116453952606,0.31577275932344423,0.48632116453952606,1.035184108473122,0.17054840521608183,2.4,3.3,2.9,1.0645245559038663,0.3914110429447853,0.2846625766871166,0.3239263803680982,3.3,0.48632116453952606,0.6048598429804359,0.2629825404262765,1,0,-1.0,-11.069999999999999
2014,10,2014-11-02,elche,espanol,2014|2014-11-02|elche|espanol,2014|2014-11-02|elche|espanol,H,D,0.16799138976806888,0.4523894703321996,0.3796191398997315,0.4523894703321996,1.0262049451392556,0.07277033043246811,2.63,3.1,2.75,1.0664451456797832,0.35653792266995676,0.3024821731038665,0.3409799042261768,3.1,0.4523894703321996,0.40240735802981875,0.19162255144277082,1,0,-1.0,-12.069999999999999
2014,10,2014-11-02,levante,almeria,2014|2014-11-02|levante|almeria,2014|2014-11-02|levante|almeria,H,D,0.24937237440384644,0.385730747492668,0.36489687810348553,0.385730747492668,1.0816508368087694,0.02083386938918247,2.4,3.1,3.1,1.0618279569892473,0.3924050632911393,0.3037974683544304,0.3037974683544304,3.1,0.385730747492668,0.19576531722727086,0.09322157963203374,1,0,-1.0,-13.069999999999999
2014,10,2014-11-02,villarreal,valencia,2014|2014-11-02|villarreal|valencia,2014|2014-11-02|villarreal|valencia,A,H,0.49980500844898434,0.26299700422199124,0.2371979873290245,0.49980500844898434,1.0391902275265845,0.2368080042269931,2.1,3.4,3.4,1.0644257703081232,0.4473684210526316,0.27631578947368424,0.27631578947368424,2.1,0.49980500844898434,0.04959051774286716,0.04508228885715196,1,0,-1.0,-14.069999999999999
2014,10,2014-11-03,vallecano,eibar,2014|2014-11-03|vallecano|eibar,2014|2014-11-03|vallecano|eibar,A,H,0.46839990866016534,0.23597150673826836,0.2956285846015663,0.46839990866016534,1.0562713501683134,0.17277132405859902,2.05,3.2,3.8,1.0634627727856225,0.4586948321388156,0.2938513768389287,0.24745379102225576,2.05,0.46839990866016534,-0.0397801872466611,0.0,1,0,-1.0,-15.069999999999999
2014,11,2014-11-07,cordoba,la coruna,2014|2014-11-07|cordoba|la coruna,2014|2014-11-07|cordoba|lacoruna,D,H,0.3722111725455246,0.2952197108079697,0.3325691166465056,0.3722111725455246,1.0941603993756337,0.03964205589901898,2.25,3.1,3.4,1.0611427366645583,0.41883568448241604,0.3039936419630439,0.27717067355454006,2.25,0.3722111725455246,-0.16252486177256964,0.0,1,0,-1.0,-16.07
2014,11,2014-11-08,almeria,barcelona,2014|2014-11-08|almeria|barcelona,2014|2014-11-08|almeria|barcelona,A,A,0.09217107379214373,0.19367849976402293,0.7141504264438333,0.7141504264438333,0.7781069941427919,0.5204719266798103,17.0,7.5,1.14,1.0693498452012384,0.05500868558193399,0.12468635398571704,0.820304960432349,1.14,0.7141504264438333,-0.18586851385403008,0.0,1,1,0.1399999999999999,-15.93
2014,11,2014-11-08,celta,granada,2014|2014-11-08|celta|granada,2014|2014-11-08|celta|granada,D,H,0.6593929236330816,0.13997241014081777,0.2006346662261007,0.6593929236330816,0.87209724895457,0.45875825740698084,1.57,3.8,6.0,1.0667672365627445,0.5970774629445346,0.24668726758497875,0.15623526947048655,1.57,0.6593929236330816,0.035246890103938056,0.06183664930515448,1,0,-1.0,-16.93
2014,11,2014-11-08,getafe,elche,2014|2014-11-08|getafe|elche,2014|2014-11-08|getafe|elche,D,H,0.42845788673667,0.30260355369137976,0.26893855957195023,0.42845788673667,1.0780461763558213,0.12585433304529026,2.0,3.2,4.0,1.0625,0.47058823529411764,0.29411764705882354,0.23529411764705882,2.0,0.42845788673667,-0.14308422652666003,0.0,1,0,-1.0,-17.93
2014,11,2014-11-08,malaga,eibar,2014|2014-11-08|malaga|eibar,2014|2014-11-08|malaga|eibar,H,H,0.6471074765949998,0.17230794531568927,0.18058457808931097,0.6471074765949998,0.8937282492613228,0.46652289850568884,1.57,3.75,6.0,1.070276008492569,0.595120015869867,0.249156913310851,0.15572307081928186,1.57,0.6471074765949998,0.01595873825414973,0.027997786410788997,1,1,0.5700000000000001,-17.36
2014,11,2014-11-08,real madrid,vallecano,2014|2014-11-08|real madrid|vallecano,2014|2014-11-08|realmadrid|vallecano,H,H,0.9706843900601858,0.00782681280642191,0.021488797133392235,0.9706843900601858,0.14936503716209815,0.9491955929267936,1.05,15.0,26.0,1.0575091575091575,0.9005888465535157,0.0630412192587461,0.03636993418773814,1.05,0.9706843900601858,0.01921860956319514,0.3843721912639025,1,1,0.050000000000000044,-17.31
2014,11,2014-11-09,espanol,villarreal,2014|2014-11-09|espanol|villarreal,2014|2014-11-09|espanol|villarreal,D,A,0.2558692135787412,0.2657848880244766,0.4783458983967821,0.4783458983967821,1.0536979117625211,0.21256101037230551,3.1,3.2,2.3,1.0698632538569424,0.3015157722244982,0.2920934043424826,0.40639082343301935,2.3,0.4783458983967821,0.10019556631259874,0.07707351254815288,1,0,-1.0,-18.31
2014,11,2014-11-09,sevilla,levante,2014|2014-11-09|sevilla|levante,2014|2014-11-09|sevilla|levante,D,H,0.8950985934784536,0.052729094008813364,0.052172312512733056,0.8950985934784536,0.4084315268280134,0.8423694994696402,1.25,5.5,12.0,1.0651515151515152,0.7510668563300142,0.17069701280227595,0.07823613086770981,1.25,0.8950985934784536,0.11887324184806694,0.47549296739226776,1,0,-1.0,-19.31
2014,11,2014-11-09,sociedad,ath madrid,2014|2014-11-09|sociedad|ath madrid,2014|2014-11-09|sociedad|athmadrid,H,A,0.12225287404236256,0.4341928946490718,0.44355423130856564,0.44355423130856564,0.9797478071307335,0.009361336659493846,4.33,3.6,1.8,1.0642802155504234,0.21699819168173598,0.26100060277275466,0.5220012055455093,1.8,0.44355423130856564,-0.20160238364458183,0.0,1,0,-1.0,-20.31
2014,11,2014-11-09,valencia,ath bilbao,2014|2014-11-09|valencia|ath bilbao,2014|2014-11-09|valencia|athbilbao,D,H,0.5413072779717509,0.2654558273708562,0.19323689465739277,0.5413072779717509,1.001963288519046,0.2758514506008947,1.62,4.0,5.25,1.0577601410934743,0.5835764902042518,0.236348478532722,0.18007503126302626,1.62,0.5413072779717509,-0.12308220968576344,0.0,1,0,-1.0,-21.31
2014,12,2014-11-21,ath bilbao,espanol,2014|2014-11-21|ath bilbao|espanol,2014|2014-11-21|athbilbao|espanol,H,H,0.48905888922336166,0.27513711408729985,0.2358039966893384,0.48905888922336166,1.0455496719092823,0.2139217751360618,1.8,3.5,4.5,1.0634920634920635,0.5223880597014926,0.26865671641791045,0.208955223880597,1.8,0.48905888922336166,-0.11969399939794906,0.0,1,1,0.8,-20.509999999999998
2014,12,2014-11-22,ath madrid,malaga,2014|2014-11-22|ath madrid|malaga,2014|2014-11-22|athmadrid|malaga,H,H,0.742617510626166,0.14293821653579805,0.11444427283803586,0.742617510626166,0.7471247145220704,0.5996792940903679,1.44,4.2,7.5,1.0658730158730159,0.6515264333581534,0.22338049143708116,0.12509307520476545,1.44,0.742617510626166,0.069369215301679,0.15765730750381593,1,1,0.43999999999999995,-20.07
2014,12,2014-11-22,barcelona,sevilla,2014|2014-11-22|barcelona|sevilla,2014|2014-11-22|barcelona|sevilla,H,H,0.8822635780034036,0.05279538348161179,0.06494103851498466,0.8822635780034036,0.443371658742854,0.8173225394884189,1.2,7.0,11.0,1.067099567099567,0.7809330628803246,0.13387423935091278,0.08519269776876268,1.2,0.8822635780034036,0.058716293604084285,0.2935814680204215,1,1,0.19999999999999996,-19.869999999999997
2014,12,2014-11-22,eibar,real madrid,2014|2014-11-22|eibar|real madrid,2014|2014-11-22|eibar|realmadrid,A,A,0.1190997976503193,0.21534373277103494,0.6655564695786457,0.6655564695786457,0.8550535326531694,0.45021273680761076,15.0,6.5,1.18,1.0679704476314646,0.06242369984536501,0.14405469195084236,0.7935216082037927,1.18,0.6655564695786457,-0.21464336589719815,0.0,1,1,0.17999999999999994,-19.689999999999998
2014,12,2014-11-22,la coruna,sociedad,2014|2014-11-22|la coruna|sociedad,2014|2014-11-22|lacoruna|sociedad,D,A,0.23399454477099918,0.2992777393924468,0.466727715836554,0.466727715836554,1.0565616082126865,0.1674499764441072,3.4,3.25,2.15,1.0669262338208987,0.27566821185521256,0.2883913600946839,0.4359404280501035,2.15,0.466727715836554,0.003464589048590927,0.003012686129209502,1,0,-1.0,-20.689999999999998
2014,12,2014-11-23,elche,cordoba,2014|2014-11-23|elche|cordoba,2014|2014-11-23|elche|cordoba,D,H,0.38885961064791974,0.32409402293139233,0.28704636642068787,0.38885961064791974,1.0907218672082102,0.0647655877165274,2.0,3.2,4.0,1.0625,0.47058823529411764,0.29411764705882354,0.23529411764705882,2.0,0.38885961064791974,-0.22228077870416052,0.0,1,0,-1.0,-21.689999999999998
2014,12,2014-11-23,levante,valencia,2014|2014-11-23|levante|valencia,2014|2014-11-23|levante|valencia,H,A,0.17096095998568192,0.24645928617702614,0.5825797538372919,0.5825797538372919,0.9619139530733662,0.3361204676602657,5.0,3.75,1.67,1.0654690618762475,0.18771075309104535,0.2502810041213938,0.562008242787561,1.67,0.5825797538372919,-0.027091811091722595,0.0,1,0,-1.0,-22.689999999999998
2014,12,2014-11-23,vallecano,celta,2014|2014-11-23|vallecano|celta,2014|2014-11-23|vallecano|celta,H,A,0.29891892300480866,0.2783731701582897,0.4227079068369017,0.4227079068369017,1.0809336976241315,0.12378898383209302,2.7,3.3,2.55,1.0655575361457714,0.3475836431226766,0.2843866171003718,0.36802973977695175,2.55,0.4227079068369017,0.07790516243409928,0.050261395118773734,1,0,-1.0,-23.689999999999998
2014,12,2014-11-23,villarreal,getafe,2014|2014-11-23|villarreal|getafe,2014|2014-11-23|villarreal|getafe,H,H,0.7485095901203014,0.12597694568880802,0.12551346419089057,0.7485095901203014,0.7382860529855042,0.6225326444314934,1.44,4.5,6.5,1.0705128205128205,0.6487025948103793,0.20758483033932135,0.14371257485029942,1.44,0.7485095901203014,0.07785380977323397,0.17694047675734995,1,1,0.43999999999999995,-23.25
2014,12,2014-11-24,granada,almeria,2014|2014-11-24|granada|almeria,2014|2014-11-24|granada|almeria,D,H,0.4310380886532339,0.3057389426401896,0.26322296870657647,0.4310380886532339,1.076389651076705,0.12529914601304432,2.0,3.3,3.8,1.066188197767145,0.4689603590127151,0.2842183994016455,0.2468212415856395,2.0,0.4310380886532339,-0.1379238226935322,0.0,1,0,-1.0,-24.25
2014,13,2014-11-28,sociedad,elche,2014|2014-11-28|sociedad|elche,2014|2014-11-28|sociedad|elche,H,H,0.5279304578469004,0.27224869591178713,0.19982084624131247,0.5279304578469004,1.0132216472078501,0.25568176193511327,1.7,3.75,5.0,1.0549019607843138,0.5576208178438662,0.2527881040892193,0.1895910780669145,1.7,0.5279304578469004,-0.10251822166026936,0.0,1,1,0.7,-23.55
2014,13,2014-11-29,celta,eibar,2014|2014-11-29|celta|eibar,2014|2014-11-29|celta|eibar,A,H,0.6316355303735681,0.22751239379598362,0.14085207583044818,0.6316355303735681,0.9031203775441294,0.4041231365775845,1.62,4.0,5.5,1.0491021324354657,0.5883926183471516,0.23829901043059643,0.17330837122225196,1.62,0.6316355303735681,0.023249559205180403,0.037499289040613545,1,0,-1.0,-24.55
2014,13,2014-11-29,espanol,levante,2014|2014-11-29|espanol|levante,2014|2014-11-29|espanol|levante,H,H,0.6234410914761865,0.22880558602413748,0.14775332249967602,0.6234410914761865,0.9145734658054789,0.39463550545204906,1.67,3.7,5.5,1.050890847298033,0.5698045584364675,0.2571820574564596,0.17301338410707287,1.67,0.6234410914761865,0.041146622765231455,0.06141286979885292,1,1,0.6699999999999999,-23.88
2014,13,2014-11-29,getafe,ath bilbao,2014|2014-11-29|getafe|ath bilbao,2014|2014-11-29|getafe|athbilbao,A,A,0.23724767776660857,0.36848727752691157,0.3942650447064799,0.3942650447064799,1.076150511917725,0.02577776717956831,2.88,3.1,2.63,1.0500310042656418,0.33067806646819764,0.30721059078335783,0.3621113427484446,2.63,0.3942650447064799,0.03691706757804214,0.02264850771659027,1,1,1.63,-22.25
2014,13,2014-11-29,malaga,real madrid,2014|2014-11-29|malaga|real madrid,2014|2014-11-29|malaga|realmadrid,A,A,0.14945152230721806,0.19078807019160515,0.6597604075011768,0.6597604075011768,0.874513130851692,0.46897233730957166,10.0,6.0,1.29,1.041860465116279,0.09598214285714286,0.15997023809523808,0.744047619047619,1.29,0.6597604075011768,-0.14890907432348188,0.0,1,1,0.29000000000000004,-21.96
2014,13,2014-11-30,ath madrid,la coruna,2014|2014-11-30|ath madrid|la coruna,2014|2014-11-30|athmadrid|lacoruna,H,H,0.9067764897445987,0.047027066956277806,0.04619644329912339,0.9067764897445987,0.3745469949687298,0.8597494227883209,1.18,7.0,17.0,1.0491382993875518,0.8077654086342655,0.13616616888406188,0.05606842248167254,1.18,0.9067764897445987,0.06999625789862637,0.38886809943681333,1,1,0.17999999999999994,-21.78
2014,13,2014-11-30,cordoba,villarreal,2014|2014-11-30|cordoba|villarreal,2014|2014-11-30|cordoba|villarreal,A,A,0.2190218932155197,0.24404847114603173,0.5369296356384486,0.5369296356384486,1.0107164080008924,0.2928811644924169,4.33,3.6,1.85,1.0492652005354084,0.22010344200803078,0.2647355288596593,0.5151610291323099,1.85,0.5369296356384486,-0.0066801740688699485,0.0,1,1,0.8500000000000001,-20.93
2014,13,2014-11-30,sevilla,granada,2014|2014-11-30|sevilla|granada,2014|2014-11-30|sevilla|granada,H,H,0.7516871489063041,0.14765963138587254,0.10065321970782344,0.7516871489063041,0.7281151792270877,0.6040275175204315,1.44,4.5,7.5,1.05,0.6613756613756613,0.21164021164021163,0.12698412698412698,1.44,0.7516871489063041,0.0824294944250778,0.18733976005699501,1,1,0.43999999999999995,-20.49
2014,13,2014-11-30,valencia,barcelona,2014|2014-11-30|valencia|barcelona,2014|2014-11-30|valencia|barcelona,A,A,0.12818793865532938,0.320117854569253,0.5516942067754176,0.5516942067754176,0.9560928538661939,0.23157635220616457,6.0,4.33,1.53,1.0512083201255868,0.15854770503220061,0.21969658895916944,0.6217557060086298,1.53,0.5516942067754176,-0.1559078636336111,0.0,1,1,0.53,-19.96
2014,13,2014-12-01,almeria,vallecano,2014|2014-12-01|almeria|vallecano,2014|2014-12-01|almeria|vallecano,A,H,0.38835004968189035,0.33924235953005105,0.2724075907880585,0.38835004968189035,1.0883089511149053,0.0491076901518393,2.38,3.4,3.0,1.0476190476190477,0.40106951871657753,0.2807486631016043,0.3181818181818181,2.38,0.38835004968189035,-0.07572688175710096,0.0,1,0,-1.0,-20.96
2014,14,2014-12-06,ath bilbao,cordoba,2014|2014-12-06|ath bilbao|cordoba,2014|2014-12-06|athbilbao|cordoba,A,H,0.7289528016645419,0.17171363148081867,0.09933356685463939,0.7289528016645419,0.762390828520066,0.5572391701837233,1.4,4.5,9.0,1.0476190476190477,0.6818181818181818,0.2121212121212121,0.10606060606060605,1.4,0.7289528016645419,0.02053392233035861,0.05133480582589654,1,0,-1.0,-21.96
2014,14,2014-12-06,elche,ath madrid,2014|2014-12-06|elche|ath madrid,2014|2014-12-06|elche|athmadrid,A,A,0.1482265801631622,0.23756918053573278,0.6142042393011051,0.6142042393011051,0.9238040350387424,0.37663505876537234,7.0,3.75,1.57,1.0464664846830452,0.1365138252854907,0.25482580719958264,0.6086603675149267,1.57,0.6142042393011051,-0.0356993442972649,0.0,1,1,0.5700000000000001,-21.39
2014,14,2014-12-06,la coruna,malaga,2014|2014-12-06|la coruna|malaga,2014|2014-12-06|lacoruna|malaga,A,A,0.18585211638660143,0.2941593626639558,0.5199885209494427,0.5199885209494427,1.0127417018451628,0.2258291582854869,3.6,3.25,2.1,1.0616605616605617,0.26164462334675104,0.2898217366302473,0.4485336400230017,2.1,0.5199885209494427,0.09197589399382977,0.08361444908529979,1,1,1.1,-20.29
2014,14,2014-12-06,real madrid,celta,2014|2014-12-06|real madrid|celta,2014|2014-12-06|realmadrid|celta,H,H,0.966032515695391,0.014792513759921697,0.019174970544687416,0.966032515695391,0.17153488345673615,0.9468575451507035,1.09,12.0,21.0,1.0483835736129314,0.87509115532868,0.07948744660902177,0.045421398062298154,1.09,0.966032515695391,0.05297544210797621,0.5886160234219574,1,1,0.09000000000000008,-20.2
2014,14,2014-12-07,barcelona,espanol,2014|2014-12-07|barcelona|espanol,2014|2014-12-07|barcelona|espanol,H,H,0.9505332692971268,0.025935518315303843,0.02353121238756929,0.9505332692971268,0.23117133271337806,0.924597750981823,1.09,12.0,21.0,1.0483835736129314,0.87509115532868,0.07948744660902177,0.045421398062298154,1.09,0.9505332692971268,0.03608126353386827,0.40090292815409156,1,1,0.09000000000000008,-20.11
2014,14,2014-12-07,granada,valencia,2014|2014-12-07|granada|valencia,2014|2014-12-07|granada|valencia,D,A,0.24698465198501576,0.23667907634052035,0.5163362716744639,0.5163362716744639,1.0277536872558812,0.2693516196894482,3.9,3.4,2.0,1.05052790346908,0.24407753050969133,0.2799712849964106,0.47595118449389806,2.0,0.5163362716744639,0.032672543348927885,0.032672543348927885,1,0,-1.0,-21.11
2014,14,2014-12-07,vallecano,sevilla,2014|2014-12-07|vallecano|sevilla,2014|2014-12-07|vallecano|sevilla,A,A,0.18250834706085206,0.2835945258149197,0.5338971271242283,0.5338971271242283,1.0028761456177513,0.25030260130930865,3.3,3.4,2.2,1.0516934046345812,0.288135593220339,0.2796610169491525,0.43220338983050843,2.2,0.5338971271242283,0.1745736796733024,0.14547806639441865,1,1,1.2000000000000002,-19.91
2014,14,2014-12-07,villarreal,sociedad,2014|2014-12-07|villarreal|sociedad,2014|2014-12-07|villarreal|sociedad,H,H,0.6359624617759787,0.1998403562830453,0.16419718194097602,0.6359624617759787,0.9062898001004962,0.4361221054929334,1.67,3.75,5.5,1.0472872436944294,0.5717651950932151,0.2546261002148451,0.17360870469193984,1.67,0.6359624617759787,0.062057311165884366,0.09262285248639458,1,1,0.6699999999999999,-19.24
2014,14,2014-12-08,eibar,almeria,2014|2014-12-08|eibar|almeria,2014|2014-12-08|eibar|almeria,H,D,0.34637551250352033,0.36696036655122055,0.2866641209452591,0.36696036655122055,1.093287406729608,0.02058485404770022,2.05,3.2,4.0,1.0503048780487805,0.46444121915820036,0.29753265602322204,0.23802612481857766,3.2,0.36696036655122055,0.17427317296390588,0.0792150786199572,1,0,-1.0,-20.24
2014,14,2014-12-08,levante,getafe,2014|2014-12-08|levante|getafe,2014|2014-12-08|levante|getafe,D,A,0.3367431961022184,0.2977894015602635,0.36546740233751807,0.36546740233751807,1.0951272601407558,0.028724206235299643,2.6,3.1,2.9,1.0520236159835714,0.36559577063847093,0.3066287108580724,0.3277755185034567,2.9,0.36546740233751807,0.05985546677880238,0.03150287725200125,1,0,-1.0,-21.24
2014,15,2014-12-12,almeria,real madrid,2014|2014-12-12|almeria|real madrid,2014|2014-12-12|almeria|realmadrid,A,A,0.07193084811710997,0.11013560034872383,0.8179335515341661,0.8179335515341661,0.5966729808226052,0.7077979511854423,17.0,7.5,1.17,1.0468577174459528,0.05619056766881183,0.12736528671597347,0.8164441456152147,1.17,0.8179335515341661,-0.04301774470502567,0.0,1,1,0.16999999999999993,-21.07
2014,15,2014-12-13,cordoba,levante,2014|2014-12-13|cordoba|levante,2014|2014-12-13|cordoba|levante,D,H,0.38465631221908053,0.2814396324957238,0.3339040552851957,0.38465631221908053,1.0905821319040323,0.050752256933884854,2.2,3.2,3.5,1.0527597402597402,0.4317656129529684,0.2968388589051658,0.27139552814186585,2.2,0.38465631221908053,-0.15375611311802284,0.0,1,0,-1.0,-22.07
2014,15,2014-12-13,getafe,barcelona,2014|2014-12-13|getafe|barcelona,2014|2014-12-13|getafe|barcelona,D,A,0.09459769537791846,0.10566495399732939,0.7997373506247523,0.7997373506247523,0.6392718433835497,0.6940723966274229,13.0,6.5,1.22,1.0504413619167718,0.07322929171668667,0.14645858343337334,0.78031212484994,1.22,0.7997373506247523,-0.024320432237802253,0.0,1,0,-1.0,-23.07
2014,15,2014-12-13,malaga,celta,2014|2014-12-13|malaga|celta,2014|2014-12-13|malaga|celta,H,H,0.45444721328194726,0.2814064443796726,0.2641463423383802,0.45444721328194726,1.0668666018860873,0.17304076890227466,2.1,3.3,3.5,1.064935064935065,0.4471544715447154,0.2845528455284553,0.26829268292682923,2.1,0.45444721328194726,-0.04566085210791071,0.0,1,1,1.1,-21.97
2014,15,2014-12-13,valencia,vallecano,2014|2014-12-13|valencia|vallecano,2014|2014-12-13|valencia|vallecano,H,H,0.6657385853542999,0.20752235554110532,0.1267390591045948,0.6657385853542999,0.8589888337733178,0.45821622981319454,1.5,4.5,6.0,1.0555555555555556,0.631578947368421,0.21052631578947367,0.15789473684210525,1.5,0.6657385853542999,-0.0013921219685502084,0.0,1,1,0.5,-21.47
2014,15,2014-12-14,ath madrid,villarreal,2014|2014-12-14|ath madrid|villarreal,2014|2014-12-14|athmadrid|villarreal,A,H,0.6614294221974122,0.17007934059070867,0.16849123721187906,0.6614294221974122,0.874758311430675,0.4913500816067035,1.62,4.0,5.5,1.0491021324354657,0.5883926183471516,0.23829901043059643,0.17330837122225196,1.62,0.6614294221974122,0.0715156639598078,0.11534784509646416,1,0,-1.0,-22.47
2014,15,2014-12-14,espanol,granada,2014|2014-12-14|espanol|granada,2014|2014-12-14|espanol|granada,H,H,0.5629820474211782,0.25924088087443703,0.1777770717043848,0.5629820474211782,0.980472987758674,0.30374116654674116,1.7,3.6,5.5,1.0478312537136067,0.5613836121349589,0.26509781684150835,0.17351857102353274,1.7,0.5629820474211782,-0.04293051938399711,0.0,1,1,0.7,-21.77
2014,15,2014-12-14,sevilla,eibar,2014|2014-12-14|sevilla|eibar,2014|2014-12-14|sevilla|eibar,D,H,0.7735582265156367,0.12692803356438115,0.09951373991998226,0.7735582265156367,0.6902349569705999,0.6466301929512555,1.4,4.5,9.0,1.0476190476190477,0.6818181818181818,0.2121212121212121,0.10606060606060605,1.4,0.7735582265156367,0.08298151712189128,0.20745379280472825,1,0,-1.0,-22.77
2014,15,2014-12-14,sociedad,ath bilbao,2014|2014-12-14|sociedad|ath bilbao,2014|2014-12-14|sociedad|athbilbao,D,D,0.2840718557913843,0.38209962984638307,0.3338285143622326,0.38209962984638307,1.0913730394543475,0.04827111548415047,2.5,3.2,3.0,1.0458333333333334,0.38247011952191234,0.298804780876494,0.31872509960159356,3.2,0.38209962984638307,0.22271881550842587,0.10123582523110267,1,1,2.2,-20.57
2014,15,2014-12-15,la coruna,elche,2014|2014-12-15|la coruna|elche,2014|2014-12-15|lacoruna|elche,H,H,0.3704448706527889,0.3503071220645855,0.27924800728262567,0.3704448706527889,1.0915475374558556,0.02013774858820344,2.25,3.2,3.4,1.051062091503268,0.42285270112708895,0.29731830547998445,0.27982899339292655,2.25,0.3704448706527889,-0.16649904103122487,0.0,1,1,1.25,-19.32
2014,16,2014-12-19,celta,almeria,2014|2014-12-19|celta|almeria,2014|2014-12-19|celta|almeria,A,H,0.7468341626672578,0.1442840637187895,0.10888177361395272,0.7468341626672578,0.7387842769008647,0.6025500989484682,1.44,4.5,6.5,1.0705128205128205,0.6487025948103793,0.20758483033932135,0.14371257485029942,1.44,0.7468341626672578,0.07544119424085116,0.1714572596382981,1,0,-1.0,-20.32
2014,16,2014-12-20,barcelona,cordoba,2014|2014-12-20|barcelona|cordoba,2014|2014-12-20|barcelona|cordoba,H,H,0.939305457285025,0.03522416748989182,0.02547037522508311,0.939305457285025,0.2701574310030168,0.9040812897951331,1.06,15.0,26.0,1.0485244315432996,0.8997369999538595,0.06358141466340607,0.03668158538273428,1.06,0.939305457285025,-0.004336215277873437,0.0,1,1,0.06000000000000005,-20.259999999999998
2014,16,2014-12-20,eibar,valencia,2014|2014-12-20|eibar|valencia,2014|2014-12-20|eibar|valencia,A,A,0.18824638842720187,0.3394610817693884,0.47229252980340963,0.47229252980340963,1.0354179459438804,0.13283144803402125,3.8,3.3,2.05,1.0539930758159257,0.24967706218859564,0.28750692009595863,0.46281601771544567,2.05,0.47229252980340963,-0.03180031390301036,0.0,1,1,1.0499999999999998,-19.209999999999997
2014,16,2014-12-20,levante,sociedad,2014|2014-12-20|levante|sociedad,2014|2014-12-20|levante|sociedad,D,A,0.28195965697538095,0.3130631417899447,0.4049772012346744,0.4049772012346744,1.0866032815176814,0.09191405944472969,3.0,3.2,2.5,1.0458333333333334,0.31872509960159356,0.298804780876494,0.38247011952191234,2.5,0.4049772012346744,0.012443003086686,0.008295335391124,1,0,-1.0,-20.209999999999997
2014,16,2014-12-20,vallecano,espanol,2014|2014-12-20|vallecano|espanol,2014|2014-12-20|vallecano|espanol,A,H,0.37764126887416194,0.3159796536895907,0.30637907743624737,0.37764126887416194,1.0942097441369931,0.06166161518457125,2.3,3.4,3.1,1.051480900915766,0.41349548842683415,0.2797175362887407,0.3067869752844253,2.3,0.37764126887416194,-0.13142508158942762,0.0,1,0,-1.0,-21.209999999999997
2014,16,2014-12-21,ath bilbao,ath madrid,2014|2014-12-21|ath bilbao|ath madrid,2014|2014-12-21|athbilbao|athmadrid,A,A,0.17375799265473404,0.40219174316602885,0.4240502641792371,0.4240502641792371,1.034213380881737,0.021858521013208232,3.6,3.1,2.25,1.0448028673835126,0.2658662092624357,0.30874785591766724,0.42538593481989706,2.25,0.4240502641792371,-0.0458869055967166,0.0,1,1,1.25,-19.959999999999997
2014,16,2014-12-21,elche,malaga,2014|2014-12-21|elche|malaga,2014|2014-12-21|elche|malaga,A,A,0.2625069923023238,0.3010749434380625,0.43641806425961366,0.43641806425961366,1.0743644480190833,0.13534312082155114,3.1,3.1,2.5,1.0451612903225806,0.30864197530864196,0.30864197530864196,0.3827160493827161,2.5,0.43641806425961366,0.09104516064903412,0.06069677376602275,1,1,1.5,-18.459999999999997
2014,16,2014-12-21,granada,getafe,2014|2014-12-21|granada|getafe,2014|2014-12-21|granada|getafe,D,H,0.42650203725151387,0.2738260126488496,0.29967195009963654,0.42650203725151387,1.0792399280131573,0.12683008715187732,2.38,3.1,3.3,1.045779015418484,0.40177519440735215,0.30845966538370906,0.28976514020893884,2.38,0.42650203725151387,0.015074848658602868,0.010923803375799181,1,0,-1.0,-19.459999999999997
2014,16,2014-12-21,villarreal,la coruna,2014|2014-12-21|villarreal|la coruna,2014|2014-12-21|villarreal|lacoruna,H,H,0.7596698290547764,0.12093401040808364,0.11939616053713993,0.7596698290547764,0.7180394707180787,0.6387358186466928,1.33,5.0,10.0,1.0518796992481203,0.7147962830593281,0.1901358112937813,0.09506790564689065,1.33,0.7596698290547764,0.010360872642852681,0.03139658376622024,1,1,0.33000000000000007,-19.13
2014,16,2015-02-04,real madrid,sevilla,2014|2015-02-04|real madrid|sevilla,2014|2015-02-04|realmadrid|sevilla,H,H,0.7997746965924707,0.12776212906758797,0.07246317433994133,0.7997746965924707,0.6317637037510294,0.6720125675248827,1.29,6.0,10.0,1.041860465116279,0.744047619047619,0.15997023809523808,0.09598214285714286,1.29,0.7997746965924707,0.031709358604287224,0.10934261587685248,1,1,0.29000000000000004,-18.84
2014,17,2015-01-03,ath madrid,levante,2014|2015-01-03|ath madrid|levante,2014|2015-01-03|athmadrid|levante,H,H,0.8683059371135382,0.0760803074152532,0.055613755471208656,0.8683059371135382,0.4792809616132086,0.792225629698285,1.2,6.5,17.0,1.046003016591252,0.7966834895457823,0.14708002883922133,0.05623648161499639,1.2,0.8683059371135382,0.04196712453624582,0.20983562268122916,1,1,0.19999999999999996,-18.639999999999997
2014,17,2015-01-03,elche,villarreal,2014|2015-01-03|elche|villarreal,2014|2015-01-03|elche|villarreal,D,A,0.2176746953161302,0.2696206204453599,0.5127046842385099,0.5127046842385099,1.0278177033868257,0.24308406379315,5.0,3.6,1.75,1.0492063492063493,0.19062027231467474,0.264750378214826,0.5446293494704992,1.75,0.5127046842385099,-0.10276680258260767,0.0,1,0,-1.0,-19.639999999999997
2014,17,2015-01-03,la coruna,ath bilbao,2014|2015-01-03|la coruna|ath bilbao,2014|2015-01-03|lacoruna|athbilbao,H,A,0.2432389887798143,0.3745647547604658,0.38219625645972,0.38219625645972,1.0792930545381854,0.007631501699254195,3.2,3.1,2.4,1.051747311827957,0.2971246006389776,0.30670926517571884,0.39616613418530355,2.4,0.38219625645972,-0.0827289844966721,0.0,1,0,-1.0,-20.639999999999997
2014,17,2015-01-03,malaga,almeria,2014|2015-01-03|malaga|almeria,2014|2015-01-03|malaga|almeria,A,H,0.6643426258403564,0.18327493997727962,0.15238243418236408,0.6643426258403564,0.8693492720482039,0.4810676858630768,1.53,4.1,6.5,1.0513433641123742,0.6216758421199963,0.23199122888868154,0.1463329289913222,1.53,0.6643426258403564,0.01644421753574532,0.03102682553914211,1,0,-1.0,-21.639999999999997
2014,17,2015-01-03,sevilla,celta,2014|2015-01-03|sevilla|celta,2014|2015-01-03|sevilla|celta,H,H,0.6279978794551161,0.20679350729954613,0.16520861324533778,0.6279978794551161,0.9155356875318711,0.42120437215556994,1.67,3.8,5.5,1.0437784717646048,0.5736872443797865,0.2521204468721693,0.17419230874804426,1.67,0.6279978794551161,0.0487564586900438,0.07277083386573703,1,1,0.6699999999999999,-20.97
2014,17,2015-01-04,espanol,eibar,2014|2015-01-04|espanol|eibar,2014|2015-01-04|espanol|eibar,A,H,0.5325137202040244,0.24586250892689118,0.22162377086908427,0.5325137202040244,1.0144395406533135,0.2866512112771332,1.85,3.4,4.75,1.0451845033888376,0.5171723641021535,0.28140260987911303,0.2014250260187335,1.85,0.5325137202040244,-0.014849617622554767,0.0,1,0,-1.0,-21.97
2014,17,2015-01-04,getafe,vallecano,2014|2015-01-04|getafe|vallecano,2014|2015-01-04|getafe|vallecano,A,H,0.3735457785623102,0.3216100480921389,0.3048441733455509,0.3735457785623102,1.0948164676756134,0.051935730470171304,2.25,3.4,3.2,1.051062091503268,0.42285270112708895,0.27982899339292655,0.29731830547998445,2.25,0.3735457785623102,-0.15952199823480206,0.0,1,0,-1.0,-22.97
2014,17,2015-01-04,sociedad,barcelona,2014|2015-01-04|sociedad|barcelona,2014|2015-01-04|sociedad|barcelona,H,A,0.10277004822352875,0.15145728410912243,0.7457726676673488,0.7457726676673488,0.7384578396714198,0.5943153835582264,9.0,5.25,1.33,1.0534670008354219,0.10547184773988898,0.18080888183980967,0.7137192704203014,1.33,0.7457726676673488,-0.008122352002425975,0.0,1,0,-1.0,-23.97
2014,17,2015-01-04,valencia,real madrid,2014|2015-01-04|valencia|real madrid,2014|2015-01-04|valencia|realmadrid,H,A,0.11250875234432299,0.2832072933386356,0.6042839543170415,0.6042839543170415,0.907472687997292,0.3210766609784059,5.5,4.33,1.57,1.0497077391945075,0.17320838460970087,0.2200106501970796,0.6067809651932196,1.57,0.6042839543170415,-0.05127419172224479,0.0,1,0,-1.0,-24.97
2014,17,2015-01-05,cordoba,granada,2014|2015-01-05|cordoba|granada,2014|2015-01-05|cordoba|granada,H,A,0.30507289491969414,0.33176976620172455,0.36315733887858126,0.36315733887858126,1.09607916381941,0.03138757267685671,2.6,3.0,3.0,1.051282051282051,0.3658536585365854,0.3170731707317074,0.3170731707317074,3.0,0.36315733887858126,0.08947201663574378,0.04473600831787189,1,0,-1.0,-25.97
2014,18,2015-01-09,levante,la coruna,2014|2015-01-09|levante|la coruna,2014|2015-01-09|levante|lacoruna,D,H,0.420372717161574,0.29974869589396647,0.2798785869444596,0.420372717161574,1.0818383864063712,0.12062402126760752,2.1,3.1,3.75,1.0654377880184331,0.4469434832756632,0.3027681660899654,0.2502883506343714,2.1,0.420372717161574,-0.11721729396069458,0.0,1,0,-1.0,-26.97
2014,18,2015-01-10,celta,valencia,2014|2015-01-10|celta|valencia,2014|2015-01-10|celta|valencia,D,D,0.2557025927264161,0.39686137089900375,0.3474360363745801,0.39686137089900375,1.082779185688096,0.04942533452442366,2.7,3.2,2.7,1.0532407407407407,0.3516483516483516,0.2967032967032967,0.3516483516483516,3.2,0.39686137089900375,0.2699563868768121,0.12270744858036914,1,1,2.2,-24.77
2014,18,2015-01-10,eibar,getafe,2014|2015-01-10|eibar|getafe,2014|2015-01-10|eibar|getafe,H,D,0.3090359276774309,0.363059147426736,0.3279049248958331,0.363059147426736,1.0963722583212614,0.03515422253090289,2.3,3.1,3.4,1.0514809009157662,0.41349548842683403,0.3067869752844252,0.27971753628874063,3.1,0.363059147426736,0.1254833570228816,0.05975397953470552,1,0,-1.0,-25.77
2014,18,2015-01-10,malaga,villarreal,2014|2015-01-10|malaga|villarreal,2014|2015-01-10|malaga|villarreal,D,A,0.27243378485936953,0.3608510767662265,0.36671513837440395,0.36671513837440395,1.0899513783995434,0.005864061608177429,3.0,3.2,2.5,1.0458333333333334,0.31872509960159356,0.298804780876494,0.38247011952191234,2.5,0.36671513837440395,-0.08321215406399018,0.0,1,0,-1.0,-26.77
2014,18,2015-01-10,real madrid,espanol,2014|2015-01-10|real madrid|espanol,2014|2015-01-10|realmadrid|espanol,H,H,0.9299341598308372,0.04034900984007873,0.02971683032908417,0.9299341598308372,0.3015653435127063,0.8895851499907584,1.08,11.0,29.0,1.0513177754557064,0.8807288790723358,0.08647156267255661,0.03279955825510768,1.08,0.9299341598308372,0.004328892617304195,0.054111157716302385,1,1,0.08000000000000007,-26.689999999999998
2014,18,2015-01-11,almeria,sevilla,2014|2015-01-11|almeria|sevilla,2014|2015-01-11|almeria|sevilla,A,A,0.15884321589803266,0.34210456073605494,0.4990522233659123,0.4990522233659123,1.0060638892203628,0.15694766262985738,4.75,3.4,1.85,1.0451845033888376,0.2014250260187335,0.28140260987911303,0.5171723641021535,1.85,0.4990522233659123,-0.0767533867730622,0.0,1,1,0.8500000000000001,-25.84
2014,18,2015-01-11,ath bilbao,elche,2014|2015-01-11|ath bilbao|elche,2014|2015-01-11|athbilbao|elche,A,H,0.6606383187486249,0.1793705495336654,0.15999113171770982,0.6606383187486249,0.8752851323654428,0.4812677692149595,1.53,3.8,7.5,1.0500859993120055,0.6224202319334338,0.2506060407521457,0.1269737273144205,1.53,0.6606383187486249,0.010776627685396112,0.02033325978376625,1,0,-1.0,-26.84
2014,18,2015-01-11,barcelona,ath madrid,2014|2015-01-11|barcelona|ath madrid,2014|2015-01-11|barcelona|athmadrid,H,H,0.5885687994704748,0.2887144945602235,0.12271670596930169,0.5885687994704748,0.9280970822871857,0.2998543049102513,1.57,4.33,5.5,1.0497077391945075,0.6067809651932196,0.2200106501970796,0.17320838460970087,1.57,0.5885687994704748,-0.07594698483135454,0.0,1,1,0.5700000000000001,-26.27
2014,18,2015-01-11,granada,sociedad,2014|2015-01-11|granada|sociedad,2014|2015-01-11|granada|sociedad,D,A,0.3055571985855456,0.3460869771291858,0.3483558242852687,0.3483558242852687,1.0968469946898955,0.002268847156082887,2.8,3.1,2.7,1.050093872674518,0.34010564811052413,0.30719219829337663,0.3527021535960991,2.7,0.3483558242852687,-0.05943927442977448,0.0,1,0,-1.0,-27.27
2014,18,2015-01-12,vallecano,cordoba,2014|2015-01-12|vallecano|cordoba,2014|2015-01-12|vallecano|cordoba,A,H,0.6067912817451799,0.21370278772407816,0.17950593053074193,0.6067912817451799,0.9412243736944697,0.3930884940211018,1.67,3.75,5.5,1.0472872436944294,0.5717651950932151,0.2546261002148451,0.17360870469193984,1.67,0.6067912817451799,0.013341440514450464,0.01991259778276189,1,0,-1.0,-28.27
2014,19,2015-01-16,cordoba,eibar,2014|2015-01-16|cordoba|eibar,2014|2015-01-16|cordoba|eibar,D,A,0.299144424319359,0.33633612608827945,0.3645194495923615,0.3645194495923615,1.0953668798846476,0.028183323504082036,2.6,3.0,3.0,1.051282051282051,0.3658536585365854,0.3170731707317074,0.3170731707317074,3.0,0.3645194495923615,0.09355834877708447,0.04677917438854223,1,0,-1.0,-29.27
2014,19,2015-01-17,espanol,celta,2014|2015-01-17|espanol|celta,2014|2015-01-17|espanol|celta,H,A,0.3505523332218919,0.23436446855136647,0.41508319822674167,0.41508319822674167,1.072471854242925,0.06453086500484978,2.7,3.25,2.7,1.0484330484330484,0.3532608695652174,0.29347826086956524,0.3532608695652174,2.7,0.41508319822674167,0.12072463521220256,0.07101449130129561,1,0,-1.0,-30.27
2014,19,2015-01-17,sociedad,vallecano,2014|2015-01-17|sociedad|vallecano,2014|2015-01-17|sociedad|vallecano,A,H,0.4725203609651287,0.2482855625776291,0.27919407645724226,0.4725203609651287,1.0563510969616785,0.19332628450788647,1.91,3.5,4.2,1.0473697332336076,0.49988098071887643,0.2727921923351583,0.22732682694596523,1.91,0.4725203609651287,-0.09748611055660417,0.0,1,0,-1.0,-31.27
2014,19,2015-01-17,valencia,almeria,2014|2015-01-17|valencia|almeria,2014|2015-01-17|valencia|almeria,H,H,0.7686987419122248,0.1362462427475983,0.09505501534017692,0.7686987419122248,0.6974823052111961,0.6324524991646264,1.33,5.0,10.0,1.0518796992481203,0.7147962830593281,0.1901358112937813,0.09506790564689065,1.33,0.7686987419122248,0.022369326743258977,0.06778583861593628,1,1,0.33000000000000007,-30.939999999999998
2014,19,2015-01-17,villarreal,ath bilbao,2014|2015-01-17|villarreal|ath bilbao,2014|2015-01-17|villarreal|athbilbao,H,H,0.6164932652680752,0.19856604170182987,0.18494069303009483,0.6164932652680752,0.931339293633058,0.41792722356624534,1.67,3.8,5.5,1.0437784717646048,0.5736872443797865,0.2521204468721693,0.17419230874804426,1.67,0.6164932652680752,0.029543752997685635,0.04409515372788901,1,1,0.6699999999999999,-30.27
2014,19,2015-01-18,ath madrid,granada,2014|2015-01-18|ath madrid|granada,2014|2015-01-18|athmadrid|granada,H,H,0.8898463184159603,0.053925952165994724,0.056227729418044985,0.8898463184159603,0.4231651877854439,0.8336185889979153,1.18,7.0,17.0,1.0491382993875518,0.8077654086342655,0.13616616888406188,0.05606842248167254,1.18,0.8898463184159603,0.050018655730833084,0.27788142072685057,1,1,0.17999999999999994,-30.09
2014,19,2015-01-18,elche,levante,2014|2015-01-18|elche|levante,2014|2015-01-18|elche|levante,H,H,0.35048885915066447,0.30862991573627463,0.34088122511306085,0.35048885915066447,1.0971545082941685,0.009607634037603618,2.2,3.2,3.6,1.0448232323232323,0.4350453172205438,0.2990936555891239,0.26586102719033233,2.2,0.35048885915066447,-0.22892450986853807,0.0,1,1,1.2000000000000002,-28.889999999999997
2014,19,2015-01-18,getafe,real madrid,2014|2015-01-18|getafe|real madrid,2014|2015-01-18|getafe|realmadrid,A,A,0.11598478824740609,0.106180950993391,0.7778342607592029,0.7778342607592029,0.6834126013145084,0.6618494725117968,13.0,6.5,1.22,1.0504413619167718,0.07322929171668667,0.14645858343337334,0.78031212484994,1.22,0.7778342607592029,-0.05104220187377245,0.0,1,1,0.21999999999999997,-28.669999999999998
2014,19,2015-01-18,la coruna,barcelona,2014|2015-01-18|la coruna|barcelona,2014|2015-01-18|lacoruna|barcelona,A,A,0.14439344959591496,0.09895019405192482,0.7566563563521601,0.7566563563521601,0.7193083201033872,0.6122629067562452,15.0,7.5,1.18,1.0474576271186442,0.06364617044228693,0.12729234088457386,0.8090614886731391,1.18,0.7566563563521601,-0.10714549950445112,0.0,1,1,0.17999999999999994,-28.49
2014,19,2015-01-18,sevilla,malaga,2014|2015-01-18|sevilla|malaga,2014|2015-01-18|sevilla|malaga,H,H,0.5780223924686579,0.246016879803395,0.17596072772794713,0.5780223924686579,0.967572557710291,0.3320055126652629,1.73,3.6,5.25,1.0462886503348932,0.5524619634322796,0.2654886657605121,0.1820493708072083,1.73,0.5780223924686579,-2.12610292217863e-05,0.0,1,1,0.73,-27.759999999999998
2014,20,2015-01-24,ath madrid,vallecano,2014|2015-01-24|ath madrid|vallecano,2014|2015-01-24|athmadrid|vallecano,H,H,0.8598770300071328,0.06994046514545153,0.07018250484741557,0.8598770300071328,0.5023122810161275,0.7896945251597172,1.25,6.0,12.0,1.05,0.7619047619047619,0.15873015873015872,0.07936507936507936,1.25,0.8598770300071328,0.07484628750891598,0.2993851500356639,1,1,0.25,-27.509999999999998
2014,20,2015-01-24,cordoba,real madrid,2014|2015-01-24|cordoba|real madrid,2014|2015-01-24|cordoba|realmadrid,A,A,0.09348152356740845,0.06084153177806332,0.8456769446545283,0.8456769446545283,0.5336257802371498,0.7521954210871198,21.0,8.0,1.14,1.049812030075188,0.045359594150999695,0.1190689346463742,0.8355714712026261,1.14,0.8456769446545283,-0.03592828309383787,0.0,1,1,0.1399999999999999,-27.369999999999997
2014,20,2015-01-24,elche,barcelona,2014|2015-01-24|elche|barcelona,2014|2015-01-24|elche|barcelona,A,A,0.1276545690916673,0.08652823506550068,0.7858171958428319,0.7858171958428319,0.6639332383237859,0.6581626267511647,19.0,7.0,1.17,1.0501895765053662,0.05011626483906498,0.1360298617060335,0.8138538734549015,1.17,0.7858171958428319,-0.08059388086388669,0.0,1,1,0.16999999999999993,-27.2
2014,20,2015-01-24,sociedad,eibar,2014|2015-01-24|sociedad|eibar,2014|2015-01-24|sociedad|eibar,H,H,0.5136876457411854,0.2782155307246266,0.20809682353418804,0.5136876457411854,1.0247857898315154,0.2354721150165588,1.75,3.6,4.75,1.0597326649958227,0.5392195506503745,0.2621206148994876,0.19865983445013796,1.75,0.5136876457411854,-0.10104661995292552,0.0,1,1,0.75,-26.45
2014,20,2015-01-24,villarreal,levante,2014|2015-01-24|villarreal|levante,2014|2015-01-24|villarreal|levante,H,H,0.812333312704332,0.0955607257915267,0.09210596150414119,0.812333312704332,0.6128707277015976,0.7167725869128052,1.29,5.0,11.0,1.0661028893587032,0.7271285034373347,0.18759915388683238,0.0852723426758329,1.29,0.812333312704332,0.04790997338858824,0.1652068047882353,1,1,0.29000000000000004,-26.16
2014,20,2015-01-25,ath bilbao,malaga,2014|2015-01-25|ath bilbao|malaga,2014|2015-01-25|athbilbao|malaga,D,H,0.4196119169173536,0.3487424063482318,0.2316456767344147,0.4196119169173536,1.0705668398217223,0.07086951056912183,2.05,3.2,3.75,1.066971544715447,0.4571863987046386,0.2928850366701591,0.2499285646252024,2.05,0.4196119169173536,-0.13979557031942524,0.0,1,0,-1.0,-27.16
2014,20,2015-01-25,espanol,almeria,2014|2015-01-25|espanol|almeria,2014|2015-01-25|espanol|almeria,H,H,0.5699951624099426,0.22692705115363776,0.2030777864364196,0.5699951624099426,0.9807112050251212,0.3430681112563049,1.7,3.5,5.25,1.0644257703081232,0.5526315789473685,0.26842105263157895,0.17894736842105263,1.7,0.5699951624099426,-0.031008223903097543,0.0,1,1,0.7,-26.459999999999997
2014,20,2015-01-25,la coruna,granada,2014|2015-01-25|la coruna|granada,2014|2015-01-25|lacoruna|granada,D,H,0.3838121762538187,0.296425322961907,0.3197625007842743,0.3838121762538187,1.0925663852805598,0.06404967546954438,2.2,3.2,3.4,1.0611631016042782,0.4283464566929133,0.2944881889763779,0.27716535433070866,2.2,0.3838121762538187,-0.1556132122415988,0.0,1,0,-1.0,-27.459999999999997
2014,20,2015-01-25,valencia,sevilla,2014|2015-01-25|valencia|sevilla,2014|2015-01-25|valencia|sevilla,H,D,0.314509495695637,0.4307572296334176,0.2547332746709454,0.4307572296334176,1.0749518451459905,0.1162477339377806,2.2,3.3,3.4,1.0516934046345812,0.43220338983050843,0.288135593220339,0.2796610169491525,3.3,0.4307572296334176,0.42149885779027807,0.18326037295229483,1,0,-1.0,-28.459999999999997
2014,20,2015-01-26,getafe,celta,2014|2015-01-26|getafe|celta,2014|2015-01-26|getafe|celta,H,A,0.2829093531170637,0.27704132159686673,0.4400493252860695,0.4400493252860695,1.0740391744034912,0.15713997216900577,2.88,3.2,2.5,1.0597222222222222,0.327653997378768,0.2948885976408912,0.3774574049803408,2.5,0.4400493252860695,0.10012331321517376,0.0667488754767825,1,0,-1.0,-29.459999999999997
2014,21,2015-01-30,vallecano,la coruna,2014|2015-01-30|vallecano|la coruna,2014|2015-01-30|vallecano|lacoruna,A,H,0.5792106272267216,0.25094497814921257,0.16984439462406586,0.5792106272267216,0.964349921867476,0.328265649077509,1.75,3.5,5.25,1.0476190476190474,0.5454545454545455,0.27272727272727276,0.18181818181818185,1.75,0.5792106272267216,0.013618597646762765,0.018158130195683686,1,0,-1.0,-30.459999999999997
2014,21,2015-01-31,celta,cordoba,2014|2015-01-31|celta|cordoba,2014|2015-01-31|celta|cordoba,H,H,0.6810107050216972,0.20620330436821893,0.11278599061008375,0.6810107050216972,0.8333304210615107,0.4748074006534783,1.44,4.2,8.5,1.050186741363212,0.6612580573460769,0.22671704823294064,0.11202489442098243,1.44,0.6810107050216972,-0.019344584768756,0.0,1,1,0.43999999999999995,-30.02
2014,21,2015-01-31,eibar,ath madrid,2014|2015-01-31|eibar|ath madrid,2014|2015-01-31|eibar|athmadrid,A,A,0.13437475090028436,0.29902348579034255,0.5666017633093731,0.5666017633093731,0.9525833421978426,0.2675782775190305,6.5,3.8,1.57,1.0539467237422315,0.14597147121430845,0.24968804286658022,0.6043404859191114,1.57,0.5666017633093731,-0.11043523160428426,0.0,1,1,0.5700000000000001,-29.45
2014,21,2015-01-31,granada,elche,2014|2015-01-31|granada|elche,2014|2015-01-31|granada|elche,H,H,0.5158732187843419,0.279462831432986,0.2046639497826722,0.5158732187843419,1.022412766145438,0.2364103873513559,1.95,3.25,4.33,1.0514597027299106,0.4877224600135166,0.29263347600810996,0.2196440639783735,1.95,0.5158732187843419,0.0059527766294666384,0.0062660806625964615,1,1,0.95,-28.5
2014,21,2015-01-31,real madrid,sociedad,2014|2015-01-31|real madrid|sociedad,2014|2015-01-31|realmadrid|sociedad,H,H,0.8807547321024872,0.07934655139858737,0.039898716498925436,0.8807547321024872,0.4414235906456668,0.8014081807038999,1.18,7.0,17.0,1.0491382993875518,0.8077654086342655,0.13616616888406188,0.05606842248167254,1.18,0.8807547321024872,0.03929058388093487,0.21828102156074936,1,1,0.17999999999999994,-28.32
2014,21,2015-02-01,almeria,getafe,2014|2015-02-01|almeria|getafe,2014|2015-02-01|almeria|getafe,H,D,0.3423530089928287,0.37078769891763697,0.2868592920895343,0.37078769891763697,1.0930599777360925,0.028434689924808243,2.38,3.1,3.3,1.045779015418484,0.40177519440735215,0.30845966538370906,0.28976514020893884,3.1,0.37078769891763697,0.14944186664467463,0.07116279364032124,1,0,-1.0,-29.32
2014,21,2015-02-01,barcelona,villarreal,2014|2015-02-01|barcelona|villarreal,2014|2015-02-01|barcelona|villarreal,H,H,0.8866182895323839,0.07174001435901482,0.04164169610860143,0.8866182895323839,0.4280746951491301,0.8148782751733691,1.2,7.0,13.0,1.0531135531135531,0.7913043478260869,0.13565217391304346,0.07304347826086957,1.2,0.8866182895323839,0.06394194743886059,0.319709737194303,1,1,0.19999999999999996,-29.119999999999997
2014,21,2015-02-01,levante,ath bilbao,2014|2015-02-01|levante|ath bilbao,2014|2015-02-01|levante|athbilbao,A,A,0.2570092973356966,0.34863639132839763,0.39435431133590576,0.39435431133590576,1.0834998915671368,0.04571792000750813,3.3,3.1,2.38,1.045779015418484,0.28976514020893884,0.30845966538370906,0.40177519440735215,2.38,0.39435431133590576,-0.06143673902054425,0.0,1,1,1.38,-27.74
2014,21,2015-02-01,sevilla,espanol,2014|2015-02-01|sevilla|espanol,2014|2015-02-01|sevilla|espanol,H,H,0.6327667155520594,0.2194828511756496,0.14775043327229093,0.6327667155520594,0.9049624037113171,0.41328386437640985,1.62,3.8,6.0,1.0471085120207928,0.5895128762022959,0.25131864722308406,0.1591684765746199,1.62,0.6327667155520594,0.02508207919433636,0.040454966442477994,1,1,0.6200000000000001,-27.119999999999997
2014,21,2015-02-02,malaga,valencia,2014|2015-02-02|malaga|valencia,2014|2015-02-02|malaga|valencia,H,D,0.25204462509702436,0.40666382561202385,0.3412915492909517,0.40666382561202385,1.0801529668593846,0.06537227632107218,2.63,3.2,2.8,1.0498709940249864,0.3621665319320938,0.2976556184316896,0.34017784963621667,3.2,0.40666382561202385,0.3013242419584764,0.13696556452658018,1,0,-1.0,-28.119999999999997
2014,22,2015-02-06,la coruna,eibar,2014|2015-02-06|la coruna|eibar,2014|2015-02-06|lacoruna|eibar,H,H,0.46735289847236433,0.24133716559167348,0.2913099359359622,0.46735289847236433,1.0578691681272734,0.17604296253640211,2.15,3.25,3.6,1.050586364539853,0.4427206508371961,0.29287673824614513,0.2644026109166588,2.15,0.46735289847236433,0.00480873171558327,0.004181505839637626,1,1,1.15,-26.97
2014,22,2015-02-07,ath madrid,real madrid,2014|2015-02-07|ath madrid|real madrid,2014|2015-02-07|athmadrid|realmadrid,H,A,0.27311532639700464,0.306778112156488,0.4201065614465073,0.4201065614465073,1.0813002630188135,0.11332844929001934,2.88,3.4,2.45,1.0495031345871682,0.3308443879577409,0.2802446580347923,0.38891095400746684,2.45,0.4201065614465073,0.029261075543943083,0.02018005209927109,1,0,-1.0,-27.97
2014,22,2015-02-07,levante,malaga,2014|2015-02-07|levante|malaga,2014|2015-02-07|levante|malaga,H,A,0.2545561394214234,0.33805032560179493,0.4073935349767816,0.4073935349767816,1.0807578373495836,0.06934320937498667,3.4,3.1,2.3,1.0514809009157662,0.27971753628874063,0.3067869752844252,0.41349548842683403,2.3,0.4073935349767816,-0.06299486955340239,0.0,1,0,-1.0,-28.97
2014,22,2015-02-07,sociedad,celta,2014|2015-02-07|sociedad|celta,2014|2015-02-07|sociedad|celta,D,A,0.3021855143779585,0.3076881492797304,0.39012633634231114,0.39012633634231114,1.0915119512363158,0.08243818706258071,2.5,3.25,2.9,1.0525198938992042,0.3800403225806452,0.2923387096774194,0.3276209677419355,2.9,0.39012633634231114,0.13136637539270224,0.06914019757510645,1,0,-1.0,-29.97
2014,22,2015-02-07,villarreal,granada,2014|2015-02-07|villarreal|granada,2014|2015-02-07|villarreal|granada,H,H,0.7917690465946293,0.12491708447164576,0.0833138689337249,0.7917690465946293,0.6517539332400949,0.6668519621229836,1.3,5.25,11.0,1.0506160506160505,0.7321711568938194,0.18129952456418386,0.08652931854199684,1.3,0.7917690465946293,0.02929976057301814,0.09766586857672713,1,1,0.30000000000000004,-29.669999999999998
2014,22,2015-02-08,ath bilbao,barcelona,2014|2015-02-08|ath bilbao|barcelona,2014|2015-02-08|athbilbao|barcelona,A,A,0.1446348121729221,0.1434106640162336,0.7119545238108443,0.7119545238108443,0.8000476524933667,0.5673197116379223,9.0,5.25,1.33,1.0534670008354219,0.10547184773988898,0.18080888183980967,0.7137192704203014,1.33,0.7119545238108443,-0.053100483331576964,0.0,1,1,0.33000000000000007,-29.34
2014,22,2015-02-08,cordoba,almeria,2014|2015-02-08|cordoba|almeria,2014|2015-02-08|cordoba|almeria,A,H,0.3469184767100756,0.34638209166724837,0.306699431622676,0.3469184767100756,1.0969934279994709,0.0005363850428272143,2.25,3.1,3.5,1.0527393753200203,0.4221789883268483,0.3064202334630351,0.27140077821011677,2.25,0.3469184767100756,-0.21943342740232996,0.0,1,0,-1.0,-30.34
2014,22,2015-02-08,espanol,valencia,2014|2015-02-08|espanol|valencia,2014|2015-02-08|espanol|valencia,A,A,0.2949450555494316,0.3452052313660712,0.3598497130844971,0.3598497130844971,1.0950749696938094,0.014644481718425917,2.8,3.2,2.63,1.0498709940249866,0.3401778496362166,0.29765561843168953,0.36216653193209375,2.63,0.3598497130844971,-0.0535952545877727,0.0,1,1,1.63,-28.709999999999997
2014,22,2015-02-08,getafe,sevilla,2014|2015-02-08|getafe|sevilla,2014|2015-02-08|getafe|sevilla,H,A,0.1979461328309903,0.31015127397546965,0.4919025931935402,0.4919025931935402,1.0327102561909427,0.18175131921807053,3.8,3.3,2.05,1.0539930758159257,0.24967706218859564,0.28750692009595863,0.46281601771544567,2.05,0.4919025931935402,0.008400316046757283,0.0080003009969117,1,0,-1.0,-29.709999999999997
2014,22,2015-02-09,elche,vallecano,2014|2015-02-09|elche|vallecano,2014|2015-02-09|elche|vallecano,H,A,0.3327192937018681,0.2479681185469744,0.4193125877511575,0.4193125877511575,1.0763641421603654,0.0865932940492894,2.6,3.2,2.8,1.0542582417582418,0.3648208469055374,0.29641693811074915,0.33876221498371334,2.8,0.4193125877511575,0.17407524570324084,0.09670846983513381,1,0,-1.0,-30.709999999999997
2014,23,2015-02-13,almeria,sociedad,2014|2015-02-13|almeria|sociedad,2014|2015-02-13|almeria|sociedad,D,H,0.35846954977689754,0.3331882346652584,0.30834221555784413,0.35846954977689754,1.0967263104969107,0.02528131511163917,2.45,3.2,3.0,1.0539965986394557,0.3872529245663574,0.2964905203711174,0.3162565550625252,2.45,0.35846954977689754,-0.12174960304660098,0.0,1,0,-1.0,-31.709999999999997
2014,23,2015-02-14,granada,ath bilbao,2014|2015-02-14|granada|ath bilbao,2014|2015-02-14|granada|athbilbao,D,A,0.29214699503612795,0.32565920398117837,0.3821938009826937,0.3821938009826937,1.0924491541693615,0.05653459700151531,2.9,3.1,2.63,1.0476363682503163,0.3291481631005248,0.3079127977392006,0.36293903916027453,2.63,0.3821938009826937,0.005169696584484407,0.0031715929966162006,1,0,-1.0,-32.71
2014,23,2015-02-14,malaga,espanol,2014|2015-02-14|malaga|espanol,2014|2015-02-14|malaga|espanol,A,H,0.3750103237087355,0.3256317627860207,0.29935791350524377,0.3750103237087355,1.09422591951845,0.04937856092271481,2.1,3.3,3.75,1.0458874458874459,0.4552980132450331,0.2897350993377484,0.25496688741721857,2.1,0.3750103237087355,-0.21247832021165547,0.0,1,0,-1.0,-33.71
2014,23,2015-02-14,real madrid,la coruna,2014|2015-02-14|real madrid|la coruna,2014|2015-02-14|realmadrid|lacoruna,H,H,0.9190815073884655,0.05282040513838791,0.02809808747314663,0.9190815073884655,0.333257703257184,0.8662611022500776,1.08,13.0,21.0,1.0504680504680504,0.8814413018209996,0.07322743122820613,0.045331266950794265,1.08,0.9190815073884655,-0.007391972020457188,0.0,1,1,0.08000000000000007,-33.629999999999995
2014,23,2015-02-14,sevilla,cordoba,2014|2015-02-14|sevilla|cordoba,2014|2015-02-14|sevilla|cordoba,H,H,0.8110852832267447,0.11892140967802588,0.06999330709522944,0.8110852832267447,0.6091822714246387,0.6921638735487188,1.36,5.0,9.0,1.04640522875817,0.7026858213616489,0.19113054341036853,0.10618363522798249,1.36,0.8110852832267447,0.10307598518837285,0.2863221810788134,1,1,0.3600000000000001,-33.269999999999996
2014,23,2015-02-15,barcelona,levante,2014|2015-02-15|barcelona|levante,2014|2015-02-15|barcelona|levante,H,H,0.9511034917936554,0.029555609792242064,0.01934089841410253,0.9511034917936554,0.22807079779233597,0.9215478820014134,1.05,15.0,34.0,1.0484593837535012,0.9083622762489982,0.06358535933742988,0.028052364413572006,1.05,0.9511034917936554,-0.001341333616661805,0.0,1,1,0.050000000000000044,-33.22
2014,23,2015-02-15,celta,ath madrid,2014|2015-02-15|celta|ath madrid,2014|2015-02-15|celta|athmadrid,H,A,0.2116990858917069,0.3834566603381315,0.4048442537701616,0.4048442537701616,1.0623175334584216,0.02138759343203006,3.8,3.25,2.1,1.0470406786196258,0.2513349291106611,0.2938685324986191,0.45479653839072,2.1,0.4048442537701616,-0.1498270670826607,0.0,1,0,-1.0,-34.22
2014,23,2015-02-15,valencia,getafe,2014|2015-02-15|valencia|getafe,2014|2015-02-15|valencia|getafe,H,H,0.7129330869764287,0.1656305767404089,0.12143633628316251,0.7129330869764287,0.7950686906788116,0.5473025102360197,1.44,4.5,7.5,1.05,0.6613756613756613,0.21164021164021163,0.12698412698412698,1.44,0.7129330869764287,0.026623645246057204,0.060508284650130015,1,1,0.43999999999999995,-33.78
2014,23,2015-02-15,vallecano,villarreal,2014|2015-02-15|vallecano|villarreal,2014|2015-02-15|vallecano|villarreal,H,A,0.2338453985421656,0.2642340376752182,0.5019205637826162,0.5019205637826162,1.0374545540999698,0.237686526107398,3.3,3.4,2.2,1.0516934046345812,0.288135593220339,0.2796610169491525,0.43220338983050843,2.2,0.5019205637826162,0.10422524032175573,0.08685436693479642,1,0,-1.0,-34.78
2014,23,2015-02-16,eibar,elche,2014|2015-02-16|eibar|elche,2014|2015-02-16|eibar|elche,A,D,0.3512155556640436,0.38957365915261216,0.2592107851833443,0.38957365915261216,1.084712222632083,0.03835810348856855,2.15,3.1,3.8,1.0508548189679,0.4426075521322562,0.3069697538981777,0.250422693969566,3.1,0.38957365915261216,0.20767834337309776,0.09889444922528465,1,0,-1.0,-35.78
2014,24,2015-02-20,getafe,espanol,2014|2015-02-20|getafe|espanol,2014|2015-02-20|getafe|espanol,H,H,0.35060789509089707,0.3303588090884608,0.3190332958206421,0.35060789509089707,1.0978476800896413,0.020249086002436245,2.4,3.1,3.25,1.0469396195202647,0.3979853841595892,0.3081177167687142,0.29389689907169664,2.4,0.35060789509089707,-0.15854105178184708,0.0,1,1,1.4,-34.379999999999995
2014,24,2015-02-21,ath madrid,almeria,2014|2015-02-21|ath madrid|almeria,2014|2015-02-21|athmadrid|almeria,H,H,0.860508992949406,0.07981677927859157,0.05967422777200236,0.860508992949406,0.49926684404011945,0.7806922136708144,1.2,6.5,15.0,1.0538461538461539,0.7907542579075426,0.14598540145985403,0.0632603406326034,1.2,0.860508992949406,0.032610791539287115,0.1630539576964356,1,1,0.19999999999999996,-34.18
2014,24,2015-02-21,barcelona,malaga,2014|2015-02-21|barcelona|malaga,2014|2015-02-21|barcelona|malaga,A,H,0.9441371058102623,0.035776463185209155,0.020086431004528442,0.9441371058102623,0.2519168911500612,0.9083606426250532,1.11,10.0,21.0,1.0485199485199486,0.8592119798698906,0.09537252976555788,0.045415490364551364,1.11,0.9441371058102623,0.04799218744939128,0.436292613176284,1,0,-1.0,-35.18
2014,24,2015-02-21,cordoba,valencia,2014|2015-02-21|cordoba|valencia,2014|2015-02-21|cordoba|valencia,A,A,0.19726567212533835,0.2829565232228909,0.5197778046517707,0.5197778046517707,1.0175428780329656,0.23682128142887982,4.33,3.25,1.95,1.0514597027299106,0.2196440639783735,0.29263347600810996,0.4877224600135166,1.95,0.5197778046517707,0.01356671907095286,0.014280756916792484,1,1,0.95,-34.23
2014,24,2015-02-21,la coruna,celta,2014|2015-02-21|la coruna|celta,2014|2015-02-21|lacoruna|celta,A,A,0.26075475806323506,0.2850186505719396,0.4542265913648252,0.4542265913648252,1.0667126595946606,0.1692079407928856,3.3,3.2,2.3,1.050312911725955,0.28851430811446493,0.29753038024304196,0.4139553116424932,2.3,0.4542265913648252,0.04472116013909777,0.0344008924146906,1,1,1.2999999999999998,-32.93
2014,24,2015-02-22,ath bilbao,vallecano,2014|2015-02-22|ath bilbao|vallecano,2014|2015-02-22|athbilbao|vallecano,H,H,0.5202964069784504,0.239076276561526,0.2406273164600237,0.5202964069784504,1.0248257513655188,0.2796690905184267,1.91,3.5,4.2,1.0473697332336076,0.49988098071887643,0.2727921923351583,0.22732682694596523,1.91,0.5202964069784504,-0.006233862671159829,0.0,1,1,0.9099999999999999,-32.019999999999996
2014,24,2015-02-22,elche,real madrid,2014|2015-02-22|elche|real madrid,2014|2015-02-22|elche|realmadrid,A,A,0.15552120399809344,0.06251466341250843,0.7819641325893981,0.7819641325893981,0.6550548455841927,0.6264429285913047,17.0,7.0,1.18,1.0491382993875518,0.05606842248167254,0.13616616888406188,0.8077654086342655,1.18,0.7819641325893981,-0.07728232354451026,0.0,1,1,0.17999999999999994,-31.84
2014,24,2015-02-22,sociedad,sevilla,2014|2015-02-22|sociedad|sevilla,2014|2015-02-22|sociedad|sevilla,H,A,0.2807611084294051,0.29903395061173854,0.42020494095885635,0.42020494095885635,1.0819533824871703,0.12117099034711781,2.9,3.3,2.5,1.0478578892371995,0.32907857997606704,0.2891902672516953,0.3817311527722378,2.5,0.42020494095885635,0.050512352397140914,0.03367490159809394,1,0,-1.0,-32.839999999999996
2014,24,2015-02-22,villarreal,eibar,2014|2015-02-22|villarreal|eibar,2014|2015-02-22|villarreal|eibar,H,H,0.7803120164485988,0.13066380608346786,0.08902417746793319,0.7803120164485988,0.6748187165147055,0.649648210365131,1.36,4.75,9.0,1.0569315445476435,0.6956875508543532,0.19918633034987795,0.10512611879576893,1.36,0.7803120164485988,0.0612243423700945,0.17006761769470688,1,1,0.3600000000000001,-32.48
2014,24,2015-02-23,levante,granada,2014|2015-02-23|levante|granada,2014|2015-02-23|levante|granada,H,H,0.37973774947364075,0.3419578835146325,0.2783043670117267,0.37973774947364075,1.0905966941394774,0.03777986595900823,2.3,3.1,3.4,1.0514809009157662,0.41349548842683403,0.3067869752844252,0.27971753628874063,2.3,0.37973774947364075,-0.1266031762106264,0.0,1,1,1.2999999999999998,-31.18
2014,25,2015-02-27,espanol,cordoba,2014|2015-02-27|espanol|cordoba,2014|2015-02-27|espanol|cordoba,H,H,0.6554475275729799,0.16893921863290545,0.17561325379411463,0.6554475275729799,0.8827699589316557,0.47983427377886523,1.57,3.8,6.5,1.0539467237422318,0.6043404859191113,0.24968804286658017,0.14597147121430842,1.57,0.6554475275729799,0.029052618289578447,0.05096950577119025,1,1,0.5700000000000001,-30.61
2014,25,2015-02-28,almeria,la coruna,2014|2015-02-28|almeria|la coruna,2014|2015-02-28|almeria|lacoruna,D,H,0.402160953322351,0.2849421369818905,0.3128969096957584,0.402160953322351,1.0876147683043784,0.08926404362659263,2.25,3.2,3.4,1.051062091503268,0.42285270112708895,0.29731830547998445,0.27982899339292655,2.25,0.402160953322351,-0.09513785502471017,0.0,1,0,-1.0,-31.61
2014,25,2015-02-28,granada,barcelona,2014|2015-02-28|granada|barcelona,2014|2015-02-28|granada|barcelona,A,A,0.1362408405433174,0.06655175396400904,0.7972074054926734,0.7972074054926734,0.6325928114972126,0.660966564949356,17.0,7.5,1.17,1.0468577174459528,0.05619056766881183,0.12736528671597347,0.8164441456152147,1.17,0.7972074054926734,-0.06726733557357215,0.0,1,1,0.16999999999999993,-31.439999999999998
2014,25,2015-02-28,malaga,getafe,2014|2015-02-28|malaga|getafe,2014|2015-02-28|malaga|getafe,H,H,0.5510257189122317,0.2428877872190239,0.2060864938687444,0.5510257189122317,0.9976261650927198,0.3081379316932078,1.75,3.6,5.0,1.0492063492063493,0.5446293494704992,0.264750378214826,0.19062027231467474,1.75,0.5510257189122317,-0.03570499190359444,0.0,1,1,0.75,-30.689999999999998
2014,25,2015-02-28,vallecano,levante,2014|2015-02-28|vallecano|levante,2014|2015-02-28|vallecano|levante,H,H,0.5940198831022213,0.2095359723928533,0.19644414450492534,0.5940198831022213,0.9565548613098627,0.38448391070936805,1.67,3.75,5.5,1.0472872436944294,0.5717651950932151,0.2546261002148451,0.17360870469193984,1.67,0.5940198831022213,-0.007986795219290466,0.0,1,1,0.6699999999999999,-30.02
2014,25,2015-03-01,eibar,ath bilbao,2014|2015-03-01|eibar|ath bilbao,2014|2015-03-01|eibar|athbilbao,A,D,0.22795974868699095,0.40779195400850915,0.3642482973044999,0.40779195400850915,1.0707082302518258,0.043543656704009226,3.25,3.1,2.38,1.0504410200804888,0.2929172621883437,0.30709067810068286,0.39999205971097346,3.1,0.40779195400850915,0.26415505742637835,0.1257881225839897,1,0,-1.0,-31.02
2014,25,2015-03-01,real madrid,villarreal,2014|2015-03-01|real madrid|villarreal,2014|2015-03-01|realmadrid|villarreal,D,H,0.8467965877892253,0.09835529922567453,0.05484811298510006,0.8467965877892253,0.5281547456003441,0.7484412885635507,1.2,7.0,13.0,1.0531135531135531,0.7913043478260869,0.13565217391304346,0.07304347826086957,1.2,0.8467965877892253,0.016155905347070315,0.08077952673535159,1,0,-1.0,-32.019999999999996
2014,25,2015-03-01,sevilla,ath madrid,2014|2015-03-01|sevilla|ath madrid,2014|2015-03-01|sevilla|athmadrid,D,D,0.29057931521333724,0.4576112405224687,0.25180944426419405,0.4576112405224687,1.0641176742042244,0.16703192530913147,3.0,3.2,2.45,1.0539965986394557,0.3162565550625252,0.2964905203711174,0.3872529245663574,3.2,0.4576112405224687,0.46435596967189985,0.211070895305409,1,1,2.2,-29.82
2014,25,2015-03-01,valencia,sociedad,2014|2015-03-01|valencia|sociedad,2014|2015-03-01|valencia|sociedad,H,H,0.6178577115937056,0.22609823400497145,0.15604405440132296,0.6178577115937056,0.923526386914576,0.3917594775887342,1.57,4.0,6.0,1.0536093418259023,0.6045340050377834,0.23727959697732998,0.15818639798488665,1.57,0.6178577115937056,-0.029963392797882127,0.0,1,1,0.5700000000000001,-29.25
2014,25,2015-03-02,celta,elche,2014|2015-03-02|celta|elche,2014|2015-03-02|celta|elche,D,H,0.7011850919604226,0.1823462416521931,0.11646866638738426,0.7011850919604226,0.8096577635471148,0.5188388503082295,1.5,4.2,7.0,1.0476190476190474,0.6363636363636365,0.2272727272727273,0.13636363636363638,1.5,0.7011850919604226,0.051777637940633836,0.10355527588126767,1,0,-1.0,-30.25
2014,26,2015-03-06,levante,eibar,2014|2015-03-06|levante|eibar,2014|2015-03-06|levante|eibar,H,H,0.5267565473232261,0.21999226166516977,0.25325119101160415,0.5267565473232261,1.0185723747636768,0.2735053563116219,2.05,3.3,4.0,1.0408351810790837,0.4686667850168649,0.29114148766199177,0.24019172732114322,2.05,0.5267565473232261,0.07985092201261335,0.07604849715486986,1,1,1.0499999999999998,-29.2
2014,26,2015-03-07,ath bilbao,real madrid,2014|2015-03-07|ath bilbao|real madrid,2014|2015-03-07|athbilbao|realmadrid,H,A,0.17873176779034997,0.11003253836953099,0.7112356938401191,0.7112356938401191,0.7929467907100014,0.5325039260497691,7.0,4.75,1.44,1.0478279030910609,0.13633645604943193,0.20091688259916285,0.6627466613514053,1.44,0.7112356938401191,0.02417939912977146,0.05495317984038969,1,0,-1.0,-30.2
2014,26,2015-03-07,elche,almeria,2014|2015-03-07|elche|almeria,2014|2015-03-07|elche|almeria,H,H,0.4779944391698613,0.26633745698583927,0.25566810384429955,0.4779944391698613,1.0538960170910812,0.211656982184022,2.05,3.4,3.8,1.045080419844446,0.46676300578034685,0.2814306358381503,0.2518063583815029,2.05,0.4779944391698613,-0.020111399701784438,0.0,1,1,1.0499999999999998,-29.15
2014,26,2015-03-07,granada,malaga,2014|2015-03-07|granada|malaga,2014|2015-03-07|granada|malaga,H,A,0.32423624938548,0.28997686191654654,0.38578688869797345,0.38578688869797345,1.0916102910439422,0.06155063931249344,2.9,3.2,2.6,1.0419429708222812,0.33094669848846464,0.29992044550517105,0.3691328560063643,2.6,0.38578688869797345,0.003045910614730918,0.0019036941342068237,1,0,-1.0,-30.15
2014,26,2015-03-07,la coruna,sevilla,2014|2015-03-07|la coruna|sevilla,2014|2015-03-07|lacoruna|sevilla,A,A,0.23944073108430355,0.19207297973702125,0.5684862891786752,0.5684862891786752,0.9802343413490671,0.32904555809437164,3.8,3.4,2.05,1.045080419844446,0.2518063583815029,0.2814306358381503,0.46676300578034685,2.05,0.5684862891786752,0.165396892816284,0.1575208503012229,1,1,1.0499999999999998,-29.1
2014,26,2015-03-08,ath madrid,valencia,2014|2015-03-08|ath madrid|valencia,2014|2015-03-08|athmadrid|valencia,D,H,0.621969643033094,0.2356177370678922,0.14241261989901388,0.621969643033094,0.9135129157836397,0.38635190596520175,1.62,3.75,6.0,1.0506172839506174,0.5875440658049352,0.25381903642773207,0.15863689776733253,1.62,0.621969643033094,0.007590821713612306,0.012243260828406943,1,0,-1.0,-30.1
2014,26,2015-03-08,barcelona,vallecano,2014|2015-03-08|barcelona|vallecano,2014|2015-03-08|barcelona|vallecano,H,H,0.9325605331097259,0.04349373422248616,0.02394573266778799,0.9325605331097259,0.2908360249408986,0.8890667988872397,1.05,15.0,34.0,1.0484593837535012,0.9083622762489982,0.06358535933742988,0.028052364413572006,1.05,0.9325605331097259,-0.0208114402347878,0.0,1,1,0.050000000000000044,-30.05
2014,26,2015-03-08,sociedad,espanol,2014|2015-03-08|sociedad|espanol,2014|2015-03-08|sociedad|espanol,H,H,0.4113607411959679,0.3113390475572978,0.2773002112467343,0.4113607411959679,1.0843789066968534,0.10002169363867008,2.2,3.3,3.4,1.0516934046345812,0.43220338983050843,0.288135593220339,0.2796610169491525,2.2,0.4113607411959679,-0.09500636936887058,0.0,1,1,1.2000000000000002,-28.85
2014,26,2015-03-08,villarreal,celta,2014|2015-03-08|villarreal|celta,2014|2015-03-08|villarreal|celta,H,H,0.4114011539426307,0.39054781619826234,0.19805102985910697,0.4114011539426307,1.0532861868945282,0.020853337744368372,1.95,3.5,4.0,1.0485347985347986,0.48908296943231444,0.2724890829694323,0.23842794759825325,1.95,0.4114011539426307,-0.19776774981187006,0.0,1,1,0.95,-27.9
2014,26,2015-03-09,cordoba,getafe,2014|2015-03-09|cordoba|getafe,2014|2015-03-09|cordoba|getafe,A,H,0.3675837021287973,0.31470993049872054,0.3177063673724821,0.3675837021287973,1.0960076265345229,0.04987733475631523,2.4,3.1,3.2,1.051747311827957,0.39616613418530355,0.30670926517571884,0.2971246006389776,2.4,0.3675837021287973,-0.11779911489088646,0.0,1,0,-1.0,-28.9
2014,27,2015-03-13,valencia,la coruna,2014|2015-03-13|valencia|la coruna,2014|2015-03-13|valencia|lacoruna,H,H,0.6913270877024065,0.17775498469146683,0.13091792760612667,0.6913270877024065,0.8284232579197921,0.5135721030109397,1.44,4.5,8.0,1.0416666666666665,0.6666666666666667,0.21333333333333335,0.12000000000000002,1.44,0.6913270877024065,-0.004488993708534728,0.0,1,1,0.43999999999999995,-28.46
2014,27,2015-03-14,celta,ath bilbao,2014|2015-03-14|celta|ath bilbao,2014|2015-03-14|celta|athbilbao,A,H,0.46480916567084457,0.28379085173127044,0.25139998259788504,0.46480916567084457,1.0606535790493556,0.18101831393957413,2.1,3.4,3.6,1.0480859010270773,0.4543429844097996,0.28062360801781744,0.26503340757238314,2.1,0.46480916567084457,-0.02390075209122633,0.0,1,0,-1.0,-29.46
2014,27,2015-03-14,eibar,barcelona,2014|2015-03-14|eibar|barcelona,2014|2015-03-14|eibar|barcelona,A,A,0.11331383115866604,0.06988909199961395,0.81679707684172,0.81679707684172,0.5980064194982925,0.703483245683054,19.0,8.5,1.14,1.0474716202270382,0.05024630541871921,0.11231527093596058,0.8374384236453203,1.14,0.81679707684172,-0.0688513324004393,0.0,1,1,0.1399999999999999,-29.32
2014,27,2015-03-14,espanol,ath madrid,2014|2015-03-14|espanol|ath madrid,2014|2015-03-14|espanol|athmadrid,D,A,0.2382512384693411,0.3430446598432871,0.4187041016873718,0.4187041016873718,1.073296198631499,0.07565944184408474,3.8,3.1,2.15,1.0508548189679,0.250422693969566,0.3069697538981777,0.4426075521322562,2.15,0.4187041016873718,-0.09978618137215062,0.0,1,0,-1.0,-30.32
2014,27,2015-03-14,vallecano,granada,2014|2015-03-14|vallecano|granada,2014|2015-03-14|vallecano|granada,H,H,0.49318286462697086,0.23819977828907146,0.2686173570839577,0.49318286462697086,1.0434397667283053,0.2245655075430132,2.0,3.3,4.0,1.053030303030303,0.47482014388489213,0.2877697841726619,0.23741007194244607,2.0,0.49318286462697086,-0.013634270746058219,0.0,1,1,1.0,-29.32
2014,27,2015-03-15,almeria,villarreal,2014|2015-03-15|almeria|villarreal,2014|2015-03-15|almeria|villarreal,D,A,0.23456809776270518,0.2517828792911152,0.5136490229461796,0.5136490229461796,1.0295826219995314,0.26186614365506444,4.0,3.3,2.0,1.053030303030303,0.23741007194244607,0.2877697841726619,0.47482014388489213,2.0,0.5136490229461796,0.02729804589235929,0.02729804589235929,1,0,-1.0,-30.32
2014,27,2015-03-15,malaga,cordoba,2014|2015-03-15|malaga|cordoba,2014|2015-03-15|malaga|cordoba,H,H,0.6686306962937982,0.1699172460669245,0.16145205763927736,0.6686306962937982,0.8647236795700257,0.49871345022687374,1.57,3.75,7.0,1.0464664846830452,0.6086603675149267,0.25482580719958264,0.1365138252854907,1.57,0.6686306962937982,0.04975019318126328,0.08728104066888294,1,1,0.5700000000000001,-29.75
2014,27,2015-03-15,real madrid,levante,2014|2015-03-15|real madrid|levante,2014|2015-03-15|realmadrid|levante,H,H,0.8897467745079728,0.0771495127698056,0.03310371272222163,0.8897467745079728,0.4144176899491836,0.8125972617381672,1.06,13.0,34.0,1.0497310680440535,0.8987027774389005,0.07327884185271036,0.028018380708389252,1.06,0.8897467745079728,-0.056868419021548794,0.0,1,1,0.06000000000000005,-29.69
2014,27,2015-03-15,sevilla,elche,2014|2015-03-15|sevilla|elche,2014|2015-03-15|sevilla|elche,H,H,0.7214693261152495,0.19440995624299945,0.08412071764175116,0.7214693261152495,0.7621777598727714,0.5270593698722501,1.4,4.75,8.0,1.0498120300751879,0.6803939122649956,0.20053715308863027,0.11906893464637423,1.4,0.7214693261152495,0.010057056561349254,0.02514264140337314,1,1,0.3999999999999999,-29.29
2014,27,2015-03-16,getafe,sociedad,2014|2015-03-16|getafe|sociedad,2014|2015-03-16|getafe|sociedad,A,H,0.42893265542212006,0.26965180074199674,0.30141554383588326,0.42893265542212006,1.0779616436687405,0.1275171115862368,2.3,3.2,3.3,1.0503129117259553,0.41395531164249316,0.2975303802430419,0.2885143081144649,2.3,0.42893265542212006,-0.013454892529124018,0.0,1,0,-1.0,-30.29
2014,28,2015-03-20,elche,valencia,2014|2015-03-20|elche|valencia,2014|2015-03-20|elche|valencia,A,A,0.27893181748629087,0.2534074612913183,0.4676607212223907,0.4676607212223907,1.0594313823935164,0.18872890373609985,3.8,3.4,2.0,1.0572755417956656,0.24890190336749632,0.2781844802342606,0.47291361639824303,2.0,0.4676607212223907,-0.06467855755521862,0.0,1,1,1.0,-29.29
2014,28,2015-03-21,ath bilbao,almeria,2014|2015-03-21|ath bilbao|almeria,2014|2015-03-21|athbilbao|almeria,H,H,0.7051506686111142,0.15266302774745022,0.14218630364143567,0.7051506686111142,0.810624589050682,0.552487640863664,1.5,4.0,7.5,1.05,0.6349206349206349,0.23809523809523808,0.12698412698412698,1.5,0.7051506686111142,0.05772600291667129,0.11545200583334259,1,1,0.5,-28.79
2014,28,2015-03-21,ath madrid,getafe,2014|2015-03-21|ath madrid|getafe,2014|2015-03-21|athmadrid|getafe,H,H,0.7758217125257261,0.13608262725136291,0.08809566022291097,0.7758217125257261,0.6823582514717501,0.6397390852743632,1.33,5.0,10.0,1.0518796992481203,0.7147962830593281,0.1901358112937813,0.09506790564689065,1.33,0.7758217125257261,0.03184287765921573,0.09649356866429007,1,1,0.33000000000000007,-28.46
2014,28,2015-03-21,granada,eibar,2014|2015-03-21|granada|eibar,2014|2015-03-21|granada|eibar,D,H,0.5442811632910615,0.21640524497903774,0.23931359172990074,0.5442811632910615,1.0045245939583967,0.3049675715611607,1.95,3.25,4.33,1.0514597027299106,0.4877224600135166,0.29263347600810996,0.2196440639783735,1.95,0.5442811632910615,0.061348268417569796,0.06457712465007347,1,0,-1.0,-29.46
2014,28,2015-03-21,levante,celta,2014|2015-03-21|levante|celta,2014|2015-03-21|levante|celta,A,A,0.2917346454162808,0.21895524272978328,0.489310111853936,0.489310111853936,1.0416982068140266,0.19757546643765522,3.3,3.3,2.25,1.0505050505050506,0.28846153846153844,0.28846153846153844,0.423076923076923,2.25,0.489310111853936,0.10094775167135606,0.08075820133708485,1,1,1.25,-28.21
2014,28,2015-03-21,vallecano,malaga,2014|2015-03-21|vallecano|malaga,2014|2015-03-21|vallecano|malaga,H,H,0.4206690296807592,0.20838823088139458,0.3709427394378462,0.4206690296807592,1.0589539736174043,0.049726290242912974,2.5,3.4,2.8,1.0512605042016807,0.38049560351718625,0.2797761790567546,0.33972821742605913,2.5,0.4206690296807592,0.05167257420189797,0.03444838280126531,1,1,1.5,-26.71
2014,28,2015-03-22,barcelona,real madrid,2014|2015-03-22|barcelona|real madrid,2014|2015-03-22|barcelona|realmadrid,H,H,0.6683929453080512,0.2155031214235411,0.11610393326840764,0.6683929453080512,0.850034421792428,0.45288982388451005,1.67,4.5,4.5,1.0432468396540253,0.5739795918367347,0.21301020408163263,0.21301020408163263,1.67,0.6683929453080512,0.11621621866444537,0.1734570427827543,1,1,0.6699999999999999,-26.04
2014,28,2015-03-22,la coruna,espanol,2014|2015-03-22|la coruna|espanol,2014|2015-03-22|lacoruna|espanol,D,H,0.3695370615418776,0.2986475835460435,0.3318153549120789,0.3695370615418776,1.0948395876454173,0.03772170662979868,2.6,3.25,2.8,1.0494505494505495,0.3664921465968586,0.2931937172774869,0.3403141361256544,2.6,0.3695370615418776,-0.0392036399911182,0.0,1,0,-1.0,-27.04
2014,28,2015-03-22,sociedad,cordoba,2014|2015-03-22|sociedad|cordoba,2014|2015-03-22|sociedad|cordoba,H,H,0.6399323812805456,0.18308623068988633,0.17698138802956803,0.6399323812805456,0.9029851895811254,0.4568461505906593,1.62,3.75,6.0,1.0506172839506174,0.5875440658049352,0.25381903642773207,0.15863689776733253,1.62,0.6399323812805456,0.03669045767448398,0.05917815753949028,1,1,0.6200000000000001,-26.419999999999998
2014,28,2015-03-22,villarreal,sevilla,2014|2015-03-22|villarreal|sevilla,2014|2015-03-22|villarreal|sevilla,A,H,0.4166081965323958,0.31790640999319403,0.2654853934744102,0.4166081965323958,1.0811916287993875,0.09870178653920175,2.05,3.4,3.75,1.0485891917742707,0.4652011310772599,0.2804889172671714,0.25430995165556874,2.05,0.4166081965323958,-0.14595319710858873,0.0,1,0,-1.0,-27.419999999999998
2014,29,2015-04-03,eibar,vallecano,2014|2015-04-03|eibar|vallecano,2014|2015-04-03|eibar|vallecano,A,H,0.33988602918282085,0.3397344677255488,0.3203795030916304,0.33988602918282085,1.0982321998197422,0.0001515614572720203,2.5,3.3,2.9,1.0478578892371997,0.38173115277223774,0.2891902672516952,0.329078579976067,2.5,0.33988602918282085,-0.15028492704294794,0.0,1,0,-1.0,-28.419999999999998
2014,29,2015-04-04,almeria,levante,2014|2015-04-04|almeria|levante,2014|2015-04-04|almeria|levante,A,H,0.40024515822271317,0.351349551958224,0.24840528981906282,0.40024515822271317,1.0799505439147825,0.04889560626448919,2.1,3.25,3.75,1.0505494505494506,0.4532775453277545,0.2928870292887029,0.25383542538354253,2.1,0.40024515822271317,-0.15948516773230237,0.0,1,0,-1.0,-29.419999999999998
2014,29,2015-04-04,cordoba,ath madrid,2014|2015-04-04|cordoba|ath madrid,2014|2015-04-04|cordoba|athmadrid,A,A,0.15585514231799844,0.14996680700341858,0.694178050678583,0.694178050678583,0.8276397502212892,0.5383229083605845,9.5,4.5,1.4,1.0417710944026735,0.10104250200481153,0.21331194867682435,0.685645549318364,1.4,0.694178050678583,-0.028150729049983947,0.0,1,1,0.3999999999999999,-29.02
2014,29,2015-04-04,malaga,sociedad,2014|2015-04-04|malaga|sociedad,2014|2015-04-04|malaga|sociedad,D,H,0.4825499635674441,0.3117468297156164,0.20570320671693962,0.4825499635674441,1.040263691783619,0.17080313385182772,1.95,3.4,4.2,1.0450333979745745,0.4907216494845361,0.28144329896907216,0.22783505154639172,1.95,0.4825499635674441,-0.05902757104348394,0.0,1,0,-1.0,-30.02
2014,29,2015-04-04,sevilla,ath bilbao,2014|2015-04-04|sevilla|ath bilbao,2014|2015-04-04|sevilla|athbilbao,H,H,0.5548542164832835,0.29258004380769187,0.15256573970902468,0.5548542164832835,0.9732706068091737,0.2622741726755916,1.75,3.75,4.75,1.0486215538847117,0.5449330783938815,0.25430210325047803,0.20076481835564056,1.75,0.5548542164832835,-0.02900512115425391,0.0,1,1,0.75,-29.27
2014,29,2015-04-05,celta,barcelona,2014|2015-04-05|celta|barcelona,2014|2015-04-05|celta|barcelona,A,A,0.14312636795605732,0.12419482520508,0.7326788068388628,0.7326788068388628,0.7651982052702123,0.5895524388828055,7.5,5.0,1.4,1.0476190476190477,0.12727272727272726,0.19090909090909092,0.6818181818181818,1.4,0.7326788068388628,0.025750329574407815,0.06437582393601955,1,1,0.3999999999999999,-28.87
2014,29,2015-04-05,getafe,la coruna,2014|2015-04-05|getafe|la coruna,2014|2015-04-05|getafe|lacoruna,H,H,0.44462132029126555,0.24138692168739126,0.3139917580213431,0.44462132029126555,1.0672007096466678,0.13062956226992245,2.25,3.1,3.6,1.0448028673835124,0.4253859348198971,0.3087478559176673,0.26586620926243576,2.25,0.44462132029126555,0.00039797065534752374,0.000318376524278019,1,1,1.25,-27.62
2014,29,2015-04-05,real madrid,granada,2014|2015-04-05|real madrid|granada,2014|2015-04-05|realmadrid|granada,H,H,0.8870286498551646,0.07949061200932543,0.03348073813551005,0.8870286498551646,0.421341565397915,0.8075380378458392,1.08,11.0,29.0,1.0513177754557064,0.8807288790723358,0.08647156267255661,0.03279955825510768,1.08,0.8870286498551646,-0.042009058156422155,0.0,1,1,0.08000000000000007,-27.54
2014,29,2015-04-05,valencia,villarreal,2014|2015-04-05|valencia|villarreal,2014|2015-04-05|valencia|villarreal,D,H,0.43870863602931115,0.32874728579179,0.23254407817889886,0.43870863602931115,1.0663872342454543,0.10996135023752113,2.05,3.5,3.6,1.0512969415408442,0.46400294605045106,0.27177315411526415,0.2642238998342846,2.05,0.43870863602931115,-0.1006472961399123,0.0,1,0,-1.0,-28.54
2014,29,2015-04-06,espanol,elche,2014|2015-04-06|espanol|elche,2014|2015-04-06|espanol|elche,D,H,0.5863823503919972,0.23693502904910027,0.1766826205589025,0.5863823503919972,0.9604419350979438,0.3494473213428969,1.67,3.6,5.75,1.0504932164656196,0.5700202398490961,0.2644260557077751,0.16555370444312875,1.67,0.5863823503919972,-0.020741474845364816,0.0,1,0,-1.0,-29.54
2014,30,2015-04-07,ath madrid,sociedad,2014|2015-04-07|ath madrid|sociedad,2014|2015-04-07|athmadrid|sociedad,H,H,0.7917198359225164,0.14462292337758426,0.06365724069989935,0.7917198359225164,0.6398783650493359,0.6470969125449322,1.3,5.25,11.0,1.0506160506160505,0.7321711568938194,0.18129952456418386,0.08652931854199684,1.3,0.7917198359225164,0.02923578669927132,0.09745262233090439,1,1,0.30000000000000004,-29.24
2014,30,2015-04-07,eibar,malaga,2014|2015-04-07|eibar|malaga,2014|2015-04-07|eibar|malaga,H,D,0.22448666685333588,0.39934166644125363,0.3761716667054105,0.39934166644125363,1.0697269174760726,0.023169999735843105,3.25,3.1,2.38,1.0504410200804888,0.2929172621883437,0.30709067810068286,0.39999205971097346,3.1,0.39934166644125363,0.23795916596788635,0.11331388855613636,1,0,-1.0,-30.24
2014,30,2015-04-07,levante,sevilla,2014|2015-04-07|levante|sevilla,2014|2015-04-07|levante|sevilla,A,A,0.20566225468708904,0.19791605002745333,0.5964216952854575,0.5964216952854575,0.954100715303666,0.3907594405983685,4.5,3.6,1.83,1.046448087431694,0.2123585726718886,0.2654482158398608,0.5221932114882506,1.83,0.5964216952854575,0.09145170237238731,0.1101827739426353,1,1,0.8300000000000001,-29.41
2014,30,2015-04-08,barcelona,almeria,2014|2015-04-08|barcelona|almeria,2014|2015-04-08|barcelona|almeria,H,H,0.9278856675180048,0.054056168917243366,0.01805816356475175,0.9278856675180048,0.29965893692093437,0.8738294986007614,1.05,13.0,41.0,1.0536942732064682,0.9038494149567577,0.07300322197727659,0.023147363065965747,1.05,0.9278856675180048,-0.025720049106094885,0.0,1,1,0.050000000000000044,-29.36
2014,30,2015-04-08,granada,celta,2014|2015-04-08|granada|celta,2014|2015-04-08|granada|celta,D,A,0.23629097819962566,0.20186289514571842,0.561846126654656,0.561846126654656,0.9878287942641388,0.3255551484550304,3.5,3.0,2.3,1.0538302277432714,0.2711198428290766,0.3163064833005893,0.41257367387033395,2.3,0.561846126654656,0.2922460913057088,0.224804685619776,1,0,-1.0,-30.36
2014,30,2015-04-08,la coruna,cordoba,2014|2015-04-08|la coruna|cordoba,2014|2015-04-08|lacoruna|cordoba,D,H,0.579943199285676,0.22368806884423517,0.19636873187008888,0.579943199285676,0.9705824998645056,0.35625513044144075,1.75,3.4,5.5,1.0473644003055769,0.5455871626549963,0.28081692195477753,0.1735959153902261,1.75,0.579943199285676,0.01490059874993288,0.019867464999910506,1,0,-1.0,-31.36
2014,30,2015-04-08,vallecano,real madrid,2014|2015-04-08|vallecano|real madrid,2014|2015-04-08|vallecano|realmadrid,A,A,0.14455282151398324,0.04727248178124693,0.8081746967047699,0.8081746967047699,0.5959711835444436,0.6636218751907867,13.0,7.0,1.2,1.0531135531135531,0.07304347826086957,0.13565217391304346,0.7913043478260869,1.2,0.8081746967047699,-0.0301903639542761,0.0,1,1,0.19999999999999996,-31.16
2014,30,2015-04-09,ath bilbao,valencia,2014|2015-04-09|ath bilbao|valencia,2014|2015-04-09|athbilbao|valencia,D,A,0.3660563469985605,0.2635403918429187,0.37040326115852085,0.37040326115852085,1.0871896492657755,0.004346914159960358,2.4,3.4,2.8,1.0679271708683473,0.39016393442622954,0.2754098360655738,0.3344262295081967,2.8,0.37040326115852085,0.037129131243858304,0.02062729513547684,1,0,-1.0,-32.16
2014,30,2015-04-09,elche,getafe,2014|2015-04-09|elche|getafe,2014|2015-04-09|elche|getafe,A,H,0.387294198867178,0.2919561017817299,0.320749699351092,0.387294198867178,1.091540832324588,0.06654449951608599,2.3,3.1,3.25,1.0650555615492503,0.40822528363047,0.3028768233387358,0.28889789303079416,2.3,0.387294198867178,-0.10922334260549071,0.0,1,0,-1.0,-33.16
2014,30,2015-04-09,villarreal,espanol,2014|2015-04-09|villarreal|espanol,2014|2015-04-09|villarreal|espanol,A,H,0.5827055699540208,0.29677364257151617,0.12052078747446303,0.5827055699540208,0.9302339443683902,0.2859319273825046,1.55,3.6,7.0,1.0657962109575012,0.6053326927696373,0.26062935383137165,0.1340379533989911,1.55,0.5827055699540208,-0.09680636657126773,0.0,1,0,-1.0,-34.16
2014,31,2015-04-11,almeria,granada,2014|2015-04-11|almeria|granada,2014|2015-04-11|almeria|granada,H,H,0.35830891715223046,0.2869562325845446,0.354734850263225,0.35830891715223046,1.0936391169298556,0.003574066889005467,2.4,3.1,3.2,1.051747311827957,0.39616613418530355,0.30670926517571884,0.2971246006389776,2.4,0.35830891715223046,-0.14005859883464689,0.0,1,1,1.4,-32.76
2014,31,2015-04-11,celta,vallecano,2014|2015-04-11|celta|vallecano,2014|2015-04-11|celta|vallecano,H,H,0.5932980914894135,0.2583257522480557,0.14837615626253078,0.5932980914894135,0.9424912589945309,0.3349723392413578,1.73,3.6,4.75,1.0663387756481764,0.5420741468672235,0.26049674280008245,0.19742911033269403,1.73,0.5932980914894135,0.02640569827668532,0.03617218942011688,1,1,0.73,-32.03
2014,31,2015-04-11,malaga,ath madrid,2014|2015-04-11|malaga|ath madrid,2014|2015-04-11|malaga|athmadrid,D,A,0.2192040640706623,0.36884441019526126,0.4119515257340765,0.4119515257340765,1.0659146663350882,0.043107115538815244,3.8,3.4,2.0,1.0572755417956656,0.24890190336749632,0.2781844802342606,0.47291361639824303,2.0,0.4119515257340765,-0.17609694853184704,0.0,1,0,-1.0,-33.03
2014,31,2015-04-11,real madrid,eibar,2014|2015-04-11|real madrid|eibar,2014|2015-04-11|realmadrid|eibar,H,H,0.9051511566390212,0.0728257068997988,0.02202313646117999,0.9051511566390212,0.36501466586568,0.8323254497392224,1.06,13.0,34.0,1.0497310680440535,0.8987027774389005,0.07327884185271036,0.028018380708389252,1.06,0.9051511566390212,-0.04053977396263744,0.0,1,1,0.06000000000000005,-32.97
2014,31,2015-04-11,sevilla,barcelona,2014|2015-04-11|sevilla|barcelona,2014|2015-04-11|sevilla|barcelona,D,A,0.2062810859161477,0.2496865227087179,0.5440323913751344,0.5440323913751344,1.0032480092212017,0.29434586866641643,5.0,4.5,1.55,1.0673835125448028,0.18737407656145066,0.20819341840161182,0.6044325050369376,1.55,0.5440323913751344,-0.15674979336854172,0.0,1,0,-1.0,-33.97
2014,31,2015-04-12,cordoba,elche,2014|2015-04-12|cordoba|elche,2014|2015-04-12|cordoba|elche,A,H,0.4207471827409255,0.2702496400663882,0.30900317719268633,0.4207471827409255,1.0807421567079063,0.11174400554823916,2.3,3.1,3.3,1.0603935568872456,0.41002004008016035,0.30420841683366734,0.28577154308617236,2.3,0.4207471827409255,-0.03228147969587147,0.0,1,0,-1.0,-34.97
2014,31,2015-04-12,espanol,ath bilbao,2014|2015-04-12|espanol|ath bilbao,2014|2015-04-12|espanol|athbilbao,H,H,0.3810762335069285,0.2580957837954485,0.3608279826976229,0.3810762335069285,1.0850281997150557,0.02024825080930559,2.5,3.2,2.88,1.0597222222222222,0.3774574049803408,0.2948885976408912,0.327653997378768,2.5,0.3810762335069285,-0.047309416232678814,0.0,1,1,1.5,-33.47
2014,31,2015-04-12,getafe,villarreal,2014|2015-04-12|getafe|villarreal,2014|2015-04-12|getafe|villarreal,D,A,0.2801616608440994,0.26220815502934225,0.4576301841265585,0.4576301841265585,1.0651973748356458,0.1774685232824591,3.6,3.3,2.05,1.0686129588568614,0.25994236311239194,0.28357348703170027,0.4564841498559078,2.05,0.4576301841265585,-0.06185812254055523,0.0,1,0,-1.0,-34.47
2014,31,2015-04-12,sociedad,la coruna,2014|2015-04-12|sociedad|la coruna,2014|2015-04-12|sociedad|lacoruna,D,H,0.5273874058404436,0.2216613829445745,0.2509512112149819,0.5273874058404436,1.0183281866702103,0.27643619462546176,1.8,3.6,4.5,1.0555555555555556,0.5263157894736842,0.2631578947368421,0.21052631578947367,1.8,0.5273874058404436,-0.050702669487201424,0.0,1,0,-1.0,-35.47
2014,31,2015-04-13,valencia,levante,2014|2015-04-13|valencia|levante,2014|2015-04-13|valencia|levante,H,H,0.7684295027221152,0.14917394661626268,0.08239655066162212,0.7684295027221152,0.6919131744398958,0.6192555561058525,1.33,5.0,8.5,1.0695267580716497,0.7030022330659168,0.1869985939955339,0.10999917293854934,1.33,0.7684295027221152,0.022011238620413265,0.06670072309216139,1,1,0.33000000000000007,-35.14
2014,32,2015-04-17,levante,espanol,2014|2015-04-17|levante|espanol,2014|2015-04-17|levante|espanol,D,A,0.29749314017143463,0.33427282505353906,0.3682340347750262,0.3682340347750262,1.094844696120647,0.03396120972148714,2.88,3.1,2.6,1.0544182519988972,0.32930217355777086,0.30593234188592905,0.36476548455630003,2.6,0.3682340347750262,-0.042591509584931964,0.0,1,0,-1.0,-36.14
2014,32,2015-04-18,ath bilbao,getafe,2014|2015-04-18|ath bilbao|getafe,2014|2015-04-18|athbilbao|getafe,H,H,0.6267209743911726,0.20012500209852283,0.1731540235103046,0.6267209743911726,0.9184398693326419,0.4265959722926498,1.67,3.75,5.5,1.0472872436944294,0.5717651950932151,0.2546261002148451,0.17360870469193984,1.67,0.6267209743911726,0.04662402723325815,0.0695881003481465,1,1,0.6699999999999999,-35.47
2014,32,2015-04-18,barcelona,valencia,2014|2015-04-18|barcelona|valencia,2014|2015-04-18|barcelona|valencia,H,H,0.8433594117587782,0.11944029197065055,0.03720029627057137,0.8433594117587782,0.5199222354066826,0.7239191197881276,1.22,7.0,12.0,1.045862607338017,0.7837283075200598,0.13659264788206757,0.07967904459787274,1.22,0.8433594117587782,0.028898482345709325,0.1313567379350424,1,1,0.21999999999999997,-35.25
2014,32,2015-04-18,la coruna,ath madrid,2014|2015-04-18|la coruna|ath madrid,2014|2015-04-18|lacoruna|athmadrid,A,A,0.20257208888156314,0.30867489628235617,0.48875301483608063,0.48875301483608063,1.0361730006734375,0.18007811855372446,4.5,3.5,1.85,1.0484770484770483,0.2119476268412439,0.27250409165302786,0.5155482815057284,1.85,0.48875301483608063,-0.09580692255325085,0.0,1,1,0.8500000000000001,-34.4
2014,32,2015-04-18,real madrid,malaga,2014|2015-04-18|real madrid|malaga,2014|2015-04-18|realmadrid|malaga,H,H,0.8709808636392741,0.09957896238475702,0.029440173975968983,0.8709808636392741,0.4538106080482244,0.771401901254517,1.14,8.5,17.0,1.0536635706914346,0.8325171400587659,0.11165523996082272,0.05582761998041136,1.14,0.8709808636392741,-0.007081815451227644,0.0,1,1,0.1399999999999999,-34.26
2014,32,2015-04-19,eibar,celta,2014|2015-04-19|eibar|celta,2014|2015-04-19|eibar|celta,A,A,0.21582613887916924,0.24824616117407697,0.5359276999467538,0.5359276999467538,1.0111004096150307,0.2876815387726769,3.4,3.3,2.2,1.0516934046345812,0.2796610169491525,0.288135593220339,0.43220338983050843,2.2,0.5359276999467538,0.17904093988285852,0.14920078323571542,1,1,1.2000000000000002,-33.06
2014,32,2015-04-19,granada,sevilla,2014|2015-04-19|granada|sevilla,2014|2015-04-19|granada|sevilla,D,A,0.21588359411159647,0.19370673347588518,0.5904096724125183,0.5904096724125183,0.9600148082675446,0.3745260783009218,4.33,3.6,1.85,1.0492652005354084,0.22010344200803078,0.2647355288596593,0.5151610291323099,1.85,0.5904096724125183,0.09225789396315887,0.10853869878018689,1,0,-1.0,-34.06
2014,32,2015-04-19,vallecano,almeria,2014|2015-04-19|vallecano|almeria,2014|2015-04-19|vallecano|almeria,H,H,0.6122936228543686,0.1433262720773635,0.24438010506826788,0.6122936228543686,0.9231257163375117,0.3679135177861007,1.8,3.8,4.33,1.0496603325094878,0.5292717447246527,0.2507076685537828,0.22002058672156458,1.8,0.6122936228543686,0.10212852113786353,0.1276606514223294,1,1,0.8,-33.26
2014,32,2015-04-19,villarreal,cordoba,2014|2015-04-19|villarreal|cordoba,2014|2015-04-19|villarreal|cordoba,D,H,0.8282608902577941,0.08958759787118845,0.08215151187101748,0.8282608902577941,0.5775125469848629,0.7386732923866057,1.3,5.25,11.0,1.0506160506160505,0.7321711568938194,0.18129952456418386,0.08652931854199684,1.3,0.8282608902577941,0.07673915733513242,0.255797191117108,1,0,-1.0,-34.26
2014,32,2015-04-20,elche,sociedad,2014|2015-04-20|elche|sociedad,2014|2015-04-20|elche|sociedad,H,D,0.33292400839104896,0.3607772659319862,0.30629872567696487,0.3607772659319862,1.0963848645025067,0.02785325754093726,2.6,3.1,2.9,1.0520236159835714,0.36559577063847093,0.3066287108580724,0.3277755185034567,3.1,0.3607772659319862,0.1184095243891573,0.05638548780436062,1,0,-1.0,-35.26
2014,33,2015-04-24,cordoba,ath bilbao,2014|2015-04-24|cordoba|ath bilbao,2014|2015-04-24|cordoba|athbilbao,A,A,0.22845961649560212,0.17127900645018138,0.6002613770542166,0.6002613770542166,0.9458794821850895,0.37180176055861447,4.2,3.5,1.91,1.0473697332336074,0.2273268269459653,0.27279219233515833,0.49988098071887654,1.91,0.6002613770542166,0.1464992301735536,0.1609881650258831,1,1,0.9099999999999999,-34.35
2014,33,2015-04-25,ath madrid,elche,2014|2015-04-25|ath madrid|elche,2014|2015-04-25|athmadrid|elche,H,H,0.8816817721457272,0.07080826438214656,0.047509963472126264,0.8816817721457272,0.4432637591670702,0.8108735077635806,1.18,7.0,17.0,1.0491382993875518,0.8077654086342655,0.13616616888406188,0.05606842248167254,1.18,0.8816817721457272,0.04038449113195802,0.22435828406643354,1,1,0.17999999999999994,-34.17
2014,33,2015-04-25,espanol,barcelona,2014|2015-04-25|espanol|barcelona,2014|2015-04-25|espanol|barcelona,A,A,0.12956656471315,0.15902319499321269,0.7114102402936373,0.7114102402936373,0.7994133656583029,0.5523870453004246,12.0,6.0,1.25,1.05,0.07936507936507936,0.15873015873015872,0.7619047619047619,1.25,0.7114102402936373,-0.11073719963295336,0.0,1,1,0.25,-33.92
2014,33,2015-04-25,getafe,levante,2014|2015-04-25|getafe|levante,2014|2015-04-25|getafe|levante,A,H,0.4286009609139445,0.26648021759223434,0.3049188214938211,0.4286009609139445,1.0776863525393168,0.1236821394201234,2.2,3.2,3.5,1.0527597402597402,0.4317656129529684,0.2968388589051658,0.27139552814186585,2.2,0.4286009609139445,-0.057077885989322064,0.0,1,0,-1.0,-34.92
2014,33,2015-04-25,sociedad,villarreal,2014|2015-04-25|sociedad|villarreal,2014|2015-04-25|sociedad|villarreal,D,A,0.28161354085100126,0.3472171412344442,0.3711693179145545,0.3711693179145545,1.09201896763136,0.023952176680110293,2.9,3.3,2.5,1.0478578892371995,0.32907857997606704,0.2891902672516953,0.3817311527722378,2.5,0.3711693179145545,-0.07207670521361376,0.0,1,0,-1.0,-35.92
2014,33,2015-04-26,almeria,eibar,2014|2015-04-26|almeria|eibar,2014|2015-04-26|almeria|eibar,H,H,0.42660621602970966,0.3202361169681274,0.2531576670021629,0.42660621602970966,1.075848561250532,0.10637009906158224,2.2,3.2,3.6,1.0448232323232323,0.4350453172205438,0.2990936555891239,0.26586102719033233,2.2,0.42660621602970966,-0.061466324734638644,0.0,1,1,1.2000000000000002,-34.72
2014,33,2015-04-26,celta,real madrid,2014|2015-04-26|celta|real madrid,2014|2015-04-26|celta|realmadrid,A,A,0.22446623983500769,0.23579598306847452,0.5397377770965178,0.5397377770965178,1.008875668009905,0.30394179402804333,5.5,4.33,1.57,1.0497077391945075,0.17320838460970087,0.2200106501970796,0.6067809651932196,1.57,0.5397377770965178,-0.15261168995846697,0.0,1,1,0.5700000000000001,-34.15
2014,33,2015-04-26,malaga,la coruna,2014|2015-04-26|malaga|la coruna,2014|2015-04-26|malaga|lacoruna,D,H,0.5360998952867332,0.273546064431427,0.19035404028183983,0.5360998952867332,1.0045895638378661,0.2625538308553062,1.73,3.6,5.25,1.0462886503348932,0.5524619634322796,0.2654886657605121,0.1820493708072083,1.73,0.5360998952867332,-0.07254718115395159,0.0,1,0,-1.0,-35.15
2014,33,2015-04-26,sevilla,vallecano,2014|2015-04-26|sevilla|vallecano,2014|2015-04-26|sevilla|vallecano,H,H,0.7941030744643441,0.11986185976239039,0.08603506577326543,0.7941030744643441,0.6483949540737786,0.6742412147019538,1.36,5.25,8.0,1.0507703081232491,0.6997667444185273,0.18127290903032325,0.11896034655114963,1.36,0.7941030744643441,0.07998018127150813,0.22216717019863363,1,1,0.3600000000000001,-34.79
2014,33,2015-04-27,valencia,granada,2014|2015-04-27|valencia|granada,2014|2015-04-27|valencia|granada,H,H,0.7758731775348836,0.1437189539141576,0.08040786855095883,0.7758731775348836,0.6783697063845997,0.632154223620726,1.33,5.25,9.5,1.0476190476190474,0.7177033492822967,0.18181818181818185,0.10047846889952154,1.33,0.7758731775348836,0.031911326121395245,0.09670098824665224,1,1,0.33000000000000007,-34.46
2014,34,2015-04-28,ath bilbao,sociedad,2014|2015-04-28|ath bilbao|sociedad,2014|2015-04-28|athbilbao|sociedad,D,H,0.6099044458327858,0.25418144338461407,0.13591411078260007,0.6099044458327858,0.9209713115667557,0.35572300244817173,1.67,3.8,5.5,1.0437784717646048,0.5736872443797865,0.2521204468721693,0.17419230874804426,1.67,0.6099044458327858,0.01854042454075222,0.027672275433958542,1,0,-1.0,-35.46
2014,34,2015-04-28,barcelona,getafe,2014|2015-04-28|barcelona|getafe,2014|2015-04-28|barcelona|getafe,H,H,0.9181803246313355,0.061302783393076925,0.020516891975587554,0.9181803246313355,0.32926934811791553,0.8568775412382585,1.04,17.0,41.0,1.0447522348526652,0.920350710399831,0.05630380816563672,0.0233454814345323,1.04,0.9181803246313355,-0.045092462383411074,0.0,1,1,0.040000000000000036,-35.42
2014,34,2015-04-28,levante,cordoba,2014|2015-04-28|levante|cordoba,2014|2015-04-28|levante|cordoba,H,H,0.5244841812582727,0.2345674764649398,0.24094834227678746,0.5244841812582727,1.0215073865870063,0.2835358389814852,1.85,3.5,4.5,1.0484770484770483,0.5155482815057284,0.27250409165302786,0.2119476268412439,1.85,0.5244841812582727,-0.0297042646721955,0.0,1,1,0.8500000000000001,-34.57
2014,34,2015-04-29,celta,malaga,2014|2015-04-29|celta|malaga,2014|2015-04-29|celta|malaga,H,H,0.639093035825508,0.23187305199577504,0.12903391217871696,0.639093035825508,0.8892430593458596,0.407219983829733,1.73,3.75,5.0,1.0447013487475916,0.5533013648100332,0.2552563629656953,0.1914422722242715,1.73,0.639093035825508,0.10563095197812888,0.14469993421661492,1,1,0.73,-33.839999999999996
2014,34,2015-04-29,eibar,sevilla,2014|2015-04-29|eibar|sevilla,2014|2015-04-29|eibar|sevilla,A,A,0.15118757579531822,0.2028208835431574,0.6459915406615243,0.6459915406615243,0.8914938359335385,0.4431706571183669,6.0,4.0,1.57,1.0536093418259023,0.15818639798488665,0.23727959697732998,0.6045340050377834,1.57,0.6459915406615243,0.014206718838593202,0.024924068137882806,1,1,0.5700000000000001,-33.269999999999996
2014,34,2015-04-29,elche,la coruna,2014|2015-04-29|elche|la coruna,2014|2015-04-29|elche|lacoruna,H,D,0.3527659982143414,0.3566272854613878,0.29060671632427093,0.3566272854613878,1.0943974789674962,0.0038612872470463744,2.25,3.2,3.4,1.051062091503268,0.42285270112708895,0.29731830547998445,0.27982899339292655,3.2,0.3566272854613878,0.141207313476441,0.06418514248929136,1,0,-1.0,-34.269999999999996
2014,34,2015-04-29,real madrid,almeria,2014|2015-04-29|real madrid|almeria,2014|2015-04-29|realmadrid|almeria,H,H,0.9190029296978485,0.06216446029984678,0.018832610002304646,0.9190029296978485,0.3251218323066514,0.8568384693980017,1.06,13.0,29.0,1.054802061958861,0.8943822357183525,0.07292655152780414,0.032691212753843235,1.06,0.9190029296978485,-0.025856894520280574,0.0,1,1,0.06000000000000005,-34.21
2014,34,2015-04-29,villarreal,ath madrid,2014|2015-04-29|villarreal|ath madrid,2014|2015-04-29|villarreal|athmadrid,A,D,0.2004580042107268,0.4881639231616992,0.31137807262757394,0.4881639231616992,1.0355300643429988,0.17678585053412527,3.4,3.3,2.2,1.0516934046345812,0.2796610169491525,0.288135593220339,0.43220338983050843,3.3,0.4881639231616992,0.6109409464336073,0.2656264984493945,1,0,-1.0,-35.21
2014,34,2015-04-30,granada,espanol,2014|2015-04-30|granada|espanol,2014|2015-04-30|granada|espanol,A,A,0.3475841071080967,0.2959678838279157,0.3564480090639876,0.3564480090639876,1.0953511649784675,0.00886390195589093,2.5,3.1,3.0,1.0559139784946237,0.3788187372708758,0.3054989816700611,0.3156822810590631,3.0,0.3564480090639876,0.06934402719196286,0.03467201359598143,1,1,2.0,-33.21
2014,34,2015-04-30,vallecano,valencia,2014|2015-04-30|vallecano|valencia,2014|2015-04-30|vallecano|valencia,D,A,0.2268360878460031,0.2571905852666219,0.515973326887375,0.515973326887375,1.027186095882218,0.25878274162075304,4.0,3.6,1.91,1.0513379872018616,0.23779222575736617,0.2642135841748513,0.49799419006778256,1.91,0.515973326887375,-0.014490945645113884,0.0,1,0,-1.0,-34.21
2014,35,2015-05-01,sociedad,levante,2014|2015-05-01|sociedad|levante,2014|2015-05-01|sociedad|levante,H,H,0.5795918439509545,0.21033851102525583,0.21006964502378975,0.5795918439509545,0.9718280422739992,0.36925333292569873,1.85,3.7,4.33,1.0417576930279009,0.5188735769922108,0.2594367884961054,0.22168963451168364,1.85,0.5795918439509545,0.07224491130926591,0.08499401330501871,1,1,0.8500000000000001,-33.36
2014,35,2015-05-02,ath madrid,ath bilbao,2014|2015-05-02|ath madrid|ath bilbao,2014|2015-05-02|athmadrid|athbilbao,D,H,0.7565178123556682,0.160256193852247,0.08322599379208481,0.7565178123556682,0.7114327874254769,0.5962616185034212,1.4,4.5,8.5,1.054154995331466,0.6775907883082374,0.21080602302922938,0.11160318866253321,1.4,0.7565178123556682,0.05912493729793539,0.1478123432448385,1,0,-1.0,-34.36
2014,35,2015-05-02,cordoba,barcelona,2014|2015-05-02|cordoba|barcelona,2014|2015-05-02|cordoba|barcelona,A,A,0.08391689521566323,0.060976284613650344,0.8551068201706865,0.8551068201706865,0.5123561130427206,0.7711899249550233,26.0,11.0,1.08,1.0552965552965552,0.03644618971652964,0.08614553932997915,0.8774082709534912,1.08,0.8551068201706865,-0.07648463421565851,0.0,1,1,0.08000000000000007,-34.28
2014,35,2015-05-02,la coruna,villarreal,2014|2015-05-02|la coruna|villarreal,2014|2015-05-02|lacoruna|villarreal,D,A,0.2627680737984753,0.2635665969530721,0.4736653292484525,0.4736653292484525,1.0565862961228722,0.2100987322953804,3.6,3.4,2.1,1.0480859010270773,0.26503340757238314,0.28062360801781744,0.4543429844097996,2.1,0.4736653292484525,-0.005302808578249718,0.0,1,0,-1.0,-35.28
2014,35,2015-05-02,sevilla,real madrid,2014|2015-05-02|sevilla|real madrid,2014|2015-05-02|sevilla|realmadrid,A,A,0.180754009575091,0.39834061346454785,0.4209053769603613,0.4209053769603613,1.0400821582838446,0.022564763495813434,3.5,3.6,2.05,1.051296941540844,0.2717731541152642,0.2642238998342847,0.46400294605045117,2.05,0.4209053769603613,-0.13714397723125948,0.0,1,1,1.0499999999999998,-34.23
2014,35,2015-05-03,espanol,vallecano,2014|2015-05-03|espanol|vallecano,2014|2015-05-03|espanol|vallecano,D,H,0.6294105171180028,0.18750174575854256,0.18308773712345466,0.6294105171180028,0.9161154356277621,0.4419087713594602,1.73,3.8,4.5,1.0634147990399891,0.543564639689755,0.24746495438507263,0.20897040592517244,1.73,0.6294105171180028,0.08888019461414481,0.12175369125225317,1,0,-1.0,-35.23
2014,35,2015-05-03,getafe,granada,2014|2015-05-03|getafe|granada,2014|2015-05-03|getafe|granada,A,H,0.47527065004851116,0.26024097068753854,0.2644883792639503,0.47527065004851116,1.0556210789476208,0.21078227078456085,2.05,3.25,4.0,1.0454971857410882,0.4665769403319875,0.294302377747869,0.23912068192014357,2.05,0.47527065004851116,-0.025695167400552277,0.0,1,0,-1.0,-36.23
2014,35,2015-05-03,malaga,elche,2014|2015-05-03|malaga|elche,2014|2015-05-03|malaga|elche,A,H,0.6651283823236079,0.1803316251812243,0.15453999249516776,0.6651283823236079,0.868696210076815,0.4847967571423836,1.62,3.8,6.0,1.0471085120207928,0.5895128762022959,0.25131864722308406,0.1591684765746199,1.62,0.6651283823236079,0.07750797936424492,0.1250128699423305,1,0,-1.0,-37.23
2014,35,2015-05-03,valencia,eibar,2014|2015-05-03|valencia|eibar,2014|2015-05-03|valencia|eibar,H,H,0.8330742284551395,0.11510523939496224,0.05182053214989831,0.8330742284551395,0.5543806039981036,0.7179689890601773,1.22,6.5,13.0,1.0504413619167718,0.78031212484994,0.14645858343337334,0.07322929171668667,1.22,0.8330742284551395,0.016350558715270108,0.07432072143304595,1,1,0.21999999999999997,-37.01
2014,35,2015-05-04,almeria,celta,2014|2015-05-04|almeria|celta,2014|2015-05-04|almeria|celta,D,A,0.19054684144525577,0.2093647786124204,0.6000883799423238,0.6000883799423238,0.9497305228656839,0.39072360132990336,3.75,3.4,2.05,1.0485891917742707,0.25430995165556874,0.2804889172671714,0.4652011310772599,2.05,0.6000883799423238,0.2301811788817636,0.2192201703635844,1,0,-1.0,-38.01
2014,36,2015-05-08,eibar,espanol,2014|2015-05-08|eibar|espanol,2014|2015-05-08|eibar|espanol,A,A,0.2836410128094508,0.2985280890944878,0.4178308980960614,0.4178308980960614,1.0829207165901198,0.11930280900157358,2.8,3.1,2.7,1.050093872674518,0.34010564811052413,0.30719219829337663,0.3527021535960991,2.7,0.4178308980960614,0.12814342485936592,0.0753784852113917,1,1,1.7000000000000002,-36.31
2014,36,2015-05-09,ath bilbao,la coruna,2014|2015-05-09|ath bilbao|la coruna,2014|2015-05-09|athbilbao|lacoruna,D,H,0.5905366291280467,0.28617153863634504,0.1232918322356082,0.5905366291280467,0.927171676039177,0.3043650904917017,1.57,3.8,6.5,1.0539467237422318,0.6043404859191113,0.24968804286658017,0.14597147121430842,1.57,0.5905366291280467,-0.0728574922689666,0.0,1,0,-1.0,-37.31
2014,36,2015-05-09,barcelona,sociedad,2014|2015-05-09|barcelona|sociedad,2014|2015-05-09|barcelona|sociedad,H,H,0.9239135750605842,0.06298147522310393,0.013104949716311777,0.9239135750605842,0.304060797078916,0.8609320998374803,1.05,15.0,34.0,1.0484593837535012,0.9083622762489982,0.06358535933742988,0.028052364413572006,1.05,0.9239135750605842,-0.0298907461863865,0.0,1,1,0.050000000000000044,-37.26
2014,36,2015-05-09,granada,cordoba,2014|2015-05-09|granada|cordoba,2014|2015-05-09|granada|cordoba,H,H,0.8309769997417864,0.08230814255678211,0.08671485770143136,0.8309769997417864,0.5714340322930889,0.744262142040355,1.44,4.5,7.5,1.05,0.6613756613756613,0.21164021164021163,0.12698412698412698,1.44,0.8309769997417864,0.19660687962817236,0.4468338173367554,1,1,0.43999999999999995,-36.82
2014,36,2015-05-09,real madrid,valencia,2014|2015-05-09|real madrid|valencia,2014|2015-05-09|realmadrid|valencia,D,H,0.6251446669282605,0.326885736973888,0.04796959609785149,0.6251446669282605,0.8048737753823769,0.29825892995437253,1.4,4.75,8.0,1.0498120300751879,0.6803939122649956,0.20053715308863027,0.11906893464637423,1.4,0.6251446669282605,-0.12479746630043531,0.0,1,0,-1.0,-37.82
2014,36,2015-05-10,almeria,malaga,2014|2015-05-10|almeria|malaga,2014|2015-05-10|almeria|malaga,A,A,0.3082373960661287,0.30769389849927836,0.3840687054345928,0.3840687054345928,1.0929516702211282,0.0758313093684641,2.63,3.2,2.8,1.0498709940249864,0.3621665319320938,0.2976556184316896,0.34017784963621667,2.8,0.3840687054345928,0.07539237521685982,0.04188465289825546,1,1,1.7999999999999998,-36.019999999999996
2014,36,2015-05-10,celta,sevilla,2014|2015-05-10|celta|sevilla,2014|2015-05-10|celta|sevilla,D,D,0.29719948722326045,0.3956430547500318,0.3071574580267077,0.3956430547500318,1.090031751750247,0.08848559672332412,2.75,3.5,2.5,1.0493506493506493,0.34653465346534656,0.2722772277227723,0.38118811881188125,3.5,0.3956430547500318,0.38475069162511133,0.15390027665004452,1,1,2.5,-33.519999999999996
2014,36,2015-05-10,levante,ath madrid,2014|2015-05-10|levante|ath madrid,2014|2015-05-10|levante|athmadrid,D,A,0.11035894895737024,0.2683323943711236,0.6213086566715063,0.6213086566715063,0.8919297399554906,0.35297626230038265,7.5,3.8,1.53,1.0500859993120055,0.1269737273144205,0.2506060407521457,0.6224202319334338,1.53,0.6213086566715063,-0.049397755292595436,0.0,1,0,-1.0,-34.519999999999996
2014,36,2015-05-10,villarreal,elche,2014|2015-05-10|villarreal|elche,2014|2015-05-10|villarreal|elche,H,H,0.7516762171774874,0.12728985681296948,0.1210339260095431,0.7516762171774874,0.7325322479739045,0.624386360364518,1.36,5.0,8.5,1.0529411764705883,0.6983240223463686,0.18994413407821228,0.11173184357541899,1.36,0.7516762171774874,0.02227965536138299,0.061887931559397175,1,1,0.3600000000000001,-34.16
2014,36,2015-05-11,vallecano,getafe,2014|2015-05-11|vallecano|getafe,2014|2015-05-11|vallecano|getafe,H,H,0.5233020778554708,0.20684170151489242,0.2698562206296369,0.5233020778554708,1.0183054860331489,0.2534458572258339,1.95,3.5,4.0,1.0485347985347986,0.48908296943231444,0.2724890829694323,0.23842794759825325,1.95,0.5233020778554708,0.02043905181816802,0.021514791387545286,1,1,0.95,-33.21
2014,37,2015-05-17,ath madrid,barcelona,2014|2015-05-17|ath madrid|barcelona,2014|2015-05-17|athmadrid|barcelona,A,D,0.10657110569939657,0.4595837303680903,0.4338451639325131,0.4595837303680903,0.9581927233547558,0.025738566435577204,4.75,3.6,1.75,1.0597326649958227,0.19865983445013796,0.2621206148994876,0.5392195506503745,3.6,0.4595837303680903,0.6545014293251252,0.251731318971202,1,0,-1.0,-34.21
2014,37,2015-05-17,cordoba,vallecano,2014|2015-05-17|cordoba|vallecano,2014|2015-05-17|cordoba|vallecano,A,A,0.21340633722047084,0.12375728766126452,0.6628363751182647,0.6628363751182647,0.8607771531317413,0.4494300378977938,4.33,3.75,1.75,1.0690421203123281,0.21603160233725618,0.24944449016541848,0.5345239074973253,1.75,0.6628363751182647,0.15996365645696314,0.21328487527595086,1,1,0.75,-33.46
2014,37,2015-05-17,elche,ath bilbao,2014|2015-05-17|elche|ath bilbao,2014|2015-05-17|elche|athbilbao,A,A,0.24813772771491907,0.29345932891233845,0.4584029433727424,0.4584029433727424,1.0631905130958734,0.16494361446040395,3.5,3.3,2.1,1.064935064935065,0.26829268292682923,0.2845528455284553,0.4471544715447154,2.1,0.4584029433727424,-0.03735381891724099,0.0,1,1,1.1,-32.36
2014,37,2015-05-17,espanol,real madrid,2014|2015-05-17|espanol|real madrid,2014|2015-05-17|espanol|realmadrid,A,A,0.13208801372804835,0.24057935126221852,0.6273326350097331,0.6273326350097331,0.9026503333687581,0.3867532837475146,6.5,4.33,1.5,1.0514597027299106,0.14631673800405498,0.2196440639783735,0.6340391980175715,1.5,0.6273326350097331,-0.059001047485400304,0.0,1,1,0.5,-31.86
2014,37,2015-05-17,getafe,eibar,2014|2015-05-17|getafe|eibar,2014|2015-05-17|getafe|eibar,D,H,0.4048000886870259,0.36339024948238396,0.23180966183059018,0.4048000886870259,1.0728060599068874,0.04140983920464192,2.2,3.2,3.5,1.0527597402597402,0.4317656129529684,0.2968388589051658,0.27139552814186585,2.2,0.4048000886870259,-0.10943980488854299,0.0,1,0,-1.0,-32.86
2014,37,2015-05-17,la coruna,levante,2014|2015-05-17|la coruna|levante,2014|2015-05-17|lacoruna|levante,H,H,0.6478675153190767,0.1570229742717316,0.19510951040919178,0.6478675153190767,0.8907726358556209,0.45275800490988494,1.75,3.6,4.75,1.0597326649958227,0.5392195506503745,0.2621206148994876,0.19865983445013796,1.75,0.6478675153190767,0.13376815180838425,0.17835753574451232,1,1,0.75,-32.11
2014,37,2015-05-17,sevilla,almeria,2014|2015-05-17|sevilla|almeria,2014|2015-05-17|sevilla|almeria,H,H,0.8519078023881548,0.09484487712700387,0.05324732048484137,0.8519078023881548,0.5161136614511683,0.7570629252611509,1.25,6.0,12.0,1.05,0.7619047619047619,0.15873015873015872,0.07936507936507936,1.25,0.8519078023881548,0.06488475298519347,0.2595390119407739,1,1,0.25,-31.86
2014,37,2015-05-17,sociedad,granada,2014|2015-05-17|sociedad|granada,2014|2015-05-17|sociedad|granada,A,H,0.3940360399715742,0.27401397739066236,0.3319499826377633,0.3940360399715742,1.087767617252806,0.062086057333810896,2.15,3.3,3.5,1.0538608678143562,0.44134505158578524,0.28754298815437523,0.2711119602598395,2.15,0.3940360399715742,-0.15282251406111547,0.0,1,0,-1.0,-32.86
2014,37,2015-05-17,valencia,celta,2014|2015-05-17|valencia|celta,2014|2015-05-17|valencia|celta,D,H,0.5253260934614163,0.273354244534564,0.20131966200401966,0.5253260934614163,1.0153956764558543,0.25197184892685237,1.62,4.2,5.25,1.0458553791887124,0.5902192242833053,0.22765598650927488,0.1821247892074199,1.62,0.5253260934614163,-0.14897172859250546,0.0,1,0,-1.0,-33.86
2014,37,2015-05-17,villarreal,malaga,2014|2015-05-17|villarreal|malaga,2014|2015-05-17|villarreal|malaga,H,H,0.4277381961486751,0.3584786491088947,0.21378315474243012,0.4277381961486751,1.0608355414668904,0.06925954703978038,1.85,3.6,4.33,1.0492652005354084,0.5151610291323099,0.2647355288596593,0.22010344200803078,1.85,0.4277381961486751,-0.2086843371249511,0.0,1,1,0.8500000000000001,-33.01
2014,38,2015-05-23,almeria,valencia,2014|2015-05-23|almeria|valencia,2014|2015-05-23|almeria|valencia,A,A,0.21779742196914859,0.20167679401244334,0.5805257840184082,0.5805257840184082,0.9705692550841085,0.36272836204925957,4.75,4.2,1.67,1.0474239490942927,0.20099436906279997,0.2273150602495952,0.5716905706876048,1.67,0.5805257840184082,-0.030521940689258453,0.0,1,1,0.6699999999999999,-32.339999999999996
2014,38,2015-05-23,ath bilbao,villarreal,2014|2015-05-23|ath bilbao|villarreal,2014|2015-05-23|athbilbao|villarreal,H,H,0.5819442188954562,0.25109917710469515,0.16695660399984863,0.5819442188954562,0.9609050268926966,0.3308450417907611,1.67,4.0,5.0,1.0488023952095809,0.5709391949757351,0.2383671139023694,0.19069369112189552,1.67,0.5819442188954562,-0.028153154444588158,0.0,1,1,0.6699999999999999,-31.669999999999998
2014,38,2015-05-23,barcelona,la coruna,2014|2015-05-23|barcelona|la coruna,2014|2015-05-23|barcelona|lacoruna,D,H,0.8201021491235131,0.14710464662324585,0.032793204253241025,0.8201021491235131,0.5566621686954272,0.6729975025002672,1.25,6.0,11.0,1.0575757575757576,0.7564469914040115,0.15759312320916904,0.08595988538681948,1.25,0.8201021491235131,0.025127686404391364,0.10051074561756546,1,0,-1.0,-32.67
2014,38,2015-05-23,celta,espanol,2014|2015-05-23|celta|espanol,2014|2015-05-23|celta|espanol,H,H,0.6163507757775648,0.25472841099219445,0.12892081323024074,0.6163507757775648,0.9107335360899387,0.36162236478537035,1.7,4.0,4.75,1.0487616099071206,0.5608856088560886,0.23837638376383766,0.2007380073800738,1.7,0.6163507757775648,0.04779631882186014,0.0682804554598002,1,1,0.7,-31.97
2014,38,2015-05-23,eibar,cordoba,2014|2015-05-23|eibar|cordoba,2014|2015-05-23|eibar|cordoba,H,H,0.8377833221318246,0.07185590443352374,0.09036077343465175,0.8377833221318246,0.5547096849335401,0.7474225486971728,1.33,5.0,9.5,1.057142857142857,0.7112375533428166,0.18918918918918923,0.09957325746799432,1.33,0.8377833221318246,0.11425181843532678,0.3462176316222023,1,1,0.33000000000000007,-31.64
2014,38,2015-05-23,granada,ath madrid,2014|2015-05-23|granada|ath madrid,2014|2015-05-23|granada|athmadrid,D,D,0.12135019002223563,0.4698175949631003,0.40883221501466405,0.4698175949631003,0.9765220440981826,0.06098537994843628,4.33,2.5,2.3,1.0657294909127422,0.21670309791211276,0.37532976558377934,0.407967136504108,2.5,0.4698175949631003,0.1745439874077508,0.11636265827183385,1,1,1.5,-30.14
2014,38,2015-05-23,levante,elche,2014|2015-05-23|levante|elche,2014|2015-05-23|levante|elche,D,H,0.4275001904659796,0.1995042024810605,0.37299560705296,0.4275001904659796,1.0527187337430783,0.054504583413019614,1.95,3.5,4.0,1.0485347985347986,0.48908296943231444,0.2724890829694323,0.23842794759825325,1.95,0.4275001904659796,-0.16637462859133978,0.0,1,0,-1.0,-31.14
2014,38,2015-05-23,malaga,sevilla,2014|2015-05-23|malaga|sevilla,2014|2015-05-23|malaga|sevilla,A,A,0.24190007285464638,0.2799710215651311,0.47812890558022253,0.47812890558022253,1.0525337747308312,0.19815788401509143,3.3,3.75,2.1,1.0458874458874459,0.2897350993377484,0.25496688741721857,0.4552980132450331,2.1,0.47812890558022253,0.004070701718467351,0.0037006379258794097,1,1,1.1,-30.04
2014,38,2015-05-23,real madrid,getafe,2014|2015-05-23|real madrid|getafe,2014|2015-05-23|realmadrid|getafe,H,H,0.8807281460309042,0.08961859433597481,0.029653259633121005,0.8807281460309042,0.4323608986664621,0.7911095516949294,1.13,9.0,21.0,1.0436859109425483,0.8479138627187078,0.10646029609690442,0.04562584118438761,1.13,0.8807281460309042,-0.004777194985078337,0.0,1,1,0.1299999999999999,-29.91
2014,38,2015-05-23,vallecano,sociedad,2014|2015-05-23|vallecano|sociedad,2014|2015-05-23|vallecano|sociedad,A,H,0.5382590740574292,0.2155133389139826,0.24622758702858816,0.5382590740574292,1.0092489392051873,0.2920314870288411,1.85,3.8,4.0,1.0536984352773826,0.5129935875801552,0.24974687816402294,0.2372595342558218,1.85,0.5382590740574292,-0.004220712993755871,0.0,1,0,-1.0,-30.91
