Season,Matchday,Date,HomeTeam_norm,AwayTeam_norm,pred_key,pred_key_match,y_true,y_pred,proba_H,proba_D,proba_A,conf_maxprob,entropy,margin_top12,B365H,B365D,B365A,overround,pH_mkt,pD_mkt,pA_mkt,odds_pick,p_pick,ev_pick,kelly_pick,bet_placed,correct,profit,cum_profit_season
2022,1,2022-08-12,osasuna,sevilla,2022|2022-08-12|osasuna|sevilla,2022|2022-08-12|osasuna|sevilla,H,D,0.2246309104547608,0.393657586719741,0.3817115028254982,0.393657586719741,1.0700598420409815,0.011946083894242787,3.2,3.1,2.4,1.051747311827957,0.2971246006389776,0.30670926517571884,0.39616613418530355,3.1,0.393657586719741,0.22033851883119704,0.10492310420533192,1,0,-1.0,-1.0
2022,1,2022-08-13,barcelona,vallecano,2022|2022-08-13|barcelona|vallecano,2022|2022-08-13|barcelona|vallecano,D,H,0.7804843986587393,0.13258340061233506,0.08693220072892575,0.7804843986587393,0.6736691000267547,0.6479009980464042,1.22,7.0,12.0,1.045862607338017,0.7837283075200598,0.13659264788206757,0.07967904459787274,1.22,0.7804843986587393,-0.047809033636338066,0.0,1,0,-1.0,-2.0
2022,1,2022-08-13,celta,espanol,2022|2022-08-13|celta|espanol,2022|2022-08-13|celta|espanol,D,H,0.5267288562190636,0.3305492830721251,0.14272186070881127,0.5267288562190636,0.9814467655930008,0.1961795731469385,1.8,3.75,4.75,1.0327485380116959,0.5379388448471122,0.2582106455266138,0.20385050962627407,1.8,0.5267288562190636,-0.05188805880568548,0.0,1,0,-1.0,-3.0
2022,1,2022-08-13,valladolid,villarreal,2022|2022-08-13|valladolid|villarreal,2022|2022-08-13|valladolid|villarreal,A,A,0.3292931522958969,0.2961373764411827,0.3745694712629205,0.3745694712629205,1.0939790740955027,0.04527631896702361,3.9,3.6,1.9,1.0605038236617186,0.2417815482502651,0.2619300106044538,0.4962884411452809,1.9,0.3745694712629205,-0.2883180046004511,0.0,1,1,0.8999999999999999,-2.1
2022,1,2022-08-14,almeria,real madrid,2022|2022-08-14|almeria|real madrid,2022|2022-08-14|almeria|realmadrid,A,A,0.0919354429469746,0.15081775459410582,0.7572468024589197,0.7572468024589197,0.7152834651701737,0.6064290478648139,7.5,5.0,1.4,1.0476190476190477,0.12727272727272726,0.19090909090909092,0.6818181818181818,1.4,0.7572468024589197,0.06014552344248758,0.15036380860621898,1,1,0.3999999999999999,-1.7000000000000002
2022,1,2022-08-14,cadiz,sociedad,2022|2022-08-14|cadiz|sociedad,2022|2022-08-14|cadiz|sociedad,A,A,0.22426596585803502,0.36744986703388755,0.4082841671080774,0.4082841671080774,1.0688770804796883,0.040834300074189867,3.6,3.2,2.2,1.0448232323232323,0.26586102719033233,0.2990936555891239,0.4350453172205438,2.2,0.4082841671080774,-0.10177483236222956,0.0,1,1,1.2000000000000002,-0.5
2022,1,2022-08-14,valencia,girona,2022|2022-08-14|valencia|girona,2022|2022-08-14|valencia|girona,H,H,0.5003046092980151,0.36684911350580096,0.13284627719618392,0.5003046092980151,0.9825165549360266,0.13345549579221416,1.85,3.4,4.5,1.056880409821586,0.5114491057997661,0.2782884840381081,0.21026241016212607,1.85,0.5003046092980151,-0.074436472798672,0.0,1,1,0.8500000000000001,0.3500000000000001
2022,1,2022-08-15,ath bilbao,mallorca,2022|2022-08-15|ath bilbao|mallorca,2022|2022-08-15|athbilbao|mallorca,D,H,0.5543514301089135,0.3092551906282012,0.13639337926288528,0.5543514301089135,0.961706064944722,0.2450962394807123,1.6,3.75,6.5,1.0455128205128204,0.5977927651747396,0.25505824647455555,0.1471489883507051,1.6,0.5543514301089135,-0.1130377118257383,0.0,1,0,-1.0,-0.6499999999999999
2022,1,2022-08-15,betis,elche,2022|2022-08-15|betis|elche,2022|2022-08-15|betis|elche,H,H,0.6203434043364153,0.24140592968622834,0.1382506659773564,0.6203434043364153,0.9128619384880058,0.378937474650187,1.44,4.5,7.0,1.0595238095238095,0.6554307116104868,0.2097378277153558,0.1348314606741573,1.44,0.6203434043364153,-0.10670549775556198,0.0,1,1,0.43999999999999995,-0.20999999999999996
2022,1,2022-08-15,getafe,ath madrid,2022|2022-08-15|getafe|ath madrid,2022|2022-08-15|getafe|athmadrid,A,A,0.15843034567631337,0.310249529015652,0.5313201253080347,0.5313201253080347,0.9910096186045737,0.22107059629238274,5.0,3.1,1.9,1.0488964346349745,0.19067659436710913,0.30754289414049857,0.5017805114923923,1.9,0.5313201253080347,0.009508238085265963,0.01056470898362885,1,1,0.8999999999999999,0.69
2022,2,2022-08-19,espanol,vallecano,2022|2022-08-19|espanol|vallecano,2022|2022-08-19|espanol|vallecano,A,H,0.4082171437916735,0.351053280656762,0.24072957555156455,0.4082171437916735,1.0760516801222888,0.05716386313491151,2.45,3.1,3.1,1.053324555628703,0.3875,0.30625,0.30625,2.45,0.4082171437916735,0.0001320022896001971,9.103606179323938e-05,1,0,-1.0,-0.31000000000000005
2022,2,2022-08-19,sevilla,valladolid,2022|2022-08-19|sevilla|valladolid,2022|2022-08-19|sevilla|valladolid,D,H,0.5805528797947483,0.30246422796365524,0.11698289224159648,0.5805528797947483,0.9283875885545754,0.2780886518310931,1.5,4.2,6.5,1.0586080586080584,0.6297577854671281,0.2249134948096886,0.14532871972318342,1.5,0.5805528797947483,-0.12917068030787748,0.0,1,0,-1.0,-1.31
2022,2,2022-08-20,celta,real madrid,2022|2022-08-20|celta|real madrid,2022|2022-08-20|celta|realmadrid,A,A,0.14820383109955057,0.17391136190380369,0.6778848069966458,0.6778848069966458,0.8506998682366322,0.5039734450928421,4.5,4.2,1.66,1.0627270988716773,0.20910563253554074,0.2240417491452222,0.5668526183192371,1.66,0.6778848069966458,0.1252887796144319,0.1898314842642908,1,1,0.6599999999999999,-0.6500000000000001
2022,2,2022-08-20,mallorca,betis,2022|2022-08-20|mallorca|betis,2022|2022-08-20|mallorca|betis,A,A,0.29842978727971303,0.346802629888562,0.35476758283172505,0.35476758283172505,1.0957741886396342,0.007964952943163073,3.1,3.2,2.4,1.051747311827957,0.30670926517571884,0.2971246006389776,0.39616613418530355,2.4,0.35476758283172505,-0.14855780120385992,0.0,1,1,1.4,0.7499999999999998
2022,2,2022-08-20,osasuna,cadiz,2022|2022-08-20|osasuna|cadiz,2022|2022-08-20|osasuna|cadiz,H,H,0.4429970916804293,0.3454515309077876,0.21155137741178318,0.4429970916804293,1.0564662531078417,0.0975455607726417,1.9,3.25,4.5,1.056230319388214,0.49829642248722317,0.29131175468483816,0.21039182282793867,1.9,0.4429970916804293,-0.15830552580718438,0.0,1,1,0.8999999999999999,1.6499999999999997
2022,2,2022-08-21,ath bilbao,valencia,2022|2022-08-21|ath bilbao|valencia,2022|2022-08-21|athbilbao|valencia,H,H,0.48581445091959596,0.3284340948992625,0.1857514541811414,0.48581445091959596,1.0290920193669644,0.15738035602033346,1.8,3.75,4.5,1.0444444444444443,0.5319148936170214,0.25531914893617025,0.21276595744680854,1.8,0.48581445091959596,-0.12553398834472723,0.0,1,1,0.8,2.4499999999999997
2022,2,2022-08-21,ath madrid,villarreal,2022|2022-08-21|ath madrid|villarreal,2022|2022-08-21|athmadrid|villarreal,A,H,0.5486654825612232,0.27569089003015,0.17564362740862688,0.5486654825612232,0.9900628860461641,0.27297459253107315,1.85,3.5,4.33,1.0572017084719163,0.511293669135136,0.2702552251142862,0.21845110575057775,1.85,0.5486654825612232,0.015031142738262893,0.017683697339132814,1,0,-1.0,1.4499999999999997
2022,2,2022-08-21,sociedad,barcelona,2022|2022-08-21|sociedad|barcelona,2022|2022-08-21|sociedad|barcelona,A,A,0.18509373402295226,0.38197691601478895,0.43292934996225874,0.43292934996225874,1.04228612932444,0.05095243394746979,3.3,3.6,2.1,1.0569985569985572,0.28668941979522183,0.26279863481228666,0.4505119453924914,2.1,0.43292934996225874,-0.09084836507925664,0.0,1,1,1.1,2.55
2022,2,2022-08-22,elche,almeria,2022|2022-08-22|elche|almeria,2022|2022-08-22|elche|almeria,D,D,0.3546985880345665,0.36409557356017963,0.28120583840525387,0.36409557356017963,1.09225730254563,0.009396985525613133,2.5,3.2,3.0,1.0458333333333334,0.38247011952191234,0.298804780876494,0.31872509960159356,3.2,0.36409557356017963,0.16510583539257484,0.07504810699662492,1,1,2.2,4.75
2022,2,2022-08-22,girona,getafe,2022|2022-08-22|girona|getafe,2022|2022-08-22|girona|getafe,H,D,0.3708276365383423,0.3909267529195407,0.23824561054211707,0.3909267529195407,1.076791943974809,0.020099116381198434,2.8,2.9,2.9,1.0467980295566504,0.34117647058823525,0.32941176470588235,0.32941176470588235,2.9,0.3909267529195407,0.13368758346666798,0.07036188603508842,1,0,-1.0,3.75
2022,3,2022-08-26,betis,osasuna,2022|2022-08-26|betis|osasuna,2022|2022-08-26|betis|osasuna,H,H,0.4636214478465452,0.37506273723741645,0.16131581491603839,0.4636214478465452,1.0184926592528951,0.08855871060912873,1.8,3.6,4.75,1.043859649122807,0.5322128851540617,0.26610644257703087,0.20168067226890757,1.8,0.4636214478465452,-0.16548139387621857,0.0,1,1,0.8,4.55
2022,3,2022-08-26,girona,celta,2022|2022-08-26|girona|celta,2022|2022-08-26|girona|celta,A,A,0.2931644097307115,0.327857569310686,0.3789780209586025,0.3789780209586025,1.0930516702054025,0.05112045164791651,2.8,3.1,2.75,1.043359865940511,0.3423007428227264,0.30917486448504317,0.3485243926922305,2.75,0.3789780209586025,0.04218955763615684,0.02410831864923248,1,1,1.75,6.3
2022,3,2022-08-27,almeria,sevilla,2022|2022-08-27|almeria|sevilla,2022|2022-08-27|almeria|sevilla,H,A,0.2113798127384758,0.32593171721313563,0.4626884700483886,0.4626884700483886,1.0504911142305184,0.13675675283525296,3.6,3.25,2.15,1.050586364539853,0.2644026109166588,0.29287673824614513,0.4427206508371961,2.15,0.4626884700483886,-0.005219789395964569,0.0,1,0,-1.0,5.3
2022,3,2022-08-27,elche,sociedad,2022|2022-08-27|elche|sociedad,2022|2022-08-27|elche|sociedad,A,A,0.19880987577634224,0.25524299574514714,0.5459471284785106,0.5459471284785106,1.000128355998024,0.29070413273336343,3.6,3.2,2.15,1.0553940568475453,0.2631981637337414,0.29609793420045905,0.4407039020657995,2.15,0.5459471284785106,0.17378632622879764,0.15111854454678056,1,1,1.15,6.45
2022,3,2022-08-27,vallecano,mallorca,2022|2022-08-27|vallecano|mallorca,2022|2022-08-27|vallecano|mallorca,A,H,0.41542523127715747,0.342355332985548,0.24221943573729446,0.41542523127715747,1.0753498071209942,0.07306989829160948,2.05,3.25,4.0,1.0454971857410882,0.4665769403319875,0.294302377747869,0.23912068192014357,2.05,0.41542523127715747,-0.14837827588182728,0.0,1,0,-1.0,5.45
2022,3,2022-08-28,barcelona,valladolid,2022|2022-08-28|barcelona|valladolid,2022|2022-08-28|barcelona|valladolid,H,H,0.7601247140818608,0.17064286677689514,0.06923241914124412,0.7601247140818608,0.6950795815432829,0.5894818473049657,1.14,8.5,15.0,1.0615067079463365,0.8263659342796034,0.11083025471514679,0.06280381100524984,1.14,0.7601247140818608,-0.1334578259466788,0.0,1,1,0.1399999999999999,5.59
2022,3,2022-08-28,espanol,real madrid,2022|2022-08-28|espanol|real madrid,2022|2022-08-28|espanol|realmadrid,A,A,0.10117724932771623,0.09721600427238918,0.8016067463998946,0.8016067463998946,0.6356430915700811,0.7004294970721784,6.5,4.75,1.45,1.0540276420494208,0.14596026490066225,0.1997350993377483,0.6543046357615894,1.45,0.8016067463998946,0.16232978227984712,0.36073284951077145,1,1,0.44999999999999996,6.04
2022,3,2022-08-28,getafe,villarreal,2022|2022-08-28|getafe|villarreal,2022|2022-08-28|getafe|villarreal,D,A,0.23111176247370557,0.23041910418647665,0.5384691333398178,0.5384691333398178,1.0100928043484534,0.30735737086611226,4.33,3.4,1.85,1.065605069816454,0.21672840037901628,0.2760099922473943,0.5072616073735894,1.85,0.5384691333398178,-0.003832103321336988,0.0,1,0,-1.0,5.04
2022,3,2022-08-29,cadiz,ath bilbao,2022|2022-08-29|cadiz|ath bilbao,2022|2022-08-29|cadiz|athbilbao,A,D,0.22513545073564076,0.4205338617127129,0.3543306875516464,0.4205338617127129,1.0675948892432476,0.06620317416106652,3.6,3.2,2.15,1.0553940568475453,0.2631981637337414,0.29609793420045905,0.4407039020657995,3.2,0.4205338617127129,0.3457083574806813,0.15714016249121876,1,0,-1.0,4.04
2022,3,2022-08-29,valencia,ath madrid,2022|2022-08-29|valencia|ath madrid,2022|2022-08-29|valencia|athmadrid,A,A,0.24864245992163955,0.27777600951047976,0.4735815305678807,0.4735815305678807,1.0558295568937366,0.19580552105740096,4.0,3.3,2.0,1.053030303030303,0.23741007194244607,0.2877697841726619,0.47482014388489213,2.0,0.4735815305678807,-0.052836938864238514,0.0,1,1,1.0,5.04
2022,4,2022-09-02,celta,cadiz,2022|2022-09-02|celta|cadiz,2022|2022-09-02|celta|cadiz,H,H,0.5948285797564054,0.2582787611261281,0.14689265911746663,0.5948285797564054,0.9403867220014049,0.3365498186302773,1.66,3.6,5.5,1.0620055981501766,0.5672377241734945,0.261559617257778,0.17120265856872743,1.66,0.5948285797564054,-0.012584557604367164,0.0,1,1,0.6599999999999999,5.699999999999999
2022,4,2022-09-03,mallorca,girona,2022|2022-09-03|mallorca|girona,2022|2022-09-03|mallorca|girona,D,D,0.3735936007813081,0.37674097335907103,0.24966542585962087,0.37674097335907103,1.0820529722595655,0.0031473725777629302,2.15,3.2,3.6,1.055394056847545,0.4407039020657996,0.2960979342004591,0.26319816373374144,3.2,0.37674097335907103,0.20557111474902734,0.09344141579501242,1,1,2.2,7.9
2022,4,2022-09-03,real madrid,betis,2022|2022-09-03|real madrid|betis,2022|2022-09-03|realmadrid|betis,H,H,0.7365466247334599,0.18345760018750212,0.07999577507903795,0.7365466247334599,0.7383772963767663,0.5530890245459578,1.4,5.25,6.5,1.0586080586080586,0.6747404844290658,0.17993079584775085,0.1453287197231834,1.4,0.7365466247334599,0.031165274626843764,0.07791318656710942,1,1,0.3999999999999999,8.3
2022,4,2022-09-03,sevilla,barcelona,2022|2022-09-03|sevilla|barcelona,2022|2022-09-03|sevilla|barcelona,A,A,0.1920439868955535,0.29426203131693346,0.513693981787513,0.513693981787513,1.0190304418382399,0.21943195047057956,4.5,3.6,1.8,1.0555555555555556,0.21052631578947367,0.2631578947368421,0.5263157894736842,1.8,0.513693981787513,-0.07535083278247656,0.0,1,1,0.8,9.1
2022,4,2022-09-03,sociedad,ath madrid,2022|2022-09-03|sociedad|ath madrid,2022|2022-09-03|sociedad|athmadrid,D,D,0.32657644287853527,0.36830065000688916,0.30512290711457557,0.36830065000688916,1.095541314687762,0.041724207128353896,2.9,3.2,2.55,1.0494844489519948,0.3285685524461445,0.29776525065431847,0.37366619689953695,3.2,0.36830065000688916,0.17856208002204543,0.08116458182820246,1,1,2.2,11.3
2022,4,2022-09-04,ath bilbao,espanol,2022|2022-09-04|ath bilbao|espanol,2022|2022-09-04|athbilbao|espanol,A,H,0.6344179459167788,0.24861876640415093,0.11696328767907019,0.6344179459167788,0.8857173461439927,0.3857991795126279,1.53,4.0,6.5,1.057440925087984,0.6180910495661476,0.23641982645905146,0.1454891239748009,1.53,0.6344179459167788,-0.02934054274732839,0.0,1,0,-1.0,10.3
2022,4,2022-09-04,osasuna,vallecano,2022|2022-09-04|osasuna|vallecano,2022|2022-09-04|osasuna|vallecano,H,H,0.4690790774343045,0.3502521322576912,0.18066879030800442,0.4690790774343045,1.0316760579721307,0.1188269451766133,2.0,3.1,4.33,1.0535275273783804,0.47459604709542835,0.3061909981260828,0.21921295477848884,2.0,0.4690790774343045,-0.06184184513139096,0.0,1,1,1.0,11.3
2022,4,2022-09-04,valencia,getafe,2022|2022-09-04|valencia|getafe,2022|2022-09-04|valencia|getafe,H,H,0.5193570989773162,0.3447548177821661,0.13588808324051765,0.5193570989773162,0.9786230123678363,0.1746022811951501,1.9,3.2,4.5,1.0610380116959064,0.496038580778505,0.29452290733723735,0.20943851188425766,1.9,0.5193570989773162,-0.013221511943099284,0.0,1,1,0.8999999999999999,12.2
2022,4,2022-09-04,villarreal,elche,2022|2022-09-04|villarreal|elche,2022|2022-09-04|villarreal|elche,H,H,0.7227544878899489,0.19839359165236675,0.07885192045768431,0.7227544878899489,0.7558685022105378,0.5243608962375821,1.33,5.0,10.0,1.0518796992481203,0.7147962830593281,0.1901358112937813,0.09506790564689065,1.33,0.7227544878899489,-0.03873653110636793,0.0,1,1,0.33000000000000007,12.53
2022,4,2022-09-05,valladolid,almeria,2022|2022-09-05|valladolid|almeria,2022|2022-09-05|valladolid|almeria,H,H,0.4339279415847361,0.264743331016948,0.30132872739831595,0.4339279415847361,1.0755787218810213,0.13259921418642012,2.3,3.3,3.1,1.0603935568872456,0.41002004008016035,0.28577154308617236,0.30420841683366734,2.3,0.4339279415847361,-0.0019657343551070516,0.0,1,1,1.2999999999999998,13.83
2022,5,2022-09-09,girona,valladolid,2022|2022-09-09|girona|valladolid,2022|2022-09-09|girona|valladolid,H,H,0.43404859373905125,0.3356787987378198,0.23027260752312895,0.43404859373905125,1.0668369327703804,0.09836979500123144,2.25,3.25,3.4,1.0462543991955757,0.4247957712638154,0.2940893801057184,0.2811148486304661,2.25,0.43404859373905125,-0.02339066408713464,0.0,1,1,1.25,15.08
2022,5,2022-09-10,ath madrid,celta,2022|2022-09-10|ath madrid|celta,2022|2022-09-10|athmadrid|celta,H,H,0.5376708213610738,0.3319478825317038,0.13038129610722243,0.5376708213610738,0.9653188276478973,0.20572293882936998,1.61,3.8,6.0,1.050942573825869,0.5910104204468868,0.2504017833998652,0.15858779615324795,1.61,0.5376708213610738,-0.13434997760867112,0.0,1,1,0.6100000000000001,15.69
2022,5,2022-09-10,cadiz,barcelona,2022|2022-09-10|cadiz|barcelona,2022|2022-09-10|cadiz|barcelona,A,A,0.06699162397214967,0.12114203050687257,0.8118663455209778,0.8118663455209778,0.6060053346931453,0.6907243150141053,13.0,6.5,1.22,1.0504413619167718,0.07322929171668667,0.14645858343337334,0.78031212484994,1.22,0.8118663455209778,-0.009523058464407097,0.0,1,1,0.21999999999999997,15.91
2022,5,2022-09-10,espanol,sevilla,2022|2022-09-10|espanol|sevilla,2022|2022-09-10|espanol|sevilla,A,D,0.2620252628584868,0.45647200331166415,0.2815027338298489,0.45647200331166415,1.0657488400900132,0.17496926948181524,2.87,3.25,2.5,1.0561243634414366,0.3299157445944574,0.2913409806111055,0.37874327479443715,3.25,0.45647200331166415,0.4835340107629086,0.21490400478351493,1,0,-1.0,14.91
2022,5,2022-09-10,vallecano,valencia,2022|2022-09-10|vallecano|valencia,2022|2022-09-10|vallecano|valencia,H,D,0.3521904343689053,0.3692462495588382,0.27856331607225643,0.3692462495588382,1.0914514725290017,0.017055815189932932,2.62,3.1,2.87,1.0526920902233963,0.36257457698953477,0.30643399732663906,0.33099142568382617,3.1,0.3692462495588382,0.14466337363239856,0.06888732077733264,1,0,-1.0,13.91
2022,5,2022-09-11,betis,villarreal,2022|2022-09-11|betis|villarreal,2022|2022-09-11|betis|villarreal,H,A,0.31405526900898334,0.3407649004218458,0.3451798305691709,0.3451798305691709,1.0977534619304294,0.00441493014732508,2.8,3.4,2.5,1.0512605042016807,0.33972821742605913,0.2797761790567546,0.38049560351718625,2.5,0.3451798305691709,-0.13705042357707276,0.0,1,0,-1.0,12.91
2022,5,2022-09-11,elche,ath bilbao,2022|2022-09-11|elche|ath bilbao,2022|2022-09-11|elche|athbilbao,A,A,0.21093136435731336,0.3487416885124946,0.4403269471301919,0.4403269471301919,1.056801710936643,0.09158525861769728,4.0,3.6,1.9,1.054093567251462,0.23717059639389737,0.2635228848821082,0.49930651872399445,1.9,0.4403269471301919,-0.16337880045263553,0.0,1,1,0.8999999999999999,13.809999999999999
2022,5,2022-09-11,getafe,sociedad,2022|2022-09-11|getafe|sociedad,2022|2022-09-11|getafe|sociedad,H,A,0.25156498178836345,0.2711205309938619,0.47731448721777464,0.47731448721777464,1.0540496444767755,0.20619395622391273,3.75,3.0,2.15,1.0651162790697675,0.25036390101892286,0.31295487627365354,0.43668122270742354,2.15,0.47731448721777464,0.026226147518215392,0.022805345668013385,1,0,-1.0,12.809999999999999
2022,5,2022-09-11,real madrid,mallorca,2022|2022-09-11|real madrid|mallorca,2022|2022-09-11|realmadrid|mallorca,H,H,0.7552667909434521,0.181304209227113,0.06342899982943488,0.7552667909434521,0.6965093847714856,0.5739625817163391,1.25,6.0,11.0,1.0575757575757576,0.7564469914040115,0.15759312320916904,0.08595988538681948,1.25,0.7552667909434521,-0.055916511320684925,0.0,1,1,0.25,13.059999999999999
2022,5,2022-09-12,almeria,osasuna,2022|2022-09-12|almeria|osasuna,2022|2022-09-12|almeria|osasuna,A,H,0.3682007884438802,0.3458320074462215,0.2859672041098983,0.3682007884438802,1.0930805629214588,0.02236878099765871,2.6,3.25,2.75,1.0559440559440558,0.3642384105960265,0.29139072847682124,0.34437086092715236,2.6,0.3682007884438802,-0.04267795004591135,0.0,1,0,-1.0,12.059999999999999
2022,6,2022-09-16,valladolid,cadiz,2022|2022-09-16|valladolid|cadiz,2022|2022-09-16|valladolid|cadiz,A,H,0.608748012714052,0.21771603181282986,0.1735359554731182,0.608748012714052,0.9380003050501873,0.39103198090122215,2.0,3.25,4.0,1.0576923076923077,0.4727272727272727,0.2909090909090909,0.23636363636363636,2.0,0.608748012714052,0.21749602542810398,0.21749602542810398,1,0,-1.0,11.059999999999999
2022,6,2022-09-17,ath bilbao,vallecano,2022|2022-09-17|ath bilbao|vallecano,2022|2022-09-17|athbilbao|vallecano,H,H,0.6604794918072616,0.20722054213793364,0.13229996605480476,0.6604794918072616,0.8677199718854864,0.453258949669328,1.53,4.0,6.5,1.057440925087984,0.6180910495661476,0.23641982645905146,0.1454891239748009,1.53,0.6604794918072616,0.010533622465110304,0.019874759368132648,1,1,0.53,11.59
2022,6,2022-09-17,barcelona,elche,2022|2022-09-17|barcelona|elche,2022|2022-09-17|barcelona|elche,H,H,0.8880808717967134,0.06501296908823523,0.046906159115051485,0.8880808717967134,0.4266142895794554,0.8230679027084782,1.08,11.0,26.0,1.0552965552965552,0.8774082709534912,0.08614553932997915,0.03644618971652964,1.08,0.8880808717967134,-0.040872658459549516,0.0,1,1,0.08000000000000007,11.67
2022,6,2022-09-17,mallorca,almeria,2022|2022-09-17|mallorca|almeria,2022|2022-09-17|mallorca|almeria,H,H,0.4368932611697039,0.3358885778704133,0.2272181609598828,0.4368932611697039,1.064924940264529,0.10100468329929058,2.0,3.3,4.0,1.053030303030303,0.47482014388489213,0.2877697841726619,0.23741007194244607,2.0,0.4368932611697039,-0.12621347766059227,0.0,1,1,1.0,12.67
2022,6,2022-09-17,valencia,celta,2022|2022-09-17|valencia|celta,2022|2022-09-17|valencia|celta,H,H,0.4390074489549595,0.3582601396681003,0.2027324113769402,0.4390074489549595,1.0526948131793064,0.08074730928685925,2.3,3.2,3.3,1.0503129117259553,0.41395531164249316,0.2975303802430419,0.2885143081144649,2.3,0.4390074489549595,0.00971713259640683,0.007474717381851409,1,1,1.2999999999999998,13.969999999999999
2022,6,2022-09-18,ath madrid,real madrid,2022|2022-09-18|ath madrid|real madrid,2022|2022-09-18|athmadrid|realmadrid,A,A,0.23042554020082537,0.29416059924406024,0.47541386055511436,0.47541386055511436,1.0516717840357548,0.18125326131105413,3.1,3.4,2.3,1.0514809009157662,0.3067869752844252,0.27971753628874063,0.41349548842683403,2.3,0.47541386055511436,0.0934518792767629,0.07188606098212533,1,1,1.2999999999999998,15.27
2022,6,2022-09-18,betis,girona,2022|2022-09-18|betis|girona,2022|2022-09-18|betis|girona,H,H,0.5087575572591813,0.3137119365446682,0.1775305061961505,0.5087575572591813,1.014371576450954,0.19504562071451303,1.75,3.6,5.0,1.0492063492063493,0.5446293494704992,0.264750378214826,0.19062027231467474,1.75,0.5087575572591813,-0.10967427479643277,0.0,1,1,0.75,16.02
2022,6,2022-09-18,osasuna,getafe,2022|2022-09-18|osasuna|getafe,2022|2022-09-18|osasuna|getafe,A,H,0.5803489460523185,0.2836355009904644,0.1360155529572171,0.5803489460523185,0.9445311766523055,0.29671344506185404,1.8,3.4,5.0,1.0496732026143791,0.5292652552926526,0.28019925280199254,0.19053549190535493,1.8,0.5803489460523185,0.04462810289417324,0.05578512861771655,1,0,-1.0,15.02
2022,6,2022-09-18,sociedad,espanol,2022|2022-09-18|sociedad|espanol,2022|2022-09-18|sociedad|espanol,H,H,0.5209638723177351,0.31480203148376557,0.1642340961984993,0.5209638723177351,1.000241776040137,0.20616184083396955,1.7,3.6,5.0,1.0660130718954248,0.5518087063151441,0.26057633353770693,0.187614960147149,1.7,0.5209638723177351,-0.11436141705985031,0.0,1,1,0.7,15.719999999999999
2022,6,2022-09-18,villarreal,sevilla,2022|2022-09-18|villarreal|sevilla,2022|2022-09-18|villarreal|sevilla,D,H,0.5362838036795345,0.25576691481377284,0.20794928150669265,0.5362838036795345,1.0094655850440202,0.2805168888657617,1.7,3.8,5.0,1.0513931888544892,0.5594817432273262,0.2502944640753828,0.19022379269729095,1.7,0.5362838036795345,-0.08831753374479129,0.0,1,0,-1.0,14.719999999999999
2022,7,2022-09-30,ath bilbao,almeria,2022|2022-09-30|ath bilbao|almeria,2022|2022-09-30|athbilbao|almeria,H,H,0.7445605629213267,0.154840066920648,0.10059937015802523,0.7445605629213267,0.7394866949253913,0.5897204960006787,1.33,5.0,9.5,1.057142857142857,0.7112375533428166,0.18918918918918923,0.09957325746799432,1.33,0.7445605629213267,-0.00973445131463549,0.0,1,1,0.33000000000000007,15.049999999999999
2022,7,2022-10-01,cadiz,villarreal,2022|2022-10-01|cadiz|villarreal,2022|2022-10-01|cadiz|villarreal,D,A,0.1329270192745762,0.23608135263091537,0.6309916280945085,0.6309916280945085,0.8995908859466215,0.39491027546359314,6.0,4.0,1.57,1.0536093418259023,0.15818639798488665,0.23727959697732998,0.6045340050377834,1.57,0.6309916280945085,-0.009343143891621664,0.0,1,0,-1.0,14.049999999999999
2022,7,2022-10-01,getafe,valladolid,2022|2022-10-01|getafe|valladolid,2022|2022-10-01|getafe|valladolid,A,D,0.3045348907104001,0.5027768503648623,0.1926882589247375,0.5027768503648623,1.0250927581456923,0.19824195965446223,2.3,3.0,3.5,1.0538302277432714,0.41257367387033395,0.3163064833005893,0.2711198428290766,3.0,0.5027768503648623,0.5083305510945869,0.25416527554729346,1,0,-1.0,13.049999999999999
2022,7,2022-10-01,mallorca,barcelona,2022|2022-10-01|mallorca|barcelona,2022|2022-10-01|mallorca|barcelona,A,A,0.048211645864265476,0.1030299002043473,0.8487584539313873,0.8487584539313873,0.5195248888249181,0.7457285537270399,9.0,5.0,1.36,1.0464052287581698,0.10618363522798252,0.19113054341036856,0.702685821361649,1.36,0.8487584539313873,0.15431149734668675,0.42864304818524085,1,1,0.3600000000000001,13.41
2022,7,2022-10-01,sevilla,ath madrid,2022|2022-10-01|sevilla|ath madrid,2022|2022-10-01|sevilla|athmadrid,A,D,0.3198216180776736,0.35103990708180977,0.32913847484051667,0.35103990708180977,1.097845983895297,0.021901432241293095,3.0,3.2,2.5,1.0458333333333334,0.31872509960159356,0.298804780876494,0.38247011952191234,3.2,0.35103990708180977,0.12332770266179127,0.05605804666445057,1,0,-1.0,12.41
2022,7,2022-10-02,celta,betis,2022|2022-10-02|celta|betis,2022|2022-10-02|celta|betis,H,H,0.4330971765192547,0.3140948558927389,0.2528079675880064,0.4330971765192547,1.073796099571254,0.11900232062651583,2.45,3.4,2.87,1.0507129681140748,0.38846314616134875,0.27992197296920723,0.3316148808694441,2.45,0.4330971765192547,0.06108808247217412,0.04212971204977525,1,1,1.4500000000000002,13.86
2022,7,2022-10-02,espanol,valencia,2022|2022-10-02|espanol|valencia,2022|2022-10-02|espanol|valencia,D,H,0.3799097577000184,0.32171723891349474,0.29837300338648687,0.3799097577000184,1.0933942160767958,0.05819251878652365,2.62,3.3,2.7,1.0550800627136505,0.36175395858708886,0.28721071863581,0.3510353227771011,2.62,0.3799097577000184,-0.004636434825951885,0.0,1,0,-1.0,12.86
2022,7,2022-10-02,girona,sociedad,2022|2022-10-02|girona|sociedad,2022|2022-10-02|girona|sociedad,A,A,0.26579287665764895,0.29349609152825495,0.44071103181409615,0.44071103181409615,1.0730834283951225,0.1472149402858412,3.25,3.2,2.3,1.0549749163879598,0.2916584109371904,0.29621557360808404,0.41212601545472566,2.3,0.44071103181409615,0.013635373172421028,0.010488748594170023,1,1,1.2999999999999998,14.16
2022,7,2022-10-02,real madrid,osasuna,2022|2022-10-02|real madrid|osasuna,2022|2022-10-02|realmadrid|osasuna,D,H,0.7755768220794039,0.12857367294986444,0.09584950497073168,0.7755768220794039,0.6856134297200628,0.6470031491295395,1.3,5.5,9.5,1.056312108943688,0.7282229965156793,0.17212543554006968,0.09965156794425085,1.3,0.7755768220794039,0.008249868703225138,0.02749956234408379,1,0,-1.0,13.16
2022,7,2022-10-03,vallecano,elche,2022|2022-10-03|vallecano|elche,2022|2022-10-03|vallecano|elche,H,H,0.6525355584109043,0.21547481579412367,0.13198962579497203,0.6525355584109043,0.8765785996164184,0.43706074261678063,1.72,3.6,5.25,1.0496493170911776,0.5538948478987163,0.26463864955160893,0.18146650254967467,1.72,0.6525355584109043,0.12236116046675533,0.16994605620382686,1,1,0.72,13.879999999999999
2022,8,2022-10-07,osasuna,valencia,2022|2022-10-07|osasuna|valencia,2022|2022-10-07|osasuna|valencia,A,H,0.3428123992228649,0.3307282411165737,0.32645935966056144,0.3428123992228649,1.0983971934033536,0.01208415810629121,2.4,3.2,3.1,1.051747311827957,0.39616613418530355,0.2971246006389776,0.30670926517571884,2.4,0.3428123992228649,-0.17725024186512434,0.0,1,0,-1.0,12.879999999999999
2022,8,2022-10-08,almeria,vallecano,2022|2022-10-08|almeria|vallecano,2022|2022-10-08|almeria|vallecano,H,A,0.29351645465315745,0.30755311161705945,0.39893043372978315,0.39893043372978315,1.0890413738842337,0.0913773221127237,2.9,3.3,2.55,1.0400147519822975,0.3315602836879433,0.291371158392435,0.37706855791962185,2.55,0.39893043372978315,0.017272606010947045,0.011143616781256159,1,0,-1.0,11.879999999999999
2022,8,2022-10-08,ath madrid,girona,2022|2022-10-08|ath madrid|girona,2022|2022-10-08|athmadrid|girona,H,H,0.6358727230432942,0.23074988451527492,0.133377392441431,0.6358727230432942,0.894970634570302,0.40512283852801934,1.45,4.33,7.5,1.0539353879642166,0.6543619089837492,0.21912812194605918,0.12650996907019152,1.45,0.6358727230432942,-0.0779845515872234,0.0,1,1,0.44999999999999996,12.33
2022,8,2022-10-08,getafe,real madrid,2022|2022-10-08|getafe|real madrid,2022|2022-10-08|getafe|realmadrid,A,A,0.08233866176421063,0.17322511196211815,0.7444362262736712,0.7444362262736712,0.7289885513867431,0.571211114311553,6.5,4.5,1.5,1.0427350427350426,0.1475409836065574,0.21311475409836067,0.639344262295082,1.5,0.7444362262736712,0.11665433941050685,0.2333086788210137,1,1,0.5,12.83
2022,8,2022-10-08,sevilla,ath bilbao,2022|2022-10-08|sevilla|ath bilbao,2022|2022-10-08|sevilla|athbilbao,D,D,0.3109847368983661,0.36417006604665586,0.32484519705497794,0.36417006604665586,1.0963524688164745,0.03932486899167792,3.0,3.3,2.4,1.053030303030303,0.31654676258992803,0.2877697841726619,0.3956834532374101,3.3,0.36417006604665586,0.20176121795396418,0.08772226867563661,1,1,2.3,15.129999999999999
2022,8,2022-10-09,barcelona,celta,2022|2022-10-09|barcelona|celta,2022|2022-10-09|barcelona|celta,H,H,0.757942292833924,0.1461251614822107,0.09593254568386521,0.757942292833924,0.7159799673226422,0.6118171313517133,1.28,6.0,9.0,1.0590277777777777,0.7377049180327869,0.15737704918032788,0.10491803278688525,1.28,0.757942292833924,-0.029833865172577245,0.0,1,1,0.28,15.409999999999998
2022,8,2022-10-09,cadiz,espanol,2022|2022-10-09|cadiz|espanol,2022|2022-10-09|cadiz|espanol,D,D,0.3216509340831149,0.3655118420575354,0.3128372238593498,0.3655118420575354,1.0962561866106557,0.04386090797442049,2.87,3.2,2.55,1.0530889184942271,0.33086670045615807,0.2967460719716168,0.37238722757222503,3.2,0.3655118420575354,0.16963789458411338,0.07710813390186971,1,1,2.2,17.61
2022,8,2022-10-09,sociedad,villarreal,2022|2022-10-09|sociedad|villarreal,2022|2022-10-09|sociedad|villarreal,H,A,0.32849293049985645,0.316041557336378,0.35546551216376543,0.35546551216376543,1.0974014939835868,0.02697258166390898,2.5,3.4,2.75,1.057754010695187,0.37815975733063706,0.27805864509605666,0.3437815975733064,2.75,0.35546551216376543,-0.022469841549645042,0.0,1,0,-1.0,16.61
2022,8,2022-10-09,valladolid,betis,2022|2022-10-09|valladolid|betis,2022|2022-10-09|valladolid|betis,D,A,0.35727750048084256,0.2738286884820578,0.3688938110370996,0.3688938110370996,1.0902805457713614,0.011616310556257059,2.8,3.4,2.4,1.0679271708683473,0.3344262295081967,0.2754098360655738,0.39016393442622954,2.4,0.3688938110370996,-0.11465485351096094,0.0,1,0,-1.0,15.61
2022,8,2022-10-10,elche,mallorca,2022|2022-10-10|elche|mallorca,2022|2022-10-10|elche|mallorca,D,D,0.3047943069045764,0.38904566717632116,0.3061600259191024,0.38904566717632116,1.0917990341996195,0.08288564125721876,3.0,3.1,2.5,1.0559139784946237,0.3156822810590631,0.3054989816700611,0.3788187372708758,3.1,0.38904566717632116,0.2060415682465957,0.0981150324983789,1,1,2.1,17.71
2022,9,2022-10-14,vallecano,getafe,2022|2022-10-14|vallecano|getafe,2022|2022-10-14|vallecano|getafe,D,H,0.4860834289597467,0.3292669360795076,0.1846496349607456,0.4860834289597467,1.028354357012931,0.15681649288023913,2.05,3.2,3.8,1.0634627727856225,0.4586948321388156,0.2938513768389287,0.24745379102225576,2.05,0.4860834289597467,-0.003528970632519335,0.0,1,0,-1.0,16.71
2022,9,2022-10-15,ath bilbao,ath madrid,2022|2022-10-15|ath bilbao|ath madrid,2022|2022-10-15|athbilbao|athmadrid,A,H,0.43612050258440604,0.3053034244983375,0.2585760729172566,0.43612050258440604,1.073876821960067,0.13081707808606857,2.45,3.2,3.0,1.0539965986394557,0.3872529245663574,0.2964905203711174,0.3162565550625252,2.45,0.43612050258440604,0.06849523133179491,0.04723809057365166,1,0,-1.0,15.709999999999999
2022,9,2022-10-15,girona,cadiz,2022|2022-10-15|girona|cadiz,2022|2022-10-15|girona|cadiz,D,H,0.5913416694248425,0.28064364772836525,0.1280146828467923,0.5913416694248425,0.9304216786630528,0.3106980216964772,1.9,3.3,4.5,1.0515683147262096,0.5005055611729018,0.28816986855409504,0.211324570273003,1.9,0.5913416694248425,0.1235491719072006,0.13727685767466735,1,0,-1.0,14.709999999999999
2022,9,2022-10-15,mallorca,sevilla,2022|2022-10-15|mallorca|sevilla,2022|2022-10-15|mallorca|sevilla,A,A,0.30948531230353615,0.3389788641339141,0.3515358235625498,0.3515358235625498,1.0972023623756062,0.012556959428635717,2.9,3.0,2.7,1.0485312899106,0.3288672350791718,0.31790499390986604,0.3532277710109623,2.7,0.3515358235625498,-0.050853276381115364,0.0,1,1,1.7000000000000002,16.41
2022,9,2022-10-15,valencia,elche,2022|2022-10-15|valencia|elche,2022|2022-10-15|valencia|elche,D,H,0.7506094006249732,0.1558868745138379,0.09350372486118884,0.7506094006249732,0.7266432414361744,0.5947225261111353,1.4,4.75,7.5,1.0581453634085214,0.6750355281856939,0.19895783988630977,0.1260066319279962,1.4,0.7506094006249732,0.05085316087496239,0.127132902187406,1,0,-1.0,15.41
2022,9,2022-10-16,betis,almeria,2022|2022-10-16|betis|almeria,2022|2022-10-16|betis|almeria,H,H,0.5728701609894036,0.2764996954597035,0.15063014355089296,0.5728701609894036,0.9597287261200984,0.2963704655297001,1.57,4.1,5.75,1.0547581576618867,0.6038755619308649,0.23124015420279465,0.1648842838663405,1.57,0.5728701609894036,-0.10059384724663634,0.0,1,1,0.5700000000000001,15.98
2022,9,2022-10-16,celta,sociedad,2022|2022-10-16|celta|sociedad,2022|2022-10-16|celta|sociedad,A,H,0.3535568775311159,0.32029870519251535,0.3261444172763687,0.3535568775311159,1.097674519889157,0.027412460254747195,2.6,3.2,2.8,1.0542582417582418,0.3648208469055374,0.29641693811074915,0.33876221498371334,2.6,0.3535568775311159,-0.08075211841909857,0.0,1,0,-1.0,14.98
2022,9,2022-10-16,espanol,valladolid,2022|2022-10-16|espanol|valladolid,2022|2022-10-16|espanol|valladolid,H,H,0.4227227461306246,0.3412873975262492,0.23598985634312622,0.4227227461306246,1.0716364163028786,0.0814353486043754,2.2,3.3,3.5,1.0432900432900434,0.4356846473029045,0.2904564315352697,0.2738589211618257,2.2,0.4227227461306246,-0.0700099585126257,0.0,1,1,1.2000000000000002,16.18
2022,9,2022-10-16,real madrid,barcelona,2022|2022-10-16|real madrid|barcelona,2022|2022-10-16|realmadrid|barcelona,H,H,0.4272485251314766,0.2898143337976242,0.28293714107089923,0.4272485251314766,1.079483735859483,0.13743419133385237,2.2,3.6,3.1,1.0549038774845225,0.4308880308880309,0.2633204633204634,0.3057915057915058,2.2,0.4272485251314766,-0.06005324471075146,0.0,1,1,1.2000000000000002,17.38
2022,9,2022-10-17,villarreal,osasuna,2022|2022-10-17|villarreal|osasuna,2022|2022-10-17|villarreal|osasuna,H,H,0.6280808569471281,0.22816354874232897,0.14375559431054286,0.6280808569471281,0.9081016283895958,0.39991730820479915,1.57,4.2,6.0,1.0417045799211404,0.6114427136409958,0.22856310962294366,0.15999417673606056,1.57,0.6280808569471281,-0.013913054593008789,0.0,1,1,0.5700000000000001,17.95
2022,10,2022-10-18,ath madrid,vallecano,2022|2022-10-18|ath madrid|vallecano,2022|2022-10-18|athmadrid|vallecano,D,H,0.5973843710195672,0.27954585364758594,0.1230697753328469,0.5973843710195672,0.9219068653725626,0.31783851737198127,1.55,3.75,7.0,1.0546850998463901,0.6117098747451208,0.25284008156131665,0.13545004369356248,1.55,0.5973843710195672,-0.07405422491967079,0.0,1,0,-1.0,16.95
2022,10,2022-10-18,getafe,ath bilbao,2022|2022-10-18|getafe|ath bilbao,2022|2022-10-18|getafe|athbilbao,D,A,0.16345622769883517,0.24103745423151263,0.5955063180696523,0.5955063180696523,0.947679059955469,0.35446886383813964,4.75,3.3,1.83,1.0600047062514706,0.1986088500813971,0.28587637511716246,0.5155147748014405,1.83,0.5955063180696523,0.0897765620674637,0.10816453261140205,1,0,-1.0,15.95
2022,10,2022-10-18,sevilla,valencia,2022|2022-10-18|sevilla|valencia,2022|2022-10-18|sevilla|valencia,D,H,0.43916581467001603,0.3015630293196794,0.2592711560103046,0.43916581467001603,1.0728717425171461,0.13760278535033665,2.25,3.4,3.2,1.051062091503268,0.42285270112708895,0.27982899339292655,0.29731830547998445,2.25,0.43916581467001603,-0.01187691699246396,0.0,1,0,-1.0,14.95
2022,10,2022-10-19,cadiz,betis,2022|2022-10-19|cadiz|betis,2022|2022-10-19|cadiz|betis,D,A,0.2224795982741042,0.30712547573364535,0.4703949259922503,0.4703949259922503,1.0516939967594041,0.16326945025860495,4.0,3.3,2.0,1.053030303030303,0.23741007194244607,0.2877697841726619,0.47482014388489213,2.0,0.4703949259922503,-0.0592101480154994,0.0,1,0,-1.0,13.95
2022,10,2022-10-19,elche,real madrid,2022|2022-10-19|elche|real madrid,2022|2022-10-19|elche|realmadrid,A,A,0.05863169908144315,0.16301805056958474,0.778350250348972,0.778350250348972,0.6570431143889837,0.6153321997793872,8.5,5.75,1.3,1.0607908715325594,0.11090504451038577,0.16394658753709201,0.7251483679525222,1.3,0.778350250348972,0.011855325453663607,0.03951775151221201,1,1,0.30000000000000004,14.25
2022,10,2022-10-19,sociedad,mallorca,2022|2022-10-19|sociedad|mallorca,2022|2022-10-19|sociedad|mallorca,H,H,0.6279674242250464,0.23178150757961477,0.14025106819533892,0.6279674242250464,0.9065259686190414,0.39618591664543157,1.55,4.0,6.5,1.0490074441687345,0.6150206978119456,0.23832052040212892,0.1466587817859255,1.55,0.6279674242250464,-0.02665049245117812,0.0,1,1,0.55,14.8
2022,10,2022-10-19,valladolid,celta,2022|2022-10-19|valladolid|celta,2022|2022-10-19|valladolid|celta,H,A,0.3453364892488013,0.2633302772253422,0.39133323352585647,0.39133323352585647,1.0856951564833337,0.04599674427705519,2.9,3.3,2.45,1.056021154543322,0.32653473344103395,0.28695476575121165,0.3865105008077544,2.45,0.39133323352585647,-0.041233577861651605,0.0,1,0,-1.0,13.8
2022,10,2022-10-20,almeria,girona,2022|2022-10-20|almeria|girona,2022|2022-10-20|almeria|girona,H,D,0.3065769583437875,0.36810919495298494,0.3253138467032275,0.36810919495298494,1.0956571835265039,0.04279534824975745,2.6,3.25,2.8,1.0494505494505495,0.3664921465968586,0.2931937172774869,0.3403141361256544,3.25,0.36810919495298494,0.196354883597201,0.08726883715431155,1,0,-1.0,12.8
2022,10,2022-10-20,barcelona,villarreal,2022|2022-10-20|barcelona|villarreal,2022|2022-10-20|barcelona|villarreal,H,H,0.6549715171210326,0.21206780831880642,0.13296067456016086,0.6549715171210326,0.874320253181401,0.4429037088022262,1.5,4.5,6.0,1.0555555555555556,0.631578947368421,0.21052631578947367,0.15789473684210525,1.5,0.6549715171210326,-0.017542724318451053,0.0,1,1,0.5,13.3
2022,10,2022-10-20,osasuna,espanol,2022|2022-10-20|osasuna|espanol,2022|2022-10-20|osasuna|espanol,H,H,0.42164793604329076,0.34986426297761447,0.2284878009790947,0.42164793604329076,1.0688698610953258,0.07178367306567629,2.05,3.6,3.5,1.0512969415408442,0.46400294605045106,0.2642238998342846,0.27177315411526415,2.05,0.42164793604329076,-0.13562173111125403,0.0,1,1,1.0499999999999998,14.35
2022,11,2022-10-22,real madrid,sevilla,2022|2022-10-22|real madrid|sevilla,2022|2022-10-22|realmadrid|sevilla,H,H,0.6869413513306168,0.20671196923824112,0.10634667943114207,0.6869413513306168,0.8221458981136125,0.48022938209237576,1.36,4.75,8.5,1.0634674922600618,0.6914119359534208,0.19796215429403205,0.11062590975254732,1.36,0.6869413513306168,-0.06575976219036103,0.0,1,1,0.3600000000000001,14.71
2022,11,2022-10-22,valencia,mallorca,2022|2022-10-22|valencia|mallorca,2022|2022-10-22|valencia|mallorca,A,H,0.6531884492777201,0.21890352834618554,0.12790802237609444,0.6531884492777201,0.8737634718062088,0.4342849209315346,1.75,3.5,5.0,1.0571428571428572,0.5405405405405405,0.27027027027027023,0.1891891891891892,1.75,0.6531884492777201,0.14307978623601025,0.19077304831468034,1,0,-1.0,13.71
2022,11,2022-10-22,valladolid,sociedad,2022|2022-10-22|valladolid|sociedad,2022|2022-10-22|valladolid|sociedad,H,A,0.2837302442254965,0.28629551204681924,0.42997424372768417,0.42997424372768417,1.078413626378625,0.14367873168086492,3.6,3.4,2.05,1.0597003028853818,0.2621286197818729,0.2775479503572772,0.46032342986085,2.05,0.42997424372768417,-0.11855280035824761,0.0,1,0,-1.0,12.71
2022,11,2022-10-22,vallecano,cadiz,2022|2022-10-22|vallecano|cadiz,2022|2022-10-22|vallecano|cadiz,H,H,0.6252984208388708,0.26244854774042775,0.11225303142070142,0.6252984208388708,0.8901688676763612,0.362849873098443,1.72,3.5,5.25,1.0575858250276855,0.549738219895288,0.2701570680628272,0.1801047120418848,1.72,0.6252984208388708,0.07551328384285771,0.10487956089285794,1,1,0.72,13.43
2022,11,2022-10-23,barcelona,ath bilbao,2022|2022-10-23|barcelona|ath bilbao,2022|2022-10-23|barcelona|athbilbao,H,H,0.6071170671178321,0.2508750842985246,0.14200784858364335,0.6071170671178321,0.9270632219253798,0.35624198281930747,1.55,4.5,5.5,1.0492016943629847,0.6149068322981366,0.21180124223602484,0.17329192546583852,1.55,0.6071170671178321,-0.05896854596736023,0.0,1,1,0.55,13.98
2022,11,2022-10-23,betis,ath madrid,2022|2022-10-23|betis|ath madrid,2022|2022-10-23|betis|athmadrid,A,A,0.24757744521362626,0.3015336766561925,0.4508888781301811,0.4508888781301811,1.0662752352809939,0.14935520147398856,3.2,3.3,2.3,1.050312911725955,0.29753038024304196,0.28851430811446493,0.4139553116424932,2.3,0.4508888781301811,0.03704441969941641,0.02849570746108955,1,1,1.2999999999999998,15.28
2022,11,2022-10-23,espanol,elche,2022|2022-10-23|espanol|elche,2022|2022-10-23|espanol|elche,D,H,0.6341227990506231,0.2221493021475551,0.1437278988018218,0.6341227990506231,0.9018617839582214,0.41197349690306795,1.66,3.75,5.25,1.059552495697074,0.5685510071474984,0.25167857916395925,0.17977041368854232,1.66,0.6341227990506231,0.052643846424034246,0.07976340367277918,1,0,-1.0,14.28
2022,11,2022-10-23,girona,osasuna,2022|2022-10-23|girona|osasuna,2022|2022-10-23|girona|osasuna,D,H,0.4092100326766741,0.31331017933279975,0.27747978799052614,0.4092100326766741,1.0849869432486308,0.09589985334387435,2.55,3.2,2.9,1.0494844489519948,0.37366619689953695,0.29776525065431847,0.3285685524461445,2.55,0.4092100326766741,0.043485583325518884,0.028055215048721865,1,0,-1.0,13.28
2022,11,2022-10-23,villarreal,almeria,2022|2022-10-23|villarreal|almeria,2022|2022-10-23|villarreal|almeria,H,H,0.7395900274389449,0.18884637316541483,0.07156359939564025,0.7395900274389449,0.7266026514983783,0.55074365427353,1.36,4.75,9.0,1.0569315445476435,0.6956875508543532,0.19918633034987795,0.10512611879576893,1.36,0.7395900274389449,0.005842437316965099,0.01622899254712527,1,1,0.3600000000000001,13.64
2022,11,2022-10-24,celta,getafe,2022|2022-10-24|celta|getafe,2022|2022-10-24|celta|getafe,D,H,0.5529976899189151,0.32567524186546937,0.12132706821561562,0.5529976899189151,0.9488678786676139,0.2273224480534457,1.75,3.5,5.0,1.0571428571428572,0.5405405405405405,0.27027027027027023,0.1891891891891892,1.75,0.5529976899189151,-0.03225404264189863,0.0,1,0,-1.0,12.64
2022,12,2022-10-28,mallorca,espanol,2022|2022-10-28|mallorca|espanol,2022|2022-10-28|mallorca|espanol,D,D,0.2366814489047519,0.5077047932451046,0.2556137578501435,0.5077047932451046,1.0338973509015998,0.25209103539496114,2.25,3.1,3.4,1.0611427366645583,0.41883568448241604,0.3039936419630439,0.27717067355454006,3.1,0.5077047932451046,0.5738848590598244,0.2732785043142021,1,1,2.1,14.74
2022,12,2022-10-29,almeria,celta,2022|2022-10-29|almeria|celta,2022|2022-10-29|almeria|celta,H,A,0.22264113425060053,0.2727731362182067,0.5045857295311929,0.5045857295311929,1.0339592993853788,0.23181259331298615,3.3,3.3,2.25,1.0505050505050506,0.28846153846153844,0.28846153846153844,0.423076923076923,2.25,0.5045857295311929,0.1353178914451839,0.10825431315614713,1,0,-1.0,13.74
2022,12,2022-10-29,cadiz,ath madrid,2022|2022-10-29|cadiz|ath madrid,2022|2022-10-29|cadiz|athmadrid,H,A,0.11797134403652214,0.23754078318522737,0.6444878727782505,0.6444878727782505,0.8767097149347245,0.4069470895930231,7.0,3.6,1.6,1.0456349206349207,0.13662239089184058,0.2656546489563567,0.5977229601518026,1.6,0.6444878727782505,0.031180596445200826,0.05196766074200137,1,0,-1.0,12.74
2022,12,2022-10-29,sevilla,vallecano,2022|2022-10-29|sevilla|vallecano,2022|2022-10-29|sevilla|vallecano,A,H,0.4970845432783991,0.325372818323692,0.1775426383979088,0.4970845432783991,1.019673309033274,0.1717117249547071,2.0,3.3,4.0,1.053030303030303,0.47482014388489213,0.2877697841726619,0.23741007194244607,2.0,0.4970845432783991,-0.005830913443201746,0.0,1,0,-1.0,11.74
2022,12,2022-10-29,valencia,barcelona,2022|2022-10-29|valencia|barcelona,2022|2022-10-29|valencia|barcelona,A,A,0.1342271290305683,0.1680760330259136,0.697696837943518,0.697696837943518,0.8204447275677993,0.5296208049176044,5.0,4.33,1.57,1.0678895573763256,0.18728528490471957,0.21626476316942211,0.5964499519258584,1.57,0.697696837943518,0.0953840355713233,0.16734041328302332,1,1,0.5700000000000001,12.31
2022,12,2022-10-30,ath bilbao,villarreal,2022|2022-10-30|ath bilbao|villarreal,2022|2022-10-30|athbilbao|villarreal,H,H,0.44447303764775964,0.3139229480623727,0.24160401428986755,0.44447303764775964,1.067309248712255,0.13055008958538694,2.2,3.3,3.4,1.0516934046345812,0.43220338983050843,0.288135593220339,0.2796610169491525,2.2,0.44447303764775964,-0.022159317174928694,0.0,1,1,1.2000000000000002,13.51
2022,12,2022-10-30,osasuna,valladolid,2022|2022-10-30|osasuna|valladolid,2022|2022-10-30|osasuna|valladolid,H,H,0.48428941500185,0.3546091068465667,0.1611014781515833,0.48428941500185,1.0129084633343999,0.1296803081552833,1.9,3.4,4.33,1.0513803187495978,0.5005950559352579,0.2797442959638206,0.21966064810092148,1.9,0.48428941500185,-0.07985011149648508,0.0,1,1,0.8999999999999999,14.41
2022,12,2022-10-30,real madrid,girona,2022|2022-10-30|real madrid|girona,2022|2022-10-30|realmadrid|girona,D,H,0.7640374186159485,0.10409613679277971,0.13186644459127173,0.7640374186159485,0.7083000895852579,0.6321709740246768,1.2,6.5,13.0,1.064102564102564,0.783132530120482,0.14457831325301207,0.07228915662650603,1.2,0.7640374186159485,-0.0831550976608618,0.0,1,0,-1.0,13.41
2022,12,2022-10-30,sociedad,betis,2022|2022-10-30|sociedad|betis,2022|2022-10-30|sociedad|betis,A,H,0.49006985304970235,0.25421715097460057,0.255712995975697,0.49006985304970235,1.0464044016150964,0.23435685707400533,2.0,3.5,3.8,1.0488721804511278,0.4767025089605735,0.27240143369175623,0.25089605734767023,2.0,0.49006985304970235,-0.01986029390059535,0.0,1,0,-1.0,12.41
2022,12,2022-10-31,elche,getafe,2022|2022-10-31|elche|getafe,2022|2022-10-31|elche|getafe,A,H,0.378205991829702,0.3690436911776807,0.25275031699261724,0.378205991829702,1.0832343927371884,0.009162300652021282,2.7,3.0,2.87,1.0521357594528327,0.35201766221022934,0.3168158959892064,0.33116644180056415,2.7,0.378205991829702,0.02115617794019553,0.012444810553056193,1,0,-1.0,11.41
2022,13,2022-11-04,girona,ath bilbao,2022|2022-11-04|girona|ath bilbao,2022|2022-11-04|girona|athbilbao,H,A,0.21267356964518108,0.258382957580731,0.528943472774088,0.528943472774088,1.0157610790794522,0.27056051519335705,3.75,3.5,2.0,1.0523809523809524,0.25339366515837103,0.27149321266968324,0.4751131221719457,2.0,0.528943472774088,0.05788694554817608,0.05788694554817608,1,0,-1.0,10.41
2022,13,2022-11-05,barcelona,almeria,2022|2022-11-05|barcelona|almeria,2022|2022-11-05|barcelona|almeria,H,H,0.8590382626200238,0.09849893741507851,0.04246279996489784,0.8590382626200238,0.492961130220829,0.7605393252049453,1.08,10.0,26.0,1.0643874643874645,0.8699143468950747,0.0939507494646681,0.03613490364025696,1.08,0.8590382626200238,-0.07223867637037423,0.0,1,1,0.08000000000000007,10.49
2022,13,2022-11-05,celta,osasuna,2022|2022-11-05|celta|osasuna,2022|2022-11-05|celta|osasuna,A,H,0.5127649375884634,0.311363595209323,0.17587146720221356,0.5127649375884634,1.0114571481849899,0.20140134237914042,2.1,3.3,3.75,1.0458874458874459,0.4552980132450331,0.2897350993377484,0.25496688741721857,2.1,0.5127649375884634,0.0768063689357732,0.06982397175979381,1,0,-1.0,9.49
2022,13,2022-11-05,getafe,cadiz,2022|2022-11-05|getafe|cadiz,2022|2022-11-05|getafe|cadiz,D,H,0.46301303360237517,0.30904973643488776,0.2279372299627371,0.46301303360237517,1.0564700297283003,0.1539632971674874,2.2,3.1,3.75,1.0437927663734115,0.43547480801648253,0.3090466379471811,0.2554785540363364,2.2,0.46301303360237517,0.018628673925225492,0.015523894937687908,1,0,-1.0,8.49
2022,13,2022-11-05,valladolid,elche,2022|2022-11-05|valladolid|elche,2022|2022-11-05|valladolid|elche,H,H,0.5640989373820907,0.25265967396258354,0.18324138865532572,0.5640989373820907,0.9814996496865005,0.3114392634195072,1.83,3.6,4.33,1.0551727474265618,0.517875474669351,0.2632533662902535,0.2188711590403955,1.83,0.5640989373820907,0.032301055409226065,0.03891693422798321,1,1,0.8300000000000001,9.32
2022,13,2022-11-06,ath madrid,espanol,2022|2022-11-06|ath madrid|espanol,2022|2022-11-06|athmadrid|espanol,D,H,0.6514484016614334,0.2168431205209866,0.13170847781757997,0.6514484016614334,0.8776398552203818,0.4346052811404468,1.44,4.5,8.0,1.0416666666666665,0.6666666666666667,0.21333333333333335,0.12000000000000002,1.44,0.6514484016614334,-0.06191430160753597,0.0,1,0,-1.0,8.32
2022,13,2022-11-06,betis,sevilla,2022|2022-11-06|betis|sevilla,2022|2022-11-06|betis|sevilla,D,D,0.35769627602865717,0.37134108400701643,0.2709626399643264,0.37134108400701643,1.0894164482580657,0.013644807978359264,2.2,3.2,3.6,1.0448232323232323,0.4350453172205438,0.2990936555891239,0.26586102719033233,3.2,0.37134108400701643,0.18829146882245262,0.085587031282933,1,1,2.2,10.52
2022,13,2022-11-06,sociedad,valencia,2022|2022-11-06|sociedad|valencia,2022|2022-11-06|sociedad|valencia,D,H,0.4580402697590975,0.27314646873003906,0.2688132615108635,0.4580402697590975,1.0652623337673996,0.18489380102905845,1.95,3.4,4.0,1.0569381598793364,0.48519443453442745,0.27827327863003926,0.23653228683553335,1.95,0.4580402697590975,-0.10682147396975988,0.0,1,0,-1.0,9.52
2022,13,2022-11-06,villarreal,mallorca,2022|2022-11-06|villarreal|mallorca,2022|2022-11-06|villarreal|mallorca,A,H,0.6309438619526011,0.21649721976521344,0.15255891828218535,0.6309438619526011,0.9086950096290413,0.4144466421873877,1.57,4.0,5.75,1.0608557186374965,0.600404620505123,0.2356588135482608,0.1639365659466162,1.57,0.6309438619526011,-0.009418136734416216,0.0,1,0,-1.0,8.52
2022,13,2022-11-07,vallecano,real madrid,2022|2022-11-07|vallecano|real madrid,2022|2022-11-07|vallecano|realmadrid,H,A,0.14247725453481527,0.1723957089694967,0.6851270364956881,0.6851270364956881,0.8397740396834967,0.5127313275261913,4.75,4.2,1.65,1.0546821599453178,0.19961114711600778,0.22575070209548498,0.5746381507885073,1.65,0.6851270364956881,0.13045961021788527,0.20070709264290043,1,0,-1.0,7.5200000000000005
2022,14,2022-11-08,ath bilbao,valladolid,2022|2022-11-08|ath bilbao|valladolid,2022|2022-11-08|athbilbao|valladolid,H,H,0.6996830544602352,0.21653598495741538,0.08378096058234934,0.6996830544602352,0.7889150660970166,0.48314706950281977,1.4,4.5,7.5,1.0698412698412698,0.6676557863501484,0.20771513353115725,0.12462908011869436,1.4,0.6996830544602352,-0.02044372375567083,0.0,1,1,0.3999999999999999,7.92
2022,14,2022-11-08,elche,girona,2022|2022-11-08|elche|girona,2022|2022-11-08|elche|girona,A,A,0.2798188680050787,0.2698466306835129,0.45033450131140845,0.45033450131140845,1.0691143379638668,0.17051563330632974,3.25,3.3,2.2,1.0652680652680653,0.2888402625820569,0.2844638949671772,0.42669584245076586,2.2,0.45033450131140845,-0.009264097114901393,0.0,1,1,1.2000000000000002,9.120000000000001
2022,14,2022-11-08,osasuna,barcelona,2022|2022-11-08|osasuna|barcelona,2022|2022-11-08|osasuna|barcelona,A,A,0.10724615394252,0.15670907394800512,0.7360447721094748,0.7360447721094748,0.7554512882644937,0.5793356981614697,5.75,4.2,1.53,1.065603052815329,0.1632062173797097,0.22343708331745968,0.6133566993028305,1.53,0.7360447721094748,0.1261485013274965,0.23801604024055942,1,1,0.53,9.65
2022,14,2022-11-09,almeria,getafe,2022|2022-11-09|almeria|getafe,2022|2022-11-09|almeria|getafe,H,H,0.40471460484932636,0.3669992270917681,0.22828616805890556,0.40471460484932636,1.0711864743300534,0.03771537775755829,2.15,3.3,3.5,1.0538608678143562,0.44134505158578524,0.28754298815437523,0.2711119602598395,2.15,0.40471460484932636,-0.12986359957394827,0.0,1,1,1.15,10.8
2022,14,2022-11-09,espanol,villarreal,2022|2022-11-09|espanol|villarreal,2022|2022-11-09|espanol|villarreal,A,A,0.31411509817438815,0.29326242656978047,0.3926224752558314,0.3926224752558314,1.0905506976292525,0.07850737708144323,3.2,3.2,2.37,1.0469409282700421,0.29848866498740556,0.29848866498740556,0.4030226700251889,2.37,0.3926224752558314,-0.06948473364367957,0.0,1,1,1.37,12.17
2022,14,2022-11-09,mallorca,ath madrid,2022|2022-11-09|mallorca|ath madrid,2022|2022-11-09|mallorca|athmadrid,H,D,0.12451177715365441,0.4448719393679915,0.43061628347835396,0.4448719393679915,0.9825451576603789,0.014255655889637564,3.8,3.1,2.1,1.0619290160886086,0.2478111914731633,0.30376855728968405,0.4484202512371526,3.1,0.4448719393679915,0.3791030120407738,0.1805252438289399,1,0,-1.0,11.17
2022,14,2022-11-09,sevilla,sociedad,2022|2022-11-09|sevilla|sociedad,2022|2022-11-09|sevilla|sociedad,A,H,0.40373289072018514,0.28725627557563854,0.3090108337041764,0.40373289072018514,1.0874001481246487,0.09472205701600872,2.6,3.2,2.8,1.0542582417582418,0.3648208469055374,0.29641693811074915,0.33876221498371334,2.6,0.40373289072018514,0.0497055158724814,0.031065947420300874,1,0,-1.0,10.17
2022,14,2022-11-10,real madrid,cadiz,2022|2022-11-10|real madrid|cadiz,2022|2022-11-10|realmadrid|cadiz,H,H,0.8453140324020687,0.1005723481637259,0.05411361943420548,0.8453140324020687,0.5308865022832708,0.7447416842383427,1.14,8.5,15.0,1.0615067079463365,0.8263659342796034,0.11083025471514679,0.06280381100524984,1.14,0.8453140324020687,-0.03634200306164176,0.0,1,1,0.1399999999999999,10.31
2022,14,2022-11-10,valencia,betis,2022|2022-11-10|valencia|betis,2022|2022-11-10|valencia|betis,H,H,0.481435961447983,0.2900967446446361,0.22846729390738085,0.481435961447983,1.0482280880227575,0.19133921680334692,2.1,3.4,3.6,1.0480859010270773,0.4543429844097996,0.28062360801781744,0.26503340757238314,2.1,0.481435961447983,0.011015519040764365,0.010014108218876695,1,1,1.1,11.41
2022,14,2022-11-10,vallecano,celta,2022|2022-11-10|vallecano|celta,2022|2022-11-10|vallecano|celta,D,D,0.3551596501499118,0.3871166743947879,0.25772367545530017,0.3871166743947879,1.0844810720471787,0.03195702424487612,2.2,3.2,3.5,1.0527597402597402,0.4317656129529684,0.2968388589051658,0.27139552814186585,3.2,0.3871166743947879,0.23877335806332145,0.10853334457423701,1,1,2.2,13.610000000000001
2022,15,2022-12-29,ath madrid,elche,2022|2022-12-29|ath madrid|elche,2022|2022-12-29|athmadrid|elche,H,H,0.7804020345232552,0.15492902566620453,0.06466893981054025,0.7804020345232552,0.6595016527223827,0.6254730088570506,1.29,5.5,10.0,1.0570119802677942,0.7333822254816987,0.17201146743116208,0.09460630708713914,1.29,0.7804020345232552,0.006718624534999218,0.023167670810342128,1,1,0.29000000000000004,13.9
2022,15,2022-12-29,betis,ath bilbao,2022|2022-12-29|betis|ath bilbao,2022|2022-12-29|betis|athbilbao,D,A,0.26836118503064915,0.2922985569414507,0.4393402580279003,0.4393402580279003,1.073878373091816,0.1470417010864496,2.88,3.3,2.5,1.0502525252525254,0.33060831930752577,0.28853089685020433,0.38086078384226973,2.5,0.4393402580279003,0.09835064506975066,0.06556709671316711,1,0,-1.0,12.9
2022,15,2022-12-29,girona,vallecano,2022|2022-12-29|girona|vallecano,2022|2022-12-29|girona|vallecano,D,H,0.48894713789656,0.3236232573479419,0.18742960475549814,0.48894713789656,1.0287689808945628,0.16532388054861813,2.3,3.2,3.3,1.0503129117259553,0.41395531164249316,0.2975303802430419,0.2885143081144649,2.3,0.48894713789656,0.12457841716208795,0.0958295516631446,1,0,-1.0,11.9
2022,15,2022-12-30,cadiz,almeria,2022|2022-12-30|cadiz|almeria,2022|2022-12-30|cadiz|almeria,D,H,0.45748998196171176,0.306998209326708,0.23551180871158034,0.45748998196171176,1.0608443025973004,0.15049177263500374,2.38,3.1,3.25,1.0504410200804888,0.39999205971097346,0.30709067810068286,0.2929172621883437,2.38,0.45748998196171176,0.08882615706887398,0.0643667804846913,1,0,-1.0,10.9
2022,15,2022-12-30,celta,sevilla,2022|2022-12-30|celta|sevilla,2022|2022-12-30|celta|sevilla,D,H,0.4516599206118857,0.3277532461614528,0.22058683322666145,0.4516599206118857,1.0580068329545533,0.12390667445043291,2.2,3.3,3.4,1.0516934046345812,0.43220338983050843,0.288135593220339,0.2796610169491525,2.2,0.4516599206118857,-0.006348174653851402,0.0,1,0,-1.0,9.9
2022,15,2022-12-30,getafe,mallorca,2022|2022-12-30|getafe|mallorca,2022|2022-12-30|getafe|mallorca,H,H,0.41473536692936963,0.2922483490037979,0.2930162840668324,0.41473536692936963,1.0842097873490015,0.12171908286253724,2.75,2.75,3.1,1.0498533724340176,0.3463687150837989,0.3463687150837989,0.30726256983240224,2.75,0.41473536692936963,0.14052225905576643,0.08029843374615224,1,1,1.75,11.65
2022,15,2022-12-30,valladolid,real madrid,2022|2022-12-30|valladolid|real madrid,2022|2022-12-30|valladolid|realmadrid,A,A,0.10382784398266835,0.14935789569355717,0.7468142603237744,0.7468142603237744,0.7371868722555666,0.5974563646302172,6.5,4.75,1.45,1.0540276420494208,0.14596026490066225,0.1997350993377483,0.6543046357615894,1.45,0.7468142603237744,0.08288067746947286,0.18417928326549526,1,1,0.44999999999999996,12.100000000000001
2022,15,2022-12-31,barcelona,espanol,2022|2022-12-31|barcelona|espanol,2022|2022-12-31|barcelona|espanol,D,H,0.7285654038104352,0.1716019554233947,0.09983264076617,0.7285654038104352,0.7632226954092556,0.5569634483870405,1.25,6.5,10.0,1.0538461538461539,0.759124087591241,0.14598540145985403,0.09489051094890512,1.25,0.7285654038104352,-0.08929324523695598,0.0,1,0,-1.0,11.100000000000001
2022,15,2022-12-31,sociedad,osasuna,2022|2022-12-31|sociedad|osasuna,2022|2022-12-31|sociedad|osasuna,H,H,0.533264743342264,0.30017674398658,0.1665585126711559,0.533264743342264,0.9950521723756005,0.23308799935568403,1.85,3.3,4.75,1.0540971593603172,0.5127995419972192,0.28747853111965327,0.1997219268831275,1.85,0.533264743342264,-0.013460224816811472,0.0,1,1,0.8500000000000001,11.950000000000001
2022,15,2022-12-31,villarreal,valencia,2022|2022-12-31|villarreal|valencia,2022|2022-12-31|villarreal|valencia,H,H,0.4414780719669924,0.27235887775602396,0.28616305027698363,0.4414780719669924,1.0732491164708022,0.15531502169000877,1.95,3.4,4.2,1.0450333979745745,0.4907216494845361,0.28144329896907216,0.22783505154639172,1.95,0.4414780719669924,-0.13911775966436485,0.0,1,1,0.95,12.9
2022,16,2023-01-06,elche,celta,2022|2023-01-06|elche|celta,2022|2023-01-06|elche|celta,A,A,0.27402031889054607,0.2932941923257532,0.4326854887837009,0.4326854887837009,1.076962103895657,0.13939129645794768,4.0,3.25,1.95,1.0705128205128207,0.23353293413173648,0.2874251497005988,0.47904191616766467,1.95,0.4326854887837009,-0.15626329687178336,0.0,1,1,0.95,13.850000000000001
2022,16,2023-01-06,valencia,cadiz,2022|2023-01-06|valencia|cadiz,2022|2023-01-06|valencia|cadiz,A,H,0.6338587023550744,0.24550440036132762,0.12063689728359808,0.6338587023550744,0.8889344315673213,0.38835430199374676,1.57,4.0,5.75,1.0608557186374965,0.600404620505123,0.2356588135482608,0.1639365659466162,1.57,0.6338587023550744,-0.004841837302533236,0.0,1,0,-1.0,12.850000000000001
2022,16,2023-01-07,espanol,girona,2022|2023-01-07|espanol|girona,2022|2023-01-07|espanol|girona,D,H,0.4061417586872818,0.2946684169462984,0.2991898243664198,0.4061417586872818,1.087037435035719,0.10695193432086203,2.25,3.4,3.2,1.051062091503268,0.42285270112708895,0.27982899339292655,0.29731830547998445,2.25,0.4061417586872818,-0.08618104295361595,0.0,1,0,-1.0,11.850000000000001
2022,16,2023-01-07,mallorca,valladolid,2022|2023-01-07|mallorca|valladolid,2022|2023-01-07|mallorca|valladolid,H,H,0.4687784039370098,0.33099253305930026,0.20022906300368992,0.4687784039370098,1.0431503663956607,0.13778587087770955,1.95,3.3,4.2,1.0539460539460541,0.48657187993680884,0.287519747235387,0.22590837282780407,1.95,0.4687784039370098,-0.08588211232283094,0.0,1,1,0.95,12.8
2022,16,2023-01-07,villarreal,real madrid,2022|2023-01-07|villarreal|real madrid,2022|2023-01-07|villarreal|realmadrid,H,A,0.2211349698588814,0.2305941453179488,0.5482708848231698,0.5482708848231698,1.001495475866178,0.31767673950522096,3.25,3.8,2.05,1.0586550804779302,0.290644529428225,0.24857755806361348,0.46077791250816164,2.05,0.5482708848231698,0.12395531388749792,0.11805267989285519,1,0,-1.0,11.8
2022,16,2023-01-08,almeria,sociedad,2022|2023-01-08|almeria|sociedad,2022|2023-01-08|almeria|sociedad,A,A,0.19755948443122462,0.235080165513242,0.5673603500555335,0.5673603500555335,0.9822986119691517,0.3322801845422915,4.2,3.3,1.95,1.0539460539460541,0.22590837282780407,0.287519747235387,0.48657187993680884,1.95,0.5673603500555335,0.10635268260829034,0.111950192219253,1,1,0.95,12.75
2022,16,2023-01-08,ath madrid,barcelona,2022|2023-01-08|ath madrid|barcelona,2022|2023-01-08|athmadrid|barcelona,A,A,0.26947715823036045,0.29196292348282116,0.43855991828681845,0.43855991828681845,1.0742885079133098,0.1465969948039973,3.1,3.4,2.3,1.0514809009157662,0.3067869752844252,0.27971753628874063,0.41349548842683403,2.3,0.43855991828681845,0.008687812059682387,0.006682932353601837,1,1,1.2999999999999998,14.05
2022,16,2023-01-08,sevilla,getafe,2022|2023-01-08|sevilla|getafe,2022|2023-01-08|sevilla|getafe,H,H,0.6134137847051361,0.28660665617311815,0.09997955912174578,0.6134137847051361,0.8881731822223252,0.32680712853201793,1.75,3.4,5.25,1.0560224089635855,0.5411140583554376,0.27851458885941643,0.18037135278514588,1.75,0.6134137847051361,0.07347412323398816,0.09796549764531755,1,1,0.75,14.8
2022,16,2023-01-08,vallecano,betis,2022|2023-01-08|vallecano|betis,2022|2023-01-08|vallecano|betis,A,H,0.42384109578827134,0.2552912676333824,0.3208676365783462,0.42384109578827134,1.077124531168375,0.10297345920992512,2.3,3.3,3.2,1.0503129117259553,0.41395531164249316,0.2885143081144649,0.2975303802430419,2.3,0.42384109578827134,-0.025165479686976022,0.0,1,0,-1.0,13.8
2022,16,2023-01-09,ath bilbao,osasuna,2022|2023-01-09|ath bilbao|osasuna,2022|2023-01-09|athbilbao|osasuna,D,H,0.6113906552742994,0.2681681052618464,0.12044123946385409,0.6113906552742994,0.9086881331380625,0.34322255001245294,1.67,3.6,5.75,1.0504932164656196,0.5700202398490961,0.2644260557077751,0.16555370444312875,1.67,0.6113906552742994,0.021022394308079895,0.03137670792250731,1,0,-1.0,12.8
2022,17,2023-01-13,celta,villarreal,2022|2023-01-13|celta|villarreal,2022|2023-01-13|celta|villarreal,D,H,0.3879937082141777,0.2913832781680846,0.3206230136177377,0.3879937082141777,1.0913538612612834,0.06737069459644002,2.88,3.3,2.5,1.0502525252525254,0.33060831930752577,0.28853089685020433,0.38086078384226973,2.88,0.3879937082141777,0.11742187965683182,0.06245844662597438,1,0,-1.0,11.8
2022,17,2023-01-14,girona,sevilla,2022|2023-01-14|girona|sevilla,2022|2023-01-14|girona|sevilla,H,H,0.3829468822099916,0.28276372472230116,0.3342893930677073,0.3829468822099916,1.0910432088476951,0.04865748914228435,2.38,3.4,3.0,1.0476190476190477,0.40106951871657753,0.2807486631016043,0.3181818181818181,2.38,0.3829468822099916,-0.08858642034022002,0.0,1,1,1.38,13.18
2022,17,2023-01-14,osasuna,mallorca,2022|2023-01-14|osasuna|mallorca,2022|2023-01-14|osasuna|mallorca,H,H,0.5029485620811927,0.32485106421001564,0.1722003737087917,0.5029485620811927,1.0138360059482903,0.178097497871177,2.0,3.1,4.33,1.0535275273783804,0.47459604709542835,0.3061909981260828,0.21921295477848884,2.0,0.5029485620811927,0.005897124162385303,0.005897124162385303,1,1,1.0,14.18
2022,17,2023-01-14,sociedad,ath bilbao,2022|2023-01-14|sociedad|ath bilbao,2022|2023-01-14|sociedad|athbilbao,H,D,0.31888478326940983,0.36353737319299745,0.3175778435375927,0.36353737319299745,1.0965872895515136,0.044652589923587616,2.4,3.2,3.1,1.051747311827957,0.39616613418530355,0.2971246006389776,0.30670926517571884,3.2,0.36353737319299745,0.1633195942175918,0.07423617918981444,1,0,-1.0,13.18
2022,17,2023-01-14,valladolid,vallecano,2022|2023-01-14|valladolid|vallecano,2022|2023-01-14|valladolid|vallecano,A,H,0.3629098092247936,0.3344067101690238,0.30268348060618255,0.3629098092247936,1.0958811721820565,0.02850309905576981,2.75,3.25,2.63,1.0515568082108007,0.34580762617578636,0.2926064529179731,0.36158592090624053,2.75,0.3629098092247936,-0.001998024631817641,0.0,1,0,-1.0,12.18
2022,17,2023-01-15,almeria,ath madrid,2022|2023-01-15|almeria|ath madrid,2022|2023-01-15|almeria|athmadrid,D,A,0.13079361362839664,0.19017949854266675,0.6790268878289366,0.6790268878289366,0.8445568781291113,0.48884738928626986,5.0,3.75,1.7,1.0549019607843138,0.1895910780669145,0.2527881040892193,0.5576208178438662,1.7,0.6790268878289366,0.15434570930919222,0.22049387044170318,1,0,-1.0,11.18
2022,17,2023-01-15,getafe,espanol,2022|2023-01-15|getafe|espanol,2022|2023-01-15|getafe|espanol,A,H,0.34068624289729055,0.3313585121749557,0.32795524492775374,0.34068624289729055,1.098482298113881,0.009327730722334837,2.5,3.0,3.1,1.0559139784946237,0.3788187372708758,0.3156822810590631,0.3054989816700611,2.5,0.34068624289729055,-0.14828439275677363,0.0,1,0,-1.0,10.18
2022,17,2023-01-16,cadiz,elche,2022|2023-01-16|cadiz|elche,2022|2023-01-16|cadiz|elche,D,D,0.37983161085018813,0.4359081577757671,0.18426023137404476,0.4359081577757671,1.041291129194604,0.05607654692557895,1.91,3.4,4.33,1.0486247386999974,0.4992827177367116,0.28047940908150565,0.2202378731817827,3.4,0.4359081577757671,0.48208773643760794,0.20086989018233664,1,1,2.4,12.58
2022,17,2023-02-01,betis,barcelona,2022|2023-02-01|betis|barcelona,2022|2023-02-01|betis|barcelona,A,A,0.13337794928145935,0.24377011935098927,0.6228519313675513,0.6228519313675513,0.9076747974900954,0.3790818120165621,5.0,3.8,1.67,1.0619602899464229,0.18833095916429252,0.24780389363722696,0.5638651471984806,1.67,0.6228519313675513,0.040162725383810716,0.05994436624449361,1,1,0.6699999999999999,13.25
2022,17,2023-02-02,real madrid,valencia,2022|2023-02-02|real madrid|valencia,2022|2023-02-02|realmadrid|valencia,H,H,0.6324843833196725,0.24463520581679396,0.12288041086353357,0.6324843833196725,0.8918083066544491,0.3878491775028785,1.44,4.75,6.5,1.0588169140800718,0.6558682952734998,0.19883165161975572,0.14530005310674457,1.44,0.6324843833196725,-0.08922248801967164,0.0,1,1,0.43999999999999995,13.69
2022,18,2023-01-20,mallorca,celta,2022|2023-01-20|mallorca|celta,2022|2023-01-20|mallorca|celta,H,A,0.2647605373212325,0.3491471082893121,0.3860923543894555,0.3860923543894555,1.0866781590734516,0.03694524610014338,2.8,2.75,3.0,1.054112554112554,0.33880903490759756,0.3449691991786448,0.3162217659137577,3.0,0.3860923543894555,0.15827706316836643,0.07913853158418321,1,0,-1.0,12.69
2022,18,2023-01-21,ath madrid,valladolid,2022|2023-01-21|ath madrid|valladolid,2022|2023-01-21|athmadrid|valladolid,H,H,0.7640847963262417,0.16967618993295702,0.06623901374080127,0.7640847963262417,0.686384507254497,0.5944086063932847,1.4,4.75,8.5,1.0424590888987173,0.6851930420025457,0.20195163343232925,0.11285532456512516,1.4,0.7640847963262417,0.0697187148567383,0.1742967871418458,1,1,0.3999999999999999,13.09
2022,18,2023-01-21,espanol,betis,2022|2023-01-21|espanol|betis,2022|2023-01-21|espanol|betis,H,H,0.3857131244551519,0.29368950282526085,0.3205973727195872,0.3857131244551519,1.091993538181708,0.06511575173556466,2.7,3.2,2.7,1.0532407407407407,0.3516483516483516,0.2967032967032967,0.3516483516483516,2.7,0.3857131244551519,0.041425436028910245,0.02436790354641779,1,1,1.7000000000000002,14.79
2022,18,2023-01-21,sevilla,cadiz,2022|2023-01-21|sevilla|cadiz,2022|2023-01-21|sevilla|cadiz,H,H,0.616501981771943,0.24946843448908673,0.1340295837389702,0.616501981771943,0.9139243824052758,0.3670335472828563,1.7,3.75,5.0,1.0549019607843138,0.5576208178438662,0.2527881040892193,0.1895910780669145,1.7,0.616501981771943,0.04805336901230317,0.06864767001757596,1,1,0.7,15.49
2022,18,2023-01-21,vallecano,sociedad,2022|2023-01-21|vallecano|sociedad,2022|2023-01-21|vallecano|sociedad,A,A,0.33725256435342477,0.23764252918082654,0.4251049064657488,0.4251049064657488,1.071699966483811,0.08785234211232401,3.1,3.2,2.38,1.055248712388181,0.3056915790318696,0.2961387171871237,0.3981697037810067,2.38,0.4251049064657488,0.011749677388482094,0.008514258977160937,1,1,1.38,16.87
2022,18,2023-01-22,ath bilbao,real madrid,2022|2023-01-22|ath bilbao|real madrid,2022|2023-01-22|athbilbao|realmadrid,A,A,0.24954355448591106,0.23402080660638214,0.5164356389077068,0.5164356389077068,1.0275389080450126,0.2668920844217958,2.9,3.4,2.38,1.059113300492611,0.3255813953488372,0.27770177838577287,0.39671682626538984,2.38,0.5164356389077068,0.22911682060034222,0.1660266815944509,1,1,1.38,18.25
2022,18,2023-01-22,barcelona,getafe,2022|2023-01-22|barcelona|getafe,2022|2023-01-22|barcelona|getafe,H,H,0.8043442412930999,0.14366912225792175,0.05198663644897849,0.8043442412930999,0.6075935891717094,0.6606751190351782,1.18,8.0,15.0,1.039124293785311,0.8155498165012912,0.12029359793394044,0.06415658556476823,1.18,0.8043442412930999,-0.05087379527414218,0.0,1,1,0.17999999999999994,18.43
2022,18,2023-01-22,elche,osasuna,2022|2023-01-22|elche|osasuna,2022|2023-01-22|elche|osasuna,D,H,0.3555949494095317,0.2950572183326729,0.3493478322577954,0.3555949494095317,1.095219360514782,0.006247117151736259,3.5,3.25,2.15,1.058522872476361,0.269917914051183,0.2906808305166586,0.43940125543215836,3.5,0.3555949494095317,0.2445823229333608,0.09783292917334432,1,0,-1.0,17.43
2022,18,2023-01-22,villarreal,girona,2022|2023-01-22|villarreal|girona,2022|2023-01-22|villarreal|girona,H,H,0.5256600304961886,0.2721474139921107,0.2021925555117007,0.5256600304961886,1.015439864078463,0.2535126165040779,1.73,3.8,4.5,1.0634147990399891,0.543564639689755,0.24746495438507263,0.20897040592517244,1.73,0.5256600304961886,-0.09060814724159377,0.0,1,1,0.73,18.16
2022,18,2023-01-23,valencia,almeria,2022|2023-01-23|valencia|almeria,2022|2023-01-23|valencia|almeria,D,H,0.6693696233793038,0.22319341253995956,0.10743696408073673,0.6693696233793038,0.8431003124008393,0.4461762108393443,1.6,4.2,5.25,1.0535714285714286,0.5932203389830508,0.22598870056497172,0.18079096045197737,1.6,0.6693696233793038,0.0709913974068862,0.11831899567814365,1,0,-1.0,17.16
2022,19,2023-01-27,almeria,espanol,2022|2023-01-27|almeria|espanol,2022|2023-01-27|almeria|espanol,H,H,0.4106058047808729,0.3714563964791355,0.21793779873999164,0.4106058047808729,1.0653893895824065,0.03914940830173741,2.38,3.1,3.2,1.055248712388181,0.3981697037810067,0.3056915790318696,0.2961387171871237,2.38,0.4106058047808729,-0.02275818462152257,0.0,1,1,1.38,18.54
2022,19,2023-01-28,cadiz,mallorca,2022|2023-01-28|cadiz|mallorca,2022|2023-01-28|cadiz|mallorca,H,H,0.38205334748388703,0.36134127246444925,0.2566053800516638,0.38205334748388703,1.084469532604816,0.02071207501943778,2.88,2.8,2.9,1.0491926655719759,0.3309422888816433,0.34039778284969024,0.32865992826866647,2.88,0.38205334748388703,0.1003136407535945,0.05335831954978431,1,1,1.88,20.419999999999998
2022,19,2023-01-28,getafe,betis,2022|2023-01-28|getafe|betis,2022|2023-01-28|getafe|betis,A,D,0.32365024024855715,0.3752565600213012,0.3010931997301417,0.3752565600213012,1.0943259974251203,0.05160631977274405,3.2,2.88,2.63,1.0399503591043515,0.30049511235241844,0.3338834581693538,0.3656214294782278,2.88,0.3752565600213012,0.08073889286134739,0.04294621960709968,1,0,-1.0,19.419999999999998
2022,19,2023-01-28,girona,barcelona,2022|2023-01-28|girona|barcelona,2022|2023-01-28|girona|barcelona,A,A,0.15412629976048467,0.18430795782947332,0.6615657424100421,0.6615657424100421,0.8732286211343927,0.4772577845805688,5.0,4.33,1.57,1.0678895573763256,0.18728528490471957,0.21626476316942211,0.5964499519258584,1.57,0.6615657424100421,0.03865821558376609,0.06782143084871242,1,1,0.5700000000000001,19.99
2022,19,2023-01-28,sevilla,elche,2022|2023-01-28|sevilla|elche,2022|2023-01-28|sevilla|elche,H,H,0.6631460328422095,0.20485343848629972,0.13200052867149073,0.6631460328422095,0.8644753169829997,0.4582925943559098,1.53,4.0,7.0,1.046451914098973,0.6245817532902074,0.23890252063350434,0.13651572607628817,1.53,0.6631460328422095,0.014613430248580583,0.027572509902982233,1,1,0.53,20.52
2022,19,2023-01-29,celta,ath bilbao,2022|2023-01-29|celta|ath bilbao,2022|2023-01-29|celta|athbilbao,H,A,0.338544803816371,0.27750310668022105,0.383952089503408,0.383952089503408,1.0899484783018498,0.045407285687037,2.88,3.0,2.7,1.050925925925926,0.33039647577092507,0.3171806167400881,0.35242290748898675,2.7,0.383952089503408,0.03667064165920164,0.021570965681883315,1,0,-1.0,19.52
2022,19,2023-01-29,osasuna,ath madrid,2022|2023-01-29|osasuna|ath madrid,2022|2023-01-29|osasuna|athmadrid,A,A,0.14772158885765507,0.19561104648912353,0.6566673646532215,0.6566673646532215,0.8778505105020037,0.461056318164098,3.6,3.1,2.2,1.0549038774845227,0.2633204633204633,0.30579150579150577,0.43088803088803085,2.2,0.6566673646532215,0.4446682022370875,0.3705568351975728,1,1,1.2000000000000002,20.72
2022,19,2023-01-29,real madrid,sociedad,2022|2023-01-29|real madrid|sociedad,2022|2023-01-29|realmadrid|sociedad,D,H,0.6409351849426265,0.2526362455451267,0.10642856951224675,0.6409351849426265,0.8711132712458661,0.38829893939749976,1.67,3.8,5.0,1.0619602899464229,0.5638651471984806,0.24780389363722696,0.18833095916429252,1.67,0.6409351849426265,0.07036175885418616,0.10501755052863608,1,0,-1.0,19.72
2022,19,2023-01-29,valladolid,valencia,2022|2023-01-29|valladolid|valencia,2022|2023-01-29|valladolid|valencia,H,A,0.2451909761027,0.35018739078003974,0.4046216331172603,0.4046216331172603,1.0782191903025018,0.05443424233722055,3.25,3.1,2.4,1.0469396195202647,0.29389689907169664,0.3081177167687142,0.3979853841595892,2.4,0.4046216331172603,-0.028908080518575296,0.0,1,0,-1.0,18.72
2022,19,2023-01-30,villarreal,vallecano,2022|2023-01-30|villarreal|vallecano,2022|2023-01-30|villarreal|vallecano,A,H,0.6066922203367762,0.24287854912037762,0.15042923054284624,0.6066922203367762,0.9318571902895325,0.3638136712163985,1.67,3.8,5.25,1.0524364804226134,0.5689677299756157,0.2500463444892837,0.1809859255351006,1.67,0.6066922203367762,0.013176007962416136,0.019665683525994234,1,0,-1.0,17.72
2022,20,2023-02-03,ath bilbao,cadiz,2022|2023-02-03|ath bilbao|cadiz,2022|2023-02-03|athbilbao|cadiz,H,H,0.7393290764169176,0.19660356154326442,0.06406736203981801,0.7393290764169176,0.7191206221618028,0.5427255148736532,1.36,4.5,9.5,1.062779497764018,0.6918595241948534,0.20909532286777793,0.0990451529373685,1.36,0.7393290764169176,0.0054875439270080095,0.015243177575022245,1,1,0.3600000000000001,18.08
2022,20,2023-02-04,ath madrid,getafe,2022|2023-02-04|ath madrid|getafe,2022|2023-02-04|athmadrid|getafe,D,H,0.7295185909060228,0.19222454068969133,0.07825686840428596,0.7295185909060228,0.7464439857495281,0.5372940502163315,1.4,4.33,9.0,1.0563437076139155,0.6761868406440866,0.21862853970016655,0.1051846196557468,1.4,0.7295185909060228,0.021326027268431802,0.05331506817107952,1,0,-1.0,17.08
2022,20,2023-02-04,betis,celta,2022|2023-02-04|betis|celta,2022|2023-02-04|betis|celta,A,H,0.3872689375386328,0.36230621924566436,0.25042484321570285,0.3872689375386328,1.0819515708198535,0.024962718292968422,2.2,3.2,3.5,1.0527597402597402,0.4317656129529684,0.2968388589051658,0.27139552814186585,2.2,0.3872689375386328,-0.1480083374150078,0.0,1,0,-1.0,16.08
2022,20,2023-02-04,elche,villarreal,2022|2023-02-04|elche|villarreal,2022|2023-02-04|elche|villarreal,H,A,0.23144524971347694,0.2813441476692627,0.4872106026172604,0.4872106026172604,1.0458268866435436,0.2058664549479977,5.0,3.8,1.67,1.0619602899464229,0.18833095916429252,0.24780389363722696,0.5638651471984806,1.67,0.4872106026172604,-0.1863582936291751,0.0,1,0,-1.0,15.08
2022,20,2023-02-04,espanol,osasuna,2022|2023-02-04|espanol|osasuna,2022|2023-02-04|espanol|osasuna,D,H,0.41372914326403115,0.29524622678376344,0.2910246299522053,0.41372914326403115,1.084543899613264,0.11848291648026771,2.55,3.0,3.0,1.0588235294117647,0.3703703703703704,0.31481481481481477,0.31481481481481477,2.55,0.41372914326403115,0.05500931532327935,0.03548988085372862,1,0,-1.0,14.08
2022,20,2023-02-05,barcelona,sevilla,2022|2023-02-05|barcelona|sevilla,2022|2023-02-05|barcelona|sevilla,H,H,0.6817540809871709,0.20174075096913366,0.11650516804369553,0.6817540809871709,0.8345766363808832,0.48001333001803725,1.33,5.25,8.5,1.0600029485478402,0.7093184979137691,0.17969401947148816,0.1109874826147427,1.33,0.6817540809871709,-0.0932670722870626,0.0,1,1,0.33000000000000007,14.41
2022,20,2023-02-05,girona,valencia,2022|2023-02-05|girona|valencia,2022|2023-02-05|girona|valencia,H,H,0.40526043285822044,0.2993178088582367,0.2954217582835429,0.40526043285822044,1.087316314436627,0.10594262399998372,2.2,3.2,3.5,1.0527597402597402,0.4317656129529684,0.2968388589051658,0.27139552814186585,2.2,0.40526043285822044,-0.10842704771191497,0.0,1,1,1.2000000000000002,15.61
2022,20,2023-02-05,mallorca,real madrid,2022|2023-02-05|mallorca|real madrid,2022|2023-02-05|mallorca|realmadrid,H,A,0.12159256092287087,0.21548605690352649,0.6629213821736027,0.6629213821736027,0.8594721547403226,0.44743532527007623,5.0,3.5,1.73,1.0637489677952106,0.18801428349635152,0.2685918335662164,0.5433938829374321,1.73,0.6629213821736027,0.14685399116033276,0.20116985090456543,1,0,-1.0,14.61
2022,20,2023-02-05,sociedad,valladolid,2022|2023-02-05|sociedad|valladolid,2022|2023-02-05|sociedad|valladolid,A,H,0.6944435934841408,0.16047501430561406,0.14508139221024513,0.6944435934841408,0.8269066208433632,0.5339685791785267,1.44,4.33,7.5,1.0587246599948679,0.6559254456657416,0.21813686876643598,0.1259376855678224,1.44,0.6944435934841408,-1.2253828373665065e-06,0.0,1,0,-1.0,13.61
2022,20,2023-02-06,vallecano,almeria,2022|2023-02-06|vallecano|almeria,2022|2023-02-06|vallecano|almeria,H,D,0.39920309759066447,0.4651108664972127,0.1356860359121228,0.4651108664972127,0.9936358954095377,0.06590776890654826,1.73,3.6,5.0,1.0558124598587026,0.5474785570898474,0.26309386215706554,0.1894275807530872,3.6,0.4651108664972127,0.6743991193899659,0.25938427668844843,1,0,-1.0,12.61
2022,21,2023-02-10,cadiz,girona,2022|2023-02-10|cadiz|girona,2022|2023-02-10|cadiz|girona,H,A,0.30801925966916366,0.24683671745972033,0.4451440228711161,0.4451440228711161,1.0683334581578585,0.13712476320195244,3.0,3.2,2.45,1.0539965986394557,0.3162565550625252,0.2964905203711174,0.3872529245663574,2.45,0.4451440228711161,0.09060285603423457,0.06248472829947211,1,0,-1.0,11.61
2022,21,2023-02-11,almeria,betis,2022|2023-02-11|almeria|betis,2022|2023-02-11|almeria|betis,A,A,0.33419063923025794,0.29081102916700957,0.3749983316027325,0.3749983316027325,1.0932738907169397,0.04080769237247456,2.8,3.4,2.5,1.0512605042016807,0.33972821742605913,0.2797761790567546,0.38049560351718625,2.5,0.3749983316027325,-0.06250417099316874,0.0,1,1,1.5,13.11
2022,21,2023-02-11,sevilla,mallorca,2022|2023-02-11|sevilla|mallorca,2022|2023-02-11|sevilla|mallorca,H,H,0.6252186276586055,0.23164702813324517,0.1431343442081494,0.6252186276586055,0.9106786206312902,0.3935715995253603,1.91,3.2,4.5,1.058282431646306,0.4947263544851754,0.29528979283333906,0.20998385268148553,1.91,0.6252186276586055,0.19416757882793645,0.21337096574498512,1,1,0.9099999999999999,14.02
2022,21,2023-02-11,valencia,ath bilbao,2022|2023-02-11|valencia|ath bilbao,2022|2023-02-11|valencia|athbilbao,A,A,0.33592774654604624,0.32613318589238316,0.33793906756157044,0.33793906756157044,1.0984922154382768,0.0020113210155242034,3.0,3.2,2.45,1.0539965986394557,0.3162565550625252,0.2964905203711174,0.3872529245663574,2.45,0.33793906756157044,-0.17204928447415235,0.0,1,1,1.4500000000000002,15.47
2022,21,2023-02-12,celta,ath madrid,2022|2023-02-12|celta|ath madrid,2022|2023-02-12|celta|athmadrid,A,A,0.22140807792142553,0.2143471398959259,0.5642447821826485,0.5642447821826485,0.9868548220669358,0.342836704261223,3.6,3.1,2.2,1.0549038774845227,0.2633204633204633,0.30579150579150577,0.43088803088803085,2.2,0.5642447821826485,0.24133852080182683,0.20111543400152232,1,1,1.2000000000000002,16.67
2022,21,2023-02-12,getafe,vallecano,2022|2023-02-12|getafe|vallecano,2022|2023-02-12|getafe|vallecano,D,H,0.41460231231197026,0.35337206736502835,0.2320256203230015,0.41460231231197026,1.071588114389371,0.0612302449469419,2.8,2.9,2.88,1.0491926655719759,0.34039778284969024,0.32865992826866647,0.3309422888816433,2.8,0.41460231231197026,0.16088647447351656,0.0893813747075092,1,0,-1.0,15.67
2022,21,2023-02-12,valladolid,osasuna,2022|2023-02-12|valladolid|osasuna,2022|2023-02-12|valladolid|osasuna,D,D,0.20450449404800053,0.5694354142739276,0.22606009167807187,0.5694354142739276,0.9813782205267648,0.3433753225958558,2.75,3.1,2.7,1.0565873791680245,0.34416118421052627,0.30530427631578944,0.3505345394736841,3.1,0.5694354142739276,0.7652497842491758,0.3644046591662742,1,1,2.1,17.77
2022,21,2023-02-12,villarreal,barcelona,2022|2023-02-12|villarreal|barcelona,2022|2023-02-12|villarreal|barcelona,A,A,0.23700476648956104,0.2532436241857772,0.5097516093246618,0.5097516093246618,1.0325022754926165,0.25650798513888456,3.75,4.0,1.85,1.057207207207207,0.2522368981678739,0.23647209203238181,0.5112910097997444,1.85,0.5097516093246618,-0.05695952274937566,0.0,1,1,0.8500000000000001,18.62
2022,21,2023-02-13,espanol,sociedad,2022|2023-02-13|espanol|sociedad,2022|2023-02-13|espanol|sociedad,A,A,0.2999864779098771,0.26837173620589405,0.43164178588422886,0.43164178588422886,1.0768483156112294,0.13165530797435177,3.5,3.0,2.3,1.0538302277432714,0.2711198428290766,0.3163064833005893,0.41257367387033395,2.3,0.43164178588422886,-0.007223892466273751,0.0,1,1,1.2999999999999998,19.92
2022,21,2023-02-15,real madrid,elche,2022|2023-02-15|real madrid|elche,2022|2023-02-15|realmadrid|elche,H,H,0.8090179685812642,0.13171096771855584,0.05927106370017996,0.8090179685812642,0.6059341545039194,0.6773070008627083,1.18,7.5,15.0,1.0474576271186442,0.8090614886731391,0.12729234088457386,0.06364617044228693,1.18,0.8090179685812642,-0.04535879707410831,0.0,1,1,0.17999999999999994,20.1
2022,22,2023-02-17,girona,almeria,2022|2023-02-17|girona|almeria,2022|2023-02-17|girona|almeria,H,H,0.5317927194234862,0.2554448415663677,0.21276243901014608,0.5317927194234862,1.0137126224457242,0.27634787785711845,1.8,3.75,4.33,1.0531691044393123,0.5275084060230983,0.25320403489108717,0.21928755908581452,1.8,0.5317927194234862,-0.04277310503772491,0.0,1,1,0.8,20.9
2022,22,2023-02-18,betis,valladolid,2022|2023-02-18|betis|valladolid,2022|2023-02-18|betis|valladolid,H,H,0.6488392550489821,0.2553461560873287,0.09581458886368929,0.6488392550489821,0.8539684135217958,0.3934930989616534,1.6,3.75,6.5,1.0455128205128204,0.5977927651747396,0.25505824647455555,0.1471489883507051,1.6,0.6488392550489821,0.03814280807837139,0.06357134679728564,1,1,0.6000000000000001,21.5
2022,22,2023-02-18,mallorca,villarreal,2022|2023-02-18|mallorca|villarreal,2022|2023-02-18|mallorca|villarreal,H,A,0.218854744652365,0.27606316749702947,0.5050820878506055,0.5050820878506055,1.0328326665590222,0.22901892035357602,3.2,3.0,2.45,1.0539965986394557,0.2964905203711174,0.3162565550625252,0.3872529245663574,2.45,0.5050820878506055,0.23745111523398355,0.16375938981654037,1,0,-1.0,20.5
2022,22,2023-02-18,osasuna,real madrid,2022|2023-02-18|osasuna|real madrid,2022|2023-02-18|osasuna|realmadrid,A,A,0.14433356415338508,0.1544255240673184,0.7012409117792965,0.7012409117792965,0.8167227470198656,0.5468153877119781,4.33,3.6,1.8,1.0642802155504234,0.21699819168173598,0.26100060277275466,0.5220012055455093,1.8,0.7012409117792965,0.26223364120273374,0.32779205150341717,1,1,0.8,21.3
2022,22,2023-02-18,sociedad,celta,2022|2023-02-18|sociedad|celta,2022|2023-02-18|sociedad|celta,D,H,0.5052143534580241,0.27301959788113267,0.22176604866084315,0.5052143534580241,1.0333926980541839,0.23219475557689145,1.8,3.3,5.25,1.049062049062049,0.5295735900962861,0.28885832187070154,0.1815680880330124,1.8,0.5052143534580241,-0.09061416377555653,0.0,1,0,-1.0,20.3
2022,22,2023-02-19,ath madrid,ath bilbao,2022|2023-02-19|ath madrid|ath bilbao,2022|2023-02-19|athmadrid|athbilbao,H,H,0.49163514269681086,0.29194201058442415,0.21642284671876502,0.49163514269681086,1.0397487824774125,0.1996931321123867,2.0,3.3,4.0,1.053030303030303,0.47482014388489213,0.2877697841726619,0.23741007194244607,2.0,0.49163514269681086,-0.016729714606378288,0.0,1,1,1.0,21.3
2022,22,2023-02-19,barcelona,cadiz,2022|2023-02-19|barcelona|cadiz,2022|2023-02-19|barcelona|cadiz,H,H,0.8098040599716548,0.11927861628611634,0.07091732374222887,0.8098040599716548,0.6121242715183643,0.6905254436855385,1.18,7.0,13.0,1.067237846898864,0.794066317626527,0.1338568935427574,0.07207678883071553,1.18,0.8098040599716548,-0.044431209233447344,0.0,1,1,0.17999999999999994,21.48
2022,22,2023-02-19,elche,espanol,2022|2023-02-19|elche|espanol,2022|2023-02-19|elche|espanol,A,H,0.41570228771174084,0.3412829640580685,0.2430147482301906,0.41570228771174084,1.0755683138972494,0.07441932365367232,2.9,3.1,2.63,1.0476363682503163,0.3291481631005248,0.3079127977392006,0.36293903916027453,2.9,0.41570228771174084,0.20553663436404845,0.10817717598107814,1,0,-1.0,20.48
2022,22,2023-02-19,vallecano,sevilla,2022|2023-02-19|vallecano|sevilla,2022|2023-02-19|vallecano|sevilla,D,A,0.35010684146545895,0.28671837498110114,0.3631747835534399,0.3631747835534399,1.0934765905038264,0.013067942087980955,2.5,3.1,3.0,1.0559139784946237,0.3788187372708758,0.3054989816700611,0.3156822810590631,3.0,0.3631747835534399,0.08952435066031972,0.04476217533015986,1,0,-1.0,19.48
2022,22,2023-02-20,getafe,valencia,2022|2023-02-20|getafe|valencia,2022|2023-02-20|getafe|valencia,H,H,0.3485156011009394,0.3278268218767963,0.3236575770222644,0.3485156011009394,1.0980841254369766,0.020688779224143083,2.75,3.0,2.8,1.0541125541125542,0.3449691991786447,0.31622176591375767,0.3388090349075975,2.75,0.3485156011009394,-0.04158209697241677,0.0,1,1,1.75,21.23
2022,23,2023-02-24,elche,betis,2022|2023-02-24|elche|betis,2022|2023-02-24|elche|betis,A,A,0.35144632086954697,0.21539270534848054,0.4331609737819725,0.4331609737819725,1.0605999311903977,0.08171465291242552,3.5,3.3,2.1,1.064935064935065,0.26829268292682923,0.2845528455284553,0.4471544715447154,2.1,0.4331609737819725,-0.09036195505785771,0.0,1,1,1.1,22.330000000000002
2022,23,2023-02-25,cadiz,vallecano,2022|2023-02-25|cadiz|vallecano,2022|2023-02-25|cadiz|vallecano,H,D,0.3098916571398686,0.43425038582390746,0.2558579570362239,0.43425038582390746,1.0740395484450562,0.12435872868403886,2.9,3.0,2.7,1.0485312899106,0.3288672350791718,0.31790499390986604,0.3532277710109623,3.0,0.43425038582390746,0.30275115747172243,0.15137557873586122,1,0,-1.0,21.330000000000002
2022,23,2023-02-25,espanol,mallorca,2022|2023-02-25|espanol|mallorca,2022|2023-02-25|espanol|mallorca,H,H,0.48711773317994733,0.2393138293164419,0.2735684375036109,0.48711773317994733,1.0471733775031944,0.21354929567633646,2.5,2.9,3.2,1.0573275862068967,0.3783122706889523,0.32613126783530366,0.29555646147574394,2.5,0.48711773317994733,0.21779433294986827,0.14519622196657886,1,1,1.5,22.830000000000002
2022,23,2023-02-25,real madrid,ath madrid,2022|2023-02-25|real madrid|ath madrid,2022|2023-02-25|realmadrid|athmadrid,D,H,0.5180880984264884,0.278889359045283,0.20302254252822863,0.5180880984264884,1.020531828501901,0.2391987393812054,1.8,3.5,5.0,1.0412698412698413,0.5335365853658537,0.274390243902439,0.19207317073170732,1.8,0.5180880984264884,-0.06744142283232085,0.0,1,0,-1.0,21.830000000000002
2022,23,2023-02-25,valencia,sociedad,2022|2023-02-25|valencia|sociedad,2022|2023-02-25|valencia|sociedad,H,H,0.3716431540560518,0.32777257449204616,0.30058427145190203,0.3716431540560518,1.0947797956460252,0.04387057956400564,3.1,3.1,2.5,1.0451612903225806,0.30864197530864196,0.30864197530864196,0.3827160493827161,3.1,0.3716431540560518,0.15209377757376064,0.07242560836845745,1,1,2.1,23.93
2022,23,2023-02-26,almeria,barcelona,2022|2023-02-26|almeria|barcelona,2022|2023-02-26|almeria|barcelona,H,A,0.1531606155408285,0.2107951467174314,0.6360442377417401,0.6360442377417401,0.903352555064469,0.42524909102430875,7.0,4.75,1.44,1.0478279030910609,0.13633645604943193,0.20091688259916285,0.6627466613514053,1.44,0.6360442377417401,-0.08409629765189425,0.0,1,0,-1.0,22.93
2022,23,2023-02-26,ath bilbao,girona,2022|2023-02-26|ath bilbao|girona,2022|2023-02-26|athbilbao|girona,A,H,0.6085710191416314,0.25254608582324695,0.13888289503512166,0.6085710191416314,0.9239580113289653,0.3560249333183844,1.67,3.8,5.25,1.0524364804226134,0.5689677299756157,0.2500463444892837,0.1809859255351006,1.67,0.6085710191416314,0.016313601966524316,0.024348659651528833,1,0,-1.0,21.93
2022,23,2023-02-26,celta,valladolid,2022|2023-02-26|celta|valladolid,2022|2023-02-26|celta|valladolid,H,H,0.6698029270161617,0.20991197176243437,0.12028510122140397,0.6698029270161617,0.8508754205949831,0.45989095525372736,1.7,3.75,5.25,1.0453781512605043,0.5627009646302251,0.255091103965702,0.18220793140407288,1.7,0.6698029270161617,0.1386649759274749,0.19809282275353557,1,1,0.7,22.63
2022,23,2023-02-26,sevilla,osasuna,2022|2023-02-26|sevilla|osasuna,2022|2023-02-26|sevilla|osasuna,A,H,0.5518865022732412,0.27619116789349774,0.17192232983326106,0.5518865022732412,0.9861189130003669,0.2756953343797435,1.85,3.25,4.5,1.0704550704550704,0.5049633146309883,0.2874406560207165,0.2075960293482952,1.85,0.5518865022732412,0.020990029205496308,0.02469415200646624,1,0,-1.0,21.63
2022,23,2023-02-27,villarreal,getafe,2022|2023-02-27|villarreal|getafe,2022|2023-02-27|villarreal|getafe,H,H,0.6213363132740547,0.27339556607931365,0.1052681206466317,0.6213363132740547,0.8872166390840561,0.34794074719474105,1.67,3.6,5.75,1.0504932164656196,0.5700202398490961,0.2644260557077751,0.16555370444312875,1.67,0.6213363132740547,0.037631643167671314,0.05616663159353928,1,1,0.6699999999999999,22.3
2022,24,2023-03-03,sociedad,cadiz,2022|2023-03-03|sociedad|cadiz,2022|2023-03-03|sociedad|cadiz,D,H,0.7100204774032174,0.1927284650248679,0.09725105757191473,0.7100204774032174,0.7871165119096404,0.5172920123783495,1.5,3.9,7.5,1.0564102564102564,0.6310679611650485,0.24271844660194178,0.1262135922330097,1.5,0.7100204774032174,0.06503071610482608,0.13006143220965216,1,0,-1.0,21.3
2022,24,2023-03-04,almeria,villarreal,2022|2023-03-04|almeria|villarreal,2022|2023-03-04|almeria|villarreal,A,A,0.17974244984182045,0.3530027232745672,0.4672548268836123,0.4672548268836123,1.031579025450779,0.11425210360904509,3.5,3.6,2.05,1.051296941540844,0.2717731541152642,0.2642238998342847,0.46400294605045117,2.05,0.4672548268836123,-0.04212760488859485,0.0,1,1,1.0499999999999998,22.35
2022,24,2023-03-04,ath madrid,sevilla,2022|2023-03-04|ath madrid|sevilla,2022|2023-03-04|athmadrid|sevilla,H,H,0.5472008512295992,0.24600457949007903,0.2067945692803219,0.5472008512295992,1.0008413334830124,0.3011962717395201,1.67,3.6,5.25,1.067056363463549,0.5611722264285397,0.26032156059323924,0.17850621297822117,1.67,0.5472008512295992,-0.08617457844656945,0.0,1,1,0.6699999999999999,23.02
2022,24,2023-03-04,getafe,girona,2022|2023-03-04|getafe|girona,2022|2023-03-04|getafe|girona,H,H,0.38987799421760755,0.29006433897582845,0.3200576668065639,0.38987799421760755,1.0908603024054786,0.06982032741104366,2.75,3.0,2.8,1.0541125541125542,0.3449691991786447,0.31622176591375767,0.3388090349075975,2.75,0.38987799421760755,0.0721644840984208,0.041236848056240456,1,1,1.75,24.77
2022,24,2023-03-04,mallorca,elche,2022|2023-03-04|mallorca|elche,2022|2023-03-04|mallorca|elche,A,H,0.479739718501833,0.34503296920768306,0.17522731229048408,0.479739718501833,1.0247176060097254,0.13470674929414994,1.7,3.4,5.75,1.0562659846547313,0.5569007263922519,0.2784503631961259,0.1646489104116223,1.7,0.479739718501833,-0.18444247854688384,0.0,1,0,-1.0,23.77
2022,24,2023-03-05,barcelona,valencia,2022|2023-03-05|barcelona|valencia,2022|2023-03-05|barcelona|valencia,H,H,0.5749111142152394,0.2036338666795312,0.22145501910522933,0.5749111142152394,0.9761569529508635,0.3534560951100101,1.53,4.5,5.75,1.049730036942313,0.6226312939902545,0.21169463995668653,0.16567406605305904,1.53,0.5749111142152394,-0.12038599525068366,0.0,1,1,0.53,24.3
2022,24,2023-03-05,betis,real madrid,2022|2023-03-05|betis|real madrid,2022|2023-03-05|betis|realmadrid,D,A,0.14852539954589866,0.16578036164644963,0.6856942388076518,0.6856942388076518,0.8398888364286405,0.5199138771612022,4.75,3.75,1.73,1.0552276645370653,0.1995079572537864,0.25271007918812943,0.5477819635580841,1.73,0.6856942388076518,0.18625103313723756,0.25513840155785966,1,0,-1.0,23.3
2022,24,2023-03-05,valladolid,espanol,2022|2023-03-05|valladolid|espanol,2022|2023-03-05|valladolid|espanol,H,H,0.4266248987419958,0.3013678092011327,0.2720072920568716,0.4266248987419958,1.0790216658863327,0.12525708954086306,2.5,3.2,2.88,1.0597222222222222,0.3774574049803408,0.2948885976408912,0.327653997378768,2.5,0.4266248987419958,0.06656224685498946,0.04437483123665964,1,1,1.5,24.8
2022,24,2023-03-05,vallecano,ath bilbao,2022|2023-03-05|vallecano|ath bilbao,2022|2023-03-05|vallecano|athbilbao,D,A,0.2968919513062723,0.23922134333844422,0.4638867053552835,0.4638867053552835,1.0590341142935904,0.1669947540490112,2.9,3.1,2.6,1.0520236159835714,0.3277755185034567,0.3066287108580724,0.36559577063847093,2.6,0.4638867053552835,0.20610543392373715,0.12881589620233572,1,0,-1.0,23.8
2022,24,2023-03-06,osasuna,celta,2022|2023-03-06|osasuna|celta,2022|2023-03-06|osasuna|celta,D,D,0.20372264300143245,0.46579454267534603,0.33048281432322146,0.46579454267534603,1.0459046325547543,0.13531172835212457,2.8,3.0,2.8,1.0476190476190477,0.3409090909090909,0.3181818181818181,0.3409090909090909,3.0,0.46579454267534603,0.3973836280260381,0.19869181401301905,1,1,2.0,25.8
2022,25,2023-03-10,cadiz,getafe,2022|2023-03-10|cadiz|getafe,2022|2023-03-10|cadiz|getafe,D,H,0.3910788139237782,0.3314056960013011,0.2775154900749207,0.3910788139237782,1.088912417046625,0.05967311792247709,2.5,2.88,3.3,1.0502525252525252,0.3808607838422698,0.3306083193075258,0.2885308968502044,2.5,0.3910788139237782,-0.022302965190554525,0.0,1,0,-1.0,24.8
2022,25,2023-03-11,celta,vallecano,2022|2023-03-11|celta|vallecano,2022|2023-03-11|celta|vallecano,H,H,0.4791811090004435,0.3307873088439441,0.1900315821556125,0.4791811090004435,1.0340254280617334,0.1483938001564994,2.1,3.2,4.0,1.0386904761904763,0.45845272206303717,0.30085959885386815,0.24068767908309455,2.1,0.4791811090004435,0.006280328900931331,0.005709389909937574,1,1,1.1,25.9
2022,25,2023-03-11,elche,valladolid,2022|2023-03-11|elche|valladolid,2022|2023-03-11|elche|valladolid,D,D,0.3091874350379739,0.4913841357091855,0.19942842925284066,0.4913841357091855,1.0336077185064703,0.18219670067121158,2.7,3.3,2.7,1.0437710437710437,0.3548387096774194,0.2903225806451613,0.3548387096774194,3.3,0.4913841357091855,0.621567647840312,0.27024680340883134,1,1,2.3,28.2
2022,25,2023-03-11,real madrid,espanol,2022|2023-03-11|real madrid|espanol,2022|2023-03-11|realmadrid|espanol,H,H,0.8083237193758456,0.10899575720329532,0.08268052342085903,0.8083237193758456,0.6196922265889904,0.6993279621725502,1.25,6.5,9.5,1.0591093117408907,0.7553516819571866,0.1452599388379205,0.09938837920489296,1.25,0.8083237193758456,0.010404649219806966,0.041618596879227865,1,1,0.25,28.45
2022,25,2023-03-11,valencia,osasuna,2022|2023-03-11|valencia|osasuna,2022|2023-03-11|valencia|osasuna,H,H,0.5051002764010469,0.3187630486208962,0.17613667497805693,0.5051002764010469,1.0152871941270485,0.18633722778015072,2.1,3.2,3.8,1.0518483709273183,0.4527177959791511,0.29709605361131797,0.2501861504095309,2.1,0.5051002764010469,0.06071058044219857,0.05519143676563506,1,1,1.1,29.55
2022,25,2023-03-12,ath bilbao,barcelona,2022|2023-03-12|ath bilbao|barcelona,2022|2023-03-12|athbilbao|barcelona,A,A,0.29436539306776666,0.28314346953459185,0.4224911373976414,0.4224911373976414,1.0812729453456909,0.12812574432987472,3.5,3.3,2.15,1.0538608678143562,0.2711119602598395,0.28754298815437523,0.44134505158578524,2.15,0.4224911373976414,-0.09164405459507102,0.0,1,1,1.15,30.7
2022,25,2023-03-12,mallorca,sociedad,2022|2023-03-12|mallorca|sociedad,2022|2023-03-12|mallorca|sociedad,D,A,0.25056938969980597,0.3146921891844844,0.4347384211157096,0.4347384211157096,1.0727692910772644,0.12004623193122521,3.5,2.9,2.38,1.050709939148073,0.2719249862107005,0.3281853281853282,0.39988968560397137,2.38,0.4347384211157096,0.034677442255388824,0.025128581344484657,1,0,-1.0,29.7
2022,25,2023-03-12,sevilla,almeria,2022|2023-03-12|sevilla|almeria,2022|2023-03-12|sevilla|almeria,H,H,0.6511945959417098,0.21785076853523824,0.1309546355230521,0.6511945959417098,0.8775386460274938,0.4333438274064716,1.73,3.6,5.25,1.0462886503348932,0.5524619634322796,0.2654886657605121,0.1820493708072083,1.73,0.6511945959417098,0.12656665097915798,0.17337897394405202,1,1,0.73,30.43
2022,25,2023-03-12,villarreal,betis,2022|2023-03-12|villarreal|betis,2022|2023-03-12|villarreal|betis,D,H,0.5109838576133677,0.26206906659470863,0.22694707579192358,0.5109838576133677,1.030603683386339,0.2489147910186591,1.95,3.6,3.8,1.0537561853351327,0.4866595517609392,0.26360725720384204,0.24973319103521877,1.95,0.5109838576133677,-0.003581477653932963,0.0,1,0,-1.0,29.43
2022,25,2023-03-13,girona,ath madrid,2022|2023-03-13|girona|ath madrid,2022|2023-03-13|girona|athmadrid,A,A,0.23242016428143802,0.28319347063486683,0.48438636508369515,0.48438636508369515,1.0475517469005171,0.20119289444882832,3.75,3.4,2.05,1.0485891917742707,0.25430995165556874,0.2804889172671714,0.4652011310772599,2.05,0.48438636508369515,-0.007007951578425042,0.0,1,1,1.0499999999999998,30.48
2022,26,2023-03-17,valladolid,ath bilbao,2022|2023-03-17|valladolid|ath bilbao,2022|2023-03-17|valladolid|athbilbao,A,A,0.20236378068164418,0.22543803002972865,0.5721981892886271,0.5721981892886271,0.9785925315385513,0.34676015925889847,4.2,3.6,1.83,1.0623211033047097,0.2241273729332517,0.2614819350887937,0.5143906919779547,1.83,0.5721981892886271,0.04712268639818762,0.05677432096167182,1,1,0.8300000000000001,31.31
2022,26,2023-03-18,almeria,cadiz,2022|2023-03-18|almeria|cadiz,2022|2023-03-18|almeria|cadiz,D,H,0.552042633550913,0.28953837671495464,0.15841898973413238,0.552042633550913,0.9787473549894816,0.26250425683595835,2.0,3.5,3.6,1.0634920634920635,0.4701492537313433,0.26865671641791045,0.2611940298507463,2.0,0.552042633550913,0.10408526710182597,0.10408526710182597,1,0,-1.0,30.31
2022,26,2023-03-18,ath madrid,valencia,2022|2023-03-18|ath madrid|valencia,2022|2023-03-18|athmadrid|valencia,H,H,0.6094924098847109,0.20903060592336653,0.18147698419192254,0.6094924098847109,0.9386809527571263,0.40046180396134434,1.55,4.2,5.75,1.0571695718960794,0.6102722850464338,0.2252195337671363,0.16450818118642999,1.55,0.6094924098847109,-0.05528676467869814,0.0,1,1,0.55,30.86
2022,26,2023-03-18,espanol,celta,2022|2023-03-18|espanol|celta,2022|2023-03-18|espanol|celta,A,H,0.365986721701879,0.30228269577178135,0.3317305825263396,0.365986721701879,1.0955655363216992,0.034256139175539435,2.75,3.25,2.55,1.0634855340737694,0.3419288292934502,0.2893243940175348,0.36874677668901495,2.75,0.365986721701879,0.006463484680167331,0.0036934198172384747,1,0,-1.0,29.86
2022,26,2023-03-18,vallecano,girona,2022|2023-03-18|vallecano|girona,2022|2023-03-18|vallecano|girona,D,H,0.5159185960763908,0.28125133235759253,0.2028300715660167,0.5159185960763908,1.0217997436341808,0.23466726371879826,2.0,3.4,3.8,1.0572755417956656,0.47291361639824303,0.2781844802342606,0.24890190336749632,2.0,0.5159185960763908,0.03183719215278158,0.03183719215278158,1,0,-1.0,28.86
2022,26,2023-03-19,barcelona,real madrid,2022|2023-03-19|barcelona|real madrid,2022|2023-03-19|barcelona|realmadrid,H,A,0.31955301278771564,0.26759485094226043,0.4128521362700238,0.4128521362700238,1.082557746716992,0.09329912348230818,2.15,3.5,3.25,1.058522872476361,0.43940125543215836,0.269917914051183,0.2906808305166586,3.25,0.4128521362700238,0.3417694428775774,0.15189753016781216,1,0,-1.0,27.86
2022,26,2023-03-19,betis,mallorca,2022|2023-03-19|betis|mallorca,2022|2023-03-19|betis|mallorca,H,H,0.5730907955161529,0.28269050739322527,0.14421869709062185,0.5730907955161529,0.9554665420787076,0.2904002881229277,1.8,3.2,5.25,1.058531746031746,0.5248359887535146,0.2952202436738519,0.17994376757263353,1.8,0.5730907955161529,0.03156343192907529,0.039454289911344115,1,1,0.8,28.66
2022,26,2023-03-19,getafe,sevilla,2022|2023-03-19|getafe|sevilla,2022|2023-03-19|getafe|sevilla,H,A,0.2862195056669134,0.21710645494441982,0.4966740393886667,0.4966740393886667,1.0372439520346328,0.21045453372175332,2.9,3.1,2.5,1.0674082313681867,0.323051271363068,0.30220925385577324,0.3747394747811589,2.5,0.4966740393886667,0.24168509847166686,0.16112339898111125,1,0,-1.0,27.66
2022,26,2023-03-19,osasuna,villarreal,2022|2023-03-19|osasuna|villarreal,2022|2023-03-19|osasuna|villarreal,A,A,0.28839924232530467,0.2499128408715162,0.4616879168031791,0.4616879168031791,1.0619612132500877,0.17328867447787444,3.0,3.1,2.45,1.064077243800746,0.3132604660754795,0.303155289750464,0.3835842441740565,2.45,0.4616879168031791,0.1311353961677889,0.09043820425364751,1,1,1.4500000000000002,29.11
2022,26,2023-03-19,sociedad,elche,2022|2023-03-19|sociedad|elche,2022|2023-03-19|sociedad|elche,H,H,0.6960525334110828,0.21534636971390564,0.0886010968750116,0.6960525334110828,0.7976013814795121,0.4807061636971771,1.4,4.75,8.5,1.0424590888987173,0.6851930420025457,0.20195163343232925,0.11285532456512516,1.4,0.6960525334110828,-0.025526453224484214,0.0,1,1,0.3999999999999999,29.51
2022,27,2023-03-31,mallorca,osasuna,2022|2023-03-31|mallorca|osasuna,2022|2023-03-31|mallorca|osasuna,D,H,0.4350156582799374,0.3922155763629887,0.17276876535707386,0.4350156582799374,1.0325346814227223,0.042800081916948673,2.2,2.9,3.9,1.0557832971626075,0.43052912066996574,0.32660829843928435,0.2428625808907499,2.2,0.4350156582799374,-0.042965551784137745,0.0,1,0,-1.0,28.51
2022,27,2023-04-01,ath bilbao,getafe,2022|2023-04-01|ath bilbao|getafe,2022|2023-04-01|athbilbao|getafe,D,H,0.6503136385541197,0.250181957981755,0.09950440346412517,0.6503136385541197,0.8560858273276319,0.4001316805723647,1.57,3.8,6.5,1.0539467237422318,0.6043404859191113,0.24968804286658017,0.14597147121430842,1.57,0.6503136385541197,0.02099241252996803,0.03682879391222461,1,0,-1.0,27.51
2022,27,2023-04-01,cadiz,sevilla,2022|2023-04-01|cadiz|sevilla,2022|2023-04-01|cadiz|sevilla,A,A,0.27424528157060374,0.24278946566707493,0.4829652527623214,0.4829652527623214,1.0499904208089534,0.20871997119171765,3.4,3.1,2.3,1.0514809009157662,0.27971753628874063,0.3067869752844252,0.41349548842683403,2.3,0.4829652527623214,0.1108200813533391,0.08524621642564546,1,1,1.2999999999999998,28.81
2022,27,2023-04-01,elche,barcelona,2022|2023-04-01|elche|barcelona,2022|2023-04-01|elche|barcelona,A,A,0.16739012018562668,0.1594950579717979,0.6731148218425754,0.6731148218425754,0.8584349775670783,0.5057247016569487,9.5,5.0,1.33,1.0571428571428572,0.09957325746799431,0.1891891891891892,0.7112375533428165,1.33,0.6731148218425754,-0.10475728694937464,0.0,1,1,0.33000000000000007,29.14
2022,27,2023-04-01,girona,espanol,2022|2023-04-01|girona|espanol,2022|2023-04-01|girona|espanol,H,H,0.5068007837910761,0.27528062507595136,0.21791859113297254,0.5068007837910761,1.0315709863105837,0.2315201587151247,1.91,3.3,4.33,1.057537394671477,0.49507489008152494,0.2865433454714281,0.2183817644470468,1.91,0.5068007837910761,-0.03201050295904473,0.0,1,1,0.9099999999999999,30.05
2022,27,2023-04-02,ath madrid,betis,2022|2023-04-02|ath madrid|betis,2022|2023-04-02|athmadrid|betis,H,H,0.5891091799149923,0.23017451636134667,0.18071630372366107,0.5891091799149923,0.9590051187511288,0.35893466355364567,1.53,4.0,6.5,1.057440925087984,0.6180910495661476,0.23641982645905146,0.1454891239748009,1.53,0.5891091799149923,-0.0986629547300617,0.0,1,1,0.53,30.58
2022,27,2023-04-02,celta,almeria,2022|2023-04-02|celta|almeria,2022|2023-04-02|celta|almeria,D,H,0.6521562569818606,0.2084033092371253,0.13944043378101406,0.6521562569818606,0.8803267811779921,0.44375294774473534,1.55,4.0,6.0,1.0618279569892473,0.6075949367088608,0.23544303797468355,0.1569620253164557,1.55,0.6521562569818606,0.010842198321884045,0.01971308785797099,1,0,-1.0,29.58
2022,27,2023-04-02,real madrid,valladolid,2022|2023-04-02|real madrid|valladolid,2022|2023-04-02|realmadrid|valladolid,H,H,0.8243958723677575,0.1051922566919724,0.07041187094027011,0.8243958723677575,0.5829142369778288,0.7192036156757851,1.2,7.5,11.0,1.0575757575757576,0.7879656160458453,0.12607449856733524,0.08595988538681948,1.2,0.8243958723677575,-0.01072495315869107,0.0,1,1,0.19999999999999996,29.78
2022,27,2023-04-02,villarreal,sociedad,2022|2023-04-02|villarreal|sociedad,2022|2023-04-02|villarreal|sociedad,H,H,0.3869971012999133,0.3163366536025117,0.296666245097575,0.3869971012999133,1.091971462535775,0.07066044769740165,2.4,3.1,3.2,1.051747311827957,0.39616613418530355,0.30670926517571884,0.2971246006389776,2.4,0.3869971012999133,-0.07120695688020795,0.0,1,1,1.4,31.18
2022,27,2023-04-03,valencia,vallecano,2022|2023-04-03|valencia|vallecano,2022|2023-04-03|valencia|vallecano,D,H,0.4695034143496019,0.290084257652573,0.24041232799782516,0.4695034143496019,1.0566692815776682,0.1794191566970289,2.05,3.2,3.8,1.0634627727856225,0.4586948321388156,0.2938513768389287,0.24745379102225576,2.05,0.4695034143496019,-0.03751800058331611,0.0,1,0,-1.0,30.18
2022,28,2023-04-07,sevilla,celta,2022|2023-04-07|sevilla|celta,2022|2023-04-07|sevilla|celta,D,H,0.4784171732860865,0.3520522357559474,0.16953059095796616,0.4784171732860865,1.0211273084398063,0.1263649375301391,2.1,3.4,3.5,1.0560224089635852,0.4509283819628648,0.2785145888594165,0.27055702917771884,2.1,0.4784171732860865,0.0046760639007816795,0.004250967182528799,1,0,-1.0,29.18
2022,28,2023-04-08,espanol,ath bilbao,2022|2023-04-08|espanol|ath bilbao,2022|2023-04-08|espanol|athbilbao,A,A,0.28078212419412346,0.25114982524568197,0.4680680505601945,0.4680680505601945,1.0589878345567088,0.18728592636607105,3.5,3.2,2.2,1.0527597402597402,0.27139552814186585,0.2968388589051658,0.4317656129529684,2.2,0.4680680505601945,0.029749711232427978,0.024791426027023312,1,1,1.2000000000000002,30.38
2022,28,2023-04-08,osasuna,elche,2022|2023-04-08|osasuna|elche,2022|2023-04-08|osasuna|elche,H,H,0.594034455509623,0.2519315084191013,0.15403403607127575,0.594034455509623,0.9448293364673772,0.3421029470905217,1.73,3.6,5.0,1.0558124598587026,0.5474785570898474,0.26309386215706554,0.1894275807530872,1.73,0.594034455509623,0.027679608031647707,0.037917271276229736,1,1,0.73,31.11
2022,28,2023-04-08,real madrid,villarreal,2022|2023-04-08|real madrid|villarreal,2022|2023-04-08|realmadrid|villarreal,A,H,0.6184332591380038,0.23841859432989582,0.1431481465321003,0.6184332591380038,0.9172873888207602,0.380014664808108,1.53,4.33,5.75,1.058454696937181,0.6174990513369328,0.21819250543776147,0.1643084432253056,1.53,0.6184332591380038,-0.05379711351885408,0.0,1,0,-1.0,30.11
2022,28,2023-04-08,sociedad,getafe,2022|2023-04-08|sociedad|getafe,2022|2023-04-08|sociedad|getafe,H,H,0.5494336864955895,0.3446595897560548,0.10590672374835561,0.5494336864955895,0.9339499398339753,0.20477409673953473,1.7,3.3,6.0,1.057932263814617,0.5560235888795282,0.2864363942712721,0.15754001684919963,1.7,0.5494336864955895,-0.06596273295749777,0.0,1,1,0.7,30.81
2022,28,2023-04-09,almeria,valencia,2022|2023-04-09|almeria|valencia,2022|2023-04-09|almeria|valencia,H,A,0.33056801952748804,0.31219232684804993,0.3572396536244621,0.3572396536244621,1.0970782537983919,0.02667163409697404,3.0,3.3,2.4,1.053030303030303,0.31654676258992803,0.2877697841726619,0.3956834532374101,2.4,0.3572396536244621,-0.142624831301291,0.0,1,0,-1.0,29.81
2022,28,2023-04-09,betis,cadiz,2022|2023-04-09|betis|cadiz,2022|2023-04-09|betis|cadiz,A,H,0.6090283552279264,0.24027558351840733,0.15069606125366627,0.6090283552279264,0.9298276554868994,0.3687527717095191,1.62,3.75,5.75,1.0578636607622114,0.5835193829916785,0.25208037345240514,0.1644002435559164,1.62,0.6090283552279264,-0.013374064530759122,0.0,1,0,-1.0,28.81
2022,28,2023-04-09,valladolid,mallorca,2022|2023-04-09|valladolid|mallorca,2022|2023-04-09|valladolid|mallorca,D,H,0.42283014702556937,0.37180332568182434,0.2053665272926063,0.42283014702556937,1.0569111042869883,0.05102682134374503,2.5,2.9,3.2,1.0573275862068967,0.3783122706889523,0.32613126783530366,0.29555646147574394,2.5,0.42283014702556937,0.057075367563923396,0.038050245042615595,1,0,-1.0,27.81
2022,28,2023-04-09,vallecano,ath madrid,2022|2023-04-09|vallecano|ath madrid,2022|2023-04-09|vallecano|athmadrid,A,A,0.24873478088291592,0.3038118603684947,0.44745335874858944,0.44745335874858944,1.06786125053203,0.1436414983800947,4.33,3.5,1.85,1.0572017084719163,0.21845110575057775,0.2702552251142862,0.511293669135136,1.85,0.44745335874858944,-0.17221128631510957,0.0,1,1,0.8500000000000001,28.66
2022,28,2023-04-10,barcelona,girona,2022|2023-04-10|barcelona|girona,2022|2023-04-10|barcelona|girona,D,H,0.7243796227600663,0.17122160018733054,0.1043987770526032,0.7243796227600663,0.7716329758260086,0.5531580225727357,1.3,5.5,10.0,1.0510489510489511,0.7318695941450432,0.17298735861610112,0.09514304723885562,1.3,0.7243796227600663,-0.0583064904119138,0.0,1,0,-1.0,27.66
2022,29,2023-04-14,vallecano,osasuna,2022|2023-04-14|vallecano|osasuna,2022|2023-04-14|vallecano|osasuna,H,H,0.46826988235985906,0.36258006130095244,0.1691500563391886,0.46826988235985906,1.0236967683374631,0.10568982105890662,2.2,3.1,3.6,1.0549038774845227,0.43088803088803085,0.30579150579150577,0.2633204633204633,2.2,0.46826988235985906,0.030193741191689938,0.025161450993074944,1,1,1.2000000000000002,28.86
2022,29,2023-04-15,ath bilbao,sociedad,2022|2023-04-15|ath bilbao|sociedad,2022|2023-04-15|athbilbao|sociedad,H,H,0.4357358056626041,0.30135960554523766,0.2629045887921582,0.4357358056626041,1.0746712647485879,0.13437620011736645,2.25,3.1,3.5,1.0527393753200203,0.4221789883268483,0.3064202334630351,0.27140077821011677,2.25,0.4357358056626041,-0.019594437259140673,0.0,1,1,1.25,30.11
2022,29,2023-04-15,betis,espanol,2022|2023-04-15|betis|espanol,2022|2023-04-15|betis|espanol,H,H,0.5149016628737877,0.2562107428119449,0.22888759431426747,0.5149016628737877,1.0281776452282303,0.2586909200618428,1.83,3.5,4.5,1.0543845953682018,0.5182625863770978,0.27097729516288255,0.21076011846001974,1.83,0.5149016628737877,-0.057729956940968497,0.0,1,1,0.8300000000000001,30.94
2022,29,2023-04-15,cadiz,real madrid,2022|2023-04-15|cadiz|real madrid,2022|2023-04-15|cadiz|realmadrid,A,A,0.0815282018344046,0.2611429118058098,0.6573288863597857,0.6573288863597857,0.8308047285563069,0.3961859745539759,5.75,4.2,1.55,1.0571695718960796,0.16450818118642996,0.22521953376713624,0.6102722850464337,1.55,0.6573288863597857,0.01885977385766785,0.03429049792303245,1,1,0.55,31.490000000000002
2022,29,2023-04-15,villarreal,valladolid,2022|2023-04-15|villarreal|valladolid,2022|2023-04-15|villarreal|valladolid,A,H,0.5008720997161465,0.35343658352719076,0.14569131675666266,0.5008720997161465,0.9945374769508573,0.14743551618895578,1.44,4.75,6.5,1.0588169140800718,0.6558682952734998,0.19883165161975572,0.14530005310674457,1.44,0.5008720997161465,-0.278744176408749,0.0,1,0,-1.0,30.490000000000002
2022,29,2023-04-16,ath madrid,almeria,2022|2023-04-16|ath madrid|almeria,2022|2023-04-16|athmadrid|almeria,H,H,0.7673549575294845,0.14376624395261642,0.08887879851789905,0.7673549575294845,0.6971737483593129,0.6235887135768681,1.22,7.0,11.0,1.0534383649137746,0.7780921584478578,0.13561034761519808,0.08629749393694423,1.22,0.7673549575294845,-0.06382695181402898,0.0,1,1,0.21999999999999997,30.71
2022,29,2023-04-16,getafe,barcelona,2022|2023-04-16|getafe|barcelona,2022|2023-04-16|getafe|barcelona,D,A,0.1603863171379527,0.18607266636492428,0.653541016497123,0.653541016497123,0.8844210147720539,0.4674683501321988,6.0,3.8,1.6,1.0548245614035088,0.15800415800415799,0.24948024948024947,0.5925155925155925,1.6,0.653541016497123,0.0456656263953969,0.07610937732566149,1,0,-1.0,29.71
2022,29,2023-04-16,girona,elche,2022|2023-04-16|girona|elche,2022|2023-04-16|girona|elche,H,H,0.6188009248544172,0.23791508909325915,0.14328398605232373,0.6188009248544172,0.9170055365685112,0.38088583576115803,1.53,4.33,6.0,1.0512083201255868,0.6217557060086298,0.21969658895916944,0.15854770503220061,1.53,0.6188009248544172,-0.053234584972741694,0.0,1,1,0.53,30.240000000000002
2022,29,2023-04-16,valencia,sevilla,2022|2023-04-16|valencia|sevilla,2022|2023-04-16|valencia|sevilla,A,H,0.48437816215012847,0.2751517465765832,0.24047009127328842,0.48437816215012847,1.0488935841928138,0.20922641557354527,2.2,3.2,3.6,1.0448232323232323,0.4350453172205438,0.2990936555891239,0.26586102719033233,2.2,0.48437816215012847,0.06563195673028266,0.05469329727523554,1,0,-1.0,29.240000000000002
2022,29,2023-04-17,celta,mallorca,2022|2023-04-17|celta|mallorca,2022|2023-04-17|celta|mallorca,A,H,0.5889838042685227,0.22832833525424512,0.1826878604772322,0.5889838042685227,0.9595817287833661,0.3606554690142776,1.8,3.3,5.25,1.049062049062049,0.5295735900962861,0.28885832187070154,0.1815680880330124,1.8,0.5889838042685227,0.06017084768334091,0.07521355960417614,1,0,-1.0,28.240000000000002
2022,30,2023-04-21,espanol,cadiz,2022|2023-04-21|espanol|cadiz,2022|2023-04-21|espanol|cadiz,D,H,0.5598304484626994,0.3112210203855847,0.128948531151716,0.5598304484626994,0.9521735989001461,0.24860942807711467,2.05,3.25,3.8,1.0586550804779302,0.46077791250816164,0.290644529428225,0.24857755806361348,2.05,0.5598304484626994,0.14765241934853357,0.1406213517605082,1,0,-1.0,27.240000000000002
2022,30,2023-04-22,almeria,ath bilbao,2022|2023-04-22|almeria|ath bilbao,2022|2023-04-22|almeria|athbilbao,A,A,0.2557995787469404,0.3037773344072314,0.44042308684582815,0.44042308684582815,1.071841311192267,0.13664575243859672,3.8,3.75,1.85,1.0703651019440492,0.24585806680251618,0.24913617435988308,0.5050057588376008,1.85,0.44042308684582815,-0.18521728933521792,0.0,1,1,0.8500000000000001,28.09
2022,30,2023-04-22,osasuna,betis,2022|2023-04-22|osasuna|betis,2022|2023-04-22|osasuna|betis,H,H,0.3981518779919364,0.291598582832047,0.3102495391760166,0.3981518779919364,1.0891354895718797,0.0879023388159198,2.55,3.2,2.88,1.0518790849673203,0.37281553398058254,0.29708737864077667,0.33009708737864074,2.55,0.3981518779919364,0.015287288879437755,0.009862767018992101,1,1,1.5499999999999998,29.64
2022,30,2023-04-22,real madrid,celta,2022|2023-04-22|real madrid|celta,2022|2023-04-22|realmadrid|celta,H,H,0.7073385950403178,0.19392930953294785,0.09873209542673425,0.7073385950403178,0.791606701940883,0.51340928550737,1.36,5.0,9.0,1.04640522875817,0.7026858213616489,0.19113054341036853,0.10618363522798249,1.36,0.7073385950403178,-0.038019510745167684,0.0,1,1,0.3600000000000001,30.0
2022,30,2023-04-22,sociedad,vallecano,2022|2023-04-22|sociedad|vallecano,2022|2023-04-22|sociedad|vallecano,H,H,0.5982119966340894,0.2916039476238974,0.11018405574201313,0.5982119966340894,0.9097503191465514,0.306608049010192,1.67,3.5,6.0,1.0511833475905332,0.5696460056964601,0.2718025227180252,0.15855147158551472,1.67,0.5982119966340894,-0.000985965621070728,0.0,1,1,0.6699999999999999,30.67
2022,30,2023-04-22,valladolid,girona,2022|2023-04-22|valladolid|girona,2022|2023-04-22|valladolid|girona,H,D,0.26260047303324197,0.4595054531656338,0.27789407380112424,0.4595054531656338,1.0642898409746084,0.18161137936450955,2.5,3.4,2.8,1.0512605042016807,0.38049560351718625,0.2797761790567546,0.33972821742605913,3.4,0.4595054531656338,0.5623185407631548,0.23429939198464783,1,0,-1.0,29.67
2022,30,2023-04-23,barcelona,ath madrid,2022|2023-04-23|barcelona|ath madrid,2022|2023-04-23|barcelona|athmadrid,H,H,0.43192512805760647,0.3100169845935156,0.25805788734887797,0.43192512805760647,1.0752299016385256,0.12190814346409085,1.95,3.3,4.2,1.0539460539460541,0.48657187993680884,0.287519747235387,0.22590837282780407,1.95,0.43192512805760647,-0.15774600028766744,0.0,1,1,0.95,30.62
2022,30,2023-04-23,elche,valencia,2022|2023-04-23|elche|valencia,2022|2023-04-23|elche|valencia,A,A,0.23910905970391383,0.18588207987795938,0.5750088604181268,0.5750088604181268,0.9730914297832105,0.335899800714213,4.33,3.5,1.85,1.0572017084719163,0.21845110575057775,0.2702552251142862,0.511293669135136,1.85,0.5750088604181268,0.06376639177353466,0.07501928443945254,1,1,0.8500000000000001,31.47
2022,30,2023-04-23,mallorca,getafe,2022|2023-04-23|mallorca|getafe,2022|2023-04-23|mallorca|getafe,H,D,0.2589386814446797,0.5763681073624877,0.16469321119283256,0.5763681073624877,0.9645048385657154,0.317429425917808,2.3,2.88,3.75,1.048671497584541,0.41460324772544055,0.3311067603362893,0.2542899919382702,2.88,0.5763681073624877,0.6599401492039644,0.35103199425742787,1,0,-1.0,30.47
2022,30,2023-04-23,sevilla,villarreal,2022|2023-04-23|sevilla|villarreal,2022|2023-04-23|sevilla|villarreal,H,H,0.354926901607854,0.29431727307496897,0.35075582531717703,0.354926901607854,1.0951018352314028,0.004171076290676978,2.75,3.4,2.55,1.049910873440285,0.34634974533106966,0.28013582342954163,0.3735144312393889,2.75,0.354926901607854,-0.023951020578401483,0.0,1,1,1.75,32.22
2022,31,2023-04-25,betis,sociedad,2022|2023-04-25|betis|sociedad,2022|2023-04-25|betis|sociedad,D,A,0.34252386574316207,0.29935021351269414,0.3581259207441439,0.3581259207441439,1.095792430232418,0.01560205500098183,2.75,3.25,2.63,1.0515568082108007,0.34580762617578636,0.2926064529179731,0.36158592090624053,2.63,0.3581259207441439,-0.05812882844290168,0.0,1,0,-1.0,31.22
2022,31,2023-04-25,cadiz,osasuna,2022|2023-04-25|cadiz|osasuna,2022|2023-04-25|cadiz|osasuna,A,H,0.46689561819279013,0.3559531203140621,0.1771512614931479,0.46689561819279013,1.0298996211601292,0.11094249787872801,2.3,3.1,3.4,1.0514809009157662,0.41349548842683403,0.3067869752844252,0.27971753628874063,2.3,0.46689561819279013,0.07385992184341716,0.05681532449493629,1,0,-1.0,30.22
2022,31,2023-04-25,girona,real madrid,2022|2023-04-25|girona|real madrid,2022|2023-04-25|girona|realmadrid,H,A,0.09081866023347418,0.10659614991888916,0.8025851898476366,0.8025851898476366,0.6330040102067442,0.6959890399287474,5.25,4.33,1.57,1.0583657478525161,0.17997199064943042,0.2182108431661685,0.6018171661844011,1.57,0.8025851898476366,0.2600587480607895,0.45624341765050785,1,0,-1.0,29.22
2022,31,2023-04-26,ath madrid,mallorca,2022|2023-04-26|ath madrid|mallorca,2022|2023-04-26|athmadrid|mallorca,H,H,0.7009345962378004,0.19015955071521556,0.10890585304698401,0.7009345962378004,0.8061887149365422,0.5107750455225848,1.4,4.33,8.5,1.0628796553263338,0.6720287764529735,0.21728413095477203,0.11068709259225445,1.4,0.7009345962378004,-0.01869156526707949,0.0,1,1,0.3999999999999999,29.62
2022,31,2023-04-26,celta,elche,2022|2023-04-26|celta|elche,2022|2023-04-26|celta|elche,H,H,0.7254465726740827,0.1721903938179828,0.10236303350793455,0.7254465726740827,0.7690633885998707,0.5532561788560999,1.3,5.25,10.0,1.0597069597069597,0.7258900795022467,0.1797442101624611,0.09436571033529209,1.3,0.7254465726740827,-0.0569194555236924,0.0,1,1,0.30000000000000004,29.92
2022,31,2023-04-26,getafe,almeria,2022|2023-04-26|getafe|almeria,2022|2023-04-26|getafe|almeria,A,H,0.5511293713220595,0.2689108505734502,0.17995977810449035,0.5511293713220595,0.9901708488130625,0.2822185207486093,1.91,3.3,4.5,1.0488127346766092,0.49919322307382,0.2889269866881807,0.21187979023799916,1.91,0.5511293713220595,0.05265709922513362,0.05786494420344354,1,0,-1.0,28.92
2022,31,2023-04-26,vallecano,barcelona,2022|2023-04-26|vallecano|barcelona,2022|2023-04-26|vallecano|barcelona,H,A,0.2317984234992251,0.2748780041076735,0.4933235723931014,0.4933235723931014,1.0424257569412347,0.21844556828542788,4.75,3.75,1.73,1.0552276645370653,0.1995079572537864,0.25271007918812943,0.5477819635580841,1.73,0.4933235723931014,-0.1465502197599347,0.0,1,0,-1.0,27.92
2022,31,2023-04-27,ath bilbao,sevilla,2022|2023-04-27|ath bilbao|sevilla,2022|2023-04-27|athbilbao|sevilla,A,H,0.5613064221036287,0.2505530133949156,0.18814056450145572,0.5613064221036287,0.9852357190074438,0.3107534087087131,1.75,3.6,4.5,1.0714285714285714,0.5333333333333333,0.2592592592592593,0.2074074074074074,1.75,0.5613064221036287,-0.017713761318649768,0.0,1,0,-1.0,26.92
2022,31,2023-04-27,valencia,valladolid,2022|2023-04-27|valencia|valladolid,2022|2023-04-27|valencia|valladolid,H,H,0.6551141637720395,0.19833457086592152,0.14655126536203902,0.6551141637720395,0.8793775287029368,0.4567795929061179,1.75,3.75,4.75,1.0486215538847117,0.5449330783938815,0.25430210325047803,0.20076481835564056,1.75,0.6551141637720395,0.14644978660106905,0.19526638213475875,1,1,0.75,27.67
2022,31,2023-04-27,villarreal,espanol,2022|2023-04-27|villarreal|espanol,2022|2023-04-27|villarreal|espanol,H,H,0.5989086890928754,0.21021201874034412,0.1908792921667804,0.5989086890928754,0.9510008840801998,0.3886966703525313,1.57,4.0,6.0,1.0536093418259023,0.6045340050377834,0.23727959697732998,0.15818639798488665,1.57,0.5989086890928754,-0.059713358124185545,0.0,1,1,0.5700000000000001,28.240000000000002
2022,32,2023-04-28,osasuna,sociedad,2022|2023-04-28|osasuna|sociedad,2022|2023-04-28|osasuna|sociedad,A,A,0.23149846432569882,0.26611582327822614,0.5023857123960751,0.5023857123960751,1.0368506577811187,0.23626988911784896,3.75,3.0,2.2,1.0545454545454545,0.25287356321839083,0.3160919540229885,0.4310344827586207,2.2,0.5023857123960751,0.10524856727136533,0.08770713939280443,1,1,1.2000000000000002,29.44
2022,32,2023-04-29,barcelona,betis,2022|2023-04-29|barcelona|betis,2022|2023-04-29|barcelona|betis,H,H,0.7100358134067931,0.18055356635123523,0.10941062024197164,0.7100358134067931,0.794290241141526,0.5294822470555579,1.33,5.0,9.0,1.0629908103592314,0.7073247406475951,0.1881483810122603,0.10452687834014461,1.33,0.7100358134067931,-0.0556523681689651,0.0,1,1,0.33000000000000007,29.77
2022,32,2023-04-29,elche,vallecano,2022|2023-04-29|elche|vallecano,2022|2023-04-29|elche|vallecano,H,A,0.336207450979825,0.2635878013452612,0.4002047476749137,0.4002047476749137,1.0844340036506703,0.06399729669508869,4.75,3.5,1.8,1.0517961570593148,0.20015885623510724,0.27164416203335984,0.5281969817315331,1.8,0.4002047476749137,-0.2796314541851552,0.0,1,0,-1.0,28.77
2022,32,2023-04-29,real madrid,almeria,2022|2023-04-29|real madrid|almeria,2022|2023-04-29|realmadrid|almeria,H,H,0.8419970908491025,0.1067427114635628,0.051260197687334676,0.8419970908491025,0.5359105509751794,0.7352543793855396,1.14,8.5,15.0,1.0615067079463365,0.8263659342796034,0.11083025471514679,0.06280381100524984,1.14,0.8419970908491025,-0.040123316432023284,0.0,1,1,0.1399999999999999,28.91
2022,32,2023-04-30,cadiz,valencia,2022|2023-04-30|cadiz|valencia,2022|2023-04-30|cadiz|valencia,H,H,0.3595643173140921,0.30403047601023003,0.33640520667567786,0.3595643173140921,1.096264656321138,0.02315911063841425,3.1,3.1,2.45,1.053324555628703,0.30625,0.30625,0.3875,3.1,0.3595643173140921,0.1146493836736856,0.05459494460651695,1,1,2.1,31.01
2022,32,2023-04-30,espanol,getafe,2022|2023-04-30|espanol|getafe,2022|2023-04-30|espanol|getafe,H,H,0.46073341360357345,0.33764792407009403,0.2016186623263325,0.46073341360357345,1.0465080501464925,0.12308548953347942,2.38,3.0,3.3,1.056531703590527,0.39768618944323936,0.31549771029163654,0.28681610026512416,2.38,0.46073341360357345,0.09654552437650477,0.0699605249105107,1,1,1.38,32.39
2022,32,2023-04-30,valladolid,ath madrid,2022|2023-04-30|valladolid|ath madrid,2022|2023-04-30|valladolid|athmadrid,A,A,0.17187941546524255,0.21913575493438311,0.6089848296003744,0.6089848296003744,0.9373684955624408,0.3898490746659913,5.5,3.8,1.65,1.05103668261563,0.17298937784522,0.25037936267071315,0.5766312594840667,1.65,0.6089848296003744,0.004824968840617672,0.00742302898556565,1,1,0.6499999999999999,33.04
2022,32,2023-04-30,villarreal,celta,2022|2023-04-30|villarreal|celta,2022|2023-04-30|villarreal|celta,H,H,0.5398770485949854,0.2467656063510936,0.21335734505392093,0.5398770485949854,1.0076824600042535,0.29311144224389185,1.8,3.6,4.5,1.0555555555555556,0.5263157894736842,0.2631578947368421,0.21052631578947367,1.8,0.5398770485949854,-0.02822131252902621,0.0,1,1,0.8,33.84
2022,32,2023-05-01,mallorca,ath bilbao,2022|2023-05-01|mallorca|ath bilbao,2022|2023-05-01|mallorca|athbilbao,D,D,0.26185740349115333,0.38296426513877474,0.35517833137007193,0.38296426513877474,1.086109113494118,0.02778593376870281,3.6,3.0,2.25,1.0555555555555556,0.2631578947368421,0.3157894736842105,0.42105263157894735,3.0,0.38296426513877474,0.14889279541632428,0.07444639770816214,1,1,2.0,35.84
2022,32,2023-05-01,sevilla,girona,2022|2023-05-01|sevilla|girona,2022|2023-05-01|sevilla|girona,A,D,0.40597904753985337,0.41560445890894976,0.178416493551197,0.41560445890894976,1.0384057327022178,0.009625411369096393,1.95,3.5,3.8,1.0616926932716406,0.4830216088614491,0.26911203922280735,0.24786635191574358,3.5,0.41560445890894976,0.45461560618132424,0.1818462424725297,1,0,-1.0,34.84
2022,33,2023-05-02,almeria,elche,2022|2023-05-02|almeria|elche,2022|2023-05-02|almeria|elche,H,H,0.6150651834347552,0.2199171507232581,0.1650176658419866,0.6150651834347552,0.9293165748073069,0.3951480327114971,1.62,4.33,5.0,1.048230832834374,0.5888816959792844,0.22032063452342746,0.19079766949728819,1.62,0.6150651834347552,-0.003594402835696453,0.0,1,1,0.6200000000000001,35.46
2022,33,2023-05-02,barcelona,osasuna,2022|2023-05-02|barcelona|osasuna,2022|2023-05-02|barcelona|osasuna,H,H,0.8095368756021305,0.14617171218248426,0.044291412215385365,0.8095368756021305,0.5901884863611313,0.6633651634196462,1.14,7.5,19.0,1.063157894736842,0.8250825082508252,0.1254125412541254,0.0495049504950495,1.14,0.8095368756021305,-0.0771279618135713,0.0,1,1,0.1399999999999999,35.6
2022,33,2023-05-02,sociedad,real madrid,2022|2023-05-02|sociedad|real madrid,2022|2023-05-02|sociedad|realmadrid,H,A,0.28372173182314764,0.28297082563870973,0.4333074425381427,0.4333074425381427,1.0770256691453883,0.14958571071499505,2.55,3.4,2.8,1.0434173669467788,0.37583892617449666,0.28187919463087246,0.3422818791946309,2.8,0.4333074425381427,0.2132608391067995,0.11847824394822196,1,0,-1.0,34.6
2022,33,2023-05-03,ath madrid,cadiz,2022|2023-05-03|ath madrid|cadiz,2022|2023-05-03|athmadrid|cadiz,H,H,0.7714417361481839,0.13488898312177544,0.09366928073004062,0.7714417361481839,0.6922155828658965,0.6365527530264085,1.29,5.5,12.0,1.0403453136011274,0.7451312447078747,0.1747671464860288,0.08010160880609654,1.29,0.7714417361481839,-0.004840160368842744,0.0,1,1,0.29000000000000004,34.89
2022,33,2023-05-03,getafe,celta,2022|2023-05-03|getafe|celta,2022|2023-05-03|getafe|celta,H,H,0.4326817774644177,0.3068243276213482,0.260493894914234,0.4326817774644177,1.0753972262866047,0.1258574498430695,2.55,3.0,3.1,1.0480708412397217,0.3741701870850936,0.3180446590223295,0.30778515389257693,2.55,0.4326817774644177,0.10333853253426506,0.06667002098984844,1,1,1.5499999999999998,36.44
2022,33,2023-05-03,valencia,villarreal,2022|2023-05-03|valencia|villarreal,2022|2023-05-03|valencia|villarreal,D,A,0.3438105327911561,0.22604927524740026,0.43014019196144376,0.43014019196144376,1.0660953367930412,0.08632965917028768,2.75,3.3,2.55,1.058823529411765,0.34343434343434337,0.2861952861952861,0.37037037037037035,2.55,0.43014019196144376,0.0968574895016816,0.06248870290431072,1,0,-1.0,35.44
2022,33,2023-05-04,ath bilbao,betis,2022|2023-05-04|ath bilbao|betis,2022|2023-05-04|athbilbao|betis,A,H,0.6297772477684914,0.1682284127549521,0.20199433947655648,0.6297772477684914,0.914151042004416,0.42778290829193494,1.7,4.0,4.75,1.0487616099071206,0.5608856088560886,0.23837638376383766,0.2007380073800738,1.7,0.6297772477684914,0.07062132120643538,0.10088760172347913,1,0,-1.0,34.44
2022,33,2023-05-04,girona,mallorca,2022|2023-05-04|girona|mallorca,2022|2023-05-04|girona|mallorca,H,H,0.46724137784657516,0.2926964584965705,0.24006216365685437,0.46724137784657516,1.0576752557571778,0.17454491935000466,2.1,3.2,3.75,1.0553571428571429,0.45121263395375066,0.2961082910321489,0.25267907501410036,2.1,0.46724137784657516,-0.018793106522192127,0.0,1,1,1.1,35.54
2022,33,2023-05-04,sevilla,espanol,2022|2023-05-04|sevilla|espanol,2022|2023-05-04|sevilla|espanol,H,H,0.5216276152571897,0.19618784860722197,0.28218453613558836,0.5216276152571897,1.0160218854007184,0.23944307912160134,1.83,3.6,4.2,1.0623211033047097,0.5143906919779547,0.2614819350887937,0.2241273729332517,1.83,0.5216276152571897,-0.04542146407934283,0.0,1,1,0.8300000000000001,36.37
2022,33,2023-05-04,vallecano,valladolid,2022|2023-05-04|vallecano|valladolid,2022|2023-05-04|vallecano|valladolid,H,H,0.5937635160839295,0.2193983977065556,0.18683808620951495,0.5937635160839295,0.9557348527848666,0.37436511837737396,1.73,3.8,4.75,1.0517188926072407,0.5496094879953717,0.25021695111368236,0.20017356089094587,1.73,0.5937635160839295,0.02721088282519807,0.037275181952326125,1,1,0.73,37.1
2022,34,2023-05-12,mallorca,cadiz,2022|2023-05-12|mallorca|cadiz,2022|2023-05-12|mallorca|cadiz,H,H,0.5249794189842842,0.2745143313692185,0.20050624964649727,0.5249794189842842,1.015369121586477,0.25046508761506575,2.15,2.9,4.0,1.059943865276664,0.4388121808208814,0.3253262719878949,0.23586154719122376,2.15,0.5249794189842842,0.12870575081621105,0.11191804418800962,1,1,1.15,38.25
2022,34,2023-05-13,osasuna,almeria,2022|2023-05-13|osasuna|almeria,2022|2023-05-13|osasuna|almeria,H,H,0.5370854531260153,0.21867451332680551,0.24424003354717924,0.5370854531260153,1.0105555876611156,0.29284541957883603,2.05,3.5,3.6,1.0512969415408442,0.46400294605045106,0.27177315411526415,0.2642238998342846,2.05,0.5370854531260153,0.10102517890833129,0.09621445610317268,1,1,1.0499999999999998,39.3
2022,34,2023-05-13,real madrid,getafe,2022|2023-05-13|real madrid|getafe,2022|2023-05-13|realmadrid|getafe,H,H,0.7066932213747573,0.17345583592384473,0.11985094270139807,0.7066932213747573,0.8034647231372674,0.5332373854509126,1.55,4.0,6.5,1.0490074441687345,0.6150206978119456,0.23832052040212892,0.1466587817859255,1.55,0.7066932213747573,0.09537449313087387,0.17340816932886158,1,1,0.55,39.85
2022,34,2023-05-13,sociedad,girona,2022|2023-05-13|sociedad|girona,2022|2023-05-13|sociedad|girona,D,H,0.6729534434602265,0.1965424063222762,0.13050415021749742,0.6729534434602265,0.8520453056337018,0.47641103713795024,1.62,4.0,5.5,1.0491021324354657,0.5883926183471516,0.23829901043059643,0.17330837122225196,1.62,0.6729534434602265,0.09018457840556693,0.14545899742833374,1,0,-1.0,38.85
2022,34,2023-05-13,villarreal,ath bilbao,2022|2023-05-13|villarreal|ath bilbao,2022|2023-05-13|villarreal|athbilbao,H,H,0.4937098409841506,0.3312505167916681,0.17503964222418128,0.4937098409841506,1.0195052712237167,0.1624593241924825,2.1,3.5,3.4,1.0560224089635855,0.45092838196286467,0.2705570291777188,0.27851458885941643,2.1,0.4937098409841506,0.03679066606671633,0.033446060060651206,1,1,1.1,39.95
2022,34,2023-05-14,celta,valencia,2022|2023-05-14|celta|valencia,2022|2023-05-14|celta|valencia,A,H,0.4686349754205945,0.31125493146993444,0.22011009310947102,0.4686349754205945,1.051636716726111,0.15738004395066008,2.2,3.3,3.4,1.0516934046345812,0.43220338983050843,0.288135593220339,0.2796610169491525,2.2,0.4686349754205945,0.030996945925307995,0.02583078827108999,1,0,-1.0,38.95
2022,34,2023-05-14,elche,ath madrid,2022|2023-05-14|elche|ath madrid,2022|2023-05-14|elche|athmadrid,H,A,0.16506730245926798,0.17088328991606155,0.6640494076246705,0.6640494076246705,0.8711257815871084,0.4931661177086089,8.0,5.0,1.36,1.0602941176470588,0.11789181692094314,0.18862690707350901,0.6934812760055478,1.36,0.6640494076246705,-0.09689280563044811,0.0,1,0,-1.0,37.95
2022,34,2023-05-14,espanol,barcelona,2022|2023-05-14|espanol|barcelona,2022|2023-05-14|espanol|barcelona,A,A,0.2177451848873832,0.22933071624034013,0.5529240988722766,0.5529240988722766,0.99727402215421,0.32359338263193643,5.25,4.0,1.65,1.0465367965367967,0.18200620475698032,0.2388831437435367,0.5791106514994829,1.65,0.5529240988722766,-0.08767523686074374,0.0,1,1,0.6499999999999999,38.6
2022,34,2023-05-14,valladolid,sevilla,2022|2023-05-14|valladolid|sevilla,2022|2023-05-14|valladolid|sevilla,A,H,0.5071708190156848,0.28171181420181585,0.21111736678249937,0.5071708190156848,1.0295739702846889,0.225459004813869,2.25,3.5,3.1,1.0527393753200205,0.42217898832684825,0.2714007782101167,0.306420233463035,2.25,0.5071708190156848,0.1411343427852909,0.11290747422823273,1,0,-1.0,37.6
2022,34,2023-05-15,betis,vallecano,2022|2023-05-15|betis|vallecano,2022|2023-05-15|betis|vallecano,H,D,0.37714650708462705,0.4839296942140961,0.13892379870127683,0.4839296942140961,0.9932193510094807,0.10678318712946905,1.91,3.5,4.0,1.0592744951383695,0.4942630185348632,0.26972639011473964,0.23601059135039718,3.5,0.4839296942140961,0.6937539297493363,0.2775015718997345,1,0,-1.0,36.6
2022,35,2023-05-19,cadiz,valladolid,2022|2023-05-19|cadiz|valladolid,2022|2023-05-19|cadiz|valladolid,H,H,0.49263987403283177,0.284650139122459,0.2227099868447091,0.49263987403283177,1.0409236998441733,0.20798973491037276,2.2,3.4,3.3,1.0516934046345812,0.43220338983050843,0.2796610169491525,0.288135593220339,2.2,0.49263987403283177,0.08380772287222993,0.0698397690601916,1,1,1.2000000000000002,37.8
2022,35,2023-05-20,almeria,mallorca,2022|2023-05-20|almeria|mallorca,2022|2023-05-20|almeria|mallorca,H,H,0.4840328171330815,0.2951795361914609,0.22078764667545767,0.4840328171330815,1.0448967607829438,0.18885328094162057,2.25,3.25,3.3,1.0551670551670551,0.4212076583210604,0.2916053019145803,0.2871870397643594,2.25,0.4840328171330815,0.08907383854943329,0.07125907083954663,1,1,1.25,39.05
2022,35,2023-05-20,ath bilbao,celta,2022|2023-05-20|ath bilbao|celta,2022|2023-05-20|athbilbao|celta,H,H,0.6488828170378094,0.2073681734691155,0.14374900949307512,0.6488828170378094,0.885715804595344,0.44151464356869385,1.62,3.8,5.5,1.062260027172308,0.5811043763554468,0.24773397097258518,0.17116165267196795,1.62,0.6488828170378094,0.051190163601251226,0.0825647800020181,1,1,0.6200000000000001,39.67
2022,35,2023-05-20,barcelona,sociedad,2022|2023-05-20|barcelona|sociedad,2022|2023-05-20|barcelona|sociedad,A,H,0.5609203378021066,0.2439175425970278,0.19516211960086552,0.5609203378021066,0.9873404682398395,0.3170027952050788,1.8,3.75,4.33,1.0531691044393123,0.5275084060230983,0.25320403489108717,0.21928755908581452,1.8,0.5609203378021066,0.00965660804379187,0.012070760054739837,1,0,-1.0,38.67
2022,35,2023-05-20,getafe,elche,2022|2023-05-20|getafe|elche,2022|2023-05-20|getafe|elche,D,H,0.7363626208966831,0.1523273946829422,0.11130998442037462,0.7363626208966831,0.7563629292492586,0.5840352262137409,1.5,4.0,7.0,1.0595238095238095,0.6292134831460674,0.23595505617977527,0.1348314606741573,1.5,0.7363626208966831,0.10454393134502471,0.20908786269004942,1,0,-1.0,37.67
2022,35,2023-05-20,girona,villarreal,2022|2023-05-20|girona|villarreal,2022|2023-05-20|girona|villarreal,A,A,0.2420626957948685,0.16011594692259698,0.5978213572825346,0.5978213572825346,0.9442467754716859,0.3557586614876661,2.8,3.75,2.3,1.0585921325051761,0.3373753178173283,0.2519069039702718,0.41071777821239974,2.3,0.5978213572825346,0.37498912174982946,0.28845317057679193,1,1,1.2999999999999998,38.97
2022,35,2023-05-21,ath madrid,osasuna,2022|2023-05-21|ath madrid|osasuna,2022|2023-05-21|athmadrid|osasuna,H,H,0.7581807700919198,0.16546088936118206,0.07635834054689818,0.7581807700919198,0.7039752449498741,0.5927198807307377,1.36,4.75,8.0,1.0708204334365323,0.6866642573183954,0.19660281893747744,0.11673292374412723,1.36,0.7581807700919198,0.031125847325010947,0.08646068701391928,1,1,0.3600000000000001,39.33
2022,35,2023-05-21,sevilla,betis,2022|2023-05-21|sevilla|betis,2022|2023-05-21|sevilla|betis,D,H,0.4940018164901592,0.21460664889861647,0.29139153461122436,0.4940018164901592,1.0379578404842953,0.20261028187893482,2.3,3.3,3.1,1.0603935568872456,0.41002004008016035,0.28577154308617236,0.30420841683366734,2.3,0.4940018164901592,0.13620417792736605,0.10477244455951236,1,0,-1.0,38.33
2022,35,2023-05-21,valencia,real madrid,2022|2023-05-21|valencia|real madrid,2022|2023-05-21|valencia|realmadrid,H,A,0.28750541619798936,0.21428974786005836,0.49820483594195236,0.49820483594195236,1.03559816636588,0.210699419743963,3.2,3.5,2.2,1.0527597402597402,0.2968388589051658,0.27139552814186585,0.4317656129529684,2.2,0.49820483594195236,0.09605063907229539,0.0800421992269128,1,0,-1.0,37.33
2022,35,2023-05-21,vallecano,espanol,2022|2023-05-21|vallecano|espanol,2022|2023-05-21|vallecano|espanol,A,H,0.4224314781815744,0.18560130688829038,0.39196721493013514,0.4224314781815744,1.0437098140011056,0.03046426325143925,2.15,3.4,3.4,1.0533515731874146,0.44155844155844154,0.2792207792207792,0.2792207792207792,2.15,0.4224314781815744,-0.09177232190961515,0.0,1,0,-1.0,36.33
2022,36,2023-05-23,celta,girona,2022|2023-05-23|celta|girona,2022|2023-05-23|celta|girona,D,H,0.5810484714900738,0.22368033896123904,0.1952711895486872,0.5810484714900738,0.9693824420860901,0.3573681325288347,2.0,3.5,3.75,1.0523809523809524,0.4751131221719457,0.27149321266968324,0.25339366515837103,2.0,0.5810484714900738,0.16209694298014754,0.16209694298014754,1,0,-1.0,35.33
2022,36,2023-05-23,sociedad,almeria,2022|2023-05-23|sociedad|almeria,2022|2023-05-23|sociedad|almeria,H,H,0.6698140457325951,0.22806744060199605,0.10211851366540876,0.6698140457325951,0.8385368519645927,0.44174660513059905,1.36,5.0,8.0,1.0602941176470588,0.6934812760055478,0.18862690707350901,0.11789181692094314,1.36,0.6698140457325951,-0.08905289780367065,0.0,1,1,0.3600000000000001,35.69
2022,36,2023-05-23,valladolid,barcelona,2022|2023-05-23|valladolid|barcelona,2022|2023-05-23|valladolid|barcelona,H,A,0.32867860523603315,0.2633911986915247,0.40793019607244224,0.40793019607244224,1.0828809208603674,0.07925159083640909,3.6,3.8,1.91,1.0644958819387038,0.2609477241676853,0.24721363342201763,0.4918386424102969,1.91,0.40793019607244224,-0.2208533255016354,0.0,1,0,-1.0,34.69
2022,36,2023-05-24,betis,getafe,2022|2023-05-24|betis|getafe,2022|2023-05-24|betis|getafe,A,H,0.5141362010472125,0.26176907633444096,0.22409472261834654,0.5141362010472125,1.0280604649666163,0.2523671247127715,2.0,3.2,4.2,1.0505952380952381,0.4759206798866855,0.29745042492917845,0.22662889518413595,2.0,0.5141362010472125,0.028272402094424942,0.028272402094424942,1,0,-1.0,33.69
2022,36,2023-05-24,elche,sevilla,2022|2023-05-24|elche|sevilla,2022|2023-05-24|elche|sevilla,D,A,0.34639725890708445,0.23570889461157246,0.41789384648134303,0.41789384648134303,1.0725001855617775,0.07149658757425859,4.0,3.75,1.91,1.0402268760907503,0.24033218689707242,0.2563543326902106,0.5033134804127172,1.91,0.41789384648134303,-0.2018227532206348,0.0,1,0,-1.0,32.69
2022,36,2023-05-24,espanol,ath madrid,2022|2023-05-24|espanol|ath madrid,2022|2023-05-24|espanol|athmadrid,D,A,0.3594450838627108,0.2534458724485427,0.3871090436887465,0.3871090436887465,1.0830484744712443,0.0276639598260357,2.88,3.5,2.38,1.0531045751633987,0.32971295577967413,0.27130666075584614,0.39898038346447967,2.38,0.3871090436887465,-0.07868047602078332,0.0,1,0,-1.0,31.69
2022,36,2023-05-24,real madrid,vallecano,2022|2023-05-24|real madrid|vallecano,2022|2023-05-24|realmadrid|vallecano,H,H,0.6180763263625223,0.20550940369320392,0.1764142699442737,0.6180763263625223,0.928618011605866,0.4125669226693184,1.62,4.0,5.25,1.0577601410934743,0.5835764902042518,0.236348478532722,0.18007503126302626,1.62,0.6180763263625223,0.0012836487072862002,0.0020704011407841937,1,1,0.6200000000000001,32.31
2022,36,2023-05-24,villarreal,cadiz,2022|2023-05-24|villarreal|cadiz,2022|2023-05-24|villarreal|cadiz,H,H,0.729240724098576,0.1482136819675865,0.12254559393383738,0.729240724098576,0.7704700986861321,0.5810270421309895,1.44,4.5,7.0,1.0595238095238095,0.6554307116104868,0.2097378277153558,0.1348314606741573,1.44,0.729240724098576,0.05010664270194937,0.1138787334135213,1,1,0.43999999999999995,32.75
2022,36,2023-05-25,mallorca,valencia,2022|2023-05-25|mallorca|valencia,2022|2023-05-25|mallorca|valencia,H,H,0.38302872310936764,0.34832736153814614,0.26864391535248616,0.38302872310936764,1.0880192220290832,0.0347013615712215,3.3,3.0,2.4,1.053030303030303,0.2877697841726619,0.31654676258992803,0.3956834532374101,3.3,0.38302872310936764,0.2639947862609131,0.11478034185257092,1,1,2.3,35.05
2022,36,2023-05-25,osasuna,ath bilbao,2022|2023-05-25|osasuna|ath bilbao,2022|2023-05-25|osasuna|athbilbao,H,A,0.3351462847344073,0.2525402014142363,0.41231351385135645,0.41231351385135645,1.079217872883657,0.07716722911694918,3.0,3.25,2.45,1.0491889063317634,0.31770573566084787,0.2932668329177058,0.38902743142144636,2.45,0.41231351385135645,0.010168108935823428,0.007012488921257535,1,0,-1.0,34.05
2022,37,2023-05-27,sevilla,real madrid,2022|2023-05-27|sevilla|real madrid,2022|2023-05-27|sevilla|realmadrid,A,H,0.4088372587140472,0.26217315458901175,0.32898958669694106,0.4088372587140472,1.0824112818607028,0.07984767201710613,2.88,3.5,2.4,1.0496031746031746,0.33081285444234404,0.2722117202268431,0.39697542533081287,2.88,0.4088372587140472,0.1774513050964559,0.09438899207258293,1,0,-1.0,33.05
2022,37,2023-05-28,almeria,valladolid,2022|2023-05-28|almeria|valladolid,2022|2023-05-28|almeria|valladolid,D,H,0.4169404433454307,0.17135745081721834,0.4117021058373509,0.4169404433454307,1.0323867973848992,0.005238337508079782,2.25,3.4,3.1,1.0611427366645583,0.41883568448241604,0.27717067355454006,0.3039936419630439,2.25,0.4169404433454307,-0.06188400247278092,0.0,1,0,-1.0,32.05
2022,37,2023-05-28,ath bilbao,elche,2022|2023-05-28|ath bilbao|elche,2022|2023-05-28|athbilbao|elche,A,H,0.7625154988704717,0.16170169534744028,0.07578280578208804,0.7625154988704717,0.6968743445305832,0.6008138035230314,1.3,5.0,11.0,1.06013986013986,0.7255936675461742,0.18865435356200533,0.0857519788918206,1.3,0.7625154988704717,-0.008729851468386812,0.0,1,0,-1.0,31.05
2022,37,2023-05-28,ath madrid,sociedad,2022|2023-05-28|ath madrid|sociedad,2022|2023-05-28|athmadrid|sociedad,H,H,0.4965537294686652,0.22699154542468294,0.27645472510665187,0.4965537294686652,1.039652007177424,0.22009900436201335,2.0,3.5,3.6,1.0634920634920635,0.4701492537313433,0.26865671641791045,0.2611940298507463,2.0,0.4965537294686652,-0.0068925410626695105,0.0,1,1,1.0,32.05
2022,37,2023-05-28,barcelona,mallorca,2022|2023-05-28|barcelona|mallorca,2022|2023-05-28|barcelona|mallorca,H,H,0.8126836092609895,0.11372512726048135,0.07359126347852919,0.8126836092609895,0.6078130524844543,0.6989584820005081,1.33,5.0,9.5,1.057142857142857,0.7112375533428166,0.18918918918918923,0.09957325746799432,1.33,0.8126836092609895,0.08086920031711609,0.2450581827791396,1,1,0.33000000000000007,32.38
2022,37,2023-05-28,cadiz,celta,2022|2023-05-28|cadiz|celta,2022|2023-05-28|cadiz|celta,H,H,0.4478337656087936,0.3120733841727168,0.2400928502184896,0.4478337656087936,1.065722019755534,0.13576038143607683,2.6,3.1,2.75,1.0708323934130384,0.35917421529386984,0.3012428902464715,0.3395828944596588,2.6,0.4478337656087936,0.16436779058286344,0.10272986911428965,1,1,1.6,33.980000000000004
2022,37,2023-05-28,getafe,osasuna,2022|2023-05-28|getafe|osasuna,2022|2023-05-28|getafe|osasuna,H,H,0.4197021084066341,0.37249503211550955,0.20780285947785646,0.4197021084066341,1.058732881124185,0.04720707629112453,2.2,3.1,3.5,1.0628403854210307,0.4276704769412692,0.303508080409933,0.26882144264879776,2.2,0.4197021084066341,-0.07665536150540486,0.0,1,1,1.2000000000000002,35.18
2022,37,2023-05-28,girona,betis,2022|2023-05-28|girona|betis,2022|2023-05-28|girona|betis,A,H,0.5534738318969711,0.22698595402585464,0.21954021407717425,0.5534738318969711,0.9968636004669905,0.32648787787111644,1.95,3.6,3.6,1.0683760683760686,0.48,0.25999999999999995,0.25999999999999995,1.95,0.5534738318969711,0.0792739721990936,0.0834462865253617,1,0,-1.0,34.18
2022,37,2023-05-28,valencia,espanol,2022|2023-05-28|valencia|espanol,2022|2023-05-28|valencia|espanol,D,H,0.4854909431635289,0.18844953887675023,0.32605951795972093,0.4854909431635289,1.0307281664949126,0.15943142520380799,2.0,3.75,3.4,1.0607843137254902,0.47134935304990755,0.2513863216266174,0.27726432532347506,2.0,0.4854909431635289,-0.02901811367294216,0.0,1,0,-1.0,33.18
2022,37,2023-05-28,vallecano,villarreal,2022|2023-05-28|vallecano|villarreal,2022|2023-05-28|vallecano|villarreal,H,A,0.2886906040968595,0.23555942653025533,0.4757499693728853,0.4757499693728853,1.0526560505000433,0.1870593652760258,3.0,3.6,2.2,1.0656565656565657,0.31279620853080564,0.2606635071090047,0.42654028436018954,2.2,0.4757499693728853,0.04664993262034767,0.038874943850289716,1,0,-1.0,32.18
2022,38,2023-06-04,betis,valencia,2022|2023-06-04|betis|valencia,2022|2023-06-04|betis|valencia,D,A,0.363476956388764,0.2084097426165541,0.4281133009946819,0.4281133009946819,1.0578887757473763,0.06463634460591794,2.63,3.6,2.5,1.058005914659907,0.35938186319530413,0.26254841672323603,0.37806972008145995,2.5,0.4281133009946819,0.07028325248670486,0.04685550165780324,1,0,-1.0,31.18
2022,38,2023-06-04,celta,barcelona,2022|2023-06-04|celta|barcelona,2022|2023-06-04|celta|barcelona,H,H,0.3728265483352,0.28775160038704184,0.33942185127775826,0.3728265483352,1.0930355431557963,0.03340469705744176,2.6,3.8,2.5,1.0477732793522265,0.36707882534775893,0.25115919629057193,0.3817619783616693,2.6,0.3728265483352,-0.030650974328479963,0.0,1,1,1.6,32.78
2022,38,2023-06-04,elche,cadiz,2022|2023-06-04|elche|cadiz,2022|2023-06-04|elche|cadiz,D,D,0.3416914067564194,0.3715506686311329,0.28675792461244776,0.3715506686311329,1.092979733528159,0.029859261874713494,2.63,3.4,2.63,1.0545739208230822,0.3605514316012725,0.2788971367974549,0.3605514316012725,3.4,0.3715506686311329,0.2632722733458519,0.10969678056077163,1,1,2.4,35.18
2022,38,2023-06-04,espanol,almeria,2022|2023-06-04|espanol|almeria,2022|2023-06-04|espanol|almeria,D,A,0.3819751871096453,0.1814518931476083,0.4365729197427465,0.4365729197427465,1.039140041688212,0.05459773263310119,2.75,3.8,2.38,1.0469623256000966,0.3473251660970083,0.25135373862283494,0.40132109528015664,2.38,0.4365729197427465,0.03904354898773654,0.028292426802707642,1,0,-1.0,34.18
2022,38,2023-06-04,mallorca,vallecano,2022|2023-06-04|mallorca|vallecano,2022|2023-06-04|mallorca|vallecano,H,A,0.35846818327887064,0.2633773564388969,0.37815446028223243,0.37815446028223243,1.0868847844449938,0.019686277003361785,3.0,3.3,2.38,1.056531703590527,0.31549771029163654,0.28681610026512416,0.39768618944323936,2.38,0.37815446028223243,-0.09999238452828685,0.0,1,0,-1.0,33.18
2022,38,2023-06-04,osasuna,girona,2022|2023-06-04|osasuna|girona,2022|2023-06-04|osasuna|girona,H,H,0.49987399380067765,0.2705497211776052,0.22957628502171717,0.49987399380067765,1.0381277978312808,0.22932427262307248,2.05,3.6,3.4,1.059700302885382,0.4603234298608499,0.26212861978187285,0.27754795035727714,2.05,0.49987399380067765,0.024741687291389147,0.023563511706084905,1,1,1.0499999999999998,34.230000000000004
2022,38,2023-06-04,real madrid,ath bilbao,2022|2023-06-04|real madrid|ath bilbao,2022|2023-06-04|realmadrid|athbilbao,D,H,0.48591442503098964,0.1670159008679754,0.347069674101035,0.48591442503098964,1.016877664787101,0.13884475092995463,1.91,3.75,3.75,1.056893542757417,0.4953764861294584,0.2523117569352708,0.2523117569352708,1.91,0.48591442503098964,-0.0719034481908098,0.0,1,0,-1.0,33.230000000000004
2022,38,2023-06-04,sociedad,sevilla,2022|2023-06-04|sociedad|sevilla,2022|2023-06-04|sociedad|sevilla,H,H,0.5765037589544157,0.17965555377336875,0.24384068727221553,0.5765037589544157,0.9700579013771764,0.3326630716822002,1.73,3.9,4.6,1.0518362428390076,0.5495481697043957,0.2437739316893858,0.20667789860621838,1.73,0.5765037589544157,-0.002648497008860773,0.0,1,1,0.73,33.96
2022,38,2023-06-04,valladolid,getafe,2022|2023-06-04|valladolid|getafe,2022|2023-06-04|valladolid|getafe,D,H,0.5148520232845591,0.32891210001970467,0.15623587669573624,0.5148520232845591,0.9975708980881604,0.18593992326485448,2.2,3.3,3.4,1.0516934046345812,0.43220338983050843,0.288135593220339,0.2796610169491525,2.2,0.5148520232845591,0.13267445122603017,0.11056204268835845,1,0,-1.0,32.96
2022,38,2023-06-04,villarreal,ath madrid,2022|2023-06-04|villarreal|ath madrid,2022|2023-06-04|villarreal|athmadrid,D,A,0.35586340399653854,0.20301347611235243,0.441123119891109,0.441123119891109,1.0524114992956934,0.08525971589457043,2.7,3.5,2.5,1.0560846560846562,0.3507014028056112,0.2705410821643286,0.3787575150300601,2.5,0.441123119891109,0.10280779972777243,0.06853853315184828,1,0,-1.0,31.96
