Season,Matchday,Date,HomeTeam_norm,AwayTeam_norm,pred_key,pred_key_match,y_true,y_pred,proba_H,proba_D,proba_A,conf_maxprob,entropy,margin_top12,B365H,B365D,B365A,overround,pH_mkt,pD_mkt,pA_mkt,odds_pick,p_pick,ev_pick,kelly_pick,bet_placed,correct,profit,cum_profit_season
2018,1,2018-08-17,betis,levante,2018|2018-08-17|betis|levante,2018|2018-08-17|betis|levante,A,H,0.5539838160689792,0.25472717160735786,0.191289012323663,0.5539838160689792,0.9919353277977475,0.2992566444616213,1.66,4.0,5.0,1.052409638554217,0.5724098454493417,0.2375500858614768,0.19004006868918144,1.66,0.5539838160689792,-0.0803868653254946,0.0,1,0,-1.0,-1.0
2018,1,2018-08-17,girona,valladolid,2018|2018-08-17|girona|valladolid,2018|2018-08-17|girona|valladolid,D,H,0.558295801567722,0.25469778722564884,0.1870064112066292,0.558295801567722,0.9872935525673745,0.3035980143420731,1.75,3.6,5.0,1.0492063492063493,0.5446293494704992,0.264750378214826,0.19062027231467474,1.75,0.558295801567722,-0.02298234725648657,0.0,1,0,-1.0,-2.0
2018,1,2018-08-18,barcelona,alaves,2018|2018-08-18|barcelona|alaves,2018|2018-08-18|barcelona|alaves,H,H,0.8386609538199277,0.11537434392962534,0.04596470225044698,0.8386609538199277,0.5382865427892475,0.7232866098903024,1.11,10.0,21.0,1.0485199485199486,0.8592119798698906,0.09537252976555788,0.045415490364551364,1.11,0.8386609538199277,-0.06908634125988021,0.0,1,1,0.1100000000000001,-1.89
2018,1,2018-08-18,celta,espanol,2018|2018-08-18|celta|espanol,2018|2018-08-18|celta|espanol,D,H,0.47274424355024136,0.2926736011918776,0.23458215525788098,0.47274424355024136,1.053919856275586,0.18007064235836379,1.85,3.5,4.5,1.0484770484770483,0.5155482815057284,0.27250409165302786,0.2119476268412439,1.85,0.47274424355024136,-0.12542314943205346,0.0,1,0,-1.0,-2.8899999999999997
2018,1,2018-08-18,villarreal,sociedad,2018|2018-08-18|villarreal|sociedad,2018|2018-08-18|villarreal|sociedad,A,H,0.47980763310657276,0.29639996651508854,0.2237924003783388,0.47980763310657276,1.0478175646144525,0.18340766659148422,2.04,3.4,3.8,1.0474716202270382,0.46798029556650245,0.28078817733990147,0.25123152709359603,2.04,0.47980763310657276,-0.021192428462591506,0.0,1,0,-1.0,-3.8899999999999997
2018,1,2018-08-19,eibar,huesca,2018|2018-08-19|eibar|huesca,2018|2018-08-19|eibar|huesca,A,H,0.47317955210179596,0.28053492979695693,0.2462855181012471,0.47317955210179596,1.055757835951387,0.19264462230483903,1.66,3.75,5.5,1.0508944870390655,0.5732351306281267,0.25375208449138403,0.17301278488048913,1.66,0.47317955210179596,-0.21452194351101872,0.0,1,0,-1.0,-4.89
2018,1,2018-08-19,real madrid,getafe,2018|2018-08-19|real madrid|getafe,2018|2018-08-19|realmadrid|getafe,H,H,0.8070240781171463,0.11524967115857118,0.07772625072428264,0.8070240781171463,0.6205986538702983,0.6917744069585751,1.2,7.0,13.0,1.0531135531135531,0.7913043478260869,0.13565217391304346,0.07304347826086957,1.2,0.8070240781171463,-0.0315711062594245,0.0,1,1,0.19999999999999996,-4.6899999999999995
2018,1,2018-08-19,vallecano,sevilla,2018|2018-08-19|vallecano|sevilla,2018|2018-08-19|vallecano|sevilla,A,A,0.29822855307961776,0.2518894734381961,0.44988197348218617,0.44988197348218617,1.0674738641058583,0.1516534204025684,3.25,3.6,2.14,1.0527598050962537,0.2922720892294852,0.26385674722106306,0.44387116354945183,2.14,0.44988197348218617,-0.037252576748121546,0.0,1,1,1.1400000000000001,-3.55
2018,1,2018-08-20,ath bilbao,leganes,2018|2018-08-20|ath bilbao|leganes,2018|2018-08-20|athbilbao|leganes,H,H,0.4822528499869861,0.3057828258940188,0.2119643241189951,0.4822528499869861,1.0428447605094533,0.1764700240929673,1.75,3.3,5.5,1.0562770562770563,0.540983606557377,0.28688524590163933,0.1721311475409836,1.75,0.4822528499869861,-0.1560575125227744,0.0,1,1,0.75,-2.8
2018,1,2018-08-20,valencia,ath madrid,2018|2018-08-20|valencia|ath madrid,2018|2018-08-20|valencia|athmadrid,D,A,0.2552875795875413,0.2175669638187456,0.5271454565937133,0.5271454565937133,1.0179243708994443,0.271857877006172,3.0,3.2,2.5,1.0458333333333334,0.31872509960159356,0.298804780876494,0.38247011952191234,2.5,0.5271454565937133,0.31786364148428314,0.21190909432285543,1,0,-1.0,-3.8
2018,2,2018-08-24,getafe,eibar,2018|2018-08-24|getafe|eibar,2018|2018-08-24|getafe|eibar,H,H,0.4593669178872191,0.36131103548487703,0.1793220466279039,0.4593669178872191,1.0333425719889309,0.09805588240234209,1.95,3.2,4.33,1.056267395037603,0.48550254909861773,0.29585311585697016,0.2186443350444121,1.95,0.4593669178872191,-0.1042345101199228,0.0,1,1,0.95,-2.8499999999999996
2018,2,2018-08-24,leganes,sociedad,2018|2018-08-24|leganes|sociedad,2018|2018-08-24|leganes|sociedad,D,A,0.2314065240364779,0.25085683938018094,0.5177366365833412,0.5177366365833412,1.0264050278289414,0.2668797972031603,3.5,3.3,2.1,1.064935064935065,0.26829268292682923,0.2845528455284553,0.4471544715447154,2.1,0.5177366365833412,0.08724693682501661,0.07931539711365146,1,0,-1.0,-3.8499999999999996
2018,2,2018-08-25,alaves,betis,2018|2018-08-25|alaves|betis,2018|2018-08-25|alaves|betis,D,D,0.31316480872216285,0.38115491945969426,0.3056802718181428,0.38115491945969426,1.0935321470391242,0.06799011073753142,2.8,3.25,2.6,1.0494505494505495,0.3403141361256544,0.2931937172774869,0.3664921465968586,3.25,0.38115491945969426,0.23875348824400633,0.1061126614417806,1,1,2.25,-1.5999999999999996
2018,2,2018-08-25,ath madrid,vallecano,2018|2018-08-25|ath madrid|vallecano,2018|2018-08-25|athmadrid|vallecano,H,H,0.7828450922614383,0.1818936611048538,0.03526124663370799,0.7828450922614383,0.6196116962709995,0.6009514311565844,1.16,7.0,21.0,1.052545155993432,0.8190327613104523,0.13572542901716067,0.04524180967238688,1.16,0.7828450922614383,-0.09189969297673165,0.0,1,1,0.15999999999999992,-1.4399999999999997
2018,2,2018-08-25,valladolid,barcelona,2018|2018-08-25|valladolid|barcelona,2018|2018-08-25|valladolid|barcelona,A,A,0.07752458817853675,0.10168514694830173,0.8207902648731615,0.8207902648731615,0.592778175771778,0.7191051179248598,17.0,7.5,1.16,1.0542258282623393,0.055797845048742946,0.12647511544381734,0.8177270395074399,1.16,0.8207902648731615,-0.04788329274713268,0.0,1,1,0.15999999999999992,-1.2799999999999998
2018,2,2018-08-26,espanol,valencia,2018|2018-08-26|espanol|valencia,2018|2018-08-26|espanol|valencia,H,A,0.2766827045488042,0.2927311472973596,0.43058614815383606,0.43058614815383606,1.0779408395153236,0.13785500085647645,3.25,3.2,2.37,1.0421332359623499,0.2952523699219435,0.2998656882019738,0.40488194187608273,2.37,0.43058614815383606,0.020489171124591476,0.014955599361015676,1,0,-1.0,-2.28
2018,2,2018-08-26,girona,real madrid,2018|2018-08-26|girona|real madrid,2018|2018-08-26|girona|realmadrid,A,A,0.0916422046391461,0.13663223966575996,0.7717255556950938,0.7717255556950938,0.6909480556986507,0.6350933160293338,8.0,5.5,1.36,1.0421122994652405,0.11994868505452214,0.1744708146247595,0.7055805003207184,1.36,0.7717255556950938,0.049546755745327686,0.13762987707035465,1,1,0.3600000000000001,-1.9199999999999997
2018,2,2018-08-26,sevilla,villarreal,2018|2018-08-26|sevilla|villarreal,2018|2018-08-26|sevilla|villarreal,D,H,0.560539719171894,0.20935103375017752,0.23010924707792843,0.560539719171894,0.9899192571035925,0.3304304720939656,1.72,4.2,4.33,1.0504374691495375,0.553479255940787,0.22666293338527463,0.21985781067393842,1.72,0.560539719171894,-0.03587168302434224,0.0,1,0,-1.0,-2.92
2018,2,2018-08-27,ath bilbao,huesca,2018|2018-08-27|ath bilbao|huesca,2018|2018-08-27|athbilbao|huesca,D,H,0.5334080039810906,0.29630188528331036,0.17029011073559913,0.5334080039810906,0.9971012219349017,0.2371061186977802,1.61,3.6,6.5,1.052741944046292,0.5900002521368598,0.26386122387231786,0.14613852399082222,1.61,0.5334080039810906,-0.14121311359044414,0.0,1,0,-1.0,-3.92
2018,2,2018-08-27,levante,celta,2018|2018-08-27|levante|celta,2018|2018-08-27|levante|celta,A,H,0.49231003764639214,0.2939046973907396,0.21378526496286812,0.49231003764639214,1.0385843720573904,0.19840534025565254,2.4,3.25,3.0,1.0576923076923077,0.393939393939394,0.2909090909090909,0.3151515151515151,2.4,0.49231003764639214,0.18154409035134111,0.12967435025095794,1,0,-1.0,-4.92
2018,3,2018-08-31,eibar,sociedad,2018|2018-08-31|eibar|sociedad,2018|2018-08-31|eibar|sociedad,H,A,0.2940174256146821,0.2724286813982243,0.4335538929870937,0.4335538929870937,1.076509854867936,0.1395364673724116,2.75,3.25,2.62,1.0530080606416483,0.3453310351819934,0.2922031836155328,0.3624657812024739,2.62,0.4335538929870937,0.13591119962618547,0.0838958022383861,1,0,-1.0,-5.92
2018,3,2018-08-31,getafe,valladolid,2018|2018-08-31|getafe|valladolid,2018|2018-08-31|getafe|valladolid,D,H,0.44471994116623065,0.3836902836726263,0.17158977516114302,0.44471994116623065,1.0303581913648538,0.06102965749360434,1.9,3.2,4.75,1.049342105263158,0.5015673981191222,0.29780564263322884,0.20062695924764887,1.9,0.44471994116623065,-0.15503211178416187,0.0,1,0,-1.0,-6.92
2018,3,2018-08-31,villarreal,girona,2018|2018-08-31|villarreal|girona,2018|2018-08-31|villarreal|girona,A,H,0.6084129909520066,0.2760856462329719,0.11550136281502155,0.6084129909520066,0.9069622293041117,0.33232734471903475,1.57,4.0,6.0,1.0536093418259023,0.6045340050377834,0.23727959697732998,0.15818639798488665,1.57,0.6084129909520066,-0.044791604205349556,0.0,1,0,-1.0,-7.92
2018,3,2018-09-01,celta,ath madrid,2018|2018-09-01|celta|ath madrid,2018|2018-09-01|celta|athmadrid,H,A,0.11861602280283623,0.1629303375264579,0.7184536396707059,0.7184536396707059,0.7860589418644889,0.5555233021442479,5.5,3.4,1.75,1.0473644003055766,0.17359591539022615,0.2808169219547776,0.5455871626549964,1.75,0.7184536396707059,0.2572938694237352,0.3430584925649803,1,0,-1.0,-8.92
2018,3,2018-09-01,real madrid,leganes,2018|2018-09-01|real madrid|leganes,2018|2018-09-01|realmadrid|leganes,H,H,0.8286891398063931,0.12304653374231862,0.0482643264512882,0.8286891398063931,0.5598175117504814,0.7056426060640745,1.12,9.0,21.0,1.0515873015873016,0.8490566037735848,0.10566037735849056,0.045283018867924525,1.12,0.8286891398063931,-0.0718681634168396,0.0,1,1,0.1200000000000001,-8.799999999999999
2018,3,2018-09-02,alaves,espanol,2018|2018-09-02|alaves|espanol,2018|2018-09-02|alaves|espanol,H,A,0.29368097360040696,0.35053964281667815,0.3557793835829149,0.3557793835829149,1.0949783524088579,0.0052397407662367335,2.9,3.1,2.54,1.0611090187697616,0.3249690466364012,0.3040033016921172,0.3710276516714816,2.54,0.3557793835829149,-0.09632036569939628,0.0,1,0,-1.0,-9.799999999999999
2018,3,2018-09-02,barcelona,huesca,2018|2018-09-02|barcelona|huesca,2018|2018-09-02|barcelona|huesca,H,H,0.8711363272450529,0.09483787502669468,0.034025797728252566,0.8711363272450529,0.458606834171679,0.7762984522183581,1.08,11.0,29.0,1.0513177754557064,0.8807288790723358,0.08647156267255661,0.03279955825510768,1.08,0.8711363272450529,-0.05917276657534286,0.0,1,1,0.08000000000000007,-9.719999999999999
2018,3,2018-09-02,betis,sevilla,2018|2018-09-02|betis|sevilla,2018|2018-09-02|betis|sevilla,H,A,0.34179324898098773,0.30982789750512346,0.3483788535138888,0.3483788535138888,1.097322319288244,0.006585604532901079,2.8,3.5,2.45,1.0510204081632653,0.33980582524271846,0.27184466019417475,0.3883495145631068,2.45,0.3483788535138888,-0.14647180889097244,0.0,1,0,-1.0,-10.719999999999999
2018,3,2018-09-02,levante,valencia,2018|2018-09-02|levante|valencia,2018|2018-09-02|levante|valencia,D,A,0.2594749864340177,0.33520601979022413,0.4053189937757581,0.4053189937757581,1.082475749951567,0.07011297398553396,3.75,3.4,2.0,1.0607843137254902,0.2513863216266174,0.27726432532347506,0.47134935304990755,2.0,0.4053189937757581,-0.18936201244848383,0.0,1,0,-1.0,-11.719999999999999
2018,3,2018-10-24,vallecano,ath bilbao,2018|2018-10-24|vallecano|ath bilbao,2018|2018-10-24|vallecano|athbilbao,D,A,0.22219195928419339,0.30015518755243703,0.47765285316336964,0.47765285316336964,1.0483714892153166,0.1774976656109326,3.3,3.3,2.25,1.0505050505050506,0.28846153846153844,0.28846153846153844,0.423076923076923,2.25,0.47765285316336964,0.0747189196175817,0.05977513569406536,1,0,-1.0,-12.719999999999999
2018,4,2018-09-14,huesca,vallecano,2018|2018-09-14|huesca|vallecano,2018|2018-09-14|huesca|vallecano,A,D,0.3045538913260583,0.6080094598080902,0.08743664886585156,0.6080094598080902,0.8776796401056186,0.30345556848203187,2.14,3.5,3.4,1.0471216523992775,0.44626115652891324,0.2728568214205355,0.2808820220505513,3.5,0.6080094598080902,1.1280331093283156,0.4512132437313262,1,0,-1.0,-13.719999999999999
2018,4,2018-09-15,ath bilbao,real madrid,2018|2018-09-15|ath bilbao|real madrid,2018|2018-09-15|athbilbao|realmadrid,D,A,0.1561808210617708,0.17367696705333832,0.6701422118848909,0.6701422118848909,0.8622536448814762,0.4964652448315525,6.0,4.33,1.53,1.0512083201255868,0.15854770503220061,0.21969658895916944,0.6217557060086298,1.53,0.6701422118848909,0.025317584183883024,0.04776902676204344,1,0,-1.0,-14.719999999999999
2018,4,2018-09-15,ath madrid,eibar,2018|2018-09-15|ath madrid|eibar,2018|2018-09-15|athmadrid|eibar,D,H,0.6922942367359395,0.22470630637725278,0.08299945688680774,0.6922942367359395,0.7966440700939161,0.46758793035868673,1.36,4.33,12.0,1.049574333197482,0.7005641186051278,0.22003861461962446,0.07939726677524782,1.36,0.6922942367359395,-0.05847983803912224,0.0,1,0,-1.0,-15.719999999999999
2018,4,2018-09-15,sociedad,barcelona,2018|2018-09-15|sociedad|barcelona,2018|2018-09-15|sociedad|barcelona,A,A,0.1583682485668188,0.1944096817764259,0.6472220696567552,0.6472220696567552,0.8918320786094636,0.4528123878803293,7.0,5.25,1.4,1.0476190476190477,0.13636363636363635,0.1818181818181818,0.6818181818181818,1.4,0.6472220696567552,-0.09388910248054277,0.0,1,1,0.3999999999999999,-15.32
2018,4,2018-09-15,valencia,betis,2018|2018-09-15|valencia|betis,2018|2018-09-15|valencia|betis,D,H,0.5194534892894009,0.27184509179954347,0.20870141891105554,0.5194534892894009,1.0213190205985894,0.24760839748985747,1.75,3.75,4.75,1.0486215538847117,0.5449330783938815,0.25430210325047803,0.20076481835564056,1.75,0.5194534892894009,-0.09095639374354836,0.0,1,0,-1.0,-16.32
2018,4,2018-09-16,espanol,levante,2018|2018-09-16|espanol|levante,2018|2018-09-16|espanol|levante,H,H,0.6103930815360118,0.1988378926944309,0.19076902576955732,0.6103930815360118,0.938543308749201,0.41155518884158093,1.72,3.6,5.25,1.0496493170911776,0.5538948478987163,0.26463864955160893,0.18146650254967467,1.72,0.6103930815360118,0.04987610024194028,0.06927236144713927,1,1,0.72,-15.6
2018,4,2018-09-16,leganes,villarreal,2018|2018-09-16|leganes|villarreal,2018|2018-09-16|leganes|villarreal,A,A,0.2881171021227538,0.3330282016403088,0.3788546962369373,0.3788546962369373,1.0924207394730885,0.04582649459662852,3.0,3.1,2.54,1.0496147658961985,0.3175768331047834,0.3073324191336613,0.37509074776155515,2.54,0.3788546962369373,-0.037709071558179263,0.0,1,1,1.54,-14.059999999999999
2018,4,2018-09-16,sevilla,getafe,2018|2018-09-16|sevilla|getafe,2018|2018-09-16|sevilla|getafe,A,H,0.6370786463937224,0.2057302555498903,0.1571910980563873,0.6370786463937224,0.9033827530126287,0.43134839084383203,1.55,4.0,7.0,1.0380184331797235,0.6215316315205327,0.24084350721420644,0.1376248612652608,1.55,0.6370786463937224,-0.012528098089730322,0.0,1,0,-1.0,-15.059999999999999
2018,4,2018-09-16,valladolid,alaves,2018|2018-09-16|valladolid|alaves,2018|2018-09-16|valladolid|alaves,A,H,0.441734276867903,0.2850215621279342,0.2732441610041627,0.441734276867903,1.0731780127634432,0.15671271473996878,2.2,3.1,3.6,1.0549038774845227,0.43088803088803085,0.30579150579150577,0.2633204633204633,2.2,0.441734276867903,-0.028184590890613315,0.0,1,0,-1.0,-16.06
2018,4,2018-09-17,girona,celta,2018|2018-09-17|girona|celta,2018|2018-09-17|girona|celta,H,H,0.5065597711094039,0.15192692200133415,0.34151330688926196,0.5065597711094039,0.9977134015119408,0.1650464642201419,2.4,3.3,3.0,1.053030303030303,0.3956834532374101,0.2877697841726619,0.31654676258992803,2.4,0.5065597711094039,0.21574345066256928,0.15410246475897807,1,1,1.4,-14.66
2018,5,2018-09-21,huesca,sociedad,2018|2018-09-21|huesca|sociedad,2018|2018-09-21|huesca|sociedad,A,A,0.20594509393538019,0.34437970524266054,0.4496752008219592,0.4496752008219592,1.0519294008364661,0.10529549557929868,3.6,3.4,2.1,1.0480859010270773,0.26503340757238314,0.28062360801781744,0.4543429844097996,2.1,0.4496752008219592,-0.055682078273885605,0.0,1,1,1.1,-13.559999999999999
2018,5,2018-09-22,celta,valladolid,2018|2018-09-22|celta|valladolid,2018|2018-09-22|celta|valladolid,D,H,0.47181984761396184,0.27150860554524753,0.25667154684079063,0.47181984761396184,1.0574562595071648,0.2003112420687143,1.75,3.5,5.25,1.0476190476190474,0.5454545454545455,0.27272727272727276,0.18181818181818185,1.75,0.47181984761396184,-0.17431526667556674,0.0,1,0,-1.0,-14.559999999999999
2018,5,2018-09-22,eibar,leganes,2018|2018-09-22|eibar|leganes,2018|2018-09-22|eibar|leganes,H,H,0.3676502953613531,0.34865651626049776,0.2836931883781491,0.3676502953613531,1.0926618491228544,0.018993779100855313,2.04,3.2,4.0,1.0526960784313726,0.4656577415599534,0.2968568102444703,0.23748544819557624,2.04,0.3676502953613531,-0.24999339746283972,0.0,1,1,1.04,-13.52
2018,5,2018-09-22,getafe,ath madrid,2018|2018-09-22|getafe|ath madrid,2018|2018-09-22|getafe|athmadrid,A,A,0.23365356686554178,0.15345598102023267,0.6128904521142257,0.6128904521142257,0.9273937232143368,0.3792368852486839,5.0,3.3,1.8,1.0585858585858587,0.18893129770992365,0.2862595419847328,0.5248091603053434,1.8,0.6128904521142257,0.1032028138056062,0.12900351725700773,1,1,0.8,-12.719999999999999
2018,5,2018-09-22,real madrid,espanol,2018|2018-09-22|real madrid|espanol,2018|2018-09-22|realmadrid|espanol,H,H,0.8069637591161397,0.14367972461547251,0.049356516268387815,0.8069637591161397,0.6003359014334416,0.6632840345006672,1.18,7.0,15.0,1.0569814366424537,0.8017715332926084,0.13515577275503968,0.06307269395235185,1.18,0.8069637591161397,-0.04778276424295519,0.0,1,1,0.17999999999999994,-12.54
2018,5,2018-09-22,vallecano,alaves,2018|2018-09-22|vallecano|alaves,2018|2018-09-22|vallecano|alaves,A,H,0.45283699807138494,0.2341493868589249,0.3130136150696903,0.45283699807138494,1.0622530431739885,0.13982338300169467,2.04,3.4,3.6,1.0620915032679739,0.4615384615384615,0.27692307692307694,0.26153846153846155,2.04,0.45283699807138494,-0.07621252393437478,0.0,1,0,-1.0,-13.54
2018,5,2018-09-23,barcelona,girona,2018|2018-09-23|barcelona|girona,2018|2018-09-23|barcelona|girona,D,H,0.861625302177395,0.09759881121627544,0.04077588660632949,0.861625302177395,0.4858968276230362,0.7640264909611195,1.08,11.0,21.0,1.0644540644540643,0.8698599186624492,0.08540442837776775,0.0447356529597831,1.08,0.861625302177395,-0.06944467364841338,0.0,1,0,-1.0,-14.54
2018,5,2018-09-23,betis,ath bilbao,2018|2018-09-23|betis|ath bilbao,2018|2018-09-23|betis|athbilbao,D,H,0.4545839975454097,0.2984310094873878,0.24698499296720247,0.4545839975454097,1.0646399099804345,0.15615298805802186,2.14,3.3,3.6,1.048097800434249,0.4458455302859717,0.28912407115514527,0.26503039855888316,2.14,0.4545839975454097,-0.02719024525282321,0.0,1,0,-1.0,-15.54
2018,5,2018-09-23,levante,sevilla,2018|2018-09-23|levante|sevilla,2018|2018-09-23|levante|sevilla,A,A,0.25801028186193253,0.30223090325102486,0.43975881488704244,0.43975881488704244,1.0724541009378967,0.13752791163601757,3.5,3.6,2.04,1.053688141923436,0.2711564023039433,0.26362428001772265,0.465219317678334,2.04,0.43975881488704244,-0.10289201763043349,0.0,1,1,1.04,-14.5
2018,5,2018-09-23,villarreal,valencia,2018|2018-09-23|villarreal|valencia,2018|2018-09-23|villarreal|valencia,D,H,0.41523988653679017,0.2854017111575336,0.29935840230567623,0.41523988653679017,1.0838672583058746,0.11588148423111394,2.25,3.25,3.3,1.0551670551670551,0.4212076583210604,0.2916053019145803,0.2871870397643594,2.25,0.41523988653679017,-0.06571025529222219,0.0,1,0,-1.0,-15.5
2018,6,2018-09-25,ath madrid,huesca,2018|2018-09-25|ath madrid|huesca,2018|2018-09-25|athmadrid|huesca,H,H,0.7883619358798268,0.1560633639421932,0.055574700177980045,0.7883619358798268,0.6379699091985095,0.6322985719376336,1.22,6.0,15.0,1.0530054644808744,0.7784120394395433,0.15827711468604044,0.06331084587441618,1.22,0.7883619358798268,-0.038198438226611287,0.0,1,1,0.21999999999999997,-15.28
2018,6,2018-09-25,espanol,eibar,2018|2018-09-25|espanol|eibar,2018|2018-09-25|espanol|eibar,H,H,0.5285609206519744,0.2619076819420902,0.20953139740593552,0.5285609206519744,1.0153760240576233,0.26665323870988417,1.9,3.3,4.5,1.0515683147262096,0.5005055611729018,0.28816986855409504,0.211324570273003,1.9,0.5285609206519744,0.004265749238751226,0.004739721376390252,1,1,0.8999999999999999,-14.379999999999999
2018,6,2018-09-25,sociedad,vallecano,2018|2018-09-25|sociedad|vallecano,2018|2018-09-25|sociedad|vallecano,D,H,0.5460238034217606,0.3435993387600085,0.11037685781823083,0.5460238034217606,0.9407095511527224,0.20242446466175212,1.61,4.0,5.5,1.052936194240542,0.5898914063547392,0.23743129105778257,0.17267730258747824,1.61,0.5460238034217606,-0.12090167649096539,0.0,1,0,-1.0,-15.379999999999999
2018,6,2018-09-26,ath bilbao,villarreal,2018|2018-09-26|ath bilbao|villarreal,2018|2018-09-26|athbilbao|villarreal,A,H,0.40188914286376703,0.2848251333862419,0.31328572374999114,0.40188914286376703,1.0876716794498489,0.0886034191137759,2.25,3.3,3.3,1.0505050505050504,0.42307692307692313,0.2884615384615385,0.2884615384615385,2.25,0.40188914286376703,-0.09574942855652424,0.0,1,0,-1.0,-16.38
2018,6,2018-09-26,leganes,barcelona,2018|2018-09-26|leganes|barcelona,2018|2018-09-26|leganes|barcelona,H,A,0.1411407142730257,0.1858958539685389,0.6729634317584354,0.6729634317584354,0.8556725486334692,0.4870675777898965,12.0,6.0,1.25,1.05,0.07936507936507936,0.15873015873015872,0.7619047619047619,1.25,0.6729634317584354,-0.15879571030195572,0.0,1,0,-1.0,-17.38
2018,6,2018-09-26,sevilla,real madrid,2018|2018-09-26|sevilla|real madrid,2018|2018-09-26|sevilla|realmadrid,H,A,0.19942347437323282,0.2384334348021623,0.5621430908246048,0.5621430908246048,0.987162864656262,0.3237096560224425,4.33,4.2,1.72,1.0504374691495375,0.21985781067393842,0.22666293338527463,0.553479255940787,1.72,0.5621430908246048,-0.03311388378167979,0.0,1,0,-1.0,-18.38
2018,6,2018-09-26,valencia,celta,2018|2018-09-26|valencia|celta,2018|2018-09-26|valencia|celta,D,H,0.5689887625793557,0.2583578408864367,0.1726533965342076,0.5689887625793557,0.9737740592104766,0.310630921692919,1.66,4.0,4.75,1.0629359543436907,0.5667412378821775,0.23519761372110362,0.19806114839671882,1.66,0.5689887625793557,-0.05547865411826958,0.0,1,0,-1.0,-19.38
2018,6,2018-09-27,alaves,getafe,2018|2018-09-27|alaves|getafe,2018|2018-09-27|alaves|getafe,D,A,0.28921863870588993,0.3054570866617529,0.40532427463235715,0.40532427463235715,1.0870875705880003,0.09986718797060423,2.8,3.0,2.75,1.054112554112554,0.33880903490759756,0.3162217659137577,0.3449691991786448,2.75,0.40532427463235715,0.11464175523898212,0.0655095744222755,1,0,-1.0,-20.38
2018,6,2018-09-27,girona,betis,2018|2018-09-27|girona|betis,2018|2018-09-27|girona|betis,A,H,0.3738796565526638,0.30302911956258055,0.3230912238847556,0.3738796565526638,1.0946603407109112,0.05078843266790822,2.5,3.3,2.87,1.051462358779432,0.38042255784061696,0.2881989074550128,0.3313785347043701,2.5,0.3738796565526638,-0.06530085861834045,0.0,1,0,-1.0,-21.38
2018,6,2018-09-27,valladolid,levante,2018|2018-09-27|valladolid|levante,2018|2018-09-27|valladolid|levante,H,H,0.46913796045342765,0.28865720198431477,0.24220483756225758,0.46913796045342765,1.0571715868997114,0.18048075846911288,2.04,3.5,3.6,1.0536881419234359,0.46521931767833413,0.27115640230394333,0.2636242800177227,2.04,0.46913796045342765,-0.04295856067500764,0.0,1,1,1.04,-20.34
2018,7,2018-09-28,vallecano,espanol,2018|2018-09-28|vallecano|espanol,2018|2018-09-28|vallecano|espanol,D,A,0.35469037268060255,0.267777531659144,0.37753209566025353,0.37753209566025353,1.0882173782917073,0.02284172297965098,2.8,3.3,2.6,1.0447885447885448,0.34183266932270917,0.2900398406374502,0.36812749003984063,2.6,0.37753209566025353,-0.018416551283340854,0.0,1,0,-1.0,-21.34
2018,7,2018-09-29,barcelona,ath bilbao,2018|2018-09-29|barcelona|ath bilbao,2018|2018-09-29|barcelona|athbilbao,D,H,0.8156980863430453,0.13748819241764917,0.0468137212393055,0.8156980863430453,0.5822970045211879,0.6782098939253961,1.16,7.5,17.0,1.0542258282623393,0.8177270395074399,0.12647511544381734,0.055797845048742946,1.16,0.8156980863430453,-0.05379021984206753,0.0,1,0,-1.0,-22.34
2018,7,2018-09-29,eibar,sevilla,2018|2018-09-29|eibar|sevilla,2018|2018-09-29|eibar|sevilla,A,A,0.24434532153250502,0.3128936069178171,0.44276107154967775,0.44276107154967775,1.0686018913646385,0.12986746463186066,3.3,3.4,2.2,1.0516934046345812,0.288135593220339,0.2796610169491525,0.43220338983050843,2.2,0.44276107154967775,-0.025925642590708953,0.0,1,1,1.2000000000000002,-21.14
2018,7,2018-09-29,real madrid,ath madrid,2018|2018-09-29|real madrid|ath madrid,2018|2018-09-29|realmadrid|athmadrid,D,H,0.4344809414704382,0.2572575755244863,0.3082614830050755,0.4344809414704382,1.0742217489676704,0.1262194584653627,2.0,3.5,3.75,1.0523809523809524,0.4751131221719457,0.27149321266968324,0.25339366515837103,2.0,0.4344809414704382,-0.13103811705912355,0.0,1,0,-1.0,-22.14
2018,7,2018-09-29,sociedad,valencia,2018|2018-09-29|sociedad|valencia,2018|2018-09-29|sociedad|valencia,A,H,0.39573197418797756,0.3644001521401549,0.23986787367186754,0.39573197418797756,1.0771651062924448,0.031331822047822644,2.2,3.4,3.2,1.061163101604278,0.42834645669291344,0.2771653543307087,0.29448818897637796,2.2,0.39573197418797756,-0.12938965678644931,0.0,1,0,-1.0,-23.14
2018,7,2018-09-30,betis,leganes,2018|2018-09-30|betis|leganes,2018|2018-09-30|betis|leganes,H,H,0.5209878925208651,0.27360417015344796,0.2054079373256869,0.5209878925208651,1.0194207990903128,0.24738372236741712,1.64,3.8,5.5,1.0547321741159996,0.5781146271298959,0.2495021022350077,0.17238327063509626,1.64,0.5209878925208651,-0.1455798562657813,0.0,1,1,0.6399999999999999,-22.5
2018,7,2018-09-30,huesca,girona,2018|2018-09-30|huesca|girona,2018|2018-09-30|huesca|girona,D,D,0.29941315874754915,0.3728447066955249,0.3277421345569261,0.3728447066955249,1.0945232287930573,0.04510257213859881,2.5,3.3,2.9,1.0478578892371997,0.38173115277223774,0.2891902672516952,0.329078579976067,3.3,0.3728447066955249,0.2303875320952321,0.10016849221531832,1,1,2.3,-20.2
2018,7,2018-09-30,levante,alaves,2018|2018-09-30|levante|alaves,2018|2018-09-30|levante|alaves,H,H,0.487800048815108,0.2790993997593284,0.23310055142556343,0.487800048815108,1.0458111438667674,0.20870064905577962,2.14,3.5,3.3,1.0560343083707568,0.44249482798253015,0.2705539805378898,0.28695119147958015,2.14,0.487800048815108,0.04389210446433123,0.038501846021343177,1,1,1.1400000000000001,-19.06
2018,7,2018-09-30,villarreal,valladolid,2018|2018-09-30|villarreal|valladolid,2018|2018-09-30|villarreal|valladolid,A,H,0.5878193996696871,0.2593973123572734,0.15278328797303947,0.5878193996696871,0.9493978767242535,0.3284220873124137,1.53,4.0,6.5,1.057440925087984,0.6180910495661476,0.23641982645905146,0.1454891239748009,1.53,0.5878193996696871,-0.10063631850537874,0.0,1,0,-1.0,-20.06
2018,7,2018-10-01,celta,getafe,2018|2018-10-01|celta|getafe,2018|2018-10-01|celta|getafe,D,H,0.4636319703216684,0.24377550332866504,0.2925925263496666,0.4636319703216684,1.0600569689399937,0.17103944397200183,2.0,3.5,3.8,1.0488721804511278,0.4767025089605735,0.27240143369175623,0.25089605734767023,2.0,0.4636319703216684,-0.07273605935666311,0.0,1,0,-1.0,-21.06
2018,8,2018-10-05,ath bilbao,sociedad,2018|2018-10-05|ath bilbao|sociedad,2018|2018-10-05|athbilbao|sociedad,A,H,0.3900205322496025,0.27599825772205017,0.3339812100283473,0.3900205322496025,1.0888028041182425,0.05603932222125518,2.04,3.4,3.8,1.0474716202270382,0.46798029556650245,0.28078817733990147,0.25123152709359603,2.04,0.3900205322496025,-0.20435811421081096,0.0,1,0,-1.0,-22.06
2018,8,2018-10-06,alaves,real madrid,2018|2018-10-06|alaves|real madrid,2018|2018-10-06|alaves|realmadrid,H,A,0.14140325466656975,0.1912521659307698,0.6673445794026605,0.6673445794026605,0.8628733351337452,0.4760924134718907,9.0,4.75,1.36,1.0569315445476435,0.10512611879576893,0.19918633034987795,0.6956875508543532,1.36,0.6673445794026605,-0.09241137201238173,0.0,1,0,-1.0,-23.06
2018,8,2018-10-06,getafe,levante,2018|2018-10-06|getafe|levante,2018|2018-10-06|getafe|levante,A,H,0.49747510146855967,0.31487910700010674,0.18764579153133346,0.49747510146855967,1.0251745092804487,0.18259599446845293,1.72,3.6,5.25,1.0496493170911776,0.5538948478987163,0.26463864955160893,0.18146650254967467,1.72,0.49747510146855967,-0.1443428254740774,0.0,1,0,-1.0,-24.06
2018,8,2018-10-06,girona,eibar,2018|2018-10-06|girona|eibar,2018|2018-10-06|girona|eibar,A,H,0.4374038135526142,0.32390691784806025,0.23868926859932546,0.4374038135526142,1.068773016538606,0.11349689570455396,2.1,3.2,3.8,1.0518483709273183,0.4527177959791511,0.29709605361131797,0.2501861504095309,2.1,0.4374038135526142,-0.08145199153951016,0.0,1,0,-1.0,-25.06
2018,8,2018-10-06,leganes,vallecano,2018|2018-10-06|leganes|vallecano,2018|2018-10-06|leganes|vallecano,H,H,0.42446535730812884,0.35083886378429613,0.22469577890757506,0.42446535730812884,1.0666860302157015,0.07362649352383271,2.0,3.3,4.0,1.053030303030303,0.47482014388489213,0.2877697841726619,0.23741007194244607,2.0,0.42446535730812884,-0.1510692853837423,0.0,1,1,1.0,-24.06
2018,8,2018-10-07,ath madrid,betis,2018|2018-10-07|ath madrid|betis,2018|2018-10-07|athmadrid|betis,H,H,0.6448633580101613,0.2569290590566162,0.09820758293322245,0.6448633580101613,0.8599750808895555,0.38793429895354503,1.44,4.0,9.0,1.0555555555555556,0.6578947368421052,0.23684210526315788,0.10526315789473684,1.44,0.6448633580101613,-0.0713967644653678,0.0,1,1,0.43999999999999995,-23.62
2018,8,2018-10-07,espanol,villarreal,2018|2018-10-07|espanol|villarreal,2018|2018-10-07|espanol|villarreal,H,H,0.42982391050443913,0.30628956950687786,0.263886519988683,0.42982391050443913,1.0769029893280861,0.12353434099756128,2.25,3.2,3.4,1.051062091503268,0.42285270112708895,0.29731830547998445,0.27982899339292655,2.25,0.42982391050443913,-0.03289620136501192,0.0,1,1,1.25,-22.37
2018,8,2018-10-07,sevilla,celta,2018|2018-10-07|sevilla|celta,2018|2018-10-07|sevilla|celta,H,H,0.5708537100335862,0.31006897187126303,0.11907731809515072,0.5708537100335862,0.9365062653469622,0.26078473816232317,1.53,4.33,6.0,1.0512083201255868,0.6217557060086298,0.21969658895916944,0.15854770503220061,1.53,0.5708537100335862,-0.1265938236486131,0.0,1,1,0.53,-21.84
2018,8,2018-10-07,valencia,barcelona,2018|2018-10-07|valencia|barcelona,2018|2018-10-07|valencia|barcelona,D,A,0.22080614083715228,0.22093478410010087,0.5582590750627469,0.5582590750627469,0.9925349547401735,0.337324290962646,4.75,4.2,1.64,1.0583776514456873,0.1989141735012129,0.22496245812637172,0.5761233683724154,1.64,0.5582590750627469,-0.08445511689709523,0.0,1,0,-1.0,-22.84
2018,8,2018-10-07,valladolid,huesca,2018|2018-10-07|valladolid|huesca,2018|2018-10-07|valladolid|huesca,H,H,0.620430489471797,0.12479802691728407,0.25477148361091895,0.620430489471797,0.9042408987232138,0.3656590058608781,1.9,3.5,4.2,1.050125313283208,0.5011933174224343,0.2720763723150358,0.22673031026252982,1.9,0.620430489471797,0.17881792999641433,0.1986865888849048,1,1,0.8999999999999999,-21.94
2018,9,2018-10-19,celta,alaves,2018|2018-10-19|celta|alaves,2018|2018-10-19|celta|alaves,A,H,0.616593103216986,0.2281645187050171,0.15524237807799693,0.616593103216986,0.9244876256982835,0.38842858451196893,1.66,4.0,5.0,1.052409638554217,0.5724098454493417,0.2375500858614768,0.19004006868918144,1.66,0.616593103216986,0.02354455134019673,0.035673562636661715,1,0,-1.0,-22.94
2018,9,2018-10-20,barcelona,sevilla,2018|2018-10-20|barcelona|sevilla,2018|2018-10-20|barcelona|sevilla,H,H,0.7761340425024967,0.15029982598336183,0.07356613151414143,0.7761340425024967,0.6735083671768858,0.6258342165191348,1.33,6.0,7.5,1.0518796992481203,0.7147962830593281,0.1584465094114844,0.1267572075291875,1.33,0.7761340425024967,0.032258276528320695,0.09775235311612329,1,1,0.33000000000000007,-22.61
2018,9,2018-10-20,real madrid,levante,2018|2018-10-20|real madrid|levante,2018|2018-10-20|realmadrid|levante,A,H,0.8519359765550242,0.10435333445952395,0.043710688985451794,0.8519359765550242,0.5091747936670159,0.7475826420955002,1.14,8.5,19.0,1.0474716202270382,0.8374384236453203,0.11231527093596058,0.05024630541871921,1.14,0.8519359765550242,-0.028792986727272527,0.0,1,0,-1.0,-23.61
2018,9,2018-10-20,valencia,leganes,2018|2018-10-20|valencia|leganes,2018|2018-10-20|valencia|leganes,D,H,0.570943227426965,0.26812807510654,0.16092869746649494,0.570943227426965,0.9669119858865001,0.302815152320425,1.5,4.0,7.5,1.05,0.6349206349206349,0.23809523809523808,0.12698412698412698,1.5,0.570943227426965,-0.14358515885955248,0.0,1,0,-1.0,-24.61
2018,9,2018-10-20,villarreal,ath madrid,2018|2018-10-20|villarreal|ath madrid,2018|2018-10-20|villarreal|athmadrid,D,A,0.20644730169045908,0.25884140933825794,0.534711288971283,0.534711288971283,1.0102928516037275,0.275869879633025,3.8,3.1,2.14,1.0530282595243006,0.24990582385293453,0.3063361711745649,0.4437580049725006,2.14,0.534711288971283,0.14428215839854552,0.1265632968408294,1,0,-1.0,-25.61
2018,9,2018-10-21,betis,valladolid,2018|2018-10-21|betis|valladolid,2018|2018-10-21|betis|valladolid,A,H,0.5357922982387457,0.28970127699770815,0.17450642476354603,0.5357922982387457,0.9979036247334011,0.2460910212410376,1.61,3.8,6.0,1.050942573825869,0.5910104204468868,0.2504017833998652,0.15858779615324795,1.61,0.5357922982387457,-0.13737439983561928,0.0,1,0,-1.0,-26.61
2018,9,2018-10-21,eibar,ath bilbao,2018|2018-10-21|eibar|ath bilbao,2018|2018-10-21|eibar|athbilbao,D,A,0.21963139483873823,0.36588692064681194,0.41448168451444994,0.41448168451444994,1.0658373176346871,0.048594763867638,2.7,3.2,2.75,1.046506734006734,0.3539111200482606,0.2986125075407199,0.34747637241101953,2.75,0.41448168451444994,0.1398246324147373,0.07989978995127846,1,0,-1.0,-27.61
2018,9,2018-10-21,huesca,espanol,2018|2018-10-21|huesca|espanol,2018|2018-10-21|huesca|espanol,A,D,0.2816710677810184,0.36218504189857803,0.35614389032040356,0.36218504189857803,1.092406930156538,0.006041151578174475,3.5,3.3,2.14,1.056034308370757,0.27055398053788976,0.2869511914795801,0.44249482798253004,3.3,0.36218504189857803,0.1952106382653075,0.0848741905501337,1,0,-1.0,-28.61
2018,9,2018-10-21,vallecano,getafe,2018|2018-10-21|vallecano|getafe,2018|2018-10-21|vallecano|getafe,A,A,0.2566990691572064,0.298896673165365,0.4444042576774286,0.4444042576774286,1.0704582259636344,0.14550758451206358,2.9,3.3,2.5,1.0478578892371995,0.32907857997606704,0.2891902672516953,0.3817311527722378,2.5,0.4444042576774286,0.11101064419357143,0.07400709612904761,1,1,1.5,-27.11
2018,9,2018-10-22,sociedad,girona,2018|2018-10-22|sociedad|girona,2018|2018-10-22|sociedad|girona,D,H,0.5313495465449999,0.2965705506711148,0.1720799027838853,0.5313495465449999,0.9992892551747419,0.23477899587388507,1.72,3.75,5.0,1.048062015503876,0.5547337278106509,0.2544378698224852,0.1908284023668639,1.72,0.5313495465449999,-0.08607877994260021,0.0,1,0,-1.0,-28.11
2018,10,2018-10-26,valladolid,espanol,2018|2018-10-26|valladolid|espanol,2018|2018-10-26|valladolid|espanol,D,A,0.3640049832166077,0.19576911721282736,0.44022589957056507,0.44022589957056507,1.0483139632894363,0.07622091635395739,3.4,3.1,2.25,1.0611427366645583,0.27717067355454006,0.3039936419630439,0.41883568448241604,2.25,0.44022589957056507,-0.009491725966228604,0.0,1,0,-1.0,-29.11
2018,10,2018-10-27,ath bilbao,valencia,2018|2018-10-27|ath bilbao|valencia,2018|2018-10-27|athbilbao|valencia,D,H,0.37279063453177513,0.3130149550489814,0.31419441041924345,0.37279063453177513,1.095171510330034,0.05859622411253168,2.5,3.3,2.87,1.051462358779432,0.38042255784061696,0.2881989074550128,0.3313785347043701,2.5,0.37279063453177513,-0.0680234136705622,0.0,1,0,-1.0,-30.11
2018,10,2018-10-27,ath madrid,sociedad,2018|2018-10-27|ath madrid|sociedad,2018|2018-10-27|athmadrid|sociedad,H,H,0.557670282801559,0.25414782029915456,0.1881818968992865,0.557670282801559,0.9881429836880545,0.3035224625024044,1.53,3.8,7.5,1.0500859993120055,0.6224202319334338,0.2506060407521457,0.1269737273144205,1.53,0.557670282801559,-0.1467644673136148,0.0,1,1,0.53,-29.58
2018,10,2018-10-27,celta,eibar,2018|2018-10-27|celta|eibar,2018|2018-10-27|celta|eibar,H,H,0.5072065734797828,0.23126154578980151,0.26153188073041567,0.5072065734797828,1.03369140324262,0.24567469274936715,2.14,3.3,3.6,1.048097800434249,0.4458455302859717,0.28912407115514527,0.26503039855888316,2.14,0.5072065734797828,0.08542206724673529,0.0749316379357327,1,1,1.1400000000000001,-28.439999999999998
2018,10,2018-10-27,girona,vallecano,2018|2018-10-27|girona|vallecano,2018|2018-10-27|girona|vallecano,H,H,0.4449790578487814,0.331739572729588,0.22328136942163065,0.4449790578487814,1.0611259380609543,0.1132394851191934,1.85,3.5,4.5,1.0484770484770483,0.5155482815057284,0.27250409165302786,0.2119476268412439,1.85,0.4449790578487814,-0.17678874297975444,0.0,1,1,0.8500000000000001,-27.59
2018,10,2018-10-27,levante,leganes,2018|2018-10-27|levante|leganes,2018|2018-10-27|levante|leganes,H,H,0.5387089716220308,0.21308121167286817,0.24820981670510112,0.5387089716220308,1.0085511198843715,0.2904991549169297,2.1,3.25,3.75,1.0505494505494506,0.4532775453277545,0.2928870292887029,0.25383542538354253,2.1,0.5387089716220308,0.13128884040626476,0.1193534912784225,1,1,1.1,-26.49
2018,10,2018-10-28,alaves,villarreal,2018|2018-10-28|alaves|villarreal,2018|2018-10-28|alaves|villarreal,H,H,0.42216766387564475,0.254232320105298,0.32360001601905725,0.42216766387564475,1.07733108871345,0.0985676478565875,3.0,3.2,2.5,1.0458333333333334,0.31872509960159356,0.298804780876494,0.38247011952191234,3.0,0.42216766387564475,0.26650299162693425,0.13325149581346712,1,1,2.0,-24.49
2018,10,2018-10-28,barcelona,real madrid,2018|2018-10-28|barcelona|real madrid,2018|2018-10-28|barcelona|realmadrid,H,H,0.5181527399054875,0.2985590673117876,0.18328819278272487,0.5181527399054875,1.0125564894442571,0.21959367259369988,1.95,3.8,3.6,1.053756185335133,0.4866595517609391,0.2497331910352187,0.263607257203842,1.95,0.5181527399054875,0.010397842815700609,0.010945097700737483,1,1,0.95,-23.54
2018,10,2018-10-28,getafe,betis,2018|2018-10-28|getafe|betis,2018|2018-10-28|getafe|betis,H,H,0.3591242866680775,0.3385138989427586,0.30236181438916393,0.3591242866680775,1.0961136506310016,0.020610387725318924,2.4,3.1,3.25,1.0469396195202647,0.3979853841595892,0.3081177167687142,0.29389689907169664,2.4,0.3591242866680775,-0.13810171199661403,0.0,1,1,1.4,-22.14
2018,10,2018-10-28,sevilla,huesca,2018|2018-10-28|sevilla|huesca,2018|2018-10-28|sevilla|huesca,H,H,0.7227971977691643,0.18718698353345817,0.09001581869737754,0.7227971977691643,0.7650359241678041,0.5356102142357061,1.22,6.5,13.0,1.0504413619167718,0.78031212484994,0.14645858343337334,0.07322929171668667,1.22,0.7227971977691643,-0.11818741872161959,0.0,1,1,0.21999999999999997,-21.919999999999998
2018,11,2018-11-03,leganes,ath madrid,2018|2018-11-03|leganes|ath madrid,2018|2018-11-03|leganes|athmadrid,D,A,0.17733966308531768,0.2855495525259716,0.5371107843887107,0.5371107843887107,0.9984746394135007,0.25156123186273915,5.75,3.4,1.72,1.0494260393742938,0.16572205849013827,0.28026524597596914,0.5540126955338925,1.72,0.5371107843887107,-0.07616945085141752,0.0,1,0,-1.0,-22.919999999999998
2018,11,2018-11-03,real madrid,valladolid,2018|2018-11-03|real madrid|valladolid,2018|2018-11-03|realmadrid|valladolid,H,H,0.8530775653430581,0.09271678723282381,0.05420564742411812,0.8530775653430581,0.514065563210877,0.7603607781102343,1.16,8.0,15.0,1.0537356321839082,0.8181074447777474,0.11862557949277337,0.06326697572947913,1.16,0.8530775653430581,-0.010430024202052662,0.0,1,1,0.15999999999999992,-22.759999999999998
2018,11,2018-11-03,valencia,girona,2018|2018-11-03|valencia|girona,2018|2018-11-03|valencia|girona,A,H,0.5581573609573116,0.2356323726780172,0.20621026636467116,0.5581573609573116,0.9916489387930036,0.32252498827929443,1.5,4.0,7.5,1.05,0.6349206349206349,0.23809523809523808,0.12698412698412698,1.5,0.5581573609573116,-0.16276395856403258,0.0,1,0,-1.0,-23.759999999999998
2018,11,2018-11-03,vallecano,barcelona,2018|2018-11-03|vallecano|barcelona,2018|2018-11-03|vallecano|barcelona,A,A,0.16254218720834096,0.18558478969592454,0.6518730230957345,0.6518730230957345,0.8868195247517541,0.46628823339980996,9.5,6.0,1.28,1.0531798245614035,0.09994794377928162,0.15825091098386257,0.7418011452368558,1.28,0.6518730230957345,-0.16560253043745987,0.0,1,1,0.28,-23.48
2018,11,2018-11-04,betis,celta,2018|2018-11-04|betis|celta,2018|2018-11-04|betis|celta,D,H,0.47590507424086553,0.29717970614446126,0.2269152196146731,0.47590507424086553,1.0505361891917526,0.17872536809640427,1.8,3.8,4.5,1.0409356725146197,0.5337078651685394,0.25280898876404495,0.21348314606741575,1.8,0.47590507424086553,-0.14337086636644208,0.0,1,0,-1.0,-24.48
2018,11,2018-11-04,eibar,alaves,2018|2018-11-04|eibar|alaves,2018|2018-11-04|eibar|alaves,H,H,0.4083227881338052,0.28906863605657357,0.30260857580962136,0.4083227881338052,1.0862067364950267,0.10571421232418382,2.04,3.3,3.9,1.049636637871932,0.46701502286087526,0.2887001959503593,0.24428478118876557,2.04,0.4083227881338052,-0.16702151220703743,0.0,1,1,1.04,-23.439999999999998
2018,11,2018-11-04,huesca,getafe,2018|2018-11-04|huesca|getafe,2018|2018-11-04|huesca|getafe,D,A,0.21564463963408817,0.3002332494185074,0.48412211094740437,0.48412211094740437,1.0432557638538258,0.183888861528897,3.6,3.3,2.1,1.0569985569985572,0.26279863481228666,0.28668941979522183,0.4505119453924914,2.1,0.48412211094740437,0.01665643298954922,0.015142211808681107,1,0,-1.0,-24.439999999999998
2018,11,2018-11-04,sociedad,sevilla,2018|2018-11-04|sociedad|sevilla,2018|2018-11-04|sociedad|sevilla,D,H,0.37027121590110307,0.28489054909246886,0.344838235006428,0.37027121590110307,1.0927368832645796,0.02543298089467505,2.75,3.5,2.45,1.0575139146567718,0.34385964912280703,0.27017543859649124,0.38596491228070173,2.75,0.37027121590110307,0.018245843728033395,0.010426196416019082,1,0,-1.0,-25.439999999999998
2018,11,2018-11-04,villarreal,levante,2018|2018-11-04|villarreal|levante,2018|2018-11-04|villarreal|levante,D,H,0.6438494789796652,0.18751365410279414,0.16863686691754068,0.6438494789796652,0.8975353725208655,0.456335824876871,1.55,4.0,6.0,1.0618279569892473,0.6075949367088608,0.23544303797468355,0.1569620253164557,1.55,0.6438494789796652,-0.002033307581518984,0.0,1,0,-1.0,-26.439999999999998
2018,11,2018-11-05,espanol,ath bilbao,2018|2018-11-05|espanol|ath bilbao,2018|2018-11-05|espanol|athbilbao,H,H,0.378759967079971,0.3462816798290963,0.2749583530909328,0.378759967079971,1.0899612968536274,0.032478287250874704,2.0,3.3,4.0,1.053030303030303,0.47482014388489213,0.2877697841726619,0.23741007194244607,2.0,0.378759967079971,-0.24248006584005793,0.0,1,1,1.0,-25.439999999999998
2018,12,2018-11-09,levante,sociedad,2018|2018-11-09|levante|sociedad,2018|2018-11-09|levante|sociedad,A,A,0.25172484399332307,0.3596695482666183,0.3886056077400587,0.3886056077400587,1.082327349398642,0.028936059473440412,2.62,3.4,2.62,1.0574764256847777,0.3609341825902335,0.2781316348195329,0.3609341825902335,2.62,0.3886056077400587,0.018146692278953824,0.01120166190058878,1,1,1.62,-23.82
2018,12,2018-11-10,ath madrid,ath bilbao,2018|2018-11-10|ath madrid|ath bilbao,2018|2018-11-10|athmadrid|athbilbao,H,H,0.5672587745362178,0.26293592340705013,0.16980530205673214,0.5672587745362178,0.9739253811240698,0.3043228511291676,1.44,4.0,9.0,1.0555555555555556,0.6578947368421052,0.23684210526315788,0.10526315789473684,1.44,0.5672587745362178,-0.18314736466784645,0.0,1,1,0.43999999999999995,-23.38
2018,12,2018-11-10,getafe,valencia,2018|2018-11-10|getafe|valencia,2018|2018-11-10|getafe|valencia,A,D,0.2941760568463499,0.36947674744945025,0.3363471957041999,0.36947674744945025,1.0943107097560918,0.03312955174525034,2.75,3.1,2.75,1.0498533724340176,0.3463687150837989,0.30726256983240224,0.3463687150837989,3.1,0.36947674744945025,0.14537791709329584,0.06922757956823611,1,0,-1.0,-24.38
2018,12,2018-11-10,girona,leganes,2018|2018-11-10|girona|leganes,2018|2018-11-10|girona|leganes,D,H,0.6303754828681174,0.18096863102689853,0.18865588610498402,0.6303754828681174,0.9148797883477728,0.4417195967631334,2.04,3.2,3.75,1.0693627450980392,0.4584001833600733,0.29223011689204675,0.2493696997478799,2.04,0.6303754828681174,0.2859659850509595,0.2749672933182303,1,0,-1.0,-25.38
2018,12,2018-11-10,valladolid,eibar,2018|2018-11-10|valladolid|eibar,2018|2018-11-10|valladolid|eibar,D,D,0.3210257328649565,0.3610163640675697,0.3179579030674737,0.3610163640675697,1.0969030745627477,0.0399906312026132,2.3,3.3,3.25,1.045505219418263,0.41585886002326483,0.28984102365257847,0.29430011632415665,3.3,0.3610163640675697,0.19135400142297987,0.08319739192303473,1,1,2.3,-23.08
2018,12,2018-11-11,alaves,huesca,2018|2018-11-11|alaves|huesca,2018|2018-11-11|alaves|huesca,H,H,0.4335106965305111,0.3341356246021823,0.23235367886730662,0.4335106965305111,1.0677462485591909,0.09937507192832878,1.8,3.6,4.33,1.0642802155504234,0.5220012055455093,0.26100060277275466,0.21699819168173598,1.8,0.4335106965305111,-0.21968074624508,0.0,1,1,0.8,-22.28
2018,12,2018-11-11,barcelona,betis,2018|2018-11-11|barcelona|betis,2018|2018-11-11|barcelona|betis,A,H,0.80147381186097,0.14211248570608517,0.05641370243294475,0.80147381186097,0.6168412167859932,0.6593613261548849,1.18,7.0,13.0,1.067237846898864,0.794066317626527,0.1338568935427574,0.07207678883071553,1.18,0.80147381186097,-0.05426090200405545,0.0,1,0,-1.0,-23.28
2018,12,2018-11-11,celta,real madrid,2018|2018-11-11|celta|real madrid,2018|2018-11-11|celta|realmadrid,A,A,0.24801715196247384,0.27599956222850913,0.4759832858090171,0.4759832858090171,1.0544663557940361,0.19998372358050798,5.0,4.5,1.55,1.0673835125448028,0.18737407656145066,0.20819341840161182,0.6044325050369376,1.55,0.4759832858090171,-0.2622259069960234,0.0,1,1,0.55,-22.73
2018,12,2018-11-11,sevilla,espanol,2018|2018-11-11|sevilla|espanol,2018|2018-11-11|sevilla|espanol,H,H,0.461676604028614,0.33901415391253226,0.19930924205885373,0.461676604028614,1.0450070929073856,0.12266245011608173,1.75,3.6,4.5,1.0714285714285714,0.5333333333333333,0.2592592592592593,0.2074074074074074,1.75,0.461676604028614,-0.19206594294992552,0.0,1,1,0.75,-21.98
2018,12,2018-11-11,vallecano,villarreal,2018|2018-11-11|vallecano|villarreal,2018|2018-11-11|vallecano|villarreal,D,H,0.35293355428031364,0.30944312346228264,0.33762332225740366,0.35293355428031364,1.0971421892849804,0.015310232022909986,3.1,3.4,2.25,1.0611427366645583,0.3039936419630439,0.27717067355454006,0.41883568448241604,3.1,0.35293355428031364,0.09409401826897223,0.04480667536617725,1,0,-1.0,-22.98
2018,13,2018-11-23,leganes,alaves,2018|2018-11-23|leganes|alaves,2018|2018-11-23|leganes|alaves,H,H,0.41757385072983844,0.29624550290151236,0.2861806463686491,0.41757385072983844,1.0831168895579364,0.12132834782832608,2.2,3.1,3.6,1.0549038774845227,0.43088803088803085,0.30579150579150577,0.2633204633204633,2.2,0.41757385072983844,-0.08133752839435537,0.0,1,1,1.2000000000000002,-21.78
2018,13,2018-11-24,ath madrid,barcelona,2018|2018-11-24|ath madrid|barcelona,2018|2018-11-24|athmadrid|barcelona,D,A,0.30363558107344857,0.2579701597784214,0.43839425914812996,0.43839425914812996,1.0729541286700575,0.1347586780746814,3.0,3.3,2.37,1.0583045646336786,0.31496919173613624,0.286335628851033,0.39869517941283067,2.37,0.43839425914812996,0.03899439418106809,0.028463061446035103,1,0,-1.0,-22.78
2018,13,2018-11-24,eibar,real madrid,2018|2018-11-24|eibar|real madrid,2018|2018-11-24|eibar|realmadrid,H,A,0.1896752454467362,0.19244572578673103,0.6178790287665328,0.6178790287665328,0.9299489345531486,0.42543330297980175,6.0,4.33,1.53,1.0512083201255868,0.15854770503220061,0.21969658895916944,0.6217557060086298,1.53,0.6178790287665328,-0.054645085987204856,0.0,1,0,-1.0,-23.78
2018,13,2018-11-24,huesca,levante,2018|2018-11-24|huesca|levante,2018|2018-11-24|huesca|levante,D,H,0.4064935490437164,0.3089997285333074,0.28450672242297614,0.4064935490437164,1.086438670970236,0.09749382051040895,2.25,3.4,3.25,1.0462543991955757,0.4247957712638154,0.2811148486304661,0.2940893801057184,2.25,0.4064935490437164,-0.08538951465163813,0.0,1,0,-1.0,-24.78
2018,13,2018-11-24,valencia,vallecano,2018|2018-11-24|valencia|vallecano,2018|2018-11-24|valencia|vallecano,H,H,0.5989954666287715,0.21827687404191656,0.18272765932931195,0.5989954666287715,0.9497942336729522,0.3807185925868549,1.44,4.5,7.5,1.05,0.6613756613756613,0.21164021164021163,0.12698412698412698,1.44,0.5989954666287715,-0.13744652805456914,0.0,1,1,0.43999999999999995,-24.34
2018,13,2018-11-25,ath bilbao,getafe,2018|2018-11-25|ath bilbao|getafe,2018|2018-11-25|athbilbao|getafe,D,H,0.4142998764439769,0.33225872228457637,0.25344140127144665,0.4142998764439769,1.0790424431041892,0.08204115415940055,2.04,3.3,3.9,1.049636637871932,0.46701502286087526,0.2887001959503593,0.24428478118876557,2.04,0.4142998764439769,-0.15482825205428707,0.0,1,0,-1.0,-25.34
2018,13,2018-11-25,espanol,girona,2018|2018-11-25|espanol|girona,2018|2018-11-25|espanol|girona,A,H,0.6174160203519169,0.2221056134622946,0.16047836618578856,0.6174160203519169,0.9255167590074749,0.39531040688962227,1.66,3.6,5.75,1.0541004598102557,0.5714916760995002,0.26352116175699175,0.16498716214350787,1.66,0.6174160203519169,0.024910593784181978,0.03774332391542724,1,0,-1.0,-26.34
2018,13,2018-11-25,sevilla,valladolid,2018|2018-11-25|sevilla|valladolid,2018|2018-11-25|sevilla|valladolid,H,H,0.6389385689800609,0.2467464384009523,0.11431499261898684,0.6389385689800609,0.8794321627302664,0.3921921305791085,1.4,4.75,8.0,1.0498120300751879,0.6803939122649956,0.20053715308863027,0.11906893464637423,1.4,0.6389385689800609,-0.10548600342791487,0.0,1,1,0.3999999999999999,-25.939999999999998
2018,13,2018-11-25,villarreal,betis,2018|2018-11-25|villarreal|betis,2018|2018-11-25|villarreal|betis,H,H,0.43919041650740775,0.26489873116684964,0.29591085232574255,0.43919041650740775,1.0735989061193643,0.1432795641816652,2.14,3.4,3.4,1.0555250137438152,0.44270833333333337,0.27864583333333337,0.27864583333333337,2.14,0.43919041650740775,-0.06013250867414732,0.0,1,1,1.1400000000000001,-24.8
2018,13,2018-11-26,sociedad,celta,2018|2018-11-26|sociedad|celta,2018|2018-11-26|sociedad|celta,H,H,0.46058268832259863,0.309622509459383,0.2297948022180183,0.46058268832259863,1.05800353967383,0.1509601788632156,1.85,3.75,4.2,1.0453024453024453,0.5171140113272592,0.2551095789214479,0.22777640975129276,1.85,0.46058268832259863,-0.14792202660319248,0.0,1,1,0.8500000000000001,-23.95
2018,14,2018-11-30,vallecano,eibar,2018|2018-11-30|vallecano|eibar,2018|2018-11-30|vallecano|eibar,H,H,0.38950733384199304,0.28297897690127344,0.3275136892567335,0.38950733384199304,1.0900626504888855,0.06199364458525952,3.1,3.3,2.3,1.0603935568872456,0.30420841683366734,0.28577154308617236,0.41002004008016035,3.1,0.38950733384199304,0.20747273491017837,0.09879654043341826,1,1,2.1,-21.849999999999998
2018,14,2018-12-01,celta,huesca,2018|2018-12-01|celta|huesca,2018|2018-12-01|celta|huesca,H,H,0.644435943055968,0.2107565363646679,0.14480752057936405,0.644435943055968,0.8911297780304167,0.43367940669130006,1.64,4.0,5.0,1.0597560975609757,0.5753739930955121,0.23590333716915995,0.18872266973532797,1.64,0.644435943055968,0.05687494661178738,0.08886710408091779,1,1,0.6399999999999999,-21.21
2018,14,2018-12-01,getafe,espanol,2018|2018-12-01|getafe|espanol,2018|2018-12-01|getafe|espanol,H,H,0.3454377331986396,0.3393013797796992,0.31526088702166116,0.3454377331986396,1.0978429944021957,0.006136353418940366,2.4,2.87,3.4,1.059216369474619,0.39337257115214064,0.328952672740466,0.2776747561073934,2.4,0.3454377331986396,-0.17094944032326503,0.0,1,1,1.4,-19.81
2018,14,2018-12-01,real madrid,valencia,2018|2018-12-01|real madrid|valencia,2018|2018-12-01|realmadrid|valencia,H,H,0.6883097950721263,0.182681116988059,0.12900908793981483,0.6883097950721263,0.831849359668898,0.5056286780840673,1.44,4.75,7.0,1.0478279030910609,0.6627466613514053,0.20091688259916285,0.13633645604943193,1.44,0.6883097950721263,-0.008833895096138134,0.0,1,1,0.43999999999999995,-19.37
2018,14,2018-12-01,valladolid,leganes,2018|2018-12-01|valladolid|leganes,2018|2018-12-01|valladolid|leganes,A,H,0.35701487955207134,0.33729251431563784,0.3056926061322908,0.35701487955207134,1.0965878137987124,0.019722365236433503,2.37,3.1,3.3,1.0475518764616354,0.4027876210725254,0.3079376328844791,0.2892747460429956,2.37,0.35701487955207134,-0.15387473546159086,0.0,1,0,-1.0,-20.37
2018,14,2018-12-02,alaves,sevilla,2018|2018-12-02|alaves|sevilla,2018|2018-12-02|alaves|sevilla,D,A,0.26460524377812705,0.26834297644642907,0.46705177977544393,0.46705177977544393,1.0603728852464687,0.19870880332901486,3.6,3.6,2.0,1.0555555555555556,0.2631578947368421,0.2631578947368421,0.47368421052631576,2.0,0.46705177977544393,-0.06589644044911219,0.0,1,0,-1.0,-21.37
2018,14,2018-12-02,barcelona,villarreal,2018|2018-12-02|barcelona|villarreal,2018|2018-12-02|barcelona|villarreal,H,H,0.7335808989150395,0.1905594706860609,0.07585963039889962,0.7335808989150395,0.7388160615759056,0.5430214282289786,1.25,6.5,11.0,1.0447552447552448,0.7657295850066934,0.14725568942436412,0.08701472556894244,1.25,0.7335808989150395,-0.0830238763562006,0.0,1,1,0.25,-21.12
2018,14,2018-12-02,betis,sociedad,2018|2018-12-02|betis|sociedad,2018|2018-12-02|betis|sociedad,H,H,0.441202076818475,0.2913764482740591,0.2674214749074659,0.441202076818475,1.073032351524723,0.1498256285444159,2.2,3.3,3.4,1.0516934046345812,0.43220338983050843,0.288135593220339,0.2796610169491525,2.2,0.441202076818475,-0.029355430999354892,0.0,1,1,1.2000000000000002,-19.919999999999998
2018,14,2018-12-02,girona,ath madrid,2018|2018-12-02|girona|ath madrid,2018|2018-12-02|girona|athmadrid,D,A,0.27555309563097935,0.2250913232258497,0.4993555811431708,0.4993555811431708,1.0376191809275526,0.22380248551219145,5.5,3.4,1.75,1.0473644003055766,0.17359591539022615,0.2808169219547776,0.5455871626549964,1.75,0.4993555811431708,-0.12612773299945113,0.0,1,0,-1.0,-20.919999999999998
2018,14,2018-12-03,levante,ath bilbao,2018|2018-12-03|levante|ath bilbao,2018|2018-12-03|levante|athbilbao,H,A,0.2602309254660978,0.32030043083322135,0.41946864370068093,0.41946864370068093,1.0794002206712507,0.09916821286745958,2.75,3.4,2.54,1.051454798096762,0.3458411757638861,0.27972448039726083,0.37443434383885305,2.54,0.41946864370068093,0.06545035499972962,0.042500230519304946,1,0,-1.0,-21.919999999999998
2018,15,2018-12-07,leganes,getafe,2018|2018-12-07|leganes|getafe,2018|2018-12-07|leganes|getafe,D,H,0.35789193994277657,0.3367203758919289,0.3053876841652945,0.35789193994277657,1.0965062637514258,0.02117156405084769,2.62,2.9,3.0,1.059840308853207,0.3601291497640533,0.32535805944200685,0.3145127907939399,2.62,0.35789193994277657,-0.06232311734992535,0.0,1,0,-1.0,-22.919999999999998
2018,15,2018-12-08,ath madrid,alaves,2018|2018-12-08|ath madrid|alaves,2018|2018-12-08|athmadrid|alaves,H,H,0.6733781129484774,0.19854988923673894,0.12807199781478362,0.6733781129484774,0.8504935650298175,0.47482822371173844,1.36,4.5,10.0,1.057516339869281,0.6953028430160691,0.21013597033374534,0.09456118665018541,1.36,0.6733781129484774,-0.08420576639007069,0.0,1,1,0.3600000000000001,-22.56
2018,15,2018-12-08,espanol,barcelona,2018|2018-12-08|espanol|barcelona,2018|2018-12-08|espanol|barcelona,A,A,0.2100637677950927,0.22394229355984713,0.5659939386450602,0.5659939386450602,0.9850194505461616,0.3420516450852131,6.5,4.33,1.5,1.0514597027299106,0.14631673800405498,0.2196440639783735,0.6340391980175715,1.5,0.5659939386450602,-0.1510090920324097,0.0,1,1,0.5,-22.06
2018,15,2018-12-08,valencia,sevilla,2018|2018-12-08|valencia|sevilla,2018|2018-12-08|valencia|sevilla,D,H,0.42808705821077847,0.2823258768267524,0.28958706496246905,0.42808705821077847,1.079142027695641,0.13849999324830942,2.2,3.5,3.2,1.0527597402597402,0.4317656129529684,0.27139552814186585,0.2968388589051658,2.2,0.42808705821077847,-0.0582084719362872,0.0,1,0,-1.0,-23.06
2018,15,2018-12-08,villarreal,celta,2018|2018-12-08|villarreal|celta,2018|2018-12-08|villarreal|celta,A,H,0.5366060796267109,0.2434634009595157,0.21993051941377342,0.5366060796267109,1.0110671594157743,0.29314267866719523,1.72,3.8,4.75,1.0550795593635252,0.5510440835266821,0.24941995359628769,0.19953596287703013,1.72,0.5366060796267109,-0.07703754304205723,0.0,1,0,-1.0,-24.06
2018,15,2018-12-09,betis,vallecano,2018|2018-12-09|betis|vallecano,2018|2018-12-09|betis|vallecano,H,H,0.6908992663292445,0.17636742940516437,0.13273330426559116,0.6908992663292445,0.8295414436128641,0.5145318369240801,1.53,4.33,6.0,1.0512083201255868,0.6217557060086298,0.21969658895916944,0.15854770503220061,1.53,0.6908992663292445,0.05707587748374404,0.10769033487498875,1,1,0.53,-23.529999999999998
2018,15,2018-12-09,eibar,levante,2018|2018-12-09|eibar|levante,2018|2018-12-09|eibar|levante,D,H,0.5695131588353031,0.21048341959371747,0.22000342157097943,0.5695131588353031,0.9817371134466071,0.34950973726432366,1.75,3.8,4.5,1.0568086883876355,0.540711462450593,0.24901185770750991,0.21027667984189727,1.75,0.5695131588353031,-0.0033519720382196305,0.0,1,0,-1.0,-24.529999999999998
2018,15,2018-12-09,huesca,real madrid,2018|2018-12-09|huesca|real madrid,2018|2018-12-09|huesca|realmadrid,A,A,0.14748793809103392,0.16946132230391855,0.6830507396050475,0.6830507396050475,0.8434786663354772,0.513589417301129,10.0,5.5,1.3,1.051048951048951,0.09514304723885564,0.17298735861610115,0.7318695941450433,1.3,0.6830507396050475,-0.11203403851343827,0.0,1,1,0.30000000000000004,-24.23
2018,15,2018-12-09,sociedad,valladolid,2018|2018-12-09|sociedad|valladolid,2018|2018-12-09|sociedad|valladolid,A,H,0.5324075815883005,0.3011705658911981,0.16642185252050137,0.5324075815883005,0.9954618525139811,0.23123701569710237,1.61,3.6,6.5,1.052741944046292,0.5900002521368598,0.26386122387231786,0.14613852399082222,1.61,0.5324075815883005,-0.14282379364283615,0.0,1,0,-1.0,-25.23
2018,15,2018-12-10,ath bilbao,girona,2018|2018-12-10|ath bilbao|girona,2018|2018-12-10|athbilbao|girona,H,H,0.42664002261308587,0.31497910798328843,0.2583808694036257,0.42664002261308587,1.0769696534525086,0.11166091462979744,1.95,3.4,4.0,1.0569381598793364,0.48519443453442745,0.27827327863003926,0.23653228683553335,1.95,0.42664002261308587,-0.16805195590448258,0.0,1,1,0.95,-24.279999999999998
2018,16,2018-12-14,celta,leganes,2018|2018-12-14|celta|leganes,2018|2018-12-14|celta|leganes,D,H,0.7570717591753175,0.12696206565946874,0.11596617516521371,0.7570717591753175,0.7225678927877818,0.6301096935158488,1.85,3.5,4.33,1.0572017084719163,0.511293669135136,0.2702552251142862,0.21845110575057775,1.85,0.7570717591753175,0.40058275447433755,0.47127382879333823,1,0,-1.0,-25.279999999999998
2018,16,2018-12-15,eibar,valencia,2018|2018-12-15|eibar|valencia,2018|2018-12-15|eibar|valencia,D,A,0.3525268384577184,0.26400915496005034,0.38346400658223134,0.38346400658223134,1.0867083045204073,0.030937168124512915,2.7,3.2,2.7,1.0532407407407407,0.3516483516483516,0.2967032967032967,0.3516483516483516,2.7,0.38346400658223134,0.0353528177720247,0.02079577516001453,1,0,-1.0,-26.279999999999998
2018,16,2018-12-15,getafe,sociedad,2018|2018-12-15|getafe|sociedad,2018|2018-12-15|getafe|sociedad,H,D,0.34645639361932246,0.3674961147658009,0.28604749161487675,0.3674961147658009,1.0931387399429795,0.02103972114647845,2.25,3.1,3.5,1.0527393753200203,0.4221789883268483,0.3064202334630351,0.27140077821011677,3.1,0.3674961147658009,0.1392379557739828,0.06630378846380133,1,0,-1.0,-27.279999999999998
2018,16,2018-12-15,real madrid,vallecano,2018|2018-12-15|real madrid|vallecano,2018|2018-12-15|realmadrid|vallecano,H,H,0.7968455090715778,0.11893861785128186,0.08421587307714033,0.7968455090715778,0.6425784754989453,0.6779068912202959,1.14,9.0,15.0,1.0549707602339182,0.8314855875831485,0.10532150776053213,0.06319290465631928,1.14,0.7968455090715778,-0.09159611965840138,0.0,1,1,0.1399999999999999,-27.14
2018,16,2018-12-15,valladolid,ath madrid,2018|2018-12-15|valladolid|ath madrid,2018|2018-12-15|valladolid|athmadrid,A,A,0.2936294250972067,0.25836808472333567,0.44800249017945754,0.44800249017945754,1.069218420651454,0.15437306508225085,5.75,3.4,1.72,1.0494260393742938,0.16572205849013827,0.28026524597596914,0.5540126955338925,1.72,0.44800249017945754,-0.22943571689133313,0.0,1,1,0.72,-26.419999999999998
2018,16,2018-12-16,espanol,betis,2018|2018-12-16|espanol|betis,2018|2018-12-16|espanol|betis,A,H,0.40031576447346645,0.3012604943342659,0.2984237411922676,0.40031576447346645,1.0888022183322352,0.09905527013920057,2.4,3.3,3.0,1.053030303030303,0.3956834532374101,0.2877697841726619,0.31654676258992803,2.4,0.40031576447346645,-0.03924216526368052,0.0,1,0,-1.0,-27.419999999999998
2018,16,2018-12-16,huesca,villarreal,2018|2018-12-16|huesca|villarreal,2018|2018-12-16|huesca|villarreal,D,A,0.24915108677571027,0.29435225028333634,0.4564966629409534,0.4564966629409534,1.0642033358469285,0.1621444126576171,3.5,3.2,2.14,1.0655040053404539,0.26814942438718775,0.2932884329234866,0.43856214268932575,2.14,0.4564966629409534,-0.023097141306359537,0.0,1,0,-1.0,-28.419999999999998
2018,16,2018-12-16,levante,barcelona,2018|2018-12-16|levante|barcelona,2018|2018-12-16|levante|barcelona,A,A,0.14889423040618674,0.17837291944937983,0.6727328501444335,0.6727328501444335,0.8577412089671019,0.4943599306950537,9.0,6.5,1.25,1.064957264957265,0.1043338683788122,0.14446227929373998,0.7512038523274479,1.25,0.6727328501444335,-0.1590839373194581,0.0,1,1,0.25,-28.169999999999998
2018,16,2018-12-16,sevilla,girona,2018|2018-12-16|sevilla|girona,2018|2018-12-16|sevilla|girona,H,H,0.610039361363746,0.2229866849586372,0.1669739536776168,0.610039361363746,0.9349938988438473,0.3870526764051089,1.44,4.5,7.0,1.0595238095238095,0.6554307116104868,0.2097378277153558,0.1348314606741573,1.44,0.610039361363746,-0.12154331963620574,0.0,1,1,0.43999999999999995,-27.73
2018,16,2018-12-17,alaves,ath bilbao,2018|2018-12-17|alaves|ath bilbao,2018|2018-12-17|alaves|athbilbao,D,A,0.247056676104995,0.3568186194063561,0.39612470448864884,0.39612470448864884,1.079952533195944,0.03930608508229272,3.0,3.2,2.5,1.0458333333333334,0.31872509960159356,0.298804780876494,0.38247011952191234,2.5,0.39612470448864884,-0.009688238778377878,0.0,1,0,-1.0,-28.73
2018,17,2018-12-21,girona,getafe,2018|2018-12-21|girona|getafe,2018|2018-12-21|girona|getafe,D,D,0.26993835773922326,0.38293621784128545,0.3471254244194913,0.38293621784128545,1.0883590452747578,0.03581079342179416,2.62,3.0,2.9,1.059840308853207,0.3601291497640533,0.3145127907939399,0.32535805944200685,3.0,0.38293621784128545,0.1488086535238563,0.07440432676192815,1,1,2.0,-26.73
2018,17,2018-12-21,sociedad,alaves,2018|2018-12-21|sociedad|alaves,2018|2018-12-21|sociedad|alaves,A,H,0.4793925583357779,0.2810913332339967,0.23951610843022542,0.4793925583357779,1.0514933386292125,0.19830122510178116,1.75,3.5,5.0,1.0571428571428572,0.5405405405405405,0.27027027027027023,0.1891891891891892,1.75,0.4793925583357779,-0.16106302291238872,0.0,1,0,-1.0,-27.73
2018,17,2018-12-22,ath bilbao,valladolid,2018|2018-12-22|ath bilbao|valladolid,2018|2018-12-22|athbilbao|valladolid,D,H,0.45962658966365055,0.30704118445976875,0.2333322258765808,0.45962658966365055,1.0593991147111947,0.1525854052038818,1.75,3.4,5.0,1.065546218487395,0.5362776025236593,0.27602523659305994,0.18769716088328076,1.75,0.45962658966365055,-0.1956534680886115,0.0,1,0,-1.0,-28.73
2018,17,2018-12-22,ath madrid,espanol,2018|2018-12-22|ath madrid|espanol,2018|2018-12-22|athmadrid|espanol,H,H,0.6200920675079274,0.2511140344289538,0.12879389806311872,0.6200920675079274,0.9073040738760672,0.36897803307897364,1.4,4.0,10.0,1.0642857142857143,0.6711409395973155,0.2348993288590604,0.09395973154362416,1.4,0.6200920675079274,-0.13187110548890163,0.0,1,1,0.3999999999999999,-28.33
2018,17,2018-12-22,barcelona,celta,2018|2018-12-22|barcelona|celta,2018|2018-12-22|barcelona|celta,H,H,0.8321554343183877,0.11701474635133231,0.05082981933028005,0.8321554343183877,0.5553827125959611,0.7151406879670553,1.12,9.0,21.0,1.0515873015873016,0.8490566037735848,0.10566037735849056,0.045283018867924525,1.12,0.8321554343183877,-0.06798591356340572,0.0,1,1,0.1200000000000001,-28.21
2018,17,2018-12-22,betis,eibar,2018|2018-12-22|betis|eibar,2018|2018-12-22|betis|eibar,D,H,0.590961189595368,0.2651532334011867,0.1438855770034453,0.590961189595368,0.9417817434417437,0.32580795619418135,1.8,3.75,4.5,1.0444444444444443,0.5319148936170214,0.25531914893617025,0.21276595744680854,1.8,0.590961189595368,0.06373014127166249,0.07966267658957811,1,0,-1.0,-29.21
2018,17,2018-12-23,leganes,sevilla,2018|2018-12-23|leganes|sevilla,2018|2018-12-23|leganes|sevilla,D,A,0.2785645734032072,0.29193939491280685,0.429496031683986,0.429496031683986,1.0784587753266157,0.13755663677117913,3.4,3.2,2.25,1.051062091503268,0.27982899339292655,0.29731830547998445,0.42285270112708895,2.25,0.429496031683986,-0.03363392871103155,0.0,1,0,-1.0,-30.21
2018,17,2018-12-23,valencia,huesca,2018|2018-12-23|valencia|huesca,2018|2018-12-23|valencia|huesca,H,H,0.7507140110005993,0.16091876446124154,0.08836722453815929,0.7507140110005993,0.7236293038148139,0.5897952465393578,1.4,4.75,8.0,1.0498120300751879,0.6803939122649956,0.20053715308863027,0.11906893464637423,1.4,0.7507140110005993,0.05099961540083897,0.12749903850209746,1,1,0.3999999999999999,-29.81
2018,17,2018-12-23,vallecano,levante,2018|2018-12-23|vallecano|levante,2018|2018-12-23|vallecano|levante,H,H,0.4551793520669835,0.2686951101064408,0.27612553782657556,0.4551793520669835,1.0667142266245955,0.17905381424040795,2.1,3.6,3.4,1.0480859010270775,0.45434298440979953,0.2650334075723831,0.2806236080178174,2.1,0.4551793520669835,-0.04412336065933453,0.0,1,1,1.1,-28.71
2018,17,2019-01-03,villarreal,real madrid,2018|2019-01-03|villarreal|real madrid,2018|2019-01-03|villarreal|realmadrid,D,A,0.24900684493637093,0.25943486573576424,0.4915582893278648,0.4915582893278648,1.0453226414266665,0.23212342359210053,3.8,3.8,1.85,1.0668563300142246,0.24666666666666667,0.24666666666666667,0.5066666666666666,1.85,0.4915582893278648,-0.09061716474345016,0.0,1,0,-1.0,-29.71
2018,18,2019-01-04,espanol,leganes,2018|2019-01-04|espanol|leganes,2018|2019-01-04|espanol|leganes,H,H,0.44160987279346314,0.320182224889215,0.23820790231732178,0.44160987279346314,1.067320413540811,0.12142764790424815,2.0,3.3,4.2,1.0411255411255411,0.4802494802494803,0.2910602910602911,0.22869022869022868,2.0,0.44160987279346314,-0.11678025441307366,0.0,1,1,1.0,-28.71
2018,18,2019-01-04,levante,girona,2018|2019-01-04|levante|girona,2018|2019-01-04|levante|girona,D,H,0.47828901687864706,0.23818617992021035,0.2835248032011426,0.47828901687864706,1.0518541128623782,0.19476421367750446,2.15,3.5,3.3,1.0538608678143562,0.44134505158578524,0.2711119602598395,0.28754298815437523,2.15,0.47828901687864706,0.0283213862890912,0.024627292425296696,1,0,-1.0,-29.71
2018,18,2019-01-05,alaves,valencia,2018|2019-01-05|alaves|valencia,2018|2019-01-05|alaves|valencia,H,H,0.4868657784023996,0.2388473270288331,0.2742868945687673,0.4868657784023996,1.0472548742526813,0.21257888383363227,3.1,3.1,2.4,1.0618279569892473,0.3037974683544304,0.3037974683544304,0.3924050632911393,3.1,0.4868657784023996,0.5092839130474387,0.24251614907020888,1,1,2.1,-27.61
2018,18,2019-01-05,huesca,betis,2018|2019-01-05|huesca|betis,2018|2019-01-05|huesca|betis,H,A,0.2936406577640773,0.26006422954507247,0.44629511269085015,0.44629511269085015,1.0701479341482345,0.15265445492677288,3.2,3.5,2.2,1.0527597402597402,0.2968388589051658,0.27139552814186585,0.4317656129529684,2.2,0.44629511269085015,-0.018150752080129617,0.0,1,0,-1.0,-28.61
2018,18,2019-01-05,valladolid,vallecano,2018|2019-01-05|valladolid|vallecano,2018|2019-01-05|valladolid|vallecano,A,H,0.41679538553282025,0.3062429193679521,0.2769616950992277,0.41679538553282025,1.0827477993076355,0.11055246616486814,2.1,3.4,3.6,1.0480859010270773,0.4543429844097996,0.28062360801781744,0.26503340757238314,2.1,0.41679538553282025,-0.12472969038107745,0.0,1,0,-1.0,-29.61
2018,18,2019-01-06,eibar,villarreal,2018|2019-01-06|eibar|villarreal,2018|2019-01-06|eibar|villarreal,D,H,0.42053002465478106,0.3098954647766521,0.2695745105685669,0.42053002465478106,1.0807165310617226,0.11063455987812898,2.1,3.25,3.5,1.0695970695970696,0.4452054794520548,0.28767123287671237,0.2671232876712329,2.1,0.42053002465478106,-0.11688694822495971,0.0,1,0,-1.0,-30.61
2018,18,2019-01-06,getafe,barcelona,2018|2019-01-06|getafe|barcelona,2018|2019-01-06|getafe|barcelona,A,A,0.13184901893336373,0.17756172975806442,0.6905892513085718,0.6905892513085718,0.8297063510959151,0.5130275215505075,8.0,5.25,1.36,1.0507703081232491,0.11896034655114963,0.18127290903032325,0.6997667444185273,1.36,0.6905892513085718,-0.060798618220342215,0.0,1,1,0.3600000000000001,-30.25
2018,18,2019-01-06,real madrid,sociedad,2018|2019-01-06|real madrid|sociedad,2018|2019-01-06|realmadrid|sociedad,A,H,0.6895878281093835,0.18672892103409397,0.1236832508565226,0.6895878281093835,0.8281442306557929,0.5028589070752895,1.33,6.0,7.5,1.0518796992481203,0.7147962830593281,0.1584465094114844,0.1267572075291875,1.33,0.6895878281093835,-0.08284818861451995,0.0,1,0,-1.0,-31.25
2018,18,2019-01-06,sevilla,ath madrid,2018|2019-01-06|sevilla|ath madrid,2018|2019-01-06|sevilla|athmadrid,D,D,0.2982575546094775,0.3635630341655144,0.33817941122500805,0.3635630341655144,1.0953323005270654,0.025383622940506334,2.8,3.1,2.7,1.050093872674518,0.34010564811052413,0.30719219829337663,0.3527021535960991,3.1,0.3635630341655144,0.12704540591309466,0.06049781233956888,1,1,2.1,-29.15
2018,18,2019-01-07,celta,ath bilbao,2018|2019-01-07|celta|ath bilbao,2018|2019-01-07|celta|athbilbao,A,H,0.3795893126920879,0.3315646736901738,0.2888460136177384,0.3795893126920879,1.0924267653065305,0.048024639001914116,2.4,3.3,3.0,1.053030303030303,0.3956834532374101,0.2877697841726619,0.31654676258992803,2.4,0.3795893126920879,-0.08898564953898902,0.0,1,0,-1.0,-30.15
2018,19,2019-01-11,vallecano,celta,2018|2019-01-11|vallecano|celta,2018|2019-01-11|vallecano|celta,H,A,0.28437307828324215,0.3141872220086648,0.40143969970809296,0.40143969970809296,1.087738658090641,0.08725247769942818,2.5,3.4,2.8,1.0512605042016807,0.38049560351718625,0.2797761790567546,0.33972821742605913,2.8,0.40143969970809296,0.12403115918266017,0.06890619954592232,1,0,-1.0,-31.15
2018,19,2019-01-12,girona,alaves,2018|2019-01-12|girona|alaves,2018|2019-01-12|girona|alaves,D,H,0.4832028482350731,0.28794843329121234,0.2288487184737146,0.4832028482350731,1.047412617508851,0.19525441494386075,2.1,3.1,4.0,1.0487711213517665,0.4540461369461735,0.3075796411570853,0.23837422189674112,2.1,0.4832028482350731,0.014725981293653545,0.013387255721503222,1,0,-1.0,-32.15
2018,19,2019-01-12,leganes,huesca,2018|2019-01-12|leganes|huesca,2018|2019-01-12|leganes|huesca,H,H,0.540752749359053,0.23826593114237388,0.22098131949857308,0.540752749359053,1.007822511088988,0.30248681821667917,1.95,3.25,4.33,1.0514597027299106,0.4877224600135166,0.29263347600810996,0.2196440639783735,1.95,0.540752749359053,0.05446786125015346,0.05733459078963522,1,1,0.95,-31.2
2018,19,2019-01-12,valencia,valladolid,2018|2019-01-12|valencia|valladolid,2018|2019-01-12|valencia|valladolid,D,H,0.5602205709201784,0.27590211304082146,0.16387731603900013,0.5602205709201784,0.9762819172241377,0.28431845787935695,1.53,4.0,7.0,1.046451914098973,0.6245817532902074,0.23890252063350434,0.13651572607628817,1.53,0.5602205709201784,-0.142862526492127,0.0,1,0,-1.0,-32.2
2018,19,2019-01-12,villarreal,getafe,2018|2019-01-12|villarreal|getafe,2018|2019-01-12|villarreal|getafe,A,H,0.40750637102399745,0.32278486486018815,0.2697087641158144,0.40750637102399745,1.0842428880398591,0.0847215061638093,2.15,3.1,3.8,1.0508548189679,0.4426075521322562,0.3069697538981777,0.250422693969566,2.15,0.40750637102399745,-0.12386130229840553,0.0,1,0,-1.0,-33.2
2018,19,2019-01-13,ath bilbao,sevilla,2018|2019-01-13|ath bilbao|sevilla,2018|2019-01-13|athbilbao|sevilla,H,A,0.3161627522219508,0.3218867228882665,0.3619505248897828,0.3619505248897828,1.0967687263625148,0.040063802001516324,2.75,3.2,2.7,1.046506734006734,0.34747637241101953,0.2986125075407199,0.3539111200482606,2.7,0.3619505248897828,-0.022733582797586416,0.0,1,0,-1.0,-34.2
2018,19,2019-01-13,ath madrid,levante,2018|2019-01-13|ath madrid|levante,2018|2019-01-13|athmadrid|levante,H,H,0.7529494367438451,0.1607012941691614,0.0863492690869935,0.7529494367438451,0.7189502185691855,0.5922481425746837,1.25,6.0,12.0,1.05,0.7619047619047619,0.15873015873015872,0.07936507936507936,1.25,0.7529494367438451,-0.058813204070193664,0.0,1,1,0.25,-33.95
2018,19,2019-01-13,barcelona,eibar,2018|2019-01-13|barcelona|eibar,2018|2019-01-13|barcelona|eibar,H,H,0.83537396662925,0.11465310318100129,0.04997293018974861,0.83537396662925,0.5483168935223037,0.7207208634482487,1.12,9.0,21.0,1.0515873015873016,0.8490566037735848,0.10566037735849056,0.045283018867924525,1.12,0.83537396662925,-0.0643811573752399,0.0,1,1,0.1200000000000001,-33.83
2018,19,2019-01-13,betis,real madrid,2018|2019-01-13|betis|real madrid,2018|2019-01-13|betis|realmadrid,A,A,0.2849246082181361,0.3458704927787417,0.3692048990031223,0.3692048990031223,1.092816184625219,0.0233344062243806,3.25,3.75,2.1,1.0505494505494504,0.29288702928870297,0.2538354253835426,0.4532775453277546,2.1,0.3692048990031223,-0.22466971209344316,0.0,1,1,1.1,-32.73
2018,19,2019-01-14,sociedad,espanol,2018|2019-01-14|sociedad|espanol,2018|2019-01-14|sociedad|espanol,H,H,0.6032477495240993,0.2365395370847664,0.16021271339113424,0.6032477495240993,0.9392927151857813,0.36670821243933294,2.0,3.3,4.0,1.053030303030303,0.47482014388489213,0.2877697841726619,0.23741007194244607,2.0,0.6032477495240993,0.20649549904819864,0.20649549904819864,1,1,1.0,-31.73
2018,20,2019-01-18,getafe,alaves,2018|2019-01-18|getafe|alaves,2018|2019-01-18|getafe|alaves,H,H,0.3703806879946372,0.3485434531736444,0.2810758588317185,0.3703806879946372,1.091955095108657,0.021837234820992812,2.0,3.1,4.5,1.0448028673835124,0.4785591766723843,0.3087478559176673,0.21269296740994856,2.0,0.3703806879946372,-0.2592386240107256,0.0,1,1,1.0,-30.73
2018,20,2019-01-19,celta,valencia,2018|2019-01-19|celta|valencia,2018|2019-01-19|celta|valencia,A,A,0.30886802178139955,0.27870702530622077,0.4124249529123798,0.4124249529123798,1.0842305435198423,0.10355693113098025,3.1,3.2,2.4,1.051747311827957,0.30670926517571884,0.2971246006389776,0.39616613418530355,2.4,0.4124249529123798,-0.010180113010288538,0.0,1,1,1.4,-29.33
2018,20,2019-01-19,huesca,ath madrid,2018|2019-01-19|huesca|ath madrid,2018|2019-01-19|huesca|athmadrid,A,A,0.2034911414567899,0.2888632104176763,0.5076456481255337,0.5076456481255337,1.0268651825437018,0.21878243770785738,5.75,3.6,1.66,1.0541004598102557,0.16498716214350787,0.26352116175699175,0.5714916760995002,1.66,0.5076456481255337,-0.1573082241116141,0.0,1,1,0.6599999999999999,-28.669999999999998
2018,20,2019-01-19,real madrid,sevilla,2018|2019-01-19|real madrid|sevilla,2018|2019-01-19|realmadrid|sevilla,H,H,0.5589039432851618,0.22135811738326705,0.21973793933157118,0.5589039432851618,0.991933202736145,0.33754582590189475,1.7,4.2,4.5,1.0485527544351072,0.5609973285841497,0.2270703472840606,0.21193232413178986,1.7,0.5589039432851618,-0.04986329641522497,0.0,1,1,0.7,-27.97
2018,20,2019-01-20,barcelona,leganes,2018|2019-01-20|barcelona|leganes,2018|2019-01-20|barcelona|leganes,H,H,0.8444975545822488,0.10737544398896227,0.048127001428788965,0.8444975545822488,0.5283446351151311,0.7371221105932866,1.12,9.0,21.0,1.0515873015873016,0.8490566037735848,0.10566037735849056,0.045283018867924525,1.12,0.8444975545822488,-0.0541627388678812,0.0,1,1,0.1200000000000001,-27.849999999999998
2018,20,2019-01-20,betis,girona,2018|2019-01-20|betis|girona,2018|2019-01-20|betis|girona,H,H,0.5164752568077031,0.29521626406773416,0.1883084791245627,0.5164752568077031,1.015841091647883,0.22125899273996896,1.61,3.75,6.0,1.0544513457556937,0.5890437855880619,0.25289613194580796,0.15806008246612996,1.61,0.5164752568077031,-0.16847483653959794,0.0,1,1,0.6100000000000001,-27.24
2018,20,2019-01-20,levante,valladolid,2018|2019-01-20|levante|valladolid,2018|2019-01-20|levante|valladolid,H,H,0.4937545315866787,0.26734759057044416,0.23889787784287725,0.4937545315866787,1.0431719636889971,0.22640694101623454,2.1,3.5,3.5,1.0476190476190474,0.4545454545454546,0.27272727272727276,0.27272727272727276,2.1,0.4937545315866787,0.036884516332025274,0.033531378483659335,1,1,1.1,-26.14
2018,20,2019-01-20,vallecano,sociedad,2018|2019-01-20|vallecano|sociedad,2018|2019-01-20|vallecano|sociedad,D,A,0.29041284046784377,0.2732568776222634,0.43633028190989276,0.43633028190989276,1.0754624141735796,0.145917441442049,2.87,3.3,2.5,1.0514623587794318,0.3313785347043702,0.28819890745501286,0.380422557840617,2.5,0.43633028190989276,0.09082570477473195,0.0605504698498213,1,0,-1.0,-27.14
2018,20,2019-01-20,villarreal,ath bilbao,2018|2019-01-20|villarreal|ath bilbao,2018|2019-01-20|villarreal|athbilbao,D,H,0.4211801478835037,0.31714381037347944,0.2616760417430169,0.4211801478835037,1.0792156160263207,0.10403633751002428,2.2,3.3,3.4,1.0516934046345812,0.43220338983050843,0.288135593220339,0.2796610169491525,2.2,0.4211801478835037,-0.07340367465629172,0.0,1,0,-1.0,-28.14
2018,20,2019-01-21,eibar,espanol,2018|2019-01-21|eibar|espanol,2018|2019-01-21|eibar|espanol,H,H,0.36948152878937596,0.3624535946676609,0.268064876542963,0.36948152878937596,1.0886296348496414,0.00702793412171504,2.1,3.1,4.0,1.0487711213517665,0.4540461369461735,0.3075796411570853,0.23837422189674112,2.1,0.36948152878937596,-0.22408878954231043,0.0,1,1,1.1,-27.04
2018,21,2019-01-26,ath madrid,getafe,2018|2019-01-26|ath madrid|getafe,2018|2019-01-26|athmadrid|getafe,H,H,0.539443322943045,0.29915131792368926,0.16140535913326579,0.539443322943045,0.9883483764650236,0.24029200501935571,1.53,3.6,8.0,1.0563725490196079,0.6187161639597835,0.262954369682908,0.11832946635730858,1.53,0.539443322943045,-0.17465171589714118,0.0,1,1,0.53,-26.509999999999998
2018,21,2019-01-26,leganes,eibar,2018|2019-01-26|leganes|eibar,2018|2019-01-26|leganes|eibar,D,H,0.39511931457581756,0.33104668139503723,0.27383400402914526,0.39511931457581756,1.0875445842943696,0.06407263318078033,2.62,3.0,3.0,1.0483460559796436,0.3640776699029127,0.3179611650485437,0.3179611650485437,2.62,0.39511931457581756,0.03521260418864214,0.02173617542508774,1,0,-1.0,-27.509999999999998
2018,21,2019-01-26,sevilla,levante,2018|2019-01-26|sevilla|levante,2018|2019-01-26|sevilla|levante,H,H,0.6288782095693438,0.23404894012177538,0.1370728503088807,0.6288782095693438,0.9039735817216463,0.39482926944756846,1.53,4.33,6.0,1.0512083201255868,0.6217557060086298,0.21969658895916944,0.15854770503220061,1.53,0.6288782095693438,-0.03781633935890394,0.0,1,1,0.53,-26.98
2018,21,2019-01-26,valencia,villarreal,2018|2019-01-26|valencia|villarreal,2018|2019-01-26|valencia|villarreal,H,H,0.5274487734909487,0.26446942066556595,0.2080818058434855,0.5274487734909487,1.0158148208764233,0.2629793528253827,1.83,3.6,4.5,1.046448087431694,0.5221932114882506,0.2654482158398608,0.2123585726718886,1.83,0.5274487734909487,-0.03476874451156392,0.0,1,1,0.8300000000000001,-26.15
2018,21,2019-01-27,ath bilbao,betis,2018|2019-01-27|ath bilbao|betis,2018|2019-01-27|athbilbao|betis,H,H,0.4287760391680291,0.2450435397922824,0.32618042103968853,0.4287760391680291,1.073127267850358,0.10259561812834056,2.1,3.3,3.5,1.064935064935065,0.4471544715447154,0.2845528455284553,0.26829268292682923,2.1,0.4287760391680291,-0.09957031774713887,0.0,1,1,1.1,-25.049999999999997
2018,21,2019-01-27,espanol,real madrid,2018|2019-01-27|espanol|real madrid,2018|2019-01-27|espanol|realmadrid,A,A,0.20664834093835616,0.28514630781451256,0.5082053512471313,0.5082053512471313,1.02760697752039,0.22305904343261873,4.2,4.0,1.8,1.0436507936507937,0.22813688212927755,0.23954372623574144,0.532319391634981,1.8,0.5082053512471313,-0.08523036775516368,0.0,1,1,0.8,-24.25
2018,21,2019-01-27,girona,barcelona,2018|2019-01-27|girona|barcelona,2018|2019-01-27|girona|barcelona,A,A,0.1441487935283675,0.19638090148798204,0.6594703049836506,0.6594703049836506,0.873401729482842,0.4630894034956685,10.0,5.25,1.33,1.0423558897243108,0.09593652320269296,0.1827362346717961,0.7213272421255109,1.33,0.6594703049836506,-0.12290449437174472,0.0,1,1,0.33000000000000007,-23.919999999999998
2018,21,2019-01-27,sociedad,huesca,2018|2019-01-27|sociedad|huesca,2018|2019-01-27|sociedad|huesca,D,H,0.571670848749927,0.266003476702845,0.16232567454722796,0.571670848749927,0.9670602438319886,0.305667372047082,1.61,3.75,6.0,1.0544513457556937,0.5890437855880619,0.25289613194580796,0.15806008246612996,1.61,0.571670848749927,-0.07960993351261747,0.0,1,0,-1.0,-24.919999999999998
2018,21,2019-01-27,valladolid,celta,2018|2019-01-27|valladolid|celta,2018|2019-01-27|valladolid|celta,H,H,0.41919805612450034,0.308854929638316,0.27194701423718365,0.41919805612450034,1.0814395891950668,0.11034312648618433,2.4,3.2,3.1,1.051747311827957,0.39616613418530355,0.2971246006389776,0.30670926517571884,2.4,0.41919805612450034,0.006075334698800727,0.004339524784857662,1,1,1.4,-23.52
2018,21,2019-01-28,alaves,vallecano,2018|2019-01-28|alaves|vallecano,2018|2019-01-28|alaves|vallecano,A,H,0.34993261698470557,0.3312715427388344,0.31879584027646,0.34993261698470557,1.0978775695969132,0.018661074245871156,2.15,3.3,3.5,1.0538608678143562,0.44134505158578524,0.28754298815437523,0.2711119602598395,2.15,0.34993261698470557,-0.24764487348288305,0.0,1,0,-1.0,-24.52
2018,22,2019-02-01,huesca,valladolid,2018|2019-02-01|huesca|valladolid,2018|2019-02-01|huesca|valladolid,H,H,0.4876287524699208,0.24686043696930235,0.26551081056077674,0.4876287524699208,1.047650226523512,0.22211794190914408,2.25,3.25,3.4,1.0462543991955757,0.4247957712638154,0.2940893801057184,0.2811148486304661,2.25,0.4876287524699208,0.09716469305732178,0.07773175444585742,1,1,1.25,-23.27
2018,22,2019-02-02,barcelona,valencia,2018|2019-02-02|barcelona|valencia,2018|2019-02-02|barcelona|valencia,D,H,0.7932501768905471,0.1503453442611094,0.056404478848343494,0.7932501768905471,0.6307818810408247,0.6429048326294378,1.28,5.75,11.0,1.0460721343873518,0.7468414216554493,0.1662533947337348,0.08690518361081592,1.28,0.7932501768905471,0.015360226419900314,0.054857951499643974,1,0,-1.0,-24.27
2018,22,2019-02-02,celta,sevilla,2018|2019-02-02|celta|sevilla,2018|2019-02-02|celta|sevilla,H,A,0.2241561963399627,0.253825747828595,0.5220180558314422,0.5220180558314422,1.0225676899484855,0.2681923080028472,3.75,3.6,2.0,1.0444444444444445,0.2553191489361702,0.26595744680851063,0.4787234042553191,2.0,0.5220180558314422,0.04403611166288446,0.04403611166288446,1,0,-1.0,-25.27
2018,22,2019-02-02,levante,getafe,2018|2019-02-02|levante|getafe,2018|2019-02-02|levante|getafe,D,A,0.3480486258955798,0.2918001987908996,0.3601511753135207,0.3601511753135207,1.0945389709936943,0.012102549417940922,2.37,3.25,3.1,1.0522138811236401,0.4010030050349261,0.2924237298254692,0.3065732651396048,3.1,0.3601511753135207,0.11646864347191421,0.055461258796149625,1,0,-1.0,-26.27
2018,22,2019-02-02,sociedad,ath bilbao,2018|2019-02-02|sociedad|ath bilbao,2018|2019-02-02|sociedad|athbilbao,H,H,0.3659869555024564,0.32048001806031,0.3135330264372335,0.3659869555024564,1.0962115683966964,0.0455069374421464,2.35,3.3,3.2,1.04106221792392,0.4087478227211148,0.29107799496806663,0.30017418231081866,2.35,0.3659869555024564,-0.13993065456922738,0.0,1,1,1.35,-24.919999999999998
2018,22,2019-02-03,betis,ath madrid,2018|2019-02-03|betis|ath madrid,2018|2019-02-03|betis|athmadrid,H,A,0.20737628024949173,0.3515446457071232,0.441079074043385,0.441079074043385,1.0547968288308505,0.0895344283362618,4.0,3.2,2.05,1.0503048780487805,0.23802612481857766,0.29753265602322204,0.46444121915820036,2.05,0.441079074043385,-0.09578789821106087,0.0,1,0,-1.0,-25.919999999999998
2018,22,2019-02-03,eibar,girona,2018|2019-02-03|eibar|girona,2018|2019-02-03|eibar|girona,H,H,0.4926043880812946,0.2646086913803733,0.24278692053833223,0.4926043880812946,1.0442682305687336,0.2279956967009213,1.66,4.0,5.0,1.052409638554217,0.5724098454493417,0.2375500858614768,0.19004006868918144,1.66,0.4926043880812946,-0.182276715785051,0.0,1,1,0.6599999999999999,-25.259999999999998
2018,22,2019-02-03,real madrid,alaves,2018|2019-02-03|real madrid|alaves,2018|2019-02-03|realmadrid|alaves,H,H,0.8155007692034845,0.1106068839763294,0.07389234682018615,0.8155007692034845,0.602355356246515,0.7048938852271551,1.2,6.5,15.0,1.0538461538461539,0.7907542579075426,0.14598540145985403,0.0632603406326034,1.2,0.8155007692034845,-0.02139907695581869,0.0,1,1,0.19999999999999996,-25.06
2018,22,2019-02-03,villarreal,espanol,2018|2019-02-03|villarreal|espanol,2018|2019-02-03|villarreal|espanol,D,H,0.5074456300108564,0.3014303956025725,0.19112397438657108,0.5074456300108564,1.0219921681766317,0.2060152344082839,1.8,3.75,4.5,1.0444444444444443,0.5319148936170214,0.25531914893617025,0.21276595744680854,1.8,0.5074456300108564,-0.08659786598045843,0.0,1,0,-1.0,-26.06
2018,22,2019-02-04,vallecano,leganes,2018|2019-02-04|vallecano|leganes,2018|2019-02-04|vallecano|leganes,A,H,0.4377220503146073,0.27407217432109604,0.28820577536429665,0.4377220503146073,1.0749336349634224,0.14951627495031067,2.37,3.25,3.1,1.0522138811236401,0.4010030050349261,0.2924237298254692,0.3065732651396048,2.37,0.4377220503146073,0.037401259245619434,0.027300189230379145,1,0,-1.0,-27.06
2018,23,2019-02-08,valladolid,villarreal,2018|2019-02-08|valladolid|villarreal,2018|2019-02-08|valladolid|villarreal,D,A,0.29197247375510793,0.26924660254787475,0.43878092369701716,0.43878092369701716,1.074179955567977,0.14680844994190922,2.9,3.3,2.4,1.0645245559038663,0.3239263803680982,0.2846625766871166,0.3914110429447853,2.4,0.43878092369701716,0.053074216872841085,0.037910154909172204,1,0,-1.0,-28.06
2018,23,2019-02-09,ath madrid,real madrid,2018|2019-02-09|ath madrid|real madrid,2018|2019-02-09|athmadrid|realmadrid,A,D,0.367934837993888,0.4115653900121314,0.22049977199398058,0.4115653900121314,1.0666264707192683,0.043630552018243396,2.37,3.25,3.1,1.0522138811236401,0.4010030050349261,0.2924237298254692,0.3065732651396048,3.25,0.4115653900121314,0.33758751753942706,0.1500388966841898,1,0,-1.0,-29.06
2018,23,2019-02-09,espanol,vallecano,2018|2019-02-09|espanol|vallecano,2018|2019-02-09|espanol|vallecano,H,H,0.5445272975389747,0.23021836445052238,0.22525433801050287,0.5445272975389747,1.0048591305130288,0.3143089330884523,1.8,3.6,4.5,1.0555555555555556,0.5263157894736842,0.2631578947368421,0.21052631578947367,1.8,0.5445272975389747,-0.01985086442984557,0.0,1,1,0.8,-28.259999999999998
2018,23,2019-02-09,getafe,celta,2018|2019-02-09|getafe|celta,2018|2019-02-09|getafe|celta,H,H,0.44811892923900276,0.3289169888088437,0.22296408195215353,0.44811892923900276,1.060054890971133,0.11920194043015908,1.9,3.4,4.33,1.0513803187495978,0.5005950559352579,0.2797442959638206,0.21966064810092148,1.9,0.44811892923900276,-0.1485740344458948,0.0,1,1,0.8999999999999999,-27.36
2018,23,2019-02-09,girona,huesca,2018|2019-02-09|girona|huesca,2018|2019-02-09|girona|huesca,A,H,0.5546289510225351,0.24131418205240332,0.2040568669250617,0.5546289510225351,0.9943140962148993,0.3133147689701318,2.0,3.3,4.0,1.053030303030303,0.47482014388489213,0.2877697841726619,0.23741007194244607,2.0,0.5546289510225351,0.10925790204507013,0.10925790204507013,1,0,-1.0,-28.36
2018,23,2019-02-10,ath bilbao,barcelona,2018|2019-02-10|ath bilbao|barcelona,2018|2019-02-10|athbilbao|barcelona,D,A,0.19304567145265852,0.23664730990072438,0.570307018646617,0.570307018646617,0.9788526900526908,0.3336597087458927,4.75,4.0,1.7,1.0487616099071206,0.2007380073800738,0.23837638376383766,0.5608856088560886,1.7,0.570307018646617,-0.03047806830075106,0.0,1,0,-1.0,-29.36
2018,23,2019-02-10,leganes,betis,2018|2019-02-10|leganes|betis,2018|2019-02-10|leganes|betis,H,H,0.44393425197052466,0.27123130453299654,0.2848344434964788,0.44393425197052466,1.0721162041003192,0.15909980847404587,2.25,3.0,3.6,1.0555555555555554,0.4210526315789474,0.31578947368421056,0.26315789473684215,2.25,0.44393425197052466,-0.0011479330663194398,0.0,1,1,1.25,-28.11
2018,23,2019-02-10,sevilla,eibar,2018|2019-02-10|sevilla|eibar,2018|2019-02-10|sevilla|eibar,D,H,0.5668309497363121,0.27284887599783797,0.16032017426585005,0.5668309497363121,0.9696521812599939,0.2939820737384741,1.66,4.0,5.0,1.052409638554217,0.5724098454493417,0.2375500858614768,0.19004006868918144,1.66,0.5668309497363121,-0.05906062343772195,0.0,1,0,-1.0,-29.11
2018,23,2019-02-10,valencia,sociedad,2018|2019-02-10|valencia|sociedad,2018|2019-02-10|valencia|sociedad,D,H,0.5078962113935533,0.29313779747962054,0.19896599112682609,0.5078962113935533,1.0250563819928897,0.2147584139139328,1.83,3.5,4.5,1.0543845953682018,0.5182625863770978,0.27097729516288255,0.21076011846001974,1.83,0.5078962113935533,-0.07054993314979735,0.0,1,0,-1.0,-30.11
2018,23,2019-02-11,alaves,levante,2018|2019-02-11|alaves|levante,2018|2019-02-11|alaves|levante,H,H,0.3687675837118474,0.34037913118959534,0.29085328509855723,0.3687675837118474,1.0938886064854527,0.028388452522252083,2.0,3.4,3.8,1.0572755417956656,0.47291361639824303,0.2781844802342606,0.24890190336749632,2.0,0.3687675837118474,-0.2624648325763052,0.0,1,1,1.0,-29.11
2018,24,2019-02-15,eibar,getafe,2018|2019-02-15|eibar|getafe,2018|2019-02-15|eibar|getafe,D,H,0.4340568880325709,0.28197449958195314,0.283968612385476,0.4340568880325709,1.0767031621839327,0.15008827564709493,2.05,3.3,4.0,1.0408351810790837,0.4686667850168649,0.29114148766199177,0.24019172732114322,2.05,0.4340568880325709,-0.11018337953322971,0.0,1,0,-1.0,-30.11
2018,24,2019-02-16,barcelona,valladolid,2018|2019-02-16|barcelona|valladolid,2018|2019-02-16|barcelona|valladolid,H,H,0.8506714016267638,0.10154183481512313,0.047786763558112996,0.8506714016267638,0.5151534564549602,0.7491295668116407,1.14,9.0,15.0,1.0549707602339182,0.8314855875831485,0.10532150776053213,0.06319290465631928,1.14,0.8506714016267638,-0.030234602145489356,0.0,1,1,0.1399999999999999,-29.97
2018,24,2019-02-16,celta,levante,2018|2019-02-16|celta|levante,2018|2019-02-16|celta|levante,A,H,0.503540177944675,0.2805609918712405,0.2158988301840845,0.503540177944675,1.0330188423702427,0.22297918607343448,1.8,3.8,4.5,1.0409356725146197,0.5337078651685394,0.25280898876404495,0.21348314606741575,1.8,0.503540177944675,-0.09362767969958502,0.0,1,0,-1.0,-30.97
2018,24,2019-02-16,sociedad,leganes,2018|2019-02-16|sociedad|leganes,2018|2019-02-16|sociedad|leganes,H,D,0.3649229622781276,0.3670591599012224,0.2680178778206499,0.3670591599012224,1.088645621782157,0.0021361976230948043,2.05,3.1,4.2,1.0484807613053089,0.46524924066464185,0.30766482043952115,0.22708593889583706,3.1,0.3670591599012224,0.1378833956937895,0.06565875985418547,1,0,-1.0,-31.97
2018,24,2019-02-16,vallecano,ath madrid,2018|2019-02-16|vallecano|ath madrid,2018|2019-02-16|vallecano|athmadrid,A,A,0.16960326644214124,0.24883268354404572,0.581564050013813,0.581564050013813,0.9622734570013495,0.3327313664697672,6.0,3.5,1.65,1.0584415584415585,0.1574642126789366,0.2699386503067484,0.5725971370143149,1.65,0.581564050013813,-0.04041931747720867,0.0,1,1,0.6499999999999999,-31.32
2018,24,2019-02-17,betis,alaves,2018|2019-02-17|betis|alaves,2018|2019-02-17|betis|alaves,D,H,0.4951085305556709,0.31175187265646975,0.19313959678785933,0.4951085305556709,1.0289997817713,0.18335665789920114,1.72,3.5,5.25,1.0575858250276855,0.549738219895288,0.2701570680628272,0.1801047120418848,1.72,0.4951085305556709,-0.14841332744424612,0.0,1,0,-1.0,-32.32
2018,24,2019-02-17,real madrid,girona,2018|2019-02-17|real madrid|girona,2018|2019-02-17|realmadrid|girona,A,H,0.8788110717850568,0.07098474444819526,0.05020418376674787,0.8788110717850568,0.45149845575860453,0.8078263273368615,1.16,8.0,15.0,1.0537356321839082,0.8181074447777474,0.11862557949277337,0.06326697572947913,1.16,0.8788110717850568,0.019420843270665816,0.12138027044166141,1,0,-1.0,-33.32
2018,24,2019-02-17,valencia,espanol,2018|2019-02-17|valencia|espanol,2018|2019-02-17|valencia|espanol,D,H,0.5190292367865513,0.3166071786346365,0.1643635845788122,0.5190292367865513,1.0012917613827692,0.20242205815191483,1.72,3.7,4.8,1.0599989524408129,0.5484867201976529,0.2549722050648548,0.1965410747374923,1.72,0.5190292367865513,-0.1072697127271317,0.0,1,0,-1.0,-34.32
2018,24,2019-02-17,villarreal,sevilla,2018|2019-02-17|villarreal|sevilla,2018|2019-02-17|villarreal|sevilla,H,H,0.3439878551073381,0.3139284569915755,0.34208368790108634,0.3439878551073381,1.097753820364325,0.00190416720625175,2.5,3.4,2.8,1.0512605042016807,0.38049560351718625,0.2797761790567546,0.33972821742605913,2.5,0.3439878551073381,-0.14003036223165477,0.0,1,1,1.5,-32.82
2018,24,2019-02-18,huesca,ath bilbao,2018|2019-02-18|huesca|ath bilbao,2018|2019-02-18|huesca|athbilbao,A,A,0.26417691553401207,0.33051382908895693,0.4053092553770309,0.4053092553770309,1.083606351602795,0.07479542628807395,3.1,3.1,2.5,1.0451612903225806,0.30864197530864196,0.30864197530864196,0.3827160493827161,2.5,0.4053092553770309,0.01327313844257716,0.008848758961718106,1,1,1.5,-31.32
2018,25,2019-02-22,espanol,huesca,2018|2019-02-22|espanol|huesca,2018|2019-02-22|espanol|huesca,D,H,0.5132351906027116,0.2469565541266844,0.23980825527060393,0.5132351906027116,1.0301439648960882,0.26627863647602723,1.72,3.6,5.0,1.059173126614987,0.5489143693583801,0.2622590875823372,0.18882654305928276,1.72,0.5132351906027116,-0.11723547216333602,0.0,1,0,-1.0,-32.32
2018,25,2019-02-23,alaves,celta,2018|2019-02-23|alaves|celta,2018|2019-02-23|alaves|celta,D,H,0.3684590606500135,0.323058245008571,0.3084826943414155,0.3684590606500135,1.0957130801366612,0.045400815641442493,2.3,3.3,3.2,1.0503129117259553,0.41395531164249316,0.2885143081144649,0.2975303802430419,2.3,0.3684590606500135,-0.152544160504969,0.0,1,0,-1.0,-33.32
2018,25,2019-02-23,ath bilbao,eibar,2018|2019-02-23|ath bilbao|eibar,2018|2019-02-23|athbilbao|eibar,H,H,0.3897153324390544,0.3552201997202412,0.25506446784070447,0.3897153324390544,1.0833819475508333,0.03449513271881316,2.1,3.25,3.8,1.047040678619626,0.45479653839071993,0.29386853249861905,0.251334929110661,2.1,0.3897153324390544,-0.18159780187798585,0.0,1,1,1.1,-32.22
2018,25,2019-02-23,getafe,vallecano,2018|2019-02-23|getafe|vallecano,2018|2019-02-23|getafe|vallecano,H,H,0.6286267901557525,0.22028994360131685,0.15108326624293061,0.6286267901557525,0.9106124736733813,0.4083368465544357,1.7,3.6,5.5,1.0478312537136067,0.5613836121349589,0.26509781684150835,0.17351857102353274,1.7,0.6286267901557525,0.06866554326477925,0.09809363323539894,1,1,0.7,-31.52
2018,25,2019-02-23,sevilla,barcelona,2018|2019-02-23|sevilla|barcelona,2018|2019-02-23|sevilla|barcelona,A,A,0.26477663469087,0.2961896082929577,0.43903375701617225,0.43903375701617225,1.0736470622899108,0.14284414872321455,3.5,4.0,1.95,1.0485347985347986,0.2724890829694323,0.23842794759825325,0.48908296943231444,1.95,0.43903375701617225,-0.1438841738184642,0.0,1,1,0.95,-30.57
2018,25,2019-02-24,ath madrid,villarreal,2018|2019-02-24|ath madrid|villarreal,2018|2019-02-24|athmadrid|villarreal,H,H,0.6725654327067139,0.18702307320010508,0.14041149409318096,0.6725654327067139,0.855978312166872,0.4855423595066088,1.57,3.75,7.0,1.0464664846830452,0.6086603675149267,0.25482580719958264,0.1365138252854907,1.57,0.6725654327067139,0.05592772934954082,0.09811882342024704,1,1,0.5700000000000001,-30.0
2018,25,2019-02-24,leganes,valencia,2018|2019-02-24|leganes|valencia,2018|2019-02-24|leganes|valencia,D,H,0.3686476231723101,0.29083149341026227,0.3405208834174277,0.3686476231723101,1.0938947397125593,0.02812673975488239,2.8,3.1,2.7,1.050093872674518,0.34010564811052413,0.30719219829337663,0.3527021535960991,2.8,0.3686476231723101,0.0322133448824683,0.01789630271248239,1,0,-1.0,-31.0
2018,25,2019-02-24,levante,real madrid,2018|2019-02-24|levante|real madrid,2018|2019-02-24|levante|realmadrid,A,A,0.31567577651081713,0.23224925294617144,0.4520749705430115,0.4520749705430115,1.0619632029404542,0.13639919403219436,5.25,4.75,1.53,1.054597277507494,0.18061509785647717,0.1996272134203169,0.619757688723206,1.53,0.4520749705430115,-0.3083252950691924,0.0,1,1,0.53,-30.47
2018,25,2019-02-24,valladolid,betis,2018|2019-02-24|valladolid|betis,2018|2019-02-24|valladolid|betis,A,A,0.34831882155072635,0.2623083738846682,0.3893728045646055,0.3893728045646055,1.0856434954797005,0.041053983013879136,2.7,3.2,2.75,1.046506734006734,0.3539111200482606,0.2986125075407199,0.34747637241101953,2.75,0.3893728045646055,0.07077521255266506,0.04044297860152289,1,1,1.75,-28.72
2018,25,2019-02-25,girona,sociedad,2018|2019-02-25|girona|sociedad,2018|2019-02-25|girona|sociedad,D,H,0.5315058904236104,0.2256453654332555,0.2428487441431341,0.5315058904236104,1.0155800635343741,0.28865714628047634,2.37,3.2,3.0,1.0677742616033754,0.395159298592245,0.2926648555198815,0.31217584588787356,2.37,0.5315058904236104,0.2596689603039567,0.18953938708318005,1,0,-1.0,-29.72
2018,26,2019-03-01,vallecano,girona,2018|2019-03-01|vallecano|girona,2018|2019-03-01|vallecano|girona,A,H,0.4718291761181651,0.259337349767044,0.26883347411479097,0.4718291761181651,1.0575738952804452,0.20299570200337413,2.25,3.4,3.2,1.051062091503268,0.42285270112708895,0.27982899339292655,0.29731830547998445,2.25,0.4718291761181651,0.06161564626587146,0.04929251701269717,1,0,-1.0,-30.72
2018,26,2019-03-02,espanol,valladolid,2018|2019-03-02|espanol|valladolid,2018|2019-03-02|espanol|valladolid,H,H,0.5144816129691268,0.2542654527708734,0.23125293425999988,0.5144816129691268,1.0287178126327898,0.26021616019825333,1.8,3.6,4.75,1.043859649122807,0.5322128851540617,0.26610644257703087,0.20168067226890757,1.8,0.5144816129691268,-0.0739330966555718,0.0,1,1,0.8,-29.919999999999998
2018,26,2019-03-02,huesca,sevilla,2018|2019-03-02|huesca|sevilla,2018|2019-03-02|huesca|sevilla,H,A,0.2573202544012072,0.22120780245909513,0.5214719431396976,0.5214719431396976,1.0225512597265143,0.2641516887384904,3.8,3.6,1.95,1.053756185335133,0.2497331910352187,0.263607257203842,0.4866595517609391,1.95,0.5214719431396976,0.01687028912241023,0.017758199076221295,1,0,-1.0,-30.919999999999998
2018,26,2019-03-02,real madrid,barcelona,2018|2019-03-02|real madrid|barcelona,2018|2019-03-02|realmadrid|barcelona,A,A,0.3122336964362404,0.3087719284730344,0.3789943750907252,0.3789943750907252,1.0940083269893557,0.06676067865448482,2.75,3.7,2.45,1.0420698992127564,0.3489558271581176,0.2593590607256279,0.3916851121162544,2.45,0.3789943750907252,-0.07146378102772322,0.0,1,1,1.4500000000000002,-29.47
2018,26,2019-03-02,villarreal,alaves,2018|2019-03-02|villarreal|alaves,2018|2019-03-02|villarreal|alaves,A,H,0.5573466899396254,0.27528040146849,0.16737290859188458,0.5573466899396254,0.9800932905018345,0.28206628847113546,1.66,3.75,5.5,1.0508944870390655,0.5732351306281267,0.25375208449138403,0.17301278488048913,1.66,0.5573466899396254,-0.07480449470022182,0.0,1,0,-1.0,-30.47
2018,26,2019-03-03,betis,getafe,2018|2019-03-03|betis|getafe,2018|2019-03-03|betis|getafe,A,D,0.33477819167636386,0.3673500935606811,0.297871714762955,0.3673500935606811,1.0949726719907507,0.032571901884317245,2.3,3.0,3.4,1.0622335890878092,0.40930979133226325,0.3138041733547351,0.2768860353130016,3.0,0.3673500935606811,0.10205028068204325,0.051025140341021624,1,0,-1.0,-31.47
2018,26,2019-03-03,eibar,celta,2018|2019-03-03|eibar|celta,2018|2019-03-03|eibar|celta,H,H,0.5359272321549734,0.2617966392777787,0.20227612856724783,0.5359272321549734,1.0084066623672465,0.2741305928771947,1.72,3.8,4.75,1.0550795593635252,0.5510440835266821,0.24941995359628769,0.19953596287703013,1.72,0.5359272321549734,-0.07820516069344574,0.0,1,1,0.72,-30.75
2018,26,2019-03-03,sociedad,ath madrid,2018|2019-03-03|sociedad|ath madrid,2018|2019-03-03|sociedad|athmadrid,A,A,0.19085812496987137,0.3479980949009816,0.4611437801291469,0.4611437801291469,1.0403824730255558,0.11314568522816532,4.0,3.25,2.05,1.0454971857410882,0.23912068192014357,0.294302377747869,0.4665769403319875,2.05,0.4611437801291469,-0.054655250735248906,0.0,1,1,1.0499999999999998,-29.7
2018,26,2019-03-03,valencia,ath bilbao,2018|2019-03-03|valencia|ath bilbao,2018|2019-03-03|valencia|athbilbao,H,H,0.4724236782231683,0.2865586478360917,0.2410176739407401,0.4724236782231683,1.0553455194459258,0.18586503038707658,2.0,3.3,4.0,1.053030303030303,0.47482014388489213,0.2877697841726619,0.23741007194244607,2.0,0.4724236782231683,-0.055152643553663394,0.0,1,1,1.0,-28.7
2018,26,2019-03-04,leganes,levante,2018|2019-03-04|leganes|levante,2018|2019-03-04|leganes|levante,H,H,0.5153376552965967,0.2474467595469319,0.23721558515647134,0.5153376552965967,1.028510959596678,0.2678908957496648,1.95,3.4,4.2,1.0450333979745745,0.4907216494845361,0.28144329896907216,0.22783505154639172,1.95,0.5153376552965967,0.004908427828363537,0.005166766135119513,1,1,0.95,-27.75
2018,27,2019-03-08,ath bilbao,espanol,2018|2019-03-08|ath bilbao|espanol,2018|2019-03-08|athbilbao|espanol,D,H,0.5899008534419183,0.24408329592525335,0.16601585063282825,0.5899008534419183,0.9536775863033979,0.345817557516665,1.66,3.6,6.0,1.0468540829986615,0.5754475703324808,0.2653452685421995,0.15920716112531966,1.66,0.5899008534419183,-0.020764583286415617,0.0,1,0,-1.0,-28.75
2018,27,2019-03-09,alaves,eibar,2018|2019-03-09|alaves|eibar,2018|2019-03-09|alaves|eibar,D,H,0.41808840942968645,0.23716710301821953,0.344744487552094,0.41808840942968645,1.0730165754887997,0.07334392187759242,2.9,3.2,2.55,1.0494844489519948,0.3285685524461445,0.29776525065431847,0.37366619689953695,2.9,0.41808840942968645,0.21245638734609062,0.11181915123478454,1,0,-1.0,-29.75
2018,27,2019-03-09,ath madrid,leganes,2018|2019-03-09|ath madrid|leganes,2018|2019-03-09|athmadrid|leganes,H,H,0.6843014777808729,0.2134857086488755,0.10221281357025164,0.6843014777808729,0.8223724462110131,0.4708157691319974,1.45,4.2,10.0,1.0277504105090314,0.6710337114555041,0.2316664003834478,0.09729988816104808,1.45,0.6843014777808729,-0.007762857217734287,0.0,1,1,0.44999999999999996,-29.3
2018,27,2019-03-09,barcelona,vallecano,2018|2019-03-09|barcelona|vallecano,2018|2019-03-09|barcelona|vallecano,H,H,0.8290565014884168,0.1108754631209344,0.06006803539064879,0.8290565014884168,0.5682023813433639,0.7181810383674824,1.16,8.0,15.0,1.0537356321839082,0.8181074447777474,0.11862557949277337,0.06326697572947913,1.16,0.8290565014884168,-0.03829445827343658,0.0,1,1,0.15999999999999992,-29.14
2018,27,2019-03-09,getafe,huesca,2018|2019-03-09|getafe|huesca,2018|2019-03-09|getafe|huesca,H,H,0.5923236394179711,0.2661614819408709,0.1415148786411581,0.5923236394179711,0.9392175131075458,0.32616215747710015,1.61,3.6,6.5,1.052741944046292,0.5900002521368598,0.26386122387231786,0.14613852399082222,1.61,0.5923236394179711,-0.04635894053706652,0.0,1,1,0.6100000000000001,-28.529999999999998
2018,27,2019-03-10,celta,betis,2018|2019-03-10|celta|betis,2018|2019-03-10|celta|betis,A,H,0.38560844335057487,0.27177828874904064,0.34261326790038443,0.38560844335057487,1.0885143966743192,0.04299517545019044,2.5,3.3,2.9,1.0478578892371997,0.38173115277223774,0.2891902672516952,0.329078579976067,2.5,0.38560844335057487,-0.035978891623562825,0.0,1,0,-1.0,-29.529999999999998
2018,27,2019-03-10,girona,valencia,2018|2019-03-10|girona|valencia,2018|2019-03-10|girona|valencia,A,A,0.2762139079362921,0.33534383457821365,0.38844225748549427,0.38844225748549427,1.089082682189893,0.05309842290728062,3.3,3.2,2.35,1.04106221792392,0.29107799496806663,0.30017418231081866,0.4087478227211148,2.35,0.38844225748549427,-0.08716069490908851,0.0,1,1,1.35,-28.18
2018,27,2019-03-10,levante,villarreal,2018|2019-03-10|levante|villarreal,2018|2019-03-10|levante|villarreal,A,A,0.31008373586907917,0.2880366771667219,0.4018795869641989,0.4018795869641989,1.087945469967814,0.09179585109511973,2.9,3.3,2.5,1.0478578892371995,0.32907857997606704,0.2891902672516953,0.3817311527722378,2.5,0.4018795869641989,0.004698967410497246,0.003132644940331497,1,1,1.5,-26.68
2018,27,2019-03-10,sevilla,sociedad,2018|2019-03-10|sevilla|sociedad,2018|2019-03-10|sevilla|sociedad,H,H,0.5485998221648813,0.2588268857671343,0.19257329206798438,0.5485998221648813,0.9964228431982973,0.28977293639774704,1.66,4.2,4.75,1.0510311924389286,0.5731605711494815,0.2265348924066998,0.20030453644381876,1.66,0.5485998221648813,-0.08932429520629703,0.0,1,1,0.6599999999999999,-26.02
2018,27,2019-03-10,valladolid,real madrid,2018|2019-03-10|valladolid|real madrid,2018|2019-03-10|valladolid|realmadrid,A,A,0.21333272940296652,0.21542186686084613,0.5712454037361873,0.5712454037361873,0.980145680061864,0.35582353687534113,5.0,4.33,1.61,1.0520648946394502,0.1901023416131962,0.21951771548867918,0.5903799428981247,1.61,0.5712454037361873,-0.08029489998473843,0.0,1,1,0.6100000000000001,-25.41
2018,28,2019-03-15,sociedad,levante,2018|2019-03-15|sociedad|levante,2018|2019-03-15|sociedad|levante,D,H,0.5668482043190165,0.20384365762033205,0.22930813806065145,0.5668482043190165,0.983671998878557,0.3375400662583651,1.8,3.75,4.5,1.0444444444444443,0.5319148936170214,0.25531914893617025,0.21276595744680854,1.8,0.5668482043190165,0.020326767774229704,0.02540845971778713,1,0,-1.0,-26.41
2018,28,2019-03-16,ath bilbao,ath madrid,2018|2019-03-16|ath bilbao|ath madrid,2018|2019-03-16|athbilbao|athmadrid,H,A,0.22474127473526567,0.29795942379101187,0.4772993014737223,0.4772993014737223,1.0492797195915637,0.17933987768271042,3.9,3.0,2.2,1.0442890442890442,0.24553571428571433,0.31919642857142855,0.43526785714285715,2.2,0.4772993014737223,0.05005846324218921,0.04171538603515767,1,0,-1.0,-27.41
2018,28,2019-03-16,huesca,alaves,2018|2019-03-16|huesca|alaves,2018|2019-03-16|huesca|alaves,A,H,0.40725648905900186,0.2659883234080805,0.3267551875329177,0.40725648905900186,1.0835826015675916,0.08050130152608415,2.45,3.2,3.0,1.0539965986394557,0.3872529245663574,0.2964905203711174,0.3162565550625252,2.45,0.40725648905900186,-0.0022216018054453945,0.0,1,0,-1.0,-28.41
2018,28,2019-03-16,leganes,girona,2018|2019-03-16|leganes|girona,2018|2019-03-16|leganes|girona,A,H,0.4517683653955649,0.2752951551339418,0.2729364794704933,0.4517683653955649,1.0684874948104839,0.1764732102616231,2.15,3.2,3.7,1.0478865493400376,0.44386129334582947,0.2982193064667292,0.2579194001874414,2.15,0.4517683653955649,-0.028698014399535565,0.0,1,0,-1.0,-29.41
2018,28,2019-03-16,real madrid,celta,2018|2019-03-16|real madrid|celta,2018|2019-03-16|realmadrid|celta,H,H,0.7829520016206456,0.12631934053700875,0.09072865784234568,0.7829520016206456,0.6706612169632159,0.6566326610836368,1.18,7.5,13.0,1.0577140373750544,0.8012162051113485,0.12605801627085214,0.07272577861779932,1.18,0.7829520016206456,-0.07611663808763824,0.0,1,1,0.17999999999999994,-29.23
2018,28,2019-03-17,betis,barcelona,2018|2019-03-17|betis|barcelona,2018|2019-03-17|betis|barcelona,A,A,0.13659020673155584,0.178253086871387,0.6851567063970572,0.6851567063970572,0.838389236699038,0.5069036195256702,7.0,5.0,1.4,1.0571428571428572,0.13513513513513511,0.1891891891891892,0.6756756756756757,1.4,0.6851567063970572,-0.04078061104412001,0.0,1,1,0.3999999999999999,-28.83
2018,28,2019-03-17,eibar,valladolid,2018|2019-03-17|eibar|valladolid,2018|2019-03-17|eibar|valladolid,A,H,0.5663762043307957,0.24186510532160085,0.19175869034760346,0.5663762043307957,0.9819731815796704,0.32451109900919484,1.66,3.8,5.5,1.047385715109241,0.5751554846166547,0.2512521327535912,0.17359238262975396,1.66,0.5663762043307957,-0.05981550081087916,0.0,1,0,-1.0,-29.83
2018,28,2019-03-17,espanol,sevilla,2018|2019-03-17|espanol|sevilla,2018|2019-03-17|espanol|sevilla,A,H,0.40872772140901903,0.2324785804452478,0.3587936981457332,0.40872772140901903,1.0726337734592999,0.04993402326328583,2.4,3.5,2.9,1.047208538587849,0.39788318306546455,0.2728341826734614,0.3292826342610741,2.4,0.40872772140901903,-0.01905346861835433,0.0,1,0,-1.0,-30.83
2018,28,2019-03-17,valencia,getafe,2018|2019-03-17|valencia|getafe,2018|2019-03-17|valencia|getafe,D,H,0.43753925717411635,0.31581257848741506,0.24664816433846867,0.43753925717411635,1.0709288768144216,0.12172667868670128,2.0,3.3,4.0,1.053030303030303,0.47482014388489213,0.2877697841726619,0.23741007194244607,2.0,0.43753925717411635,-0.1249214856517673,0.0,1,0,-1.0,-31.83
2018,28,2019-03-17,villarreal,vallecano,2018|2019-03-17|villarreal|vallecano,2018|2019-03-17|villarreal|vallecano,H,H,0.6058698339766327,0.2077583380498845,0.18637182797348276,0.6058698339766327,0.943169438861752,0.3981114959267482,1.6,4.2,5.5,1.04491341991342,0.5981356809943034,0.22786121180735366,0.1740031071983428,1.6,0.6058698339766327,-0.030608265637387555,0.0,1,1,0.6000000000000001,-31.23
2018,29,2019-03-29,girona,ath bilbao,2018|2019-03-29|girona|ath bilbao,2018|2019-03-29|girona|athbilbao,A,A,0.3279466822161593,0.311470303869192,0.36058301391464864,0.36058301391464864,1.0967506801066855,0.03263633169848934,2.87,2.9,2.7,1.0636300123263958,0.3275876495690737,0.32419881181491095,0.3482135386160154,2.7,0.36058301391464864,-0.026425862430448643,0.0,1,1,1.7000000000000002,-29.529999999999998
2018,29,2019-03-30,alaves,ath madrid,2018|2019-03-30|alaves|ath madrid,2018|2019-03-30|alaves|athmadrid,A,A,0.1312867690544161,0.23674442361300368,0.6319688073325802,0.6319688073325802,0.8976762362086309,0.3952243837195765,5.5,3.4,1.75,1.0473644003055766,0.17359591539022615,0.2808169219547776,0.5455871626549964,1.75,0.6319688073325802,0.10594541283201536,0.14126055044268715,1,1,0.75,-28.779999999999998
2018,29,2019-03-30,barcelona,espanol,2018|2019-03-30|barcelona|espanol,2018|2019-03-30|barcelona|espanol,H,H,0.826645545824522,0.12116426989683649,0.05219018427864149,0.826645545824522,0.5672168174909721,0.7054812759276855,1.14,9.0,15.0,1.0549707602339182,0.8314855875831485,0.10532150776053213,0.06319290465631928,1.14,0.826645545824522,-0.05762407776004501,0.0,1,1,0.1399999999999999,-28.64
2018,29,2019-03-30,celta,villarreal,2018|2019-03-30|celta|villarreal,2018|2019-03-30|celta|villarreal,H,H,0.4010254026269193,0.2763870819383548,0.32258751543472586,0.4010254026269193,1.0868192460672774,0.07843788719219347,2.5,3.3,2.75,1.0666666666666669,0.37499999999999994,0.28409090909090906,0.34090909090909083,2.5,0.4010254026269193,0.0025635065672983126,0.001709004378198875,1,1,1.5,-27.14
2018,29,2019-03-30,getafe,leganes,2018|2019-03-30|getafe|leganes,2018|2019-03-30|getafe|leganes,A,H,0.40960467053379723,0.349862788877128,0.24053254058907472,0.40960467053379723,1.0757635649901252,0.059741881656669216,1.95,3.2,4.5,1.047542735042735,0.4895461499235085,0.29831718510963795,0.21213666496685363,1.95,0.40960467053379723,-0.2012708924590954,0.0,1,0,-1.0,-28.14
2018,29,2019-03-31,levante,eibar,2018|2019-03-31|levante|eibar,2018|2019-03-31|levante|eibar,D,A,0.31926904446218685,0.2723295157946851,0.40840143974312804,0.40840143974312804,1.084472183023519,0.08913239528094119,2.8,3.5,2.45,1.0510204081632653,0.33980582524271846,0.27184466019417475,0.3883495145631068,2.45,0.40840143974312804,0.0005835273706638056,0.00040243266942331413,1,0,-1.0,-29.14
2018,29,2019-03-31,real madrid,huesca,2018|2019-03-31|real madrid|huesca,2018|2019-03-31|realmadrid|huesca,H,H,0.8753658745674315,0.0699576879852087,0.05467643744735979,0.8753658745674315,0.46150821250451324,0.8054081865822228,1.11,10.0,19.0,1.0535324798482693,0.8551239929789819,0.094918763220667,0.049957243800351055,1.11,0.8753658745674315,-0.028343879230150915,0.0,1,1,0.1100000000000001,-29.029999999999998
2018,29,2019-03-31,sevilla,valencia,2018|2019-03-31|sevilla|valencia,2018|2019-03-31|sevilla|valencia,A,H,0.44771470136301644,0.2954827626386154,0.25680253599836805,0.44771470136301644,1.0691290381075544,0.15223193872440105,2.05,3.5,3.6,1.0512969415408442,0.46400294605045106,0.27177315411526415,0.2642238998342846,2.05,0.44771470136301644,-0.08218486220581633,0.0,1,0,-1.0,-30.029999999999998
2018,29,2019-03-31,valladolid,sociedad,2018|2019-03-31|valladolid|sociedad,2018|2019-03-31|valladolid|sociedad,D,H,0.39229249352750056,0.3089311650161277,0.2987763414563718,0.39229249352750056,1.0909084062667305,0.08336132851137285,2.6,3.0,3.0,1.051282051282051,0.3658536585365854,0.3170731707317074,0.3170731707317074,2.6,0.39229249352750056,0.019960483171501453,0.012475301982188408,1,0,-1.0,-31.029999999999998
2018,29,2019-03-31,vallecano,betis,2018|2019-03-31|vallecano|betis,2018|2019-03-31|vallecano|betis,D,A,0.34091889930632713,0.25438826172072654,0.40469283897294633,0.40469283897294633,1.0811929603804489,0.0637739396666192,2.75,3.5,2.45,1.0575139146567718,0.34385964912280703,0.27017543859649124,0.38596491228070173,2.45,0.40469283897294633,-0.008502544516281518,0.0,1,0,-1.0,-32.03
2018,30,2019-04-02,ath madrid,girona,2018|2019-04-02|ath madrid|girona,2018|2019-04-02|athmadrid|girona,H,H,0.7533347770254131,0.15161347059100622,0.09505175238358068,0.7533347770254131,0.7230740569268416,0.6017213064344069,1.36,4.5,10.0,1.057516339869281,0.6953028430160691,0.21013597033374534,0.09456118665018541,1.36,0.7533347770254131,0.02453529675456184,0.0681536020960051,1,1,0.3600000000000001,-31.669999999999998
2018,30,2019-04-02,espanol,getafe,2018|2019-04-02|espanol|getafe,2018|2019-04-02|espanol|getafe,D,H,0.34982045357160707,0.30519625949078494,0.3449832869376081,0.34982045357160707,1.096787418597701,0.004837166633998968,2.4,3.1,3.2,1.051747311827957,0.39616613418530355,0.30670926517571884,0.2971246006389776,2.4,0.34982045357160707,-0.16043091142814309,0.0,1,0,-1.0,-32.67
2018,30,2019-04-02,villarreal,barcelona,2018|2019-04-02|villarreal|barcelona,2018|2019-04-02|villarreal|barcelona,D,A,0.15022019082526994,0.22336395593574554,0.6264158532389846,0.6264158532389846,0.9125776581595695,0.4030518973032391,5.25,4.2,1.61,1.0496894409937887,0.1814595660749507,0.22682445759368838,0.591715976331361,1.61,0.6264158532389846,0.008529523714765341,0.013982825761910393,1,0,-1.0,-33.67
2018,30,2019-04-03,ath bilbao,levante,2018|2019-04-03|ath bilbao|levante,2018|2019-04-03|athbilbao|levante,H,H,0.6142152857770311,0.19982940880180433,0.18595530542116448,0.6142152857770311,0.9339811978548934,0.4143858769752268,1.61,4.0,5.5,1.052936194240542,0.5898914063547392,0.23743129105778257,0.17267730258747824,1.61,0.6142152857770311,-0.011113389898979864,0.0,1,1,0.6100000000000001,-33.06
2018,30,2019-04-03,eibar,vallecano,2018|2019-04-03|eibar|vallecano,2018|2019-04-03|eibar|vallecano,H,H,0.5477466580776421,0.23718532278138618,0.21506801914097176,0.5477466580776421,1.0015178320772642,0.31056133529625596,1.61,4.0,5.5,1.052936194240542,0.5898914063547392,0.23743129105778257,0.17267730258747824,1.61,0.5477466580776421,-0.11812788049499612,0.0,1,1,0.6100000000000001,-32.449999999999996
2018,30,2019-04-03,huesca,celta,2018|2019-04-03|huesca|celta,2018|2019-04-03|huesca|celta,D,A,0.3398053116671026,0.23984105811046888,0.4203536302224286,0.4203536302224286,1.0735231056246812,0.08054831855532602,2.62,3.5,2.62,1.0490730643402397,0.36382536382536385,0.27234927234927236,0.36382536382536385,2.62,0.4203536302224286,0.10132651118276303,0.06254722912516236,1,0,-1.0,-33.449999999999996
2018,30,2019-04-03,valencia,real madrid,2018|2019-04-03|valencia|real madrid,2018|2019-04-03|valencia|realmadrid,H,A,0.2751244554527277,0.2704847300467548,0.45439081450051755,0.45439081450051755,1.0671487368772041,0.17926635904778987,3.3,3.6,2.15,1.0459243598778483,0.28972487366647953,0.26558113419427287,0.4446939921392476,2.15,0.45439081450051755,-0.023059748823887283,0.0,1,0,-1.0,-34.449999999999996
2018,30,2019-04-04,leganes,valladolid,2018|2019-04-04|leganes|valladolid,2018|2019-04-04|leganes|valladolid,H,H,0.5248521580971984,0.2902403135875299,0.18490752831527166,0.5248521580971984,1.0094859307317958,0.23461184450966854,1.9,3.3,4.5,1.0515683147262096,0.5005055611729018,0.28816986855409504,0.211324570273003,1.9,0.5248521580971984,-0.002780899615323018,0.0,1,1,0.8999999999999999,-33.55
2018,30,2019-04-04,sevilla,alaves,2018|2019-04-04|sevilla|alaves,2018|2019-04-04|sevilla|alaves,H,H,0.6831592308726006,0.19095674525747544,0.12588402386992395,0.6831592308726006,0.837352327536202,0.49220248561512514,1.5,4.33,6.5,1.0514597027299106,0.6340391980175715,0.2196440639783735,0.14631673800405498,1.5,0.6831592308726006,0.02473884630890083,0.04947769261780166,1,1,0.5,-33.05
2018,30,2019-04-04,sociedad,betis,2018|2019-04-04|sociedad|betis,2018|2019-04-04|sociedad|betis,H,H,0.4200872597729865,0.25146213329735456,0.32845060692965883,0.4200872597729865,1.0771594662405963,0.09163665284332767,2.25,3.3,3.3,1.0505050505050504,0.42307692307692313,0.2884615384615385,0.2884615384615385,2.25,0.4200872597729865,-0.05480366551078031,0.0,1,1,1.25,-31.799999999999997
2018,31,2019-04-06,barcelona,ath madrid,2018|2019-04-06|barcelona|ath madrid,2018|2019-04-06|barcelona|athmadrid,H,H,0.43963501150644363,0.38000029432098875,0.18036469417256756,0.43963501150644363,1.037902582641136,0.05963471718545488,1.75,3.6,5.0,1.0492063492063493,0.5446293494704992,0.264750378214826,0.19062027231467474,1.75,0.43963501150644363,-0.2306387298637237,0.0,1,1,0.75,-31.049999999999997
2018,31,2019-04-06,girona,espanol,2018|2019-04-06|girona|espanol,2018|2019-04-06|girona|espanol,A,A,0.30313384132921545,0.3174638966417589,0.37940226202902577,0.37940226202902577,1.093770858496421,0.06193836538726688,2.5,3.2,3.0,1.0458333333333334,0.38247011952191234,0.298804780876494,0.31872509960159356,3.0,0.37940226202902577,0.13820678608707737,0.06910339304353869,1,1,2.0,-29.049999999999997
2018,31,2019-04-06,real madrid,eibar,2018|2019-04-06|real madrid|eibar,2018|2019-04-06|realmadrid|eibar,H,H,0.7593553481867878,0.1437520138046844,0.09689263800852772,0.7593553481867878,0.7140324189891402,0.6156033343821035,1.3,5.5,9.5,1.056312108943688,0.7282229965156793,0.17212543554006968,0.09965156794425085,1.3,0.7593553481867878,-0.012838047357175753,0.0,1,1,0.30000000000000004,-28.75
2018,31,2019-04-06,vallecano,valencia,2018|2019-04-06|vallecano|valencia,2018|2019-04-06|vallecano|valencia,H,A,0.2189378163489533,0.2649470696412181,0.5161151140098286,0.5161151140098286,1.0258404831844206,0.25116804436861045,4.2,3.5,1.9,1.0501253132832078,0.22673031026252988,0.27207637231503584,0.5011933174224344,1.9,0.5161151140098286,-0.019381283381325776,0.0,1,0,-1.0,-29.75
2018,31,2019-04-07,alaves,leganes,2018|2019-04-07|alaves|leganes,2018|2019-04-07|alaves|leganes,D,A,0.33901684491671374,0.3139252432863811,0.3470579117969051,0.3470579117969051,1.097709054542607,0.00804106688019135,2.5,3.0,3.1,1.0559139784946237,0.3788187372708758,0.3156822810590631,0.3054989816700611,3.1,0.3470579117969051,0.07587952657040575,0.036133107890669404,1,0,-1.0,-30.75
2018,31,2019-04-07,betis,villarreal,2018|2019-04-07|betis|villarreal,2018|2019-04-07|betis|villarreal,H,H,0.4597413109976189,0.2606751711836742,0.27958351781870683,0.4597413109976189,1.0640499806582264,0.18015779317891206,2.2,3.4,3.3,1.0516934046345812,0.43220338983050843,0.2796610169491525,0.288135593220339,2.2,0.4597413109976189,0.011430884194761681,0.009525736828968066,1,1,1.2000000000000002,-29.549999999999997
2018,31,2019-04-07,celta,sociedad,2018|2019-04-07|celta|sociedad,2018|2019-04-07|celta|sociedad,H,H,0.3665872862047087,0.3029664302284599,0.3304462835668313,0.3665872862047087,1.0955663223134846,0.036141002637877395,2.4,3.3,3.0,1.053030303030303,0.3956834532374101,0.2877697841726619,0.31654676258992803,2.4,0.3665872862047087,-0.1201905131086991,0.0,1,1,1.4,-28.15
2018,31,2019-04-07,getafe,ath bilbao,2018|2019-04-07|getafe|ath bilbao,2018|2019-04-07|getafe|athbilbao,H,H,0.41668381238396485,0.2976538681267341,0.285662319489301,0.41668381238396485,1.0833997381834881,0.11902994425723074,2.3,3.0,3.5,1.0538302277432714,0.41257367387033395,0.3163064833005893,0.2711198428290766,2.3,0.41668381238396485,-0.04162723151688086,0.0,1,1,1.2999999999999998,-26.849999999999998
2018,31,2019-04-07,levante,huesca,2018|2019-04-07|levante|huesca,2018|2019-04-07|levante|huesca,D,H,0.5276374049958446,0.2494432609686718,0.22291933403548359,0.5276374049958446,1.0182904777059736,0.27819414402717274,1.95,3.6,3.8,1.0537561853351327,0.4866595517609392,0.26360725720384204,0.24973319103521877,1.95,0.5276374049958446,0.028892939741896884,0.03041362078094409,1,0,-1.0,-27.849999999999998
2018,31,2019-04-07,valladolid,sevilla,2018|2019-04-07|valladolid|sevilla,2018|2019-04-07|valladolid|sevilla,A,A,0.2119989548588825,0.29922303000328654,0.488778015137831,0.488778015137831,1.0397698085714917,0.18955498513454444,3.5,3.4,2.05,1.0676368108218897,0.2676137454405836,0.27548473795354195,0.4569015166058745,2.05,0.488778015137831,0.0019949310325533265,0.0018999343167174542,1,1,1.0499999999999998,-26.799999999999997
2018,32,2019-04-13,ath madrid,celta,2018|2019-04-13|ath madrid|celta,2018|2019-04-13|athmadrid|celta,H,H,0.7413924188218805,0.15404671318756138,0.10456086799055811,0.7413924188218805,0.746084554599685,0.5873457056343191,1.36,4.75,9.0,1.0569315445476435,0.6956875508543532,0.19918633034987795,0.10512611879576893,1.36,0.7413924188218805,0.008293689597757503,0.023038026660437503,1,1,0.3600000000000001,-26.439999999999998
2018,32,2019-04-13,espanol,alaves,2018|2019-04-13|espanol|alaves,2018|2019-04-13|espanol|alaves,H,H,0.5410865681246597,0.24216654942890561,0.21674688244643478,0.5410865681246597,1.0071573392816262,0.29892001869575413,1.8,3.5,4.75,1.0517961570593148,0.5281969817315331,0.27164416203335984,0.20015885623510724,1.8,0.5410865681246597,-0.026044177375612487,0.0,1,1,0.8,-25.64
2018,32,2019-04-13,huesca,barcelona,2018|2019-04-13|huesca|barcelona,2018|2019-04-13|huesca|barcelona,D,A,0.17530631458025567,0.20762318703694704,0.6170704983827973,0.6170704983827973,0.9295412731571174,0.4094473113458502,4.75,4.2,1.65,1.0546821599453178,0.19961114711600778,0.22575070209548498,0.5746381507885073,1.65,0.6170704983827973,0.018166322331615414,0.027948188202485257,1,0,-1.0,-26.64
2018,32,2019-04-13,sevilla,betis,2018|2019-04-13|sevilla|betis,2018|2019-04-13|sevilla|betis,H,H,0.6113942713211827,0.1921624579203143,0.19644327075850293,0.6113942713211827,0.9374577111202624,0.4149510005626798,1.66,4.0,5.0,1.052409638554217,0.5724098454493417,0.2375500858614768,0.19004006868918144,1.66,0.6113942713211827,0.014914490393163282,0.022597712716914065,1,1,0.6599999999999999,-25.98
2018,32,2019-04-14,ath bilbao,vallecano,2018|2019-04-14|ath bilbao|vallecano,2018|2019-04-14|athbilbao|vallecano,H,H,0.6178026613521037,0.2099532974606679,0.17224404118722847,0.6178026613521037,0.9281852884398225,0.4078493638914358,1.6,4.0,5.5,1.0568181818181819,0.5913978494623655,0.23655913978494622,0.17204301075268816,1.6,0.6178026613521037,-0.011515741836634008,0.0,1,1,0.6000000000000001,-25.38
2018,32,2019-04-14,girona,villarreal,2018|2019-04-14|girona|villarreal,2018|2019-04-14|girona|villarreal,A,H,0.4226997170765983,0.2505486490712157,0.326751633852186,0.4226997170765983,1.0762584476474841,0.09594808322441234,2.5,3.25,2.8,1.0648351648351648,0.3756449948400413,0.28895768833849333,0.33539731682146545,2.5,0.4226997170765983,0.056749292691495756,0.037832861794330506,1,0,-1.0,-26.38
2018,32,2019-04-14,sociedad,eibar,2018|2019-04-14|sociedad|eibar,2018|2019-04-14|sociedad|eibar,D,H,0.4990318394752811,0.23673622921739612,0.26423193130732275,0.4990318394752811,1.0396350420397364,0.23479990816795837,2.2,3.5,3.25,1.0479520479520479,0.43374642516682554,0.2726406101048618,0.2936129647283127,2.2,0.4990318394752811,0.09787004684561851,0.08155837237134875,1,0,-1.0,-27.38
2018,32,2019-04-14,valencia,levante,2018|2019-04-14|valencia|levante,2018|2019-04-14|valencia|levante,H,H,0.6782544522646469,0.15020844412149498,0.17153710361385802,0.6782544522646469,0.8504877650092733,0.5067173486507889,1.5,4.75,5.5,1.059011164274322,0.6295180722891567,0.19879518072289157,0.17168674698795183,1.5,0.6782544522646469,0.0173816783969703,0.0347633567939406,1,1,0.5,-26.88
2018,32,2019-04-14,valladolid,getafe,2018|2019-04-14|valladolid|getafe,2018|2019-04-14|valladolid|getafe,D,A,0.21343858532647908,0.35061698927552143,0.43594442539799955,0.43594442539799955,1.0590425237793721,0.08532743612247812,3.2,2.9,2.55,1.0494844489519948,0.29776525065431847,0.3285685524461445,0.37366619689953695,2.55,0.43594442539799955,0.11165828476489881,0.07203760307412826,1,0,-1.0,-27.88
2018,32,2019-04-15,leganes,real madrid,2018|2019-04-15|leganes|real madrid,2018|2019-04-15|leganes|realmadrid,D,A,0.21115604656565545,0.19331159422889507,0.5955323592054496,0.5955323592054496,0.9547434504438663,0.3843763126397941,5.25,4.2,1.6,1.0535714285714286,0.18079096045197737,0.22598870056497172,0.5932203389830508,1.6,0.5955323592054496,-0.04714822527128065,0.0,1,0,-1.0,-28.88
2018,33,2019-04-19,alaves,valladolid,2018|2019-04-19|alaves|valladolid,2018|2019-04-19|alaves|valladolid,D,H,0.4200746236317841,0.29144141381340405,0.2884839625548118,0.4200746236317841,1.082282173745317,0.12863320981838006,2.1,3.2,3.75,1.0553571428571429,0.45121263395375066,0.2961082910321489,0.25267907501410036,2.1,0.4200746236317841,-0.11784329037325342,0.0,1,0,-1.0,-29.88
2018,33,2019-04-20,barcelona,sociedad,2018|2019-04-20|barcelona|sociedad,2018|2019-04-20|barcelona|sociedad,H,H,0.7838278997739735,0.1496177469736436,0.066554353252383,0.7838278997739735,0.6554830000511205,0.6342101528003299,1.22,6.5,13.0,1.0504413619167718,0.78031212484994,0.14645858343337334,0.07322929171668667,1.22,0.7838278997739735,-0.04372996227575235,0.0,1,1,0.21999999999999997,-29.66
2018,33,2019-04-20,celta,girona,2018|2019-04-20|celta|girona,2018|2019-04-20|celta|girona,H,H,0.4709552662077075,0.2456082860207025,0.28343644777159,0.4709552662077075,1.056811339041121,0.1875188184361175,2.0,3.75,3.5,1.0523809523809522,0.4751131221719458,0.2533936651583711,0.2714932126696833,2.0,0.4709552662077075,-0.05808946758458505,0.0,1,1,1.0,-28.66
2018,33,2019-04-20,eibar,ath madrid,2018|2019-04-20|eibar|ath madrid,2018|2019-04-20|eibar|athmadrid,A,A,0.2592333588577096,0.3045552395703679,0.43621140157192256,0.43621140157192256,1.0739518304086948,0.13165616200155467,3.2,3.1,2.4,1.051747311827957,0.2971246006389776,0.30670926517571884,0.39616613418530355,2.4,0.43621140157192256,0.046907363772614064,0.03350525983758148,1,1,1.4,-27.259999999999998
2018,33,2019-04-20,vallecano,huesca,2018|2019-04-20|vallecano|huesca,2018|2019-04-20|vallecano|huesca,D,H,0.47851006338679447,0.22628123830677002,0.2952086983064355,0.47851006338679447,1.049123971376443,0.183301365080359,2.05,3.75,3.4,1.0485891917742707,0.4652011310772599,0.25430995165556874,0.2804889172671714,2.05,0.47851006338679447,-0.019054370057071446,0.0,1,0,-1.0,-28.259999999999998
2018,33,2019-04-21,betis,valencia,2018|2019-04-21|betis|valencia,2018|2019-04-21|betis|valencia,A,A,0.32339294736110574,0.29811723136840307,0.37848982127049113,0.37848982127049113,1.093603905739924,0.05509687390938539,3.0,3.3,2.4,1.053030303030303,0.31654676258992803,0.2877697841726619,0.3956834532374101,2.4,0.37848982127049113,-0.09162442895082135,0.0,1,1,1.4,-26.86
2018,33,2019-04-21,getafe,sevilla,2018|2019-04-21|getafe|sevilla,2018|2019-04-21|getafe|sevilla,H,D,0.2618881774933364,0.3779397740868854,0.36017204841977823,0.3779397740868854,1.0864288977256784,0.01776772566710716,3.1,3.4,2.3,1.0514809009157662,0.3067869752844252,0.27971753628874063,0.41349548842683403,3.4,0.3779397740868854,0.2849952318954103,0.1187480132897543,1,0,-1.0,-27.86
2018,33,2019-04-21,levante,espanol,2018|2019-04-21|levante|espanol,2018|2019-04-21|levante|espanol,D,H,0.42714519205271845,0.27566334550436977,0.2971914624429118,0.42714519205271845,1.0791617298364853,0.12995372960980667,2.3,3.5,3.0,1.0538302277432712,0.41257367387033406,0.27111984282907664,0.3163064833005894,2.3,0.42714519205271845,-0.017566058278747576,0.0,1,0,-1.0,-28.86
2018,33,2019-04-21,real madrid,ath bilbao,2018|2019-04-21|real madrid|ath bilbao,2018|2019-04-21|realmadrid|athbilbao,H,H,0.6975981874065763,0.18678505521386465,0.11561675737955907,0.6975981874065763,0.814041033481634,0.5108131321927116,1.45,4.33,7.0,1.063459197488026,0.6485017704889973,0.2171657199097104,0.13433250960129228,1.45,0.6975981874065763,0.011517371739535598,0.02559415942119022,1,1,0.44999999999999996,-28.41
2018,33,2019-04-21,villarreal,leganes,2018|2019-04-21|villarreal|leganes,2018|2019-04-21|villarreal|leganes,H,H,0.5551973794482635,0.23442689180933987,0.21037572874239657,0.5551973794482635,0.9947043649038108,0.3207704876389237,1.72,3.5,5.0,1.067109634551495,0.5448318804483189,0.26774595267745954,0.1874221668742217,1.72,0.5551973794482635,-0.045060507348986756,0.0,1,1,0.72,-27.689999999999998
2018,34,2019-04-23,alaves,barcelona,2018|2019-04-23|alaves|barcelona,2018|2019-04-23|alaves|barcelona,A,A,0.1310324124241023,0.16644432581103846,0.7025232617648592,0.7025232617648592,0.8127935862040572,0.5360789359538207,7.0,5.25,1.4,1.0476190476190477,0.13636363636363635,0.1818181818181818,0.6818181818181818,1.4,0.7025232617648592,-0.016467433529197106,0.0,1,1,0.3999999999999999,-27.29
2018,34,2019-04-23,huesca,eibar,2018|2019-04-23|huesca|eibar,2018|2019-04-23|huesca|eibar,H,A,0.34052139989000785,0.30848330794661466,0.35099529216337744,0.35099529216337744,1.0971252700433116,0.01047389227336959,2.25,3.5,3.0,1.0634920634920635,0.417910447761194,0.26865671641791045,0.3134328358208955,3.0,0.35099529216337744,0.05298587649013231,0.026492938245066155,1,0,-1.0,-28.29
2018,34,2019-04-23,valladolid,girona,2018|2019-04-23|valladolid|girona,2018|2019-04-23|valladolid|girona,H,H,0.3614929446297087,0.29885185920089147,0.3396551961693998,0.3614929446297087,1.0955470698659409,0.021837748460308892,2.3,3.3,3.25,1.045505219418263,0.41585886002326483,0.28984102365257847,0.29430011632415665,2.3,0.3614929446297087,-0.16856622735167004,0.0,1,1,1.2999999999999998,-26.99
2018,34,2019-04-24,ath madrid,valencia,2018|2019-04-24|ath madrid|valencia,2018|2019-04-24|athmadrid|valencia,H,H,0.513719356087885,0.3061807912159016,0.1800998526962134,0.513719356087885,1.0133016257675487,0.2075385648719834,1.8,3.4,5.0,1.0496732026143791,0.5292652552926526,0.28019925280199254,0.19053549190535493,1.8,0.513719356087885,-0.07530515904180701,0.0,1,1,0.8,-26.189999999999998
2018,34,2019-04-24,espanol,celta,2018|2019-04-24|espanol|celta,2018|2019-04-24|espanol|celta,D,H,0.4506592483958414,0.2772489565656029,0.27209179503855574,0.4506592483958414,1.0690200129299043,0.17341029183023854,2.3,3.2,3.3,1.0503129117259553,0.41395531164249316,0.2975303802430419,0.2885143081144649,2.3,0.4506592483958414,0.03651627131043511,0.028089439469565474,1,0,-1.0,-27.189999999999998
2018,34,2019-04-24,leganes,ath bilbao,2018|2019-04-24|leganes|ath bilbao,2018|2019-04-24|leganes|athbilbao,A,H,0.3581693634318664,0.3305991125607556,0.311231524007378,0.3581693634318664,1.0969484721102076,0.027570250871110813,2.6,3.0,3.0,1.051282051282051,0.3658536585365854,0.3170731707317074,0.3170731707317074,2.6,0.3581693634318664,-0.06875965507714743,0.0,1,0,-1.0,-28.189999999999998
2018,34,2019-04-24,levante,betis,2018|2019-04-24|levante|betis,2018|2019-04-24|levante|betis,H,H,0.4012181332289123,0.2800955550081008,0.31868631176298695,0.4012181332289123,1.087302024158565,0.08253182146592536,2.5,3.3,2.9,1.0478578892371997,0.38173115277223774,0.2891902672516952,0.329078579976067,2.5,0.4012181332289123,0.0030453330722807204,0.002030222048187147,1,1,1.5,-26.689999999999998
2018,34,2019-04-25,getafe,real madrid,2018|2019-04-25|getafe|real madrid,2018|2019-04-25|getafe|realmadrid,D,A,0.23637004416779447,0.27856916952845384,0.4850607863037517,0.4850607863037517,1.0478983741606607,0.20649161677529787,4.0,3.6,1.9,1.054093567251462,0.23717059639389737,0.2635228848821082,0.49930651872399445,1.9,0.4850607863037517,-0.07838450602287178,0.0,1,0,-1.0,-27.689999999999998
2018,34,2019-04-25,sevilla,vallecano,2018|2019-04-25|sevilla|vallecano,2018|2019-04-25|sevilla|vallecano,H,H,0.7893837849942095,0.12257996785833758,0.08803624714745294,0.7893837849942095,0.6579143590593042,0.6668038171358719,1.33,5.25,9.0,1.0534670008354219,0.7137192704203014,0.18080888183980967,0.10547184773988898,1.33,0.7893837849942095,0.04988043404229864,0.15115283043120797,1,1,0.33000000000000007,-27.36
2018,34,2019-04-25,sociedad,villarreal,2018|2019-04-25|sociedad|villarreal,2018|2019-04-25|sociedad|villarreal,A,H,0.44553506671896415,0.272529267264611,0.2819356660164248,0.44553506671896415,1.0714485461228862,0.16359940070253937,2.5,3.3,2.9,1.0478578892371997,0.38173115277223774,0.2891902672516952,0.329078579976067,2.5,0.44553506671896415,0.11383766679741036,0.07589177786494024,1,0,-1.0,-28.36
2018,35,2019-04-27,ath bilbao,alaves,2018|2019-04-27|ath bilbao|alaves,2018|2019-04-27|athbilbao|alaves,D,H,0.6909728450882051,0.16553069192889405,0.1434964629829008,0.6909728450882051,0.8317351514839207,0.5254421531593111,1.45,4.2,7.5,1.0610837438423646,0.6499535747446611,0.22438873413803773,0.12565769111730113,1.45,0.6909728450882051,0.0019106253778973792,0.0042458341731052875,1,0,-1.0,-29.36
2018,35,2019-04-27,ath madrid,valladolid,2018|2019-04-27|ath madrid|valladolid,2018|2019-04-27|athmadrid|valladolid,H,H,0.7843626176748247,0.13568400233938624,0.0799533799857889,0.7843626176748247,0.6635149920557185,0.6486786153354385,1.33,4.5,11.0,1.0650110123794334,0.705983027882764,0.2086572060186836,0.08535976609855238,1.33,0.7843626176748247,0.04320228150751698,0.13091600456823324,1,1,0.33000000000000007,-29.029999999999998
2018,35,2019-04-27,barcelona,levante,2018|2019-04-27|barcelona|levante,2018|2019-04-27|barcelona|levante,H,H,0.8570649479005621,0.09042500426869028,0.05251004783074772,0.8570649479005621,0.5042415581583726,0.7666399436318718,1.2,6.5,11.0,1.078088578088578,0.7729729729729731,0.14270270270270272,0.08432432432432432,1.2,0.8570649479005621,0.02847793748067448,0.14238968740337243,1,1,0.19999999999999996,-28.83
2018,35,2019-04-27,leganes,celta,2018|2019-04-27|leganes|celta,2018|2019-04-27|leganes|celta,D,H,0.4368795676255086,0.2862692480328492,0.2768511843416422,0.4368795676255086,1.075404080329952,0.15061031959265941,2.37,3.25,3.0,1.0629665692956831,0.3969465648854962,0.2894656488549619,0.313587786259542,2.37,0.4368795676255086,0.03540457527245544,0.025842755673325137,1,0,-1.0,-29.83
2018,35,2019-04-28,girona,sevilla,2018|2019-04-28|girona|sevilla,2018|2019-04-28|girona|sevilla,H,A,0.22144505438784368,0.30172447752080145,0.4768304680913548,0.4768304680913548,1.048522858719315,0.17510599057055337,4.75,3.4,1.75,1.0760725342768687,0.19564323879983558,0.2733251130291821,0.5310316481709823,1.75,0.4768304680913548,-0.16554668084012902,0.0,1,0,-1.0,-30.83
2018,35,2019-04-28,sociedad,getafe,2018|2019-04-28|sociedad|getafe,2018|2019-04-28|sociedad|getafe,H,H,0.3817258111283971,0.2515656906711863,0.36670849820041657,0.3817258111283971,1.082673163920495,0.01501731292798053,2.6,3.2,2.75,1.0607517482517483,0.36258755665430564,0.2946023897816234,0.34281005356407085,2.6,0.3817258111283971,-0.007512891066167482,0.0,1,1,1.6,-29.23
2018,35,2019-04-28,valencia,eibar,2018|2019-04-28|valencia|eibar,2018|2019-04-28|valencia|eibar,A,H,0.6542512824119718,0.19706866934473943,0.14868004824328873,0.6542512824119718,0.8810326694007179,0.4571826130672324,1.45,4.5,6.5,1.0657235484821692,0.6471238938053098,0.20851769911504422,0.144358407079646,1.45,0.6542512824119718,-0.05133564050264089,0.0,1,0,-1.0,-30.23
2018,35,2019-04-28,vallecano,real madrid,2018|2019-04-28|vallecano|real madrid,2018|2019-04-28|vallecano|realmadrid,H,A,0.1536593773473255,0.13639581824800473,0.7099448044046698,0.7099448044046698,0.8027379858741546,0.5562854270573443,7.5,4.5,1.4,1.0698412698412698,0.12462908011869436,0.20771513353115725,0.6676557863501484,1.4,0.7099448044046698,-0.006077273833462349,0.0,1,0,-1.0,-31.23
2018,35,2019-04-28,villarreal,huesca,2018|2019-04-28|villarreal|huesca,2018|2019-04-28|villarreal|huesca,D,H,0.6750789066359698,0.199093783477498,0.12582730988653218,0.6750789066359698,0.8474095866196126,0.4759851231584718,1.55,4.0,6.5,1.0490074441687345,0.6150206978119456,0.23832052040212892,0.1466587817859255,1.55,0.6750789066359698,0.04637230528575326,0.08431328233773319,1,0,-1.0,-32.23
2018,35,2019-04-29,betis,espanol,2018|2019-04-29|betis|espanol,2018|2019-04-29|betis|espanol,D,H,0.45486642125679283,0.27997801782508275,0.2651555609181243,0.45486642125679283,1.0667238131362926,0.17488840343171008,2.3,3.3,3.1,1.0603935568872456,0.41002004008016035,0.28577154308617236,0.30420841683366734,2.3,0.45486642125679283,0.046192768890623404,0.03553289914663339,1,0,-1.0,-33.23
2018,36,2019-05-03,sevilla,leganes,2018|2019-05-03|sevilla|leganes,2018|2019-05-03|sevilla|leganes,A,H,0.7449812142762149,0.1445377813919664,0.1104810043318187,0.7449812142762149,0.742266640274126,0.6004434328842485,1.36,5.0,8.5,1.0529411764705883,0.6983240223463686,0.18994413407821228,0.11173184357541899,1.36,0.7449812142762149,0.013174451415652322,0.036595698376811994,1,0,-1.0,-34.23
2018,36,2019-05-04,alaves,sociedad,2018|2019-05-04|alaves|sociedad,2018|2019-05-04|alaves|sociedad,A,H,0.41020255002359074,0.28160031886264625,0.30819713111376307,0.41020255002359074,1.0851487299876514,0.10200541890982767,2.5,3.25,2.9,1.0525198938992042,0.3800403225806452,0.2923387096774194,0.3276209677419355,2.5,0.41020255002359074,0.025506375058976904,0.017004250039317936,1,0,-1.0,-35.23
2018,36,2019-05-04,celta,barcelona,2018|2019-05-04|celta|barcelona,2018|2019-05-04|celta|barcelona,H,H,0.3437782452213238,0.34069927704259867,0.3155224777360775,0.3437782452213238,1.0978849856783444,0.0030789681787251055,2.15,3.6,3.25,1.050586364539853,0.4427206508371961,0.2644026109166588,0.29287673824614513,2.15,0.3437782452213238,-0.2608767727741539,0.0,1,1,1.15,-34.08
2018,36,2019-05-04,espanol,ath madrid,2018|2019-05-04|espanol|ath madrid,2018|2019-05-04|espanol|athmadrid,H,A,0.223118741320287,0.28577730320841377,0.4911039554712992,0.4911039554712992,1.041861482212866,0.20532665226288543,3.8,3.3,2.05,1.0539930758159257,0.24967706218859564,0.28750692009595863,0.46281601771544567,2.05,0.4911039554712992,0.0067631087161633685,0.00644105592015559,1,0,-1.0,-35.08
2018,36,2019-05-04,levante,vallecano,2018|2019-05-04|levante|vallecano,2018|2019-05-04|levante|vallecano,H,H,0.5730329409135214,0.24829973146590215,0.17866732762057644,0.5730329409135214,0.9726888316026323,0.3247332094476193,1.95,3.8,3.6,1.053756185335133,0.4866595517609391,0.2497331910352187,0.263607257203842,1.95,0.5730329409135214,0.1174142347813667,0.12359393134880706,1,1,0.95,-34.13
2018,36,2019-05-05,eibar,betis,2018|2019-05-05|eibar|betis,2018|2019-05-05|eibar|betis,H,H,0.5981227597735532,0.24813945206370447,0.15373778816274225,0.5981227597735532,0.9411337169682286,0.34998330770984876,2.05,3.6,3.5,1.0512969415408442,0.46400294605045106,0.2642238998342846,0.27177315411526415,2.05,0.5981227597735532,0.22615165753578403,0.215382530986461,1,1,1.0499999999999998,-33.08
2018,36,2019-05-05,getafe,girona,2018|2019-05-05|getafe|girona,2018|2019-05-05|getafe|girona,H,H,0.5843444182517679,0.2127603029923173,0.20289527875591487,0.5843444182517679,0.9668443775599063,0.37158411525945056,1.8,3.6,4.75,1.043859649122807,0.5322128851540617,0.26610644257703087,0.20168067226890757,1.8,0.5843444182517679,0.051819952853182194,0.06477494106647774,1,1,0.8,-32.28
2018,36,2019-05-05,huesca,valencia,2018|2019-05-05|huesca|valencia,2018|2019-05-05|huesca|valencia,A,A,0.2792105883860901,0.18988045121395505,0.5309089603999548,0.5309089603999548,1.0078265193673834,0.25169837201386475,3.5,3.4,2.1,1.0560224089635852,0.27055702917771884,0.2785145888594165,0.4509283819628648,2.1,0.5309089603999548,0.11490881683990517,0.10446256076355015,1,1,1.1,-31.18
2018,36,2019-05-05,real madrid,villarreal,2018|2019-05-05|real madrid|villarreal,2018|2019-05-05|realmadrid|villarreal,H,H,0.6558337339080176,0.2174253884793738,0.12674087761260852,0.6558337339080176,0.8702287330351333,0.4384083454286438,1.7,4.0,4.75,1.0487616099071206,0.5608856088560886,0.23837638376383766,0.2007380073800738,1.7,0.6558337339080176,0.11491734764362987,0.16416763949089982,1,1,0.7,-30.48
2018,36,2019-05-05,valladolid,ath bilbao,2018|2019-05-05|valladolid|ath bilbao,2018|2019-05-05|valladolid|athbilbao,H,H,0.3630395056093756,0.28050418672478944,0.35645630766583497,0.3630395056093756,1.092115248925888,0.00658319794354062,2.9,3.1,2.6,1.0520236159835714,0.3277755185034567,0.3066287108580724,0.36559577063847093,2.9,0.3630395056093756,0.05281456626718917,0.027797140140625877,1,1,1.9,-28.58
2018,37,2019-05-12,ath bilbao,celta,2018|2019-05-12|ath bilbao|celta,2018|2019-05-12|athbilbao|celta,H,H,0.5290339198981227,0.28494156503042317,0.18602451507145426,0.5290339198981227,1.0074435743393457,0.24409235486769948,2.0,3.5,3.8,1.0488721804511278,0.4767025089605735,0.27240143369175623,0.25089605734767023,2.0,0.5290339198981227,0.0580678397962453,0.0580678397962453,1,1,1.0,-27.58
2018,37,2019-05-12,ath madrid,sevilla,2018|2019-05-12|ath madrid|sevilla,2018|2019-05-12|athmadrid|sevilla,D,H,0.48635556401656255,0.24281050673277327,0.27083392925066413,0.48635556401656255,1.0480411547867703,0.21552163476589842,2.1,3.6,3.4,1.0480859010270775,0.45434298440979953,0.2650334075723831,0.2806236080178174,2.1,0.48635556401656255,0.021346684434781382,0.019406076758892166,1,0,-1.0,-28.58
2018,37,2019-05-12,barcelona,getafe,2018|2019-05-12|barcelona|getafe,2018|2019-05-12|barcelona|getafe,H,H,0.7506212256738733,0.1433913346840406,0.105987439642086,0.7506212256738733,0.7316921368405611,0.6072298909898327,1.53,4.33,6.0,1.0512083201255868,0.6217557060086298,0.21969658895916944,0.15854770503220061,1.53,0.7506212256738733,0.14845047528102623,0.28009523637929473,1,1,0.53,-28.05
2018,37,2019-05-12,betis,huesca,2018|2019-05-12|betis|huesca,2018|2019-05-12|betis|huesca,H,H,0.7669073813022805,0.14942448270112654,0.08366813599659301,0.7669073813022805,0.6951515839875689,0.617482898601154,1.55,4.33,5.75,1.0500212160179316,0.6144269091716742,0.21994496748639608,0.16562812334192958,1.55,0.7669073813022805,0.18870644101853484,0.3431026200336997,1,1,0.55,-27.5
2018,37,2019-05-12,girona,levante,2018|2019-05-12|girona|levante,2018|2019-05-12|girona|levante,A,H,0.500672021976949,0.269930227364129,0.22939775065892196,0.500672021976949,1.0376071533022073,0.23074179461282002,2.15,3.6,3.2,1.0553940568475453,0.4407039020657995,0.2631981637337414,0.29609793420045905,2.15,0.500672021976949,0.07644484725044043,0.0664737802177743,1,0,-1.0,-28.5
2018,37,2019-05-12,leganes,espanol,2018|2019-05-12|leganes|espanol,2018|2019-05-12|leganes|espanol,A,H,0.6187058267866,0.2361468754830395,0.14514729773036056,0.6187058267866,0.9180226380191852,0.38255895130356055,2.4,3.5,2.87,1.0508130081300813,0.3965183752417795,0.2718983144515059,0.33158331030671456,2.4,0.6187058267866,0.48489398428784003,0.34635284591988574,1,0,-1.0,-29.5
2018,37,2019-05-12,sociedad,real madrid,2018|2019-05-12|sociedad|real madrid,2018|2019-05-12|sociedad|realmadrid,H,A,0.3234186690112017,0.27662348644139395,0.39995784454740435,0.39995784454740435,1.0870855488372468,0.07653917553620265,3.0,3.6,2.3,1.0458937198067635,0.31870669745958424,0.26558891454965355,0.4157043879907621,2.3,0.39995784454740435,-0.08009695754097002,0.0,1,0,-1.0,-30.5
2018,37,2019-05-12,valencia,alaves,2018|2019-05-12|valencia|alaves,2018|2019-05-12|valencia|alaves,H,H,0.6822720648004269,0.18280854495245746,0.1349193902471157,0.6822720648004269,0.8417543772732486,0.49946351984796944,1.4,5.0,7.5,1.0476190476190477,0.6818181818181818,0.19090909090909092,0.12727272727272726,1.4,0.6822720648004269,-0.044819109279402414,0.0,1,1,0.3999999999999999,-30.099999999999998
2018,37,2019-05-12,vallecano,valladolid,2018|2019-05-12|vallecano|valladolid,2018|2019-05-12|vallecano|valladolid,A,A,0.2714730492097803,0.17475737646751888,0.5537695743227008,0.5537695743227008,0.9860923254927874,0.28229652511292047,4.2,3.8,1.8,1.0568086883876358,0.225296442687747,0.24901185770750986,0.5256916996047432,1.8,0.5537695743227008,-0.0032147662191385207,0.0,1,1,0.8,-29.3
2018,37,2019-05-12,villarreal,eibar,2018|2019-05-12|villarreal|eibar,2018|2019-05-12|villarreal|eibar,H,H,0.6870545564270536,0.15559760447217122,0.15734783910077516,0.6870545564270536,0.8383494836797508,0.5297067173262784,1.6,4.33,5.0,1.05594688221709,0.5918858330143802,0.2187107004210181,0.1894034665646017,1.6,0.6870545564270536,0.09928729028328581,0.16547881713880966,1,1,0.6000000000000001,-28.7
2018,38,2019-05-18,alaves,girona,2018|2019-05-18|alaves|girona,2018|2019-05-18|alaves|girona,H,H,0.442328822404655,0.278769323738234,0.27890185385711097,0.442328822404655,1.0730286113493381,0.16342696854754402,2.25,3.5,3.1,1.0527393753200205,0.42217898832684825,0.2714007782101167,0.306420233463035,2.25,0.442328822404655,-0.004760149589526308,0.0,1,1,1.25,-27.45
2018,38,2019-05-18,celta,vallecano,2018|2019-05-18|celta|vallecano,2018|2019-05-18|celta|vallecano,D,H,0.7866906733457327,0.1272307228792747,0.08607860377499252,0.7866906733457327,0.662168581287956,0.659459950466458,1.45,4.75,7.0,1.0430386310604096,0.6611981108625404,0.20183942331593338,0.1369624658215262,1.45,0.7866906733457327,0.14070147635131242,0.31266994744736093,1,0,-1.0,-28.45
2018,38,2019-05-18,espanol,sociedad,2018|2019-05-18|espanol|sociedad,2018|2019-05-18|espanol|sociedad,H,H,0.43897991062821723,0.24330997769713683,0.31771011167464597,0.43897991062821723,1.069603294591749,0.12126979895357126,2.3,3.6,3.0,1.0458937198067633,0.41570438799076215,0.2655889145496536,0.3187066974595843,2.3,0.43897991062821723,0.009653794444899555,0.007425995726845812,1,1,1.2999999999999998,-27.15
2018,38,2019-05-18,getafe,villarreal,2018|2019-05-18|getafe|villarreal,2018|2019-05-18|getafe|villarreal,D,H,0.6498038573973012,0.23430443152261493,0.11589171108008385,0.6498038573973012,0.8698857614897,0.41549942587468625,1.61,4.2,5.25,1.0496894409937887,0.591715976331361,0.22682445759368838,0.1814595660749507,1.61,0.6498038573973012,0.04618421040965498,0.07571182034369668,1,0,-1.0,-28.15
2018,38,2019-05-18,huesca,leganes,2018|2019-05-18|huesca|leganes,2018|2019-05-18|huesca|leganes,H,A,0.4025707773296937,0.17667134931450226,0.42075787335580406,0.42075787335580406,1.0367954224076432,0.01818709602611035,2.5,3.75,2.62,1.0483460559796438,0.38155339805825245,0.2543689320388349,0.36407766990291257,2.62,0.42075787335580406,0.10238562819220665,0.06320100505691768,1,0,-1.0,-29.15
2018,38,2019-05-18,levante,ath madrid,2018|2019-05-18|levante|ath madrid,2018|2019-05-18|levante|athmadrid,D,A,0.23439649429869647,0.24356051213976504,0.5220429935615386,0.5220429935615386,1.0233817721754712,0.27848248142177356,3.75,3.75,1.95,1.0461538461538462,0.2549019607843137,0.2549019607843137,0.4901960784313726,1.95,0.5220429935615386,0.01798383744500026,0.018930355205263434,1,0,-1.0,-30.15
2018,38,2019-05-18,sevilla,ath bilbao,2018|2019-05-18|sevilla|ath bilbao,2018|2019-05-18|sevilla|athbilbao,H,H,0.6348952357987395,0.2048171410190268,0.16028762318223377,0.6348952357987395,0.9066479313411622,0.4300780947797127,1.85,3.4,4.33,1.065605069816454,0.5072616073735894,0.2760099922473943,0.21672840037901628,1.85,0.6348952357987395,0.17455618622766822,0.20536021909137436,1,1,0.8500000000000001,-29.3
2018,38,2019-05-18,valladolid,valencia,2018|2019-05-18|valladolid|valencia,2018|2019-05-18|valladolid|valencia,A,A,0.1507539675093845,0.11767644638587418,0.7315695861047413,0.7315695861047413,0.7657100322996128,0.5808156185953568,8.0,5.25,1.36,1.0507703081232491,0.11896034655114963,0.18127290903032325,0.6997667444185273,1.36,0.7315695861047413,-0.005065362897551717,0.0,1,1,0.3600000000000001,-28.939999999999998
2018,38,2019-05-19,eibar,barcelona,2018|2019-05-19|eibar|barcelona,2018|2019-05-19|eibar|barcelona,D,A,0.250828722081404,0.22978978026153357,0.5193814976570624,0.5193814976570624,1.0250744331203905,0.26855277557565843,3.6,4.0,1.9,1.054093567251462,0.2635228848821082,0.23717059639389737,0.49930651872399445,1.9,0.5193814976570624,-0.013175154451581406,0.0,1,0,-1.0,-29.939999999999998
2018,38,2019-05-19,real madrid,betis,2018|2019-05-19|real madrid|betis,2018|2019-05-19|realmadrid|betis,A,H,0.7393274189610235,0.15065887230787073,0.11001370873110589,0.7393274189610235,0.7512619565013556,0.5886685466531527,1.57,4.75,4.75,1.0579953067381829,0.6020278833967048,0.19898605830164767,0.19898605830164767,1.57,0.7393274189610235,0.16074404776880696,0.2820071013487841,1,0,-1.0,-30.939999999999998
