Season,Matchday,Date,HomeTeam_norm,AwayTeam_norm,pred_key,pred_key_match,y_true,y_pred,proba_H,proba_D,proba_A,conf_maxprob,entropy,margin_top12,B365H,B365D,B365A,overround,pH_mkt,pD_mkt,pA_mkt,odds_pick,p_pick,ev_pick,kelly_pick,bet_placed,correct,profit,cum_profit_season
2012,1,2012-08-18,celta,malaga,2012|2012-08-18|celta|malaga,2012|2012-08-18|celta|malaga,A,H,0.4389590254938342,0.26097401001140486,0.3000669644947609,0.4389590254938342,1.0731974375235465,0.1388920609990733,2.25,3.25,3.2,1.0646367521367521,0.41746111389864526,0.28901154039136984,0.29352734570998495,2.25,0.4389590254938342,-0.01234219263887304,0.0,1,0,-1.0,-1.0
2012,1,2012-08-18,mallorca,espanol,2012|2012-08-18|mallorca|espanol,2012|2012-08-18|mallorca|espanol,H,H,0.46034393280435204,0.30965231570133306,0.23000375149431498,0.46034393280435204,1.058160502198623,0.15069161710301898,2.0,3.3,3.8,1.066188197767145,0.4689603590127151,0.2842183994016455,0.2468212415856395,2.0,0.46034393280435204,-0.07931213439129592,0.0,1,1,1.0,0.0
2012,1,2012-08-18,sevilla,getafe,2012|2012-08-18|sevilla|getafe,2012|2012-08-18|sevilla|getafe,H,H,0.6065112035529782,0.30646718216104885,0.08702161428597306,0.6065112035529782,0.8781886811258648,0.3000440213919293,1.62,3.75,5.5,1.0657687991021325,0.5791912384161751,0.2502106149957877,0.17059814658803707,1.62,0.6065112035529782,-0.017451850244175338,0.0,1,1,0.6200000000000001,0.6200000000000001
2012,1,2012-08-19,ath bilbao,betis,2012|2012-08-19|ath bilbao|betis,2012|2012-08-19|athbilbao|betis,A,H,0.4754992285447191,0.3908135807005449,0.13368719075473612,0.4754992285447191,0.9896727549942141,0.0846856478441742,1.83,3.5,4.2,1.0702576112412177,0.5105762217359592,0.26695842450765866,0.2224653537563822,1.83,0.4754992285447191,-0.12983641176316407,0.0,1,0,-1.0,-0.3799999999999999
2012,1,2012-08-19,barcelona,sociedad,2012|2012-08-19|barcelona|sociedad,2012|2012-08-19|barcelona|sociedad,H,H,0.8950715393958503,0.087865214415695,0.017063246188454766,0.8950715393958503,0.38236561081610054,0.8072063249801553,1.1,9.0,26.0,1.0586635586635587,0.8587155963302752,0.10495412844036697,0.0363302752293578,1.1,0.8950715393958503,-0.015421306664564621,0.0,1,1,0.10000000000000009,-0.2799999999999998
2012,1,2012-08-19,levante,ath madrid,2012|2012-08-19|levante|ath madrid,2012|2012-08-19|levante|athmadrid,D,A,0.24625793828409553,0.27621067149218625,0.47753139022371816,0.47753139022371816,1.053425752631778,0.2013207187315319,3.2,3.4,2.2,1.0611631016042782,0.2944881889763779,0.27716535433070866,0.4283464566929133,2.2,0.47753139022371816,0.050569058492180075,0.042140882076816724,1,0,-1.0,-1.2799999999999998
2012,1,2012-08-19,real madrid,valencia,2012|2012-08-19|real madrid|valencia,2012|2012-08-19|realmadrid|valencia,D,H,0.8354392142967293,0.13298437668044938,0.03157640902282132,0.8354392142967293,0.5276165470915756,0.7024548376162799,1.25,6.0,10.0,1.0666666666666667,0.75,0.15625,0.09375,1.25,0.8354392142967293,0.04429901787091162,0.17719607148364647,1,0,-1.0,-2.28
2012,1,2012-08-20,la coruna,osasuna,2012|2012-08-20|la coruna|osasuna,2012|2012-08-20|lacoruna|osasuna,H,H,0.5063686145917283,0.28886292204619074,0.20476846336208102,0.5063686145917283,1.0280270899217785,0.2175056925455376,2.0,3.4,3.75,1.0607843137254902,0.47134935304990755,0.27726432532347506,0.2513863216266174,2.0,0.5063686145917283,0.012737229183456655,0.012737229183456655,1,1,1.0,-1.2799999999999998
2012,1,2012-08-20,vallecano,granada,2012|2012-08-20|vallecano|granada,2012|2012-08-20|vallecano|granada,H,D,0.3725015189760209,0.38790909271367296,0.23958938831030607,0.38790909271367296,1.0775265274402863,0.015407573737652058,2.2,3.3,3.3,1.0606060606060606,0.4285714285714286,0.28571428571428575,0.28571428571428575,3.3,0.38790909271367296,0.28010000595512075,0.12178261128483511,1,0,-1.0,-2.28
2012,1,2012-08-20,zaragoza,valladolid,2012|2012-08-20|zaragoza|valladolid,2012|2012-08-20|zaragoza|valladolid,A,H,0.4928834775223034,0.28109677018715734,0.2260197522905393,0.4928834775223034,1.0415554590385712,0.21178670733514604,2.15,3.3,3.4,1.062264229158894,0.43785365853658537,0.28526829268292686,0.27687804878048783,2.15,0.4928834775223034,0.05969947667295228,0.05191258841126285,1,0,-1.0,-3.28
2012,2,2012-08-25,betis,vallecano,2012|2012-08-25|betis|vallecano,2012|2012-08-25|betis|vallecano,A,H,0.7614187864327617,0.13140508253881472,0.10717613102842362,0.7614187864327617,0.71357849137459,0.6300137038939471,1.7,3.6,5.0,1.0660130718954248,0.5518087063151441,0.26057633353770693,0.187614960147149,1.7,0.7614187864327617,0.2944119369356949,0.420588481336707,1,0,-1.0,-4.279999999999999
2012,2,2012-08-25,espanol,zaragoza,2012|2012-08-25|espanol|zaragoza,2012|2012-08-25|espanol|zaragoza,A,H,0.6411344353188482,0.23203801760615078,0.1268275470750011,0.6411344353188482,0.8858578954286149,0.4090964177126974,1.67,3.6,5.25,1.067056363463549,0.5611722264285397,0.26032156059323924,0.17850621297822117,1.67,0.6411344353188482,0.07069450698247642,0.10551418952608423,1,0,-1.0,-5.279999999999999
2012,2,2012-08-25,malaga,mallorca,2012|2012-08-25|malaga|mallorca,2012|2012-08-25|malaga|mallorca,D,H,0.5535352019803275,0.2432404291137676,0.20322436890590498,0.5535352019803275,0.995074255690761,0.3102947728665599,1.91,3.5,4.0,1.0592744951383695,0.4942630185348632,0.26972639011473964,0.23601059135039718,1.91,0.5535352019803275,0.05725223578242544,0.06291454481585214,1,0,-1.0,-6.279999999999999
2012,2,2012-08-25,sociedad,celta,2012|2012-08-25|sociedad|celta,2012|2012-08-25|sociedad|celta,H,H,0.5190273318556856,0.289325024852545,0.19164764329176937,0.5190273318556856,1.015820140514299,0.2297023070031406,2.0,3.4,3.75,1.0607843137254902,0.47134935304990755,0.27726432532347506,0.2513863216266174,2.0,0.5190273318556856,0.03805466371137123,0.03805466371137123,1,1,1.0,-5.279999999999999
2012,2,2012-08-26,getafe,real madrid,2012|2012-08-26|getafe|real madrid,2012|2012-08-26|getafe|realmadrid,H,A,0.07715413355219612,0.19569976596840158,0.7271461004794024,0.7271461004794024,0.7485743383783694,0.5314463345110009,9.5,5.5,1.29,1.062275138162531,0.09909217877094971,0.17115921787709498,0.7297486033519552,1.29,0.7271461004794024,-0.06198153038157084,0.0,1,0,-1.0,-6.279999999999999
2012,2,2012-08-26,granada,sevilla,2012|2012-08-26|granada|sevilla,2012|2012-08-26|granada|sevilla,D,A,0.2847182465794398,0.30107853301317994,0.41420322040738033,0.41420322040738033,1.0841667929788956,0.1131246873942004,3.0,3.25,2.38,1.0611937082525318,0.3141116751269035,0.2899492385786802,0.39593908629441626,2.38,0.41420322040738033,-0.014196335430434859,0.0,1,0,-1.0,-7.279999999999999
2012,2,2012-08-26,osasuna,barcelona,2012|2012-08-26|osasuna|barcelona,2012|2012-08-26|osasuna|barcelona,A,A,0.08169634103727536,0.2395986058938155,0.678705053068909,0.678705053068909,0.8100095237785112,0.43910644717509356,12.0,6.0,1.22,1.069672131147541,0.07790549169859515,0.1558109833971903,0.7662835249042146,1.22,0.678705053068909,-0.17197983525593097,0.0,1,1,0.21999999999999997,-7.06
2012,2,2012-08-26,valencia,la coruna,2012|2012-08-26|valencia|la coruna,2012|2012-08-26|valencia|lacoruna,D,H,0.6903387995175767,0.23562125783020968,0.07403994265221353,0.6903387995175767,0.7891553955244097,0.454717541687367,1.44,4.2,7.5,1.0658730158730159,0.6515264333581534,0.22338049143708116,0.12509307520476545,1.44,0.6903387995175767,-0.0059121286946896,0.0,1,0,-1.0,-8.06
2012,2,2012-08-27,ath madrid,ath bilbao,2012|2012-08-27|ath madrid|ath bilbao,2012|2012-08-27|athmadrid|athbilbao,H,H,0.5762414084498181,0.2941702896339983,0.12958830191618367,0.5762414084498181,0.9423862655714605,0.28207111881581975,1.6,4.0,5.5,1.0568181818181819,0.5913978494623655,0.23655913978494622,0.17204301075268816,1.6,0.5762414084498181,-0.07801374648029102,0.0,1,1,0.6000000000000001,-7.46
2012,2,2012-08-27,valladolid,levante,2012|2012-08-27|valladolid|levante,2012|2012-08-27|valladolid|levante,H,D,0.38265939508110686,0.42566457267384566,0.19167603224504756,0.42566457267384566,1.0477870614734632,0.04300517759273881,2.05,3.4,3.5,1.0676368108218899,0.4569015166058744,0.2754847379535419,0.26761374544058353,3.4,0.42566457267384566,0.4472595470910752,0.18635814462128134,1,0,-1.0,-8.459999999999999
2012,3,2012-09-01,celta,osasuna,2012|2012-09-01|celta|osasuna,2012|2012-09-01|celta|osasuna,H,H,0.5030483469454243,0.22490562617204282,0.2720460268825329,0.5030483469454243,1.0353500188820934,0.23100232006289145,2.0,3.3,3.75,1.0696969696969696,0.4674220963172805,0.28328611898017003,0.2492917847025496,2.0,0.5030483469454243,0.006096693890848659,0.006096693890848659,1,1,1.0,-7.46
2012,3,2012-09-01,la coruna,getafe,2012|2012-09-01|la coruna|getafe,2012|2012-09-01|lacoruna|getafe,D,H,0.42472447611426384,0.3229528902648937,0.25232263362084245,0.42472447611426384,1.0761749515934738,0.10177158584937013,2.2,3.2,3.4,1.0611631016042782,0.4283464566929133,0.2944881889763779,0.27716535433070866,2.2,0.42472447611426384,-0.06560615254861946,0.0,1,0,-1.0,-8.459999999999999
2012,3,2012-09-01,mallorca,sociedad,2012|2012-09-01|mallorca|sociedad,2012|2012-09-01|mallorca|sociedad,H,H,0.4783556457009139,0.24237766412872236,0.27926669017036376,0.4783556457009139,1.0524808185154684,0.19908895553055012,2.1,3.2,3.6,1.066468253968254,0.44651162790697674,0.2930232558139535,0.26046511627906976,2.1,0.4783556457009139,0.004546855971919284,0.00413350542901753,1,1,1.1,-7.359999999999999
2012,3,2012-09-01,zaragoza,malaga,2012|2012-09-01|zaragoza|malaga,2012|2012-09-01|zaragoza|malaga,A,H,0.468125242280651,0.22008125845809295,0.311793499261256,0.468125242280651,1.0518345699356633,0.156331743019395,2.7,3.25,2.6,1.0626780626780628,0.34852546916890076,0.28954423592493295,0.3619302949061662,2.7,0.468125242280651,0.2639381541577578,0.15525773773985752,1,0,-1.0,-8.36
2012,3,2012-09-02,ath bilbao,valladolid,2012|2012-09-02|ath bilbao|valladolid,2012|2012-09-02|athbilbao|valladolid,H,H,0.47461765206598044,0.3448016303791435,0.18058071755487617,0.47461765206598044,1.0299246144787644,0.12981602168683692,2.0,3.4,3.75,1.0607843137254902,0.47134935304990755,0.27726432532347506,0.2513863216266174,2.0,0.47461765206598044,-0.05076469586803917,0.0,1,1,1.0,-7.359999999999999
2012,3,2012-09-02,barcelona,valencia,2012|2012-09-02|barcelona|valencia,2012|2012-09-02|barcelona|valencia,H,H,0.8283524404001775,0.12332464277355065,0.04832291682627187,0.8283524404001775,0.5605141075903073,0.7050277976266268,1.22,6.0,13.0,1.0632618747372846,0.7709033405811425,0.15675034591816564,0.07234631350069183,1.22,0.8283524404001775,0.010589977288216562,0.04813626040098438,1,1,0.21999999999999997,-7.14
2012,3,2012-09-02,levante,espanol,2012|2012-09-02|levante|espanol,2012|2012-09-02|levante|espanol,H,H,0.36177527494022793,0.3459728563253722,0.2922518687343998,0.36177527494022793,1.094552865575042,0.015802418614855707,2.2,3.2,3.4,1.0611631016042782,0.4283464566929133,0.2944881889763779,0.27716535433070866,2.2,0.36177527494022793,-0.20409439513149852,0.0,1,1,1.2000000000000002,-5.9399999999999995
2012,3,2012-09-02,real madrid,granada,2012|2012-09-02|real madrid|granada,2012|2012-09-02|realmadrid|granada,H,H,0.8614682938579934,0.11902017305365138,0.019511533088355328,0.8614682938579934,0.45860155874768693,0.742448120804342,1.08,10.0,23.0,1.069404186795491,0.8658334588164432,0.09351001355217589,0.040656527631380814,1.08,0.8614682938579934,-0.06961424263336707,0.0,1,1,0.08000000000000007,-5.859999999999999
2012,3,2012-09-02,vallecano,sevilla,2012|2012-09-02|vallecano|sevilla,2012|2012-09-02|vallecano|sevilla,D,H,0.3710889873493126,0.27979240397838856,0.3491186086722989,0.3710889873493126,1.0916318466763753,0.021970378677013735,2.8,3.25,2.5,1.064835164835165,0.33539731682146534,0.2889576883384932,0.3756449948400412,2.8,0.3710889873493126,0.03904916457807528,0.021693980321152936,1,0,-1.0,-6.859999999999999
2012,3,2012-09-26,betis,ath madrid,2012|2012-09-26|betis|ath madrid,2012|2012-09-26|betis|athmadrid,A,A,0.26153026081227626,0.266749121121437,0.47172061806628673,0.47172061806628673,1.0576964650516874,0.20497149694484973,3.1,3.3,2.3,1.0603935568872456,0.30420841683366734,0.28577154308617236,0.41002004008016035,2.3,0.47172061806628673,0.08495742155245944,0.06535186273266112,1,1,1.2999999999999998,-5.56
2012,4,2012-09-15,getafe,barcelona,2012|2012-09-15|getafe|barcelona,2012|2012-09-15|getafe|barcelona,A,A,0.08327239155592796,0.28536626387289876,0.6313613445711733,0.6313613445711733,0.8551776513012076,0.34599508069827456,11.0,6.0,1.25,1.0575757575757576,0.08595988538681948,0.15759312320916904,0.7564469914040115,1.25,0.6313613445711733,-0.21079831928603335,0.0,1,1,0.25,-5.31
2012,4,2012-09-15,malaga,levante,2012|2012-09-15|malaga|levante,2012|2012-09-15|malaga|levante,H,H,0.5787665985542251,0.2865153535384027,0.13471804790737218,0.5787665985542251,0.944687540048366,0.2922512450158224,1.7,3.6,5.0,1.0660130718954248,0.5518087063151441,0.26057633353770693,0.187614960147149,1.7,0.5787665985542251,-0.01609678245781737,0.0,1,1,0.7,-4.609999999999999
2012,4,2012-09-15,sevilla,real madrid,2012|2012-09-15|sevilla|real madrid,2012|2012-09-15|sevilla|realmadrid,H,A,0.14446988568165225,0.1916688132557644,0.6638613010625833,0.6638613010625833,0.8681099125590069,0.47219248780681894,5.0,4.0,1.62,1.067283950617284,0.18739155581260844,0.23423944476576056,0.578368999421631,1.62,0.6638613010625833,0.07545530772138509,0.12170210922804045,1,0,-1.0,-5.609999999999999
2012,4,2012-09-15,valencia,celta,2012|2012-09-15|valencia|celta,2012|2012-09-15|valencia|celta,H,H,0.6785713536067485,0.2442583556275459,0.07717029076570575,0.6785713536067485,0.8051061151210819,0.4343129979792026,1.44,4.33,7.0,1.0682484695186774,0.6500776404176282,0.2161921021250311,0.13373025745734066,1.44,0.6785713536067485,-0.02285725080628226,0.0,1,1,0.43999999999999995,-5.17
2012,4,2012-09-16,ath madrid,vallecano,2012|2012-09-16|ath madrid|vallecano,2012|2012-09-16|athmadrid|vallecano,H,H,0.7510774504341413,0.19498050135081818,0.05394204821504051,0.7510774504341413,0.6912607003687224,0.5560969490833232,1.33,5.0,9.0,1.0629908103592314,0.7073247406475951,0.1881483810122603,0.10452687834014461,1.33,0.7510774504341413,-0.0010669909225919927,0.0,1,1,0.33000000000000007,-4.84
2012,4,2012-09-16,espanol,ath bilbao,2012|2012-09-16|espanol|ath bilbao,2012|2012-09-16|espanol|athbilbao,D,H,0.4164002404585702,0.32216533467069275,0.261434424870737,0.4164002404585702,1.0804583666078615,0.09423490578787747,2.2,3.4,3.2,1.061163101604278,0.42834645669291344,0.2771653543307087,0.29448818897637796,2.2,0.4164002404585702,-0.08391947099114538,0.0,1,0,-1.0,-5.84
2012,4,2012-09-16,granada,la coruna,2012|2012-09-16|granada|la coruna,2012|2012-09-16|granada|lacoruna,D,H,0.4441921516528826,0.3126438425437566,0.24316400580336076,0.4441921516528826,1.0678076806666712,0.13154830910912602,2.3,3.2,3.2,1.0597826086956523,0.41025641025641024,0.2948717948717948,0.2948717948717948,2.3,0.4441921516528826,0.02164194880162995,0.016647652924330732,1,0,-1.0,-6.84
2012,4,2012-09-16,osasuna,mallorca,2012|2012-09-16|osasuna|mallorca,2012|2012-09-16|osasuna|mallorca,D,H,0.5060703720275023,0.272208254835957,0.22172137313654064,0.5060703720275023,1.0328546456487817,0.23386211719154526,2.2,3.25,3.25,1.06993006993007,0.4248366013071895,0.2875816993464052,0.2875816993464052,2.2,0.5060703720275023,0.1133548184605051,0.09446234871708757,1,0,-1.0,-7.84
2012,4,2012-09-16,sociedad,zaragoza,2012|2012-09-16|sociedad|zaragoza,2012|2012-09-16|sociedad|zaragoza,H,H,0.5875965209047787,0.24539876488154064,0.16700471421368068,0.5875965209047787,0.9560811826140554,0.342197756023238,1.8,3.5,4.5,1.0634920634920635,0.5223880597014926,0.26865671641791045,0.208955223880597,1.8,0.5875965209047787,0.05767373762860162,0.07209217203575202,1,1,0.8,-7.039999999999999
2012,4,2012-09-17,valladolid,betis,2012|2012-09-17|valladolid|betis,2012|2012-09-17|valladolid|betis,A,H,0.43094569445107905,0.335063258822905,0.23399104672601598,0.43094569445107905,1.0689942846879965,0.09588243562817406,2.1,3.3,3.5,1.064935064935065,0.4471544715447154,0.2845528455284553,0.26829268292682923,2.1,0.43094569445107905,-0.09501404165273403,0.0,1,0,-1.0,-8.04
2012,5,2012-09-22,barcelona,granada,2012|2012-09-22|barcelona|granada,2012|2012-09-22|barcelona|granada,H,H,0.8831865470801281,0.08408078688620536,0.03273266603366648,0.8831865470801281,0.42981599573403945,0.7991057601939228,1.05,12.0,34.0,1.0651260504201678,0.8941485864562789,0.07823800131492441,0.02761341222879685,1.05,0.8831865470801281,-0.07265412556586544,0.0,1,1,0.050000000000000044,-7.989999999999999
2012,5,2012-09-22,betis,espanol,2012|2012-09-22|betis|espanol,2012|2012-09-22|betis|espanol,H,H,0.4581673769884111,0.29109726292258137,0.25073536008900754,0.4581673769884111,1.0637082022561308,0.16707011406582972,1.95,3.5,3.75,1.0652014652014652,0.48143053645116923,0.2682255845942228,0.25034387895460797,1.95,0.4581673769884111,-0.10657361487259837,0.0,1,1,0.95,-7.039999999999999
2012,5,2012-09-22,celta,getafe,2012|2012-09-22|celta|getafe,2012|2012-09-22|celta|getafe,H,H,0.45056848673640515,0.3463811536815553,0.2030503595820395,0.45056848673640515,1.0501756730639271,0.10418733305484984,2.0,3.4,3.75,1.0607843137254902,0.47134935304990755,0.27726432532347506,0.2513863216266174,2.0,0.45056848673640515,-0.0988630265271897,0.0,1,1,1.0,-6.039999999999999
2012,5,2012-09-22,zaragoza,osasuna,2012|2012-09-22|zaragoza|osasuna,2012|2012-09-22|zaragoza|osasuna,H,H,0.42799188785064113,0.2863146861192774,0.2856934260300816,0.42799188785064113,1.079226168235289,0.14167720173136372,2.25,3.25,3.2,1.0646367521367521,0.41746111389864526,0.28901154039136984,0.29352734570998495,2.25,0.42799188785064113,-0.03701825233605749,0.0,1,1,1.25,-4.789999999999999
2012,5,2012-09-23,ath bilbao,malaga,2012|2012-09-23|ath bilbao|malaga,2012|2012-09-23|athbilbao|malaga,D,H,0.47646633672636446,0.30941793930913203,0.21411572396450335,0.47646633672636446,1.0462021949430187,0.16704839741723243,2.2,3.4,3.2,1.061163101604278,0.42834645669291344,0.2771653543307087,0.29448818897637796,2.2,0.47646633672636446,0.0482259407980018,0.04018828399833482,1,0,-1.0,-5.789999999999999
2012,5,2012-09-23,ath madrid,valladolid,2012|2012-09-23|ath madrid|valladolid,2012|2012-09-23|athmadrid|valladolid,H,H,0.7521951297449719,0.19787887780284816,0.049925992452179865,0.7521951297449719,0.6844171767578017,0.5543162519421237,1.3,5.25,10.0,1.0597069597069597,0.7258900795022467,0.1797442101624611,0.09436571033529209,1.3,0.7521951297449719,-0.022146331331536456,0.0,1,1,0.30000000000000004,-5.489999999999999
2012,5,2012-09-23,levante,sociedad,2012|2012-09-23|levante|sociedad,2012|2012-09-23|levante|sociedad,H,H,0.4097576232745591,0.3912018472808415,0.1990405294445994,0.4097576232745591,1.054037273933394,0.018555775993717605,2.1,3.4,3.4,1.0644257703081232,0.4473684210526316,0.27631578947368424,0.27631578947368424,2.1,0.4097576232745591,-0.13950899112342585,0.0,1,1,1.1,-4.39
2012,5,2012-09-23,mallorca,valencia,2012|2012-09-23|mallorca|valencia,2012|2012-09-23|mallorca|valencia,H,A,0.33657615914582767,0.24873322173644674,0.4146906191177256,0.4146906191177256,1.0776092089332594,0.07811445997189792,2.8,3.25,2.5,1.064835164835165,0.33539731682146534,0.2889576883384932,0.3756449948400412,2.5,0.4146906191177256,0.036726547794313946,0.024484365196209296,1,0,-1.0,-5.39
2012,5,2012-09-24,la coruna,sevilla,2012|2012-09-24|la coruna|sevilla,2012|2012-09-24|lacoruna|sevilla,A,A,0.35149854951568005,0.2679934641334274,0.3805079863508925,0.3805079863508925,1.0880661582655295,0.029009436835212454,2.6,3.3,2.63,1.0678738245278168,0.36016931568245014,0.2837697638710213,0.3560609204465287,2.63,0.3805079863508925,0.000736004102847132,0.00045153625941541845,1,1,1.63,-3.76
2012,5,2012-09-24,vallecano,real madrid,2012|2012-09-24|vallecano|real madrid,2012|2012-09-24|vallecano|realmadrid,A,A,0.1212554943053399,0.18366440186775562,0.6950801038269043,0.6950801038269043,0.8198977636386593,0.5114157019591488,9.0,5.5,1.3,1.062160062160062,0.10460863204096563,0.17117776152158012,0.7242136064374544,1.3,0.6950801038269043,-0.09639586502502434,0.0,1,1,0.30000000000000004,-3.4599999999999995
2012,6,2012-09-29,malaga,betis,2012|2012-09-29|malaga|betis,2012|2012-09-29|malaga|betis,H,H,0.5959931711304021,0.2603257720801132,0.14368105678948473,0.5959931711304021,0.93755815619881,0.33566739905028886,1.7,3.75,4.75,1.0654282765737875,0.5521115846571096,0.25029058504455637,0.19759783029833397,1.7,0.5959931711304021,0.013188390921683502,0.018840558459547862,1,1,0.7,-2.76
2012,6,2012-09-29,sevilla,barcelona,2012|2012-09-29|sevilla|barcelona,2012|2012-09-29|sevilla|barcelona,A,A,0.14970177670105558,0.1706552390221366,0.6796429842768078,0.6796429842768078,0.8485070986009109,0.5089877452546712,6.0,4.33,1.5,1.0642802155504234,0.1566003616636528,0.21699819168173598,0.6264014466546112,1.5,0.6796429842768078,0.019464476415211707,0.03892895283042341,1,1,0.5,-2.26
2012,6,2012-09-29,sociedad,ath bilbao,2012|2012-09-29|sociedad|ath bilbao,2012|2012-09-29|sociedad|athbilbao,H,H,0.41438845816352976,0.2526357200679799,0.3329758217684902,0.41438845816352976,1.0788026670920587,0.08141263639503954,2.3,3.4,3.0,1.062233589087809,0.4093097913322633,0.27688603531300165,0.31380417335473515,2.3,0.41438845816352976,-0.04690654622388157,0.0,1,1,1.2999999999999998,-0.9599999999999997
2012,6,2012-09-29,valencia,zaragoza,2012|2012-09-29|valencia|zaragoza,2012|2012-09-29|valencia|zaragoza,H,H,0.7245687193333336,0.21989462719983055,0.055536653466835915,0.7245687193333336,0.72703496149788,0.504674092133503,1.36,4.75,8.5,1.0634674922600618,0.6914119359534208,0.19796215429403205,0.11062590975254732,1.36,0.7245687193333336,-0.01458654170666629,0.0,1,1,0.3600000000000001,-0.5999999999999996
2012,6,2012-09-30,espanol,ath madrid,2012|2012-09-30|espanol|ath madrid,2012|2012-09-30|espanol|athmadrid,A,A,0.2555648073391678,0.31717091741033016,0.4272642752505021,0.4272642752505021,1.076198985114043,0.11009335784017193,3.6,3.5,2.0,1.0634920634920635,0.2611940298507463,0.26865671641791045,0.4701492537313433,2.0,0.4272642752505021,-0.14547144949899588,0.0,1,1,1.0,0.40000000000000036
2012,6,2012-09-30,granada,celta,2012|2012-09-30|granada|celta,2012|2012-09-30|granada|celta,H,H,0.44248311381762134,0.3106125836267576,0.24690430255562107,0.44248311381762134,1.0693094005590762,0.13187053019086376,2.3,3.25,3.1,1.0650555615492503,0.40822528363047,0.28889789303079416,0.3028768233387358,2.3,0.44248311381762134,0.017711161780529006,0.01362397060040693,1,1,1.2999999999999998,1.7000000000000002
2012,6,2012-09-30,osasuna,levante,2012|2012-09-30|osasuna|levante,2012|2012-09-30|osasuna|levante,H,H,0.5447933455841019,0.3133815920504601,0.141825062365438,0.5447933455841019,0.9715139409851341,0.23141175353364174,1.95,3.3,4.0,1.065850815850816,0.4811372334609076,0.2843083652268999,0.23455440131219243,1.95,0.5447933455841019,0.0623470238889986,0.0656284461989459,1,1,0.95,2.6500000000000004
2012,6,2012-09-30,real madrid,la coruna,2012|2012-09-30|real madrid|la coruna,2012|2012-09-30|realmadrid|lacoruna,H,H,0.8682773336069873,0.10785747149803222,0.023865194894980398,0.8682773336069873,0.45197615118276113,0.7604198621089551,1.13,8.0,21.0,1.057574799831437,0.8367784031478807,0.11819494944463814,0.04502664740748119,1.13,0.8682773336069873,-0.01884661302410441,0.0,1,1,0.1299999999999999,2.7800000000000002
2012,6,2012-09-30,valladolid,vallecano,2012|2012-09-30|valladolid|vallecano,2012|2012-09-30|valladolid|vallecano,H,H,0.5650339639254297,0.2502303774590223,0.1847356586155479,0.5650339639254297,0.9812101001717004,0.3148035864664074,1.83,3.5,4.33,1.0631092553630697,0.5140093406910212,0.2687534552755911,0.21723720403338773,1.83,0.5650339639254297,0.03401215398353641,0.04097849877534507,1,1,0.8300000000000001,3.6100000000000003
2012,6,2012-10-01,getafe,mallorca,2012|2012-10-01|getafe|mallorca,2012|2012-10-01|getafe|mallorca,H,H,0.47724590540930467,0.3465815786766106,0.17617251591408478,0.47724590540930467,1.0261674965657117,0.13066432673269407,2.1,3.25,3.6,1.0616605616605617,0.4485336400230017,0.2898217366302473,0.26164462334675104,2.1,0.47724590540930467,0.0022164013595398213,0.002014910326854383,1,1,1.1,4.71
2012,7,2012-10-05,celta,sevilla,2012|2012-10-05|celta|sevilla,2012|2012-10-05|celta|sevilla,H,H,0.3873444543411803,0.3222596435566715,0.29039590210214816,0.3873444543411803,1.0913768813034277,0.06508481078450878,2.63,3.3,2.63,1.0634865767945616,0.35752979414951247,0.28494041170097506,0.35752979414951247,2.63,0.3873444543411803,0.018715914917304177,0.011482156390984159,1,1,1.63,6.34
2012,7,2012-10-06,betis,sociedad,2012|2012-10-06|betis|sociedad,2012|2012-10-06|betis|sociedad,H,H,0.5431614641155242,0.2605055363060153,0.1963329995784605,0.5431614641155242,1.001550929511065,0.28265592780950893,1.95,3.3,4.0,1.065850815850816,0.4811372334609076,0.2843083652268999,0.23455440131219243,1.95,0.5431614641155242,0.059164855025272245,0.06227879476344447,1,1,0.95,7.29
2012,7,2012-10-06,valladolid,espanol,2012|2012-10-06|valladolid|espanol,2012|2012-10-06|valladolid|espanol,D,H,0.4664567731052843,0.2653842382225289,0.2681589886721869,0.4664567731052843,1.0607119616270302,0.19829778443309737,1.91,3.5,4.0,1.0592744951383695,0.4942630185348632,0.26972639011473964,0.23601059135039718,1.91,0.4664567731052843,-0.1090675633689071,0.0,1,0,-1.0,6.29
2012,7,2012-10-06,vallecano,la coruna,2012|2012-10-06|vallecano|la coruna,2012|2012-10-06|vallecano|lacoruna,H,H,0.4253550933242628,0.3518238178765525,0.2228210887991847,0.4253550933242628,1.0656710532790845,0.07353127544771032,2.3,3.3,3.1,1.0603935568872456,0.41002004008016035,0.28577154308617236,0.30420841683366734,2.3,0.4253550933242628,-0.021683285354195614,0.0,1,1,1.2999999999999998,7.59
2012,7,2012-10-06,zaragoza,getafe,2012|2012-10-06|zaragoza|getafe,2012|2012-10-06|zaragoza|getafe,A,H,0.4430394303488993,0.32074606656535093,0.23621450308574973,0.4430394303488993,1.0662600461709464,0.12229336378354838,2.3,3.3,3.1,1.0603935568872456,0.41002004008016035,0.28577154308617236,0.30420841683366734,2.3,0.4430394303488993,0.01899068980246843,0.014608222924975718,1,0,-1.0,6.59
2012,7,2012-10-07,ath bilbao,osasuna,2012|2012-10-07|ath bilbao|osasuna,2012|2012-10-07|athbilbao|osasuna,H,H,0.5922664974620822,0.2376871874495875,0.17004631508833035,0.5922664974620822,0.9530056662245108,0.35457931001249465,1.83,3.5,4.33,1.0631092553630697,0.5140093406910212,0.2687534552755911,0.21723720403338773,1.83,0.5922664974620822,0.0838476903556104,0.10102131368145831,1,1,0.8300000000000001,7.42
2012,7,2012-10-07,ath madrid,malaga,2012|2012-10-07|ath madrid|malaga,2012|2012-10-07|athmadrid|malaga,H,H,0.609137237933948,0.16655273426940456,0.22431002779664735,0.609137237933948,0.9357748401177516,0.3848272101373007,1.73,3.75,4.5,1.0669235709698137,0.5417770286539851,0.24993980255237178,0.20828316879364314,1.73,0.609137237933948,0.0538074216257301,0.07370879674757548,1,1,0.73,8.15
2012,7,2012-10-07,barcelona,real madrid,2012|2012-10-07|barcelona|real madrid,2012|2012-10-07|barcelona|realmadrid,D,H,0.5523666563904331,0.10749228421252574,0.3401410593970411,0.5523666563904331,0.9344037902899216,0.21222559699339205,1.83,4.0,3.75,1.0631147540983605,0.5140066820868672,0.23515805705474174,0.2508352608583912,1.83,0.5523666563904331,0.010830981194492662,0.013049374933123687,1,0,-1.0,7.15
2012,7,2012-10-07,levante,valencia,2012|2012-10-07|levante|valencia,2012|2012-10-07|levante|valencia,H,A,0.27583970931439294,0.28925990427431736,0.43490038641128964,0.43490038641128964,1.0761849852739018,0.14564048213697228,3.5,3.3,2.1,1.064935064935065,0.26829268292682923,0.2845528455284553,0.4471544715447154,2.1,0.43490038641128964,-0.08670918853629167,0.0,1,0,-1.0,6.15
2012,7,2012-10-07,mallorca,granada,2012|2012-10-07|mallorca|granada,2012|2012-10-07|mallorca|granada,A,H,0.5318565171885736,0.23800061830877842,0.23014286450264798,0.5318565171885736,1.0155425159590983,0.29385589887979524,1.83,3.5,4.33,1.0631092553630697,0.5140093406910212,0.2687534552755911,0.21723720403338773,1.83,0.5318565171885736,-0.026702573544910235,0.0,1,0,-1.0,5.15
2012,8,2012-10-20,la coruna,barcelona,2012|2012-10-20|la coruna|barcelona,2012|2012-10-20|lacoruna|barcelona,A,A,0.13599713200913788,0.19377407273682115,0.6702287952540409,0.6702287952540409,0.8575089016380104,0.47645472251721976,10.0,5.0,1.3,1.0692307692307692,0.09352517985611511,0.18705035971223022,0.7194244604316546,1.3,0.6702287952540409,-0.12870256616974682,0.0,1,1,0.30000000000000004,5.45
2012,8,2012-10-20,malaga,valladolid,2012|2012-10-20|malaga|valladolid,2012|2012-10-20|malaga|valladolid,H,H,0.6421127933350025,0.25181151184426503,0.10607569482073234,0.6421127933350025,0.869708877777496,0.39030128149073745,1.53,3.8,6.5,1.0705988198248262,0.6104945747546898,0.245804394572283,0.143701030673027,1.53,0.6421127933350025,-0.017567426197446168,0.0,1,1,0.53,5.98
2012,8,2012-10-20,real madrid,celta,2012|2012-10-20|real madrid|celta,2012|2012-10-20|realmadrid|celta,H,H,0.9005728419465263,0.07857611134377554,0.020851046709698146,0.9005728419465263,0.3748857433612514,0.8219967306027508,1.1,9.0,23.0,1.0636802810715853,0.8546655656482247,0.10445912469033856,0.040875309661436834,1.1,0.9005728419465263,-0.009369873858820973,0.0,1,1,0.10000000000000009,6.08
2012,8,2012-10-20,valencia,ath bilbao,2012|2012-10-20|valencia|ath bilbao,2012|2012-10-20|valencia|athbilbao,H,H,0.6413846782139271,0.2515842539452885,0.1070310678407844,0.6413846782139271,0.8712115957048449,0.3898004242686386,1.62,3.8,5.5,1.062260027172308,0.5811043763554468,0.24773397097258518,0.17116165267196795,1.62,0.6413846782139271,0.03904317870656193,0.06297286888155149,1,1,0.6200000000000001,6.7
2012,8,2012-10-21,espanol,vallecano,2012|2012-10-21|espanol|vallecano,2012|2012-10-21|espanol|vallecano,H,H,0.5278357642701248,0.27905500183275084,0.19310923389712434,0.5278357642701248,1.0110101042019677,0.24878076243737396,1.91,3.4,4.0,1.0676778564829073,0.4903728275762602,0.2754741472560756,0.23415302516766426,1.91,0.5278357642701248,0.008166309755938295,0.008973966764767357,1,1,0.9099999999999999,7.61
2012,8,2012-10-21,getafe,levante,2012|2012-10-21|getafe|levante,2012|2012-10-21|getafe|levante,A,H,0.5416155244571534,0.2705288642244479,0.1878556113183986,0.5416155244571534,0.9999110324569536,0.27108666023270556,1.83,3.5,4.2,1.0702576112412177,0.5105762217359592,0.26695842450765866,0.2224653537563822,1.83,0.5416155244571534,-0.008843590243409138,0.0,1,0,-1.0,6.61
2012,8,2012-10-21,granada,zaragoza,2012|2012-10-21|granada|zaragoza,2012|2012-10-21|granada|zaragoza,A,H,0.5878658449273996,0.2527472581469122,0.15938689692568825,0.5878658449273996,0.9526287588153162,0.3351185867804874,1.91,3.4,4.0,1.0676778564829073,0.4903728275762602,0.2754741472560756,0.23415302516766426,1.91,0.5878658449273996,0.12282376381133309,0.13497116902344297,1,0,-1.0,5.61
2012,8,2012-10-21,osasuna,betis,2012|2012-10-21|osasuna|betis,2012|2012-10-21|osasuna|betis,D,H,0.5755425409580454,0.26513510044338745,0.1593223585985672,0.5755425409580454,0.9625723817811024,0.3104074405146579,2.0,3.4,3.75,1.0607843137254902,0.47134935304990755,0.27726432532347506,0.2513863216266174,2.0,0.5755425409580454,0.1510850819160907,0.1510850819160907,1,0,-1.0,4.61
2012,8,2012-10-21,sociedad,ath madrid,2012|2012-10-21|sociedad|ath madrid,2012|2012-10-21|sociedad|athmadrid,A,A,0.2864766533533952,0.2450860962474169,0.46843725039918793,0.46843725039918793,1.0579915753440838,0.1819605970457927,3.4,3.4,2.1,1.0644257703081232,0.27631578947368424,0.27631578947368424,0.4473684210526316,2.1,0.46843725039918793,-0.016281774161705287,0.0,1,1,1.1,5.71
2012,8,2012-10-22,sevilla,mallorca,2012|2012-10-22|sevilla|mallorca,2012|2012-10-22|sevilla|mallorca,H,H,0.664268861487047,0.2256109805735659,0.11012015793938702,0.664268861487047,0.8505984822016044,0.4386578809134811,1.62,3.8,5.5,1.062260027172308,0.5811043763554468,0.24773397097258518,0.17116165267196795,1.62,0.664268861487047,0.07611555560901623,0.1227670251758326,1,1,0.6200000000000001,6.33
2012,9,2012-10-27,betis,valencia,2012|2012-10-27|betis|valencia,2012|2012-10-27|betis|valencia,H,A,0.3381428444730311,0.24673972926278934,0.41511742626417947,0.41511742626417947,1.0769053417145256,0.07697458179114836,2.9,3.3,2.4,1.0645245559038663,0.3239263803680982,0.2846625766871166,0.3914110429447853,2.4,0.41511742626417947,-0.003718176965969322,0.0,1,0,-1.0,5.33
2012,9,2012-10-27,celta,la coruna,2012|2012-10-27|celta|la coruna,2012|2012-10-27|celta|lacoruna,D,H,0.5141262852668778,0.24224581465358316,0.2436279000795391,0.5141262852668778,1.029528053354178,0.27049838518733865,1.91,3.5,4.0,1.0592744951383695,0.4942630185348632,0.26972639011473964,0.23601059135039718,1.91,0.5141262852668778,-0.0180187951402635,0.0,1,0,-1.0,4.33
2012,9,2012-10-27,espanol,malaga,2012|2012-10-27|espanol|malaga,2012|2012-10-27|espanol|malaga,D,A,0.3556556656199165,0.28334941359572213,0.36099492078436135,0.36099492078436135,1.0928133971871978,0.005339255164444834,2.8,3.3,2.5,1.0601731601731603,0.3368721927317272,0.2858309514087382,0.3772968558595345,2.5,0.36099492078436135,-0.09751269803909668,0.0,1,0,-1.0,3.33
2012,9,2012-10-27,vallecano,barcelona,2012|2012-10-27|vallecano|barcelona,2012|2012-10-27|vallecano|barcelona,A,A,0.1238221030493162,0.20906786992065118,0.6671100270300325,0.6671100270300325,0.8559108447108525,0.45804215710938134,11.0,6.0,1.25,1.0575757575757576,0.08595988538681948,0.15759312320916904,0.7564469914040115,1.25,0.6671100270300325,-0.16611246621245934,0.0,1,1,0.25,3.58
2012,9,2012-10-28,ath bilbao,getafe,2012|2012-10-28|ath bilbao|getafe,2012|2012-10-28|athbilbao|getafe,A,H,0.5950640102573284,0.2550002238450034,0.1499357658976682,0.5950640102573284,0.9418554071707359,0.34006378641232493,1.85,3.5,4.2,1.0643500643500643,0.5078597339782346,0.26844014510278114,0.22370012091898428,1.85,0.5950640102573284,0.10086841897605747,0.11866872820712643,1,0,-1.0,2.58
2012,9,2012-10-28,ath madrid,osasuna,2012|2012-10-28|ath madrid|osasuna,2012|2012-10-28|athmadrid|osasuna,H,H,0.8148286942708107,0.11439531778829981,0.0707759879408895,0.8148286942708107,0.6023098986346209,0.7004333764825109,1.3,5.0,11.0,1.06013986013986,0.7255936675461742,0.18865435356200533,0.0857519788918206,1.3,0.8148286942708107,0.05927730255205399,0.1975910085068466,1,1,0.30000000000000004,2.8800000000000003
2012,9,2012-10-28,levante,granada,2012|2012-10-28|levante|granada,2012|2012-10-28|levante|granada,H,H,0.5620173860031524,0.23702334763713465,0.200959266359713,0.5620173860031524,0.9875349709456858,0.3249940383660178,2.0,3.4,3.75,1.0607843137254902,0.47134935304990755,0.27726432532347506,0.2513863216266174,2.0,0.5620173860031524,0.12403477200630486,0.12403477200630486,1,1,1.0,3.8800000000000003
2012,9,2012-10-28,mallorca,real madrid,2012|2012-10-28|mallorca|real madrid,2012|2012-10-28|mallorca|realmadrid,A,A,0.11515115588172604,0.1478007389749295,0.7370481051433444,0.7370481051433444,0.7563540628987148,0.5892473661684149,8.0,4.5,1.4,1.0615079365079365,0.11775700934579439,0.20934579439252335,0.6728971962616822,1.4,0.7370481051433444,0.03186734720068207,0.0796683680017052,1,1,0.3999999999999999,4.28
2012,9,2012-10-28,zaragoza,sevilla,2012|2012-10-28|zaragoza|sevilla,2012|2012-10-28|zaragoza|sevilla,H,A,0.3562287686180541,0.2531088958416332,0.3906623355403128,0.3906623355403128,1.0826363569550712,0.03443356692225874,3.0,3.25,2.38,1.0611937082525318,0.3141116751269035,0.2899492385786802,0.39593908629441626,2.38,0.3906623355403128,-0.07022364141405557,0.0,1,0,-1.0,3.2800000000000002
2012,9,2012-10-29,valladolid,sociedad,2012|2012-10-29|valladolid|sociedad,2012|2012-10-29|valladolid|sociedad,D,H,0.545071016728211,0.19940918249486106,0.2555198007769279,0.545071016728211,1.0009424603444472,0.28955121595128314,2.1,3.3,3.5,1.064935064935065,0.4471544715447154,0.2845528455284553,0.26829268292682923,2.1,0.545071016728211,0.14464913512924316,0.1314992137538574,1,0,-1.0,2.2800000000000002
2012,10,2012-11-03,barcelona,celta,2012|2012-11-03|barcelona|celta,2012|2012-11-03|barcelona|celta,H,H,0.893057339944969,0.07895588865698766,0.02798677139804319,0.893057339944969,0.40154855974524434,0.8141014512879814,1.08,10.0,26.0,1.0643874643874645,0.8699143468950747,0.0939507494646681,0.03613490364025696,1.08,0.893057339944969,-0.03549807285943336,0.0,1,1,0.08000000000000007,2.3600000000000003
2012,10,2012-11-03,malaga,vallecano,2012|2012-11-03|malaga|vallecano,2012|2012-11-03|malaga|vallecano,A,H,0.7634055751658361,0.13637737614015494,0.10021704869400902,0.7634055751658361,0.7083430798667577,0.6270281990256812,1.4,4.5,8.0,1.0615079365079365,0.6728971962616822,0.20934579439252335,0.11775700934579439,1.4,0.7634055751658361,0.06876780523217041,0.17191951308042605,1,0,-1.0,1.3600000000000003
2012,10,2012-11-03,real madrid,zaragoza,2012|2012-11-03|real madrid|zaragoza,2012|2012-11-03|realmadrid|zaragoza,H,H,0.8943340771777992,0.08632350685017136,0.019342415972029427,0.8943340771777992,0.38765284564808156,0.8080105703276279,1.08,10.0,26.0,1.0643874643874645,0.8699143468950747,0.0939507494646681,0.03613490364025696,1.08,0.8943340771777992,-0.034119196647976774,0.0,1,1,0.08000000000000007,1.4400000000000004
2012,10,2012-11-03,valencia,ath madrid,2012|2012-11-03|valencia|ath madrid,2012|2012-11-03|valencia|athmadrid,H,H,0.4222034517062051,0.2827702842124872,0.2950262640813078,0.4222034517062051,1.0813613092954037,0.12717718762489733,2.4,3.4,2.8,1.0679271708683473,0.39016393442622954,0.2754098360655738,0.3344262295081967,2.4,0.4222034517062051,0.013288284094892244,0.009491631496351604,1,1,1.4,2.8400000000000003
2012,10,2012-11-04,granada,ath bilbao,2012|2012-11-04|granada|ath bilbao,2012|2012-11-04|granada|athbilbao,A,H,0.3986734431910382,0.3174324205756659,0.28389413623329596,0.3986734431910382,1.0883421696839939,0.0812410226153723,2.38,3.4,2.88,1.0615079365079365,0.3958218801539307,0.27707531610775155,0.32710280373831774,2.38,0.3986734431910382,-0.05115720520532918,0.0,1,0,-1.0,1.8400000000000003
2012,10,2012-11-04,la coruna,mallorca,2012|2012-11-04|la coruna|mallorca,2012|2012-11-04|lacoruna|mallorca,H,H,0.5188605970359067,0.2884267419303176,0.1927126610337758,0.5188605970359067,1.0163518773555527,0.2304338551055891,1.95,3.3,4.0,1.065850815850816,0.4811372334609076,0.2843083652268999,0.23455440131219243,1.95,0.5188605970359067,0.01177816422001804,0.01239806760001899,1,1,0.95,2.79
2012,10,2012-11-04,osasuna,valladolid,2012|2012-11-04|osasuna|valladolid,2012|2012-11-04|osasuna|valladolid,A,H,0.5204228764340698,0.2942956200734999,0.18528150349243025,0.5204228764340698,1.0122311576938765,0.2261272563605699,2.05,3.2,3.8,1.0634627727856225,0.4586948321388156,0.2938513768389287,0.24745379102225576,2.05,0.5204228764340698,0.06686689668984303,0.06368275875223146,1,0,-1.0,1.7900000000000003
2012,10,2012-11-04,sevilla,levante,2012|2012-11-04|sevilla|levante,2012|2012-11-04|sevilla|levante,D,H,0.7302300961309222,0.19278729937366826,0.07698260449540961,0.7302300961309222,0.7443382957913508,0.5374427967572539,1.5,4.0,7.0,1.0595238095238095,0.6292134831460674,0.23595505617977527,0.1348314606741573,1.5,0.7302300961309222,0.09534514419638324,0.19069028839276647,1,0,-1.0,0.7900000000000003
2012,10,2012-11-04,sociedad,espanol,2012|2012-11-04|sociedad|espanol,2012|2012-11-04|sociedad|espanol,A,H,0.6092674619189204,0.23735568871882998,0.1533768493622496,0.6092674619189204,0.9308143474579307,0.3719117732000905,1.83,3.5,4.33,1.0631092553630697,0.5140093406910212,0.2687534552755911,0.21723720403338773,1.83,0.6092674619189204,0.11495945531162444,0.13850536784533063,1,0,-1.0,-0.20999999999999974
2012,10,2012-11-05,getafe,betis,2012|2012-11-05|getafe|betis,2012|2012-11-05|getafe|betis,A,H,0.6190704865410325,0.21063576813568516,0.17029374532328226,0.6190704865410325,0.926417348112591,0.4084347184053473,1.91,3.4,4.0,1.0676778564829073,0.4903728275762602,0.2754741472560756,0.23415302516766426,1.91,0.6190704865410325,0.182424629293372,0.2004666255971121,1,0,-1.0,-1.2099999999999997
2012,11,2012-11-09,betis,granada,2012|2012-11-09|betis|granada,2012|2012-11-09|betis|granada,A,H,0.5687098751875289,0.2781001099976372,0.15319001481483388,0.5687098751875289,0.9642727086956847,0.29060976518989173,1.7,3.8,4.75,1.061919504643963,0.5539358600583091,0.24781341107871718,0.19825072886297374,1.7,0.5687098751875289,-0.03319321218120086,0.0,1,0,-1.0,-2.21
2012,11,2012-11-10,espanol,osasuna,2012|2012-11-10|espanol|osasuna,2012|2012-11-10|espanol|osasuna,A,H,0.6173989126636276,0.178727575507307,0.2038735118290654,0.6173989126636276,0.929695066284522,0.41352540083456213,1.8,3.5,4.5,1.0634920634920635,0.5223880597014926,0.26865671641791045,0.208955223880597,1.8,0.6173989126636276,0.11131804279452961,0.13914755349316202,1,0,-1.0,-3.21
2012,11,2012-11-10,malaga,sociedad,2012|2012-11-10|malaga|sociedad,2012|2012-11-10|malaga|sociedad,A,H,0.6865370124424078,0.1834988580301853,0.12996412952740685,0.6865370124424078,0.8345255316354572,0.5030381544122225,1.53,4.0,6.0,1.0702614379084967,0.6106870229007634,0.233587786259542,0.15572519083969466,1.53,0.6865370124424078,0.050401629036884,0.09509741327713962,1,0,-1.0,-4.21
2012,11,2012-11-10,vallecano,celta,2012|2012-11-10|vallecano|celta,2012|2012-11-10|vallecano|celta,H,H,0.4528775185220238,0.24986083050869898,0.2972616509692772,0.4528775185220238,1.0658800328053628,0.1556158675527466,2.38,3.4,2.9,1.0591133004926108,0.3967168262653899,0.2777017783857729,0.32558139534883723,2.38,0.4528775185220238,0.07784849408241656,0.056411952233635196,1,1,1.38,-2.83
2012,11,2012-11-10,zaragoza,la coruna,2012|2012-11-10|zaragoza|la coruna,2012|2012-11-10|zaragoza|lacoruna,H,H,0.4467427942836722,0.27949817328747584,0.27375903242885197,0.4467427942836722,1.070922649927548,0.16724462099619636,2.05,3.25,3.75,1.0621638524077548,0.45925577013659924,0.2896844088553933,0.25105982100800756,2.05,0.4467427942836722,-0.08417727171847211,0.0,1,1,1.0499999999999998,-1.78
2012,11,2012-11-11,ath bilbao,sevilla,2012|2012-11-11|ath bilbao|sevilla,2012|2012-11-11|athbilbao|sevilla,H,H,0.4656603003190273,0.23134734497032947,0.3029923547106434,0.4656603003190273,1.0563453219468122,0.16266794560838388,2.38,3.5,2.8,1.0630252100840336,0.3952569169960474,0.26877470355731226,0.3359683794466403,2.38,0.4656603003190273,0.10827151475928487,0.07845761939078615,1,1,1.38,-0.40000000000000013
2012,11,2012-11-11,ath madrid,getafe,2012|2012-11-11|ath madrid|getafe,2012|2012-11-11|athmadrid|getafe,H,H,0.7688762149448751,0.1374983145146727,0.09362547054045217,0.7688762149448751,0.6966440275880621,0.6313779004302025,1.36,4.75,8.5,1.0634674922600618,0.6914119359534208,0.19796215429403205,0.11062590975254732,1.36,0.7688762149448751,0.04567165232503023,0.12686570090286173,1,1,0.3600000000000001,-0.040000000000000036
2012,11,2012-11-11,levante,real madrid,2012|2012-11-11|levante|real madrid,2012|2012-11-11|levante|realmadrid,A,A,0.10640526519460018,0.13605463573257606,0.7575400990728238,0.7575400990728238,0.7201418613656012,0.6214854633402478,9.0,5.5,1.3,1.062160062160062,0.10460863204096563,0.17117776152158012,0.7242136064374544,1.3,0.7575400990728238,-0.015197871205329005,0.0,1,1,0.30000000000000004,0.26
2012,11,2012-11-11,mallorca,barcelona,2012|2012-11-11|mallorca|barcelona,2012|2012-11-11|mallorca|barcelona,A,A,0.1234175837078778,0.18290753708593724,0.693674879206185,0.693674879206185,0.8226435772958569,0.5107673421202478,13.0,6.0,1.22,1.0632618747372846,0.07234631350069183,0.15675034591816564,0.7709033405811425,1.22,0.693674879206185,-0.15371664736845433,0.0,1,1,0.21999999999999997,0.48
2012,11,2012-11-11,valladolid,valencia,2012|2012-11-11|valladolid|valencia,2012|2012-11-11|valladolid|valencia,D,A,0.3747279865305084,0.16771419282645206,0.4575578206430396,0.4575578206430396,1.025011273378662,0.08282983411253125,2.8,3.4,2.4,1.0679271708683473,0.3344262295081967,0.2754098360655738,0.39016393442622954,2.4,0.4575578206430396,0.09813876954329503,0.0700991211023536,1,0,-1.0,-0.52
2012,12,2012-11-17,barcelona,zaragoza,2012|2012-11-17|barcelona|zaragoza,2012|2012-11-17|barcelona|zaragoza,H,H,0.8869315710004418,0.07681927243906217,0.03624915656049594,0.8869315710004418,0.4238126788280612,0.8101122985613797,1.08,10.0,26.0,1.0643874643874645,0.8699143468950747,0.0939507494646681,0.03613490364025696,1.08,0.8869315710004418,-0.04211390331952275,0.0,1,1,0.08000000000000007,-0.43999999999999995
2012,12,2012-11-17,osasuna,malaga,2012|2012-11-17|osasuna|malaga,2012|2012-11-17|osasuna|malaga,D,A,0.33053096374352037,0.20752144160377364,0.4619475946527059,0.4619475946527059,1.0490115740340986,0.13141663090918554,3.0,3.2,2.4,1.0625,0.3137254901960784,0.29411764705882354,0.39215686274509803,2.4,0.4619475946527059,0.10867422716649411,0.07762444797606723,1,0,-1.0,-1.44
2012,12,2012-11-17,real madrid,ath bilbao,2012|2012-11-17|real madrid|ath bilbao,2012|2012-11-17|realmadrid|athbilbao,H,H,0.84081892809199,0.11282692758922948,0.046354144318780544,0.84081892809199,0.5343315875023039,0.7279920005027605,1.17,8.0,12.0,1.063034188034188,0.8040201005025126,0.11758793969849246,0.07839195979899496,1.17,0.84081892809199,-0.01624185413237178,0.0,1,1,0.16999999999999993,-1.27
2012,12,2012-11-17,valencia,espanol,2012|2012-11-17|valencia|espanol,2012|2012-11-17|valencia|espanol,H,H,0.6959275232264183,0.20848140599121537,0.09559107078236632,0.6959275232264183,0.8035764941480412,0.4874461172352029,1.5,4.0,7.0,1.0595238095238095,0.6292134831460674,0.23595505617977527,0.1348314606741573,1.5,0.6959275232264183,0.0438912848396274,0.0877825696792548,1,1,0.5,-0.77
2012,12,2012-11-18,celta,mallorca,2012|2012-11-18|celta|mallorca,2012|2012-11-18|celta|mallorca,D,H,0.5448753897753136,0.2358418361080294,0.2192827741166571,0.5448753897753136,1.0042811895742993,0.3090335536672842,1.91,3.4,4.0,1.0676778564829073,0.4903728275762602,0.2754741472560756,0.23415302516766426,1.91,0.5448753897753136,0.04071199447084889,0.04473845546247131,1,0,-1.0,-1.77
2012,12,2012-11-18,getafe,valladolid,2012|2012-11-18|getafe|valladolid,2012|2012-11-18|getafe|valladolid,H,H,0.5286164249565584,0.2635394985140621,0.20784407652937947,0.5286164249565584,1.0149486902697074,0.26507692644249625,2.0,3.3,3.8,1.066188197767145,0.4689603590127151,0.2842183994016455,0.2468212415856395,2.0,0.5286164249565584,0.05723284991311672,0.05723284991311672,1,1,1.0,-0.77
2012,12,2012-11-18,granada,ath madrid,2012|2012-11-18|granada|ath madrid,2012|2012-11-18|granada|athmadrid,A,A,0.2012736630059732,0.17877612431101708,0.6199502126830098,0.6199502126830098,0.926852658251884,0.41867654967703655,4.5,3.75,1.73,1.0669235709698137,0.20828316879364314,0.24993980255237178,0.5417770286539851,1.73,0.6199502126830098,0.07251386794160686,0.09933406567343406,1,1,0.73,-0.040000000000000036
2012,12,2012-11-18,la coruna,levante,2012|2012-11-18|la coruna|levante,2012|2012-11-18|lacoruna|levante,A,H,0.564296969924209,0.25703383198024904,0.17866919809554205,0.564296969924209,0.9797766221087112,0.30726313794395993,2.05,3.4,3.5,1.0676368108218899,0.4569015166058744,0.2754847379535419,0.26761374544058353,2.05,0.564296969924209,0.1568087883446283,0.1493417031853603,1,0,-1.0,-1.04
2012,12,2012-11-18,sevilla,betis,2012|2012-11-18|sevilla|betis,2012|2012-11-18|sevilla|betis,H,H,0.6608240745847624,0.2347760349369187,0.10439989047831899,0.6608240745847624,0.8498717685646828,0.42604803964784377,1.67,3.5,5.5,1.0663348627420484,0.5615519253208868,0.26794049008168025,0.1705075845974329,1.67,0.6608240745847624,0.10357620455655325,0.15459135008440786,1,1,0.6699999999999999,-0.3700000000000001
2012,12,2012-11-19,sociedad,vallecano,2012|2012-11-19|sociedad|vallecano,2012|2012-11-19|sociedad|vallecano,H,H,0.6655965143262641,0.13318486126271592,0.20121862441101993,0.6655965143262641,0.8620749775303257,0.4643778899152442,1.75,3.5,4.75,1.0676691729323307,0.5352112676056339,0.26760563380281693,0.1971830985915493,1.75,0.6655965143262641,0.16479390007096217,0.21972520009461624,1,1,0.75,0.3799999999999999
2012,13,2012-11-23,sociedad,osasuna,2012|2012-11-23|sociedad|osasuna,2012|2012-11-23|sociedad|osasuna,D,H,0.6300658734468667,0.18264064274492264,0.18729348380821062,0.6300658734468667,0.9153101479405008,0.44277238963865606,1.85,3.5,4.2,1.0643500643500643,0.5078597339782346,0.26844014510278114,0.22370012091898428,1.85,0.6300658734468667,0.16562186587670347,0.19484925397259228,1,0,-1.0,-0.6200000000000001
2012,13,2012-11-24,betis,real madrid,2012|2012-11-24|betis|real madrid,2012|2012-11-24|betis|realmadrid,H,A,0.096565653276397,0.11626425769338813,0.7871700890302149,0.7871700890302149,0.6642915727992489,0.6709058313368268,10.0,5.5,1.29,1.0570119802677942,0.09460630708713914,0.17201146743116208,0.7333822254816987,1.29,0.7871700890302149,0.015449414848977244,0.05327384430681808,1,0,-1.0,-1.62
2012,13,2012-11-24,malaga,valencia,2012|2012-11-24|malaga|valencia,2012|2012-11-24|malaga|valencia,H,H,0.5506137400265116,0.21561790492506602,0.2337683550484223,0.5506137400265116,0.9991390693388098,0.31684538497808934,2.1,3.4,3.4,1.0644257703081232,0.4473684210526316,0.27631578947368424,0.27631578947368424,2.1,0.5506137400265116,0.1562888540556745,0.14208077641424954,1,1,1.1,-0.52
2012,13,2012-11-24,valladolid,granada,2012|2012-11-24|valladolid|granada,2012|2012-11-24|valladolid|granada,H,H,0.5933429950642449,0.21196666605020226,0.19469033888555287,0.5933429950642449,0.9571247573617279,0.38137632901404267,1.85,3.4,4.33,1.065605069816454,0.5072616073735894,0.2760099922473943,0.21672840037901628,1.85,0.5933429950642449,0.09768454086885314,0.11492298925747427,1,1,0.8500000000000001,0.33000000000000007
2012,13,2012-11-24,vallecano,mallorca,2012|2012-11-24|vallecano|mallorca,2012|2012-11-24|vallecano|mallorca,H,H,0.4807402764553735,0.27133852024432686,0.24792120330029954,0.4807402764553735,1.0518003260532052,0.20940175621104662,2.1,3.4,3.4,1.0644257703081232,0.4473684210526316,0.27631578947368424,0.27631578947368424,2.1,0.4807402764553735,0.009554580556284331,0.008685982323894845,1,1,1.1,1.4300000000000002
2012,13,2012-11-25,ath bilbao,la coruna,2012|2012-11-25|ath bilbao|la coruna,2012|2012-11-25|athbilbao|lacoruna,D,H,0.646376729121686,0.20110655978065364,0.15251671109766035,0.646376729121686,0.8914249060771213,0.44527016934103236,1.67,3.8,5.0,1.0619602899464229,0.5638651471984806,0.24780389363722696,0.18833095916429252,1.67,0.646376729121686,0.07944913763321554,0.11858080243763515,1,0,-1.0,0.43000000000000016
2012,13,2012-11-25,ath madrid,sevilla,2012|2012-11-25|ath madrid|sevilla,2012|2012-11-25|athmadrid|sevilla,H,H,0.6214138374998401,0.1987086479377954,0.17987751456236445,0.6214138374998401,0.9253151417842359,0.4227051895620447,1.62,3.8,5.5,1.062260027172308,0.5811043763554468,0.24773397097258518,0.17116165267196795,1.62,0.6214138374998401,0.006690416749741079,0.0107909947576469,1,1,0.6200000000000001,1.0500000000000003
2012,13,2012-11-25,espanol,getafe,2012|2012-11-25|espanol|getafe,2012|2012-11-25|espanol|getafe,A,H,0.5230264584644242,0.22395116047793925,0.25302238105763664,0.5230264584644242,1.0218127502128924,0.27000407740678756,2.1,3.4,3.4,1.0644257703081232,0.4473684210526316,0.27631578947368424,0.27631578947368424,2.1,0.5230264584644242,0.0983555627752909,0.08941414797753718,1,0,-1.0,0.050000000000000266
2012,13,2012-11-25,levante,barcelona,2012|2012-11-25|levante|barcelona,2012|2012-11-25|levante|barcelona,A,A,0.09238526547917367,0.16207969596113128,0.745535038559695,0.745535038559695,0.7339018981662858,0.5834553425985638,13.0,6.5,1.2,1.064102564102564,0.07228915662650603,0.14457831325301207,0.783132530120482,1.2,0.745535038559695,-0.10535795372836598,0.0,1,1,0.19999999999999996,0.2500000000000002
2012,13,2012-11-26,zaragoza,celta,2012|2012-11-26|zaragoza|celta,2012|2012-11-26|zaragoza|celta,A,H,0.4809963113166002,0.2887266076398649,0.23027708104353495,0.4809963113166002,1.0488724218380079,0.1922697036767353,2.1,3.3,3.5,1.064935064935065,0.4471544715447154,0.2845528455284553,0.26829268292682923,2.1,0.4809963113166002,0.01009225376486056,0.009174776149873234,1,0,-1.0,-0.7499999999999998
2012,14,2012-11-30,osasuna,vallecano,2012|2012-11-30|osasuna|vallecano,2012|2012-11-30|osasuna|vallecano,H,H,0.5782521691867581,0.22498022879582613,0.19676760201741578,0.5782521691867581,0.9722388649756484,0.353271940390932,1.91,3.5,4.0,1.0592744951383695,0.4942630185348632,0.26972639011473964,0.23601059135039718,1.91,0.5782521691867581,0.10446164314670803,0.1147930144469319,1,1,0.9099999999999999,0.16000000000000014
2012,14,2012-12-01,barcelona,ath bilbao,2012|2012-12-01|barcelona|ath bilbao,2012|2012-12-01|barcelona|athbilbao,H,H,0.8603020113319526,0.08858433943855391,0.05111364922949345,0.8603020113319526,0.49615875835157597,0.7717176718933987,1.09,10.0,21.0,1.065050240279598,0.8613971040649739,0.09389228434308217,0.04471061159194389,1.09,0.8603020113319526,-0.06227080764817158,0.0,1,1,0.09000000000000008,0.2500000000000002
2012,14,2012-12-01,getafe,malaga,2012|2012-12-01|getafe|malaga,2012|2012-12-01|getafe|malaga,H,H,0.4013429169830633,0.24197438949819342,0.3566826935187432,0.4013429169830633,1.0774520407540187,0.04466022346432008,2.6,3.25,2.7,1.0626780626780628,0.3619302949061662,0.28954423592493295,0.34852546916890076,2.6,0.4013429169830633,0.04349158415596466,0.02718224009747791,1,1,1.6,1.8500000000000003
2012,14,2012-12-01,real madrid,ath madrid,2012|2012-12-01|real madrid|ath madrid,2012|2012-12-01|realmadrid|athmadrid,H,H,0.7117623256965385,0.17116627425731654,0.11707140004614495,0.7117623256965385,0.7952509628694411,0.540596051439222,1.44,4.5,6.5,1.0705128205128205,0.6487025948103793,0.20758483033932135,0.14371257485029942,1.44,0.7117623256965385,0.02493774900301543,0.05667670227958053,1,1,0.43999999999999995,2.29
2012,14,2012-12-01,valencia,sociedad,2012|2012-12-01|valencia|sociedad,2012|2012-12-01|valencia|sociedad,A,H,0.648704847786626,0.21301821110524807,0.1382769411081259,0.648704847786626,0.8837319045377448,0.43568663668137786,1.6,3.8,5.75,1.0620709382151028,0.5884729329383249,0.2477780770266631,0.16374899003501214,1.6,0.648704847786626,0.03792775645860158,0.06321292743100262,1,0,-1.0,1.2900000000000003
2012,14,2012-12-02,celta,levante,2012|2012-12-02|celta|levante,2012|2012-12-02|celta|levante,D,H,0.5380411954221543,0.2786776679000301,0.18328113667781556,0.5380411954221543,1.0005344285321345,0.2593635275221242,2.0,3.5,3.6,1.0634920634920635,0.4701492537313433,0.26865671641791045,0.2611940298507463,2.0,0.5380411954221543,0.07608239084430868,0.07608239084430868,1,0,-1.0,0.29000000000000026
2012,14,2012-12-02,granada,espanol,2012|2012-12-02|granada|espanol,2012|2012-12-02|granada|espanol,D,H,0.5609898852691159,0.24900101988413342,0.1900090948467507,0.5609898852691159,0.9860121811237877,0.31198886538498244,2.05,3.4,3.5,1.0676368108218899,0.4569015166058744,0.2754847379535419,0.26761374544058353,2.05,0.5609898852691159,0.15002926480168743,0.1428850140968452,1,0,-1.0,-0.7099999999999997
2012,14,2012-12-02,la coruna,betis,2012|2012-12-02|la coruna|betis,2012|2012-12-02|lacoruna|betis,A,H,0.5262255851193126,0.29739700231585986,0.17637741256482756,0.5262255851193126,1.0045373055812894,0.22882858280345275,2.1,3.4,3.4,1.0644257703081232,0.4473684210526316,0.27631578947368424,0.27631578947368424,2.1,0.5262255851193126,0.10507372875055654,0.09552157159141503,1,0,-1.0,-1.7099999999999997
2012,14,2012-12-02,mallorca,zaragoza,2012|2012-12-02|mallorca|zaragoza,2012|2012-12-02|mallorca|zaragoza,D,H,0.5762538987888662,0.23137145349452368,0.19237464771661006,0.5762538987888662,0.9733938223816355,0.34488244529434253,2.0,3.5,3.6,1.0634920634920635,0.4701492537313433,0.26865671641791045,0.2611940298507463,2.0,0.5762538987888662,0.15250779757773247,0.15250779757773247,1,0,-1.0,-2.71
2012,14,2012-12-03,sevilla,valladolid,2012|2012-12-03|sevilla|valladolid,2012|2012-12-03|sevilla|valladolid,A,H,0.6665896888494215,0.2011099919588747,0.13230031919170376,0.6665896888494215,0.8605181276039168,0.4654796968905468,1.7,3.75,4.75,1.0654282765737875,0.5521115846571096,0.25029058504455637,0.19759783029833397,1.7,0.6665896888494215,0.1332024710440165,0.190289244348595,1,0,-1.0,-3.71
2012,15,2012-12-07,espanol,sevilla,2012|2012-12-07|espanol|sevilla,2012|2012-12-07|espanol|sevilla,D,A,0.350024702782478,0.2528221856336473,0.3971531115838748,0.3971531115838748,1.0818313368735089,0.04712840880139679,2.8,3.3,2.5,1.0601731601731603,0.3368721927317272,0.2858309514087382,0.3772968558595345,2.5,0.3971531115838748,-0.007117221040313093,0.0,1,0,-1.0,-4.71
2012,15,2012-12-08,malaga,granada,2012|2012-12-08|malaga|granada,2012|2012-12-08|malaga|granada,H,H,0.699976444971391,0.19119692680616238,0.10882662822244664,0.699976444971391,0.8073910054737066,0.5087795181652286,1.44,4.33,7.0,1.0682484695186774,0.6500776404176282,0.2161921021250311,0.13373025745734066,1.44,0.699976444971391,0.007966080758803007,0.018104728997279565,1,1,0.43999999999999995,-4.27
2012,15,2012-12-08,osasuna,valencia,2012|2012-12-08|osasuna|valencia,2012|2012-12-08|osasuna|valencia,A,H,0.37803258753189106,0.2707722407064035,0.3511951717617054,0.37803258753189106,1.088993627849634,0.02683741577018567,2.63,3.3,2.63,1.0634865767945616,0.35752979414951247,0.28494041170097506,0.35752979414951247,2.63,0.37803258753189106,-0.005774294791126566,0.0,1,0,-1.0,-5.27
2012,15,2012-12-08,sociedad,getafe,2012|2012-12-08|sociedad|getafe,2012|2012-12-08|sociedad|getafe,D,H,0.5762761662436097,0.1727847155965807,0.2509391181598096,0.5762761662436097,0.9679194059379527,0.32533704808380004,1.91,3.3,4.2,1.064685750549625,0.4917509313464608,0.2846194784459819,0.22362959020755718,1.91,0.5762761662436097,0.10068747752529439,0.11064557969812572,1,0,-1.0,-6.27
2012,15,2012-12-08,valladolid,real madrid,2012|2012-12-08|valladolid|real madrid,2012|2012-12-08|valladolid|realmadrid,A,A,0.08264704164814529,0.07704387881969423,0.8403090795321605,0.8403090795321605,0.549747989943769,0.7576620378840152,10.0,6.0,1.25,1.0666666666666667,0.09375,0.15625,0.75,1.25,0.8403090795321605,0.05038634941520062,0.20154539766080248,1,1,0.25,-6.02
2012,15,2012-12-09,ath bilbao,celta,2012|2012-12-09|ath bilbao|celta,2012|2012-12-09|athbilbao|celta,H,H,0.5882074936391072,0.2532195223127285,0.15857298404816436,0.5882074936391072,0.9519624892974319,0.3349879713263787,1.83,3.75,4.0,1.0631147540983605,0.5140066820868672,0.2508352608583912,0.23515805705474174,1.83,0.5882074936391072,0.07641971335956621,0.09207194380670627,1,1,0.8300000000000001,-5.1899999999999995
2012,15,2012-12-09,ath madrid,la coruna,2012|2012-12-09|ath madrid|la coruna,2012|2012-12-09|athmadrid|lacoruna,H,H,0.7806802460141677,0.1372604619643854,0.08205929202144678,0.7806802460141677,0.6710443817742172,0.6434197840497824,1.29,5.5,10.0,1.0570119802677942,0.7333822254816987,0.17201146743116208,0.09460630708713914,1.29,0.7806802460141677,0.007077517358276414,0.024405232269918666,1,1,0.29000000000000004,-4.8999999999999995
2012,15,2012-12-09,betis,barcelona,2012|2012-12-09|betis|barcelona,2012|2012-12-09|betis|barcelona,A,A,0.11681054685880421,0.16340919894051367,0.719780254200682,0.719780254200682,0.7835016874655698,0.5563710552601684,9.0,5.5,1.3,1.062160062160062,0.10460863204096563,0.17117776152158012,0.7242136064374544,1.3,0.719780254200682,-0.06428566953911333,0.0,1,1,0.30000000000000004,-4.6
2012,15,2012-12-09,levante,mallorca,2012|2012-12-09|levante|mallorca,2012|2012-12-09|levante|mallorca,H,H,0.48185501585392343,0.26301183961763175,0.25513314452844477,0.48185501585392343,1.0515793875608836,0.21884317623629168,2.0,3.2,4.0,1.0625,0.47058823529411764,0.29411764705882354,0.23529411764705882,2.0,0.48185501585392343,-0.03628996829215314,0.0,1,1,1.0,-3.5999999999999996
2012,15,2012-12-10,vallecano,zaragoza,2012|2012-12-10|vallecano|zaragoza,2012|2012-12-10|vallecano|zaragoza,A,H,0.4573214824573088,0.2966496986989924,0.24602881884369884,0.4573214824573088,1.0632915310973525,0.16067178375831642,2.25,3.3,3.2,1.0599747474747474,0.41929720071471116,0.2858844550327576,0.2948183442525313,2.25,0.4573214824573088,0.028973335528944877,0.023178668423155902,1,0,-1.0,-4.6
2012,16,2012-12-15,getafe,osasuna,2012|2012-12-15|getafe|osasuna,2012|2012-12-15|getafe|osasuna,D,H,0.5305858429821364,0.24875435565433154,0.22065980136353205,0.5305858429821364,1.015806888131341,0.28183148732780483,1.95,3.3,4.0,1.065850815850816,0.4811372334609076,0.2843083652268999,0.23455440131219243,1.95,0.5305858429821364,0.034642393815165984,0.03646567770017472,1,0,-1.0,-5.6
2012,16,2012-12-15,granada,sociedad,2012|2012-12-15|granada|sociedad,2012|2012-12-15|granada|sociedad,D,H,0.4748096729650795,0.27829713240028653,0.2468931946346339,0.4748096729650795,1.0549722674438886,0.19651254056479295,2.4,3.3,2.88,1.066919191919192,0.3905325443786982,0.2840236686390532,0.32544378698224846,2.4,0.4748096729650795,0.13954321511619072,0.09967372508299338,1,0,-1.0,-6.6
2012,16,2012-12-15,mallorca,ath bilbao,2012|2012-12-15|mallorca|ath bilbao,2012|2012-12-15|mallorca|athbilbao,A,H,0.4662682274697353,0.27148770651742776,0.262244066012837,0.4662682274697353,1.0607444107543782,0.19478052095230752,2.4,3.4,2.8,1.0679271708683473,0.39016393442622954,0.2754098360655738,0.3344262295081967,2.4,0.4662682274697353,0.11904374592736466,0.08503124709097476,1,0,-1.0,-7.6
2012,16,2012-12-15,sevilla,malaga,2012|2012-12-15|sevilla|malaga,2012|2012-12-15|sevilla|malaga,A,H,0.480994192698635,0.25639847614590844,0.2626073311554565,0.480994192698635,1.0521348380047264,0.21838686154317855,2.1,3.3,3.5,1.064935064935065,0.4471544715447154,0.2845528455284553,0.26829268292682923,2.1,0.480994192698635,0.010087804667133549,0.009170731515575953,1,0,-1.0,-8.6
2012,16,2012-12-16,barcelona,ath madrid,2012|2012-12-16|barcelona|ath madrid,2012|2012-12-16|barcelona|athmadrid,H,H,0.7896684958628194,0.11209518011937133,0.09823632401780934,0.7896684958628194,0.6597293321655501,0.677573315743448,1.25,6.0,10.0,1.0666666666666667,0.75,0.15625,0.09375,1.25,0.7896684958628194,-0.012914380171475753,0.0,1,1,0.25,-8.35
2012,16,2012-12-16,real madrid,espanol,2012|2012-12-16|real madrid|espanol,2012|2012-12-16|realmadrid|espanol,D,H,0.8945062366249463,0.0621428105131275,0.043350952861926244,0.8945062366249463,0.4084290058928236,0.8323634261118188,1.1,10.0,17.0,1.0679144385026738,0.8512769153730596,0.09364046069103657,0.05508262393590386,1.1,0.8945062366249463,-0.016043139712558954,0.0,1,0,-1.0,-9.35
2012,16,2012-12-16,valencia,vallecano,2012|2012-12-16|valencia|vallecano,2012|2012-12-16|valencia|vallecano,A,H,0.6990853035175376,0.19250409931821064,0.1084105971642518,0.6990853035175376,0.8083072024085919,0.506581204199327,1.44,4.33,7.0,1.0682484695186774,0.6500776404176282,0.2161921021250311,0.13373025745734066,1.44,0.6990853035175376,0.0066828370652541325,0.015188266057395757,1,0,-1.0,-10.35
2012,16,2012-12-16,zaragoza,levante,2012|2012-12-16|zaragoza|levante,2012|2012-12-16|zaragoza|levante,A,H,0.5212327499642768,0.2796465479396529,0.19912070209607025,0.5212327499642768,1.0172971358700353,0.24158620202462394,2.0,3.4,3.75,1.0607843137254902,0.47134935304990755,0.27726432532347506,0.2513863216266174,2.0,0.5212327499642768,0.04246549992855364,0.04246549992855364,1,0,-1.0,-11.35
2012,16,2012-12-17,celta,betis,2012|2012-12-17|celta|betis,2012|2012-12-17|celta|betis,A,H,0.46849177690297567,0.317714935215447,0.21379328788157725,0.46849177690297567,1.0493485190954324,0.15077684168752864,2.05,3.4,3.5,1.0676368108218899,0.4569015166058744,0.2754847379535419,0.26761374544058353,2.05,0.46849177690297567,-0.03959185734889992,0.0,1,0,-1.0,-12.35
2012,16,2012-12-17,la coruna,valladolid,2012|2012-12-17|la coruna|valladolid,2012|2012-12-17|lacoruna|valladolid,D,H,0.4992396572497812,0.29785094148961694,0.20290940126060172,0.4992396572497812,1.0311917233725827,0.20138871576016426,2.2,3.3,3.25,1.0652680652680653,0.42669584245076586,0.2844638949671772,0.2888402625820569,2.2,0.4992396572497812,0.0983272459495188,0.081939371624599,1,0,-1.0,-13.35
2012,17,2012-12-20,espanol,la coruna,2012|2012-12-20|espanol|la coruna,2012|2012-12-20|espanol|lacoruna,H,H,0.5406606980929484,0.26273101979615265,0.1966082821108991,0.5406606980929484,1.003450864079346,0.2779296782967957,1.8,3.6,4.33,1.0642802155504234,0.5220012055455093,0.26100060277275466,0.21699819168173598,1.8,0.5406606980929484,-0.026810743432692907,0.0,1,1,0.8,-12.549999999999999
2012,17,2012-12-20,sociedad,sevilla,2012|2012-12-20|sociedad|sevilla,2012|2012-12-20|sociedad|sevilla,H,H,0.4337014040519753,0.2130068872052875,0.35329170874273724,0.4337014040519753,1.059300434588289,0.08040969530923808,2.38,3.4,2.88,1.0615079365079365,0.3958218801539307,0.27707531610775155,0.32710280373831774,2.38,0.4337014040519753,0.03220934164370126,0.023340102640363236,1,1,1.38,-11.17
2012,17,2012-12-20,vallecano,levante,2012|2012-12-20|vallecano|levante,2012|2012-12-20|vallecano|levante,H,H,0.4595220177980087,0.2724172947817075,0.2680606874202837,0.4595220177980087,1.0644798883947526,0.1871047230163012,2.25,3.25,3.25,1.0598290598290598,0.4193548387096774,0.2903225806451613,0.2903225806451613,2.25,0.4595220177980087,0.03392454004551959,0.027139632036415673,1,1,1.25,-9.92
2012,17,2012-12-21,ath madrid,celta,2012|2012-12-21|ath madrid|celta,2012|2012-12-21|athmadrid|celta,H,H,0.800560485262055,0.12346532140189888,0.0759741933360461,0.800560485262055,0.6321563305818441,0.6770951638601561,1.29,5.5,10.0,1.0570119802677942,0.7333822254816987,0.17201146743116208,0.09460630708713914,1.29,0.800560485262055,0.03272302598805102,0.11283802064845178,1,1,0.29000000000000004,-9.629999999999999
2012,17,2012-12-21,valencia,getafe,2012|2012-12-21|valencia|getafe,2012|2012-12-21|valencia|getafe,H,H,0.6247956147741557,0.22521455162186435,0.14998983360397994,0.6247956147741557,0.9141471655600069,0.39958106315229136,1.67,3.75,5.0,1.0654690618762475,0.562008242787561,0.2502810041213938,0.18771075309104535,1.67,0.6247956147741557,0.04340867667283993,0.06478906966095513,1,1,0.6699999999999999,-8.959999999999999
2012,17,2012-12-22,ath bilbao,zaragoza,2012|2012-12-22|ath bilbao|zaragoza,2012|2012-12-22|athbilbao|zaragoza,A,H,0.5676791653072155,0.2515291740293697,0.18079166066341476,0.5676791653072155,0.9778067925648247,0.3161499912778458,1.83,3.5,4.2,1.0702576112412177,0.5105762217359592,0.26695842450765866,0.2224653537563822,1.83,0.5676791653072155,0.03885287251220443,0.04681068977374027,1,0,-1.0,-9.959999999999999
2012,17,2012-12-22,betis,mallorca,2012|2012-12-22|betis|mallorca,2012|2012-12-22|betis|mallorca,A,H,0.5821013757309412,0.2149331711685875,0.20296545310047118,0.5821013757309412,0.9690985291151581,0.3671682045623537,1.7,3.6,5.0,1.0660130718954248,0.5518087063151441,0.26057633353770693,0.187614960147149,1.7,0.5821013757309412,-0.010427661257399912,0.0,1,0,-1.0,-10.959999999999999
2012,17,2012-12-22,malaga,real madrid,2012|2012-12-22|malaga|real madrid,2012|2012-12-22|malaga|realmadrid,H,A,0.14694838419031436,0.13983690130120435,0.7132147145084812,0.7132147145084812,0.7979443580678359,0.5662663303181668,5.5,4.1,1.57,1.0626632960018076,0.1710966987400989,0.22951996172452294,0.5993833395353783,1.57,0.7132147145084812,0.11974710177831549,0.2100826346987991,1,0,-1.0,-11.959999999999999
2012,17,2012-12-22,osasuna,granada,2012|2012-12-22|osasuna|granada,2012|2012-12-22|osasuna|granada,A,H,0.5047451838842706,0.2403448833209722,0.2549099327947572,0.5047451838842706,1.0361724216601982,0.24983525108951338,1.95,3.3,4.0,1.065850815850816,0.4811372334609076,0.2843083652268999,0.23455440131219243,1.95,0.5047451838842706,-0.01574689142567237,0.0,1,0,-1.0,-12.959999999999999
2012,17,2012-12-22,valladolid,barcelona,2012|2012-12-22|valladolid|barcelona,2012|2012-12-22|valladolid|barcelona,A,A,0.09455802162519583,0.15507009691714804,0.7503718814576562,0.7503718814576562,0.727547342582092,0.5953017845405082,13.0,6.0,1.22,1.0632618747372846,0.07234631350069183,0.15675034591816564,0.7709033405811425,1.22,0.7503718814576562,-0.08454630462165943,0.0,1,1,0.21999999999999997,-12.74
2012,18,2013-01-04,zaragoza,betis,2012|2013-01-04|zaragoza|betis,2012|2013-01-04|zaragoza|betis,A,H,0.47531213931109323,0.23928221412559206,0.28540564656331474,0.47531213931109323,1.0535837231200433,0.1899064927477785,2.2,3.4,3.2,1.061163101604278,0.42834645669291344,0.2771653543307087,0.29448818897637796,2.2,0.47531213931109323,0.045686706484405204,0.038072255403671,1,0,-1.0,-13.74
2012,18,2013-01-05,granada,valencia,2012|2013-01-05|granada|valencia,2012|2013-01-05|granada|valencia,A,H,0.3673334360695466,0.27965248970120793,0.35301407422924547,0.3673334360695466,1.091789321075943,0.014319361840301137,3.25,3.2,2.25,1.0646367521367521,0.28901154039136984,0.29352734570998495,0.41746111389864526,3.25,0.3673334360695466,0.19383366722602646,0.08614829654490065,1,0,-1.0,-14.74
2012,18,2013-01-05,la coruna,malaga,2012|2013-01-05|la coruna|malaga,2012|2013-01-05|lacoruna|malaga,H,D,0.321721572109827,0.3416657854150051,0.3366126424751679,0.3416657854150051,1.098288283211081,0.005053142939837163,3.0,3.4,2.3,1.0622335890878092,0.3138041733547351,0.2768860353130016,0.40930979133226325,3.4,0.3416657854150051,0.16166367041101737,0.06735986267125724,1,0,-1.0,-15.74
2012,18,2013-01-05,levante,ath bilbao,2012|2013-01-05|levante|ath bilbao,2012|2013-01-05|levante|athbilbao,H,H,0.43283133495964077,0.25117725104727895,0.31599141399308023,0.43283133495964077,1.0735164677462685,0.11683992096656054,2.25,3.3,3.2,1.0599747474747474,0.41929720071471116,0.2858844550327576,0.2948183442525313,2.25,0.43283133495964077,-0.0261294963408083,0.0,1,1,1.25,-14.49
2012,18,2013-01-05,sevilla,osasuna,2012|2013-01-05|sevilla|osasuna,2012|2013-01-05|sevilla|osasuna,H,H,0.7065991820537505,0.18520163114741972,0.10819918679882973,0.7065991820537505,0.7983147647481602,0.5213975509063308,1.53,4.1,6.0,1.064163876932887,0.6141862032806532,0.22919631488278033,0.15661748183656654,1.53,0.7065991820537505,0.08109674854223825,0.15301273309856273,1,1,0.53,-13.959999999999999
2012,18,2013-01-06,barcelona,espanol,2012|2013-01-06|barcelona|espanol,2012|2013-01-06|barcelona|espanol,H,H,0.8636329789276785,0.08101423025403792,0.0553527908182836,0.8636329789276785,0.4904068469556102,0.7826187486736407,1.1,10.0,21.0,1.0567099567099567,0.8603031544448996,0.09463334698893897,0.04506349856616141,1.1,0.8636329789276785,-0.050003723179553525,0.0,1,1,0.10000000000000009,-13.86
2012,18,2013-01-06,celta,valladolid,2012|2013-01-06|celta|valladolid,2012|2013-01-06|celta|valladolid,H,H,0.5145091046625435,0.2811405216723985,0.20435037366505793,0.5145091046625435,1.023144206631751,0.233368582990145,1.95,3.3,4.0,1.065850815850816,0.4811372334609076,0.2843083652268999,0.23455440131219243,1.95,0.5145091046625435,0.0032927540919598375,0.003466056938905092,1,1,0.95,-12.91
2012,18,2013-01-06,mallorca,ath madrid,2012|2013-01-06|mallorca|ath madrid,2012|2013-01-06|mallorca|athmadrid,D,A,0.25204321394035395,0.24853812826804064,0.4994186577916055,0.4994186577916055,1.0401107791767985,0.24737544385125154,3.4,3.4,2.1,1.0644257703081232,0.27631578947368424,0.27631578947368424,0.4473684210526316,2.1,0.4994186577916055,0.04877918136237158,0.04434471032942871,1,0,-1.0,-13.91
2012,18,2013-01-06,real madrid,sociedad,2012|2013-01-06|real madrid|sociedad,2012|2013-01-06|realmadrid|sociedad,H,H,0.8589892480934553,0.09609175212485734,0.04491899978168727,0.8589892480934553,0.4950346089771226,0.762897495968598,1.18,7.0,13.0,1.067237846898864,0.794066317626527,0.1338568935427574,0.07207678883071553,1.18,0.8589892480934553,0.01360731275027724,0.07559618194598469,1,1,0.17999999999999994,-13.73
2012,18,2013-01-07,vallecano,getafe,2012|2013-01-07|vallecano|getafe,2012|2013-01-07|vallecano|getafe,H,H,0.4181456860583089,0.3272811176391606,0.2545731963025304,0.4181456860583089,1.0784424430579915,0.09086456841914825,2.2,3.3,3.3,1.0606060606060606,0.4285714285714286,0.28571428571428575,0.28571428571428575,2.2,0.4181456860583089,-0.08007949067172049,0.0,1,1,1.2000000000000002,-12.53
2012,19,2013-01-11,ath bilbao,vallecano,2012|2013-01-11|ath bilbao|vallecano,2012|2013-01-11|athbilbao|vallecano,A,H,0.5336275985379226,0.28319701889966686,0.18317538256241042,0.5336275985379226,1.0033390963392979,0.25043057963825577,1.91,3.5,4.0,1.0592744951383695,0.4942630185348632,0.26972639011473964,0.23601059135039718,1.91,0.5336275985379226,0.01922871320743219,0.021130454074101312,1,0,-1.0,-13.53
2012,19,2013-01-12,espanol,celta,2012|2013-01-12|espanol|celta,2012|2013-01-12|espanol|celta,H,H,0.47669661021665904,0.2597655655317442,0.2635378242515967,0.47669661021665904,1.0547733638956274,0.21315878596506233,2.25,3.2,3.3,1.0599747474747474,0.41929720071471116,0.2948183442525313,0.2858844550327576,2.25,0.47669661021665904,0.07256737298748284,0.05805389838998627,1,1,1.25,-12.28
2012,19,2013-01-12,osasuna,real madrid,2012|2013-01-12|osasuna|real madrid,2012|2013-01-12|osasuna|realmadrid,D,A,0.1541233889263949,0.1478789896828829,0.6979976213907222,0.6979976213907222,0.8218189147810848,0.5438742324643273,7.0,4.33,1.44,1.0682484695186774,0.13373025745734066,0.2161921021250311,0.6500776404176282,1.44,0.6979976213907222,0.005116574802639939,0.011628579096908955,1,0,-1.0,-13.28
2012,19,2013-01-12,valencia,sevilla,2012|2013-01-12|valencia|sevilla,2012|2013-01-12|valencia|sevilla,H,H,0.47906009460567817,0.23219485601047934,0.28874504938384254,0.47906009460567817,1.0502825552130457,0.19031504522183562,2.1,3.4,3.4,1.0644257703081232,0.4473684210526316,0.27631578947368424,0.27631578947368424,2.1,0.47906009460567817,0.006026198671924221,0.005478362429022019,1,1,1.1,-12.18
2012,19,2013-01-12,valladolid,mallorca,2012|2013-01-12|valladolid|mallorca,2012|2013-01-12|valladolid|mallorca,H,H,0.5281118927420148,0.2222176365865934,0.24967047067139184,0.5281118927420148,1.0178546938417519,0.27844142207062295,2.0,3.4,3.75,1.0607843137254902,0.47134935304990755,0.27726432532347506,0.2513863216266174,2.0,0.5281118927420148,0.05622378548402951,0.05622378548402951,1,1,1.0,-11.18
2012,19,2013-01-13,ath madrid,zaragoza,2012|2013-01-13|ath madrid|zaragoza,2012|2013-01-13|athmadrid|zaragoza,H,H,0.794628965388823,0.12886229322414908,0.0765087413870279,0.794628965388823,0.6433638066033767,0.6657666721646739,1.29,5.5,10.0,1.0570119802677942,0.7333822254816987,0.17201146743116208,0.09460630708713914,1.29,0.794628965388823,0.025071365351581693,0.08645298397097134,1,1,0.29000000000000004,-10.889999999999999
2012,19,2013-01-13,betis,levante,2012|2013-01-13|betis|levante,2012|2013-01-13|betis|levante,H,H,0.5480681678723215,0.23562912182418214,0.21630271030349638,0.5480681678723215,1.001360850305999,0.3124390460481393,1.91,3.5,4.0,1.0592744951383695,0.4942630185348632,0.26972639011473964,0.23601059135039718,1.91,0.5480681678723215,0.046810200636134,0.05143978091882858,1,1,0.9099999999999999,-9.98
2012,19,2013-01-13,malaga,barcelona,2012|2013-01-13|malaga|barcelona,2012|2013-01-13|malaga|barcelona,A,A,0.14316190456062183,0.15457968625456753,0.7022584091848106,0.7022584091848106,0.8150983616664889,0.5476787229302431,7.0,4.75,1.4,1.0676691729323309,0.13380281690140844,0.19718309859154928,0.6690140845070423,1.4,0.7022584091848106,-0.01683822714126515,0.0,1,1,0.3999999999999999,-9.58
2012,19,2013-01-13,sociedad,la coruna,2012|2013-01-13|sociedad|la coruna,2012|2013-01-13|sociedad|lacoruna,D,H,0.5709736966824769,0.22445310144376993,0.20457320187375322,0.5709736966824769,0.9799561592180142,0.34652059523870693,1.75,3.5,4.75,1.0676691729323307,0.5352112676056339,0.26760563380281693,0.1971830985915493,1.75,0.5709736966824769,-0.0007960308056654819,0.0,1,0,-1.0,-10.58
2012,19,2013-01-14,getafe,granada,2012|2013-01-14|getafe|granada,2012|2013-01-14|getafe|granada,D,H,0.5116569340569571,0.27164225031780553,0.21670081562523744,0.5116569340569571,1.0282718383923035,0.24001468373915158,1.83,3.5,4.33,1.0631092553630697,0.5140093406910212,0.2687534552755911,0.21723720403338773,1.83,0.5116569340569571,-0.06366781067576843,0.0,1,0,-1.0,-11.58
2012,20,2013-01-18,espanol,mallorca,2012|2013-01-18|espanol|mallorca,2012|2013-01-18|espanol|mallorca,H,H,0.47894928902366063,0.2704471524736937,0.25060355850264576,0.47894928902366063,1.053047533748932,0.2085021365499669,2.0,3.4,3.75,1.0607843137254902,0.47134935304990755,0.27726432532347506,0.2513863216266174,2.0,0.47894928902366063,-0.04210142195267874,0.0,1,1,1.0,-10.58
2012,20,2013-01-19,getafe,sevilla,2012|2013-01-19|getafe|sevilla,2012|2013-01-19|getafe|sevilla,D,A,0.32275229021751634,0.28773030549933387,0.3895174042831498,0.3895174042831498,1.0906808991695298,0.06676511406563346,2.7,3.25,2.6,1.0626780626780628,0.34852546916890076,0.28954423592493295,0.3619302949061662,2.6,0.3895174042831498,0.012745251136189406,0.007965781960118379,1,0,-1.0,-11.58
2012,20,2013-01-19,granada,vallecano,2012|2013-01-19|granada|vallecano,2012|2013-01-19|granada|vallecano,H,H,0.5677718755640775,0.2227618530290826,0.2094662714068399,0.5677718755640775,0.9833259734403311,0.3450100225349949,2.15,3.3,3.4,1.062264229158894,0.43785365853658537,0.28526829268292686,0.27687804878048783,2.15,0.5677718755640775,0.2207095324627666,0.1919213325763188,1,1,1.15,-10.43
2012,20,2013-01-19,malaga,celta,2012|2013-01-19|malaga|celta,2012|2013-01-19|malaga|celta,D,H,0.6922565417672544,0.15773575383429428,0.1500077043984512,0.6922565417672544,0.8304977099820685,0.5345207879329601,1.62,3.75,5.5,1.0657687991021325,0.5791912384161751,0.2502106149957877,0.17059814658803707,1.62,0.6922565417672544,0.12145559766295216,0.19589612526282604,1,0,-1.0,-11.43
2012,20,2013-01-19,sociedad,barcelona,2012|2013-01-19|sociedad|barcelona,2012|2013-01-19|sociedad|barcelona,H,A,0.12321610623272529,0.15221547449466424,0.7245684192726104,0.7245684192726104,0.7779718470661169,0.5723529447779462,10.0,5.5,1.29,1.0570119802677942,0.09460630708713914,0.17201146743116208,0.7333822254816987,1.29,0.7245684192726104,-0.06530673913833257,0.0,1,0,-1.0,-12.43
2012,20,2013-01-20,ath madrid,levante,2012|2013-01-20|ath madrid|levante,2012|2013-01-20|athmadrid|levante,H,H,0.7843472642196115,0.1400918009678479,0.07556093481254053,0.7843472642196115,0.6610250721757109,0.6442554632517636,1.3,5.5,9.0,1.0621600621600622,0.7242136064374541,0.1711777615215801,0.10460863204096561,1.3,0.7843472642196115,0.019651443485495024,0.06550481161831674,1,1,0.30000000000000004,-12.129999999999999
2012,20,2013-01-20,osasuna,la coruna,2012|2013-01-20|osasuna|la coruna,2012|2013-01-20|osasuna|lacoruna,H,H,0.4922578296450728,0.26515750304522834,0.2425846673096989,0.4922578296450728,1.0444654183452133,0.22710032659984447,2.0,3.4,3.75,1.0607843137254902,0.47134935304990755,0.27726432532347506,0.2513863216266174,2.0,0.4922578296450728,-0.015484340709854383,0.0,1,1,1.0,-11.129999999999999
2012,20,2013-01-20,valencia,real madrid,2012|2013-01-20|valencia|real madrid,2012|2013-01-20|valencia|realmadrid,A,A,0.20719754050165112,0.19289220012235406,0.5999102593759948,0.5999102593759948,0.9501133120102185,0.3927127188743437,4.5,3.75,1.75,1.0603174603174603,0.20958083832335328,0.25149700598802394,0.5389221556886227,1.75,0.5999102593759948,0.04984295390799098,0.06645727187732131,1,1,0.75,-10.379999999999999
2012,20,2013-01-20,valladolid,zaragoza,2012|2013-01-20|valladolid|zaragoza,2012|2013-01-20|valladolid|zaragoza,H,H,0.48167905082255463,0.2848071619327848,0.23351378724466054,0.48167905082255463,1.0492062489028056,0.1968718888897698,2.0,3.4,3.75,1.0607843137254902,0.47134935304990755,0.27726432532347506,0.2513863216266174,2.0,0.48167905082255463,-0.03664189835489079,0.0,1,1,1.0,-9.379999999999999
2012,20,2013-01-21,betis,ath bilbao,2012|2013-01-21|betis|ath bilbao,2012|2013-01-21|betis|athbilbao,D,H,0.5257186791913874,0.22628457734202082,0.24799674346659184,0.5257186791913874,1.0200733006656693,0.27772193572479553,1.91,3.5,4.0,1.0592744951383695,0.4942630185348632,0.26972639011473964,0.23601059135039718,1.91,0.5257186791913874,0.0041226772555498226,0.004530414566538267,1,0,-1.0,-10.379999999999999
2012,21,2013-01-26,celta,sociedad,2012|2013-01-26|celta|sociedad,2012|2013-01-26|celta|sociedad,D,H,0.46919611740741557,0.27737240761214993,0.25343147498043456,0.46919611740741557,1.0586333454563106,0.19182370979526564,2.2,3.4,3.2,1.061163101604278,0.42834645669291344,0.2771653543307087,0.29448818897637796,2.2,0.46919611740741557,0.03223145829631424,0.026859548580261863,1,0,-1.0,-11.379999999999999
2012,21,2013-01-26,la coruna,valencia,2012|2013-01-26|la coruna|valencia,2012|2013-01-26|lacoruna|valencia,A,H,0.4141459651782337,0.2628610476994794,0.3229929871222869,0.4141459651782337,1.0813237074267525,0.0911529780559468,2.88,3.2,2.5,1.0597222222222222,0.327653997378768,0.2948885976408912,0.3774574049803408,2.88,0.4141459651782337,0.19274037971331315,0.10252147857091125,1,0,-1.0,-12.379999999999999
2012,21,2013-01-26,levante,valladolid,2012|2013-01-26|levante|valladolid,2012|2013-01-26|levante|valladolid,H,H,0.5775066182538555,0.20243981257855087,0.22005356916759364,0.5775066182538555,0.9735668748256644,0.35745304908626185,2.0,3.4,3.75,1.0607843137254902,0.47134935304990755,0.27726432532347506,0.2513863216266174,2.0,0.5775066182538555,0.15501323650771104,0.15501323650771104,1,1,1.0,-11.379999999999999
2012,21,2013-01-26,zaragoza,espanol,2012|2013-01-26|zaragoza|espanol,2012|2013-01-26|zaragoza|espanol,D,H,0.5156691314937913,0.271284968450201,0.2130459000560076,0.5156691314937913,1.0248586247020675,0.24438416304359034,2.05,3.4,3.5,1.0676368108218899,0.4569015166058744,0.2754847379535419,0.26761374544058353,2.05,0.5156691314937913,0.05712171956227219,0.05440163767835447,1,0,-1.0,-12.379999999999999
2012,21,2013-01-27,ath bilbao,ath madrid,2012|2013-01-27|ath bilbao|ath madrid,2012|2013-01-27|athbilbao|athmadrid,H,A,0.3368879763814509,0.30543824521667046,0.35767377840187853,0.35767377840187853,1.096524392803163,0.020785802020427624,3.0,3.25,2.38,1.0611937082525318,0.3141116751269035,0.2899492385786802,0.39593908629441626,2.38,0.35767377840187853,-0.14873640740352911,0.0,1,0,-1.0,-13.379999999999999
2012,21,2013-01-27,barcelona,osasuna,2012|2013-01-27|barcelona|osasuna,2012|2013-01-27|barcelona|osasuna,H,H,0.8844733450055452,0.07461460705537513,0.04091204793907966,0.8844733450055452,0.43300511627400345,0.80985873795017,1.07,11.0,29.0,1.059971288782117,0.8817025981205084,0.08576561636263129,0.03253178551686014,1.07,0.8844733450055452,-0.053613520844066585,0.0,1,1,0.07000000000000006,-13.309999999999999
2012,21,2013-01-27,mallorca,malaga,2012|2013-01-27|mallorca|malaga,2012|2013-01-27|mallorca|malaga,A,H,0.38834555539066123,0.27181234344558236,0.33984210116375646,0.38834555539066123,1.0881777716394452,0.048503454226904774,3.0,3.2,2.4,1.0625,0.3137254901960784,0.29411764705882354,0.39215686274509803,3.0,0.38834555539066123,0.16503666617198365,0.08251833308599182,1,0,-1.0,-14.309999999999999
2012,21,2013-01-27,real madrid,getafe,2012|2013-01-27|real madrid|getafe,2012|2013-01-27|realmadrid|getafe,H,H,0.8573699112084766,0.09502735148767015,0.04760273730385318,0.8573699112084766,0.5005364533328482,0.7623425597208064,1.14,7.5,17.0,1.0693498452012384,0.820304960432349,0.12468635398571704,0.05500868558193399,1.14,0.8573699112084766,-0.022598301222336747,0.0,1,1,0.1399999999999999,-14.17
2012,21,2013-01-27,vallecano,betis,2012|2013-01-27|vallecano|betis,2012|2013-01-27|vallecano|betis,H,H,0.40903421060049355,0.31990167689676396,0.2710641125027426,0.40903421060049355,1.0841110974832153,0.08913253370372959,2.25,3.3,3.2,1.0599747474747474,0.41929720071471116,0.2858844550327576,0.2948183442525313,2.25,0.40903421060049355,-0.07967302614888949,0.0,1,1,1.25,-12.92
2012,21,2013-01-28,sevilla,granada,2012|2013-01-28|sevilla|granada,2012|2013-01-28|sevilla|granada,H,H,0.7914569661247797,0.13932924198477653,0.0692137918904438,0.7914569661247797,0.6445511837573898,0.6521277241400032,1.4,4.4,8.0,1.0665584415584415,0.6697108066971081,0.21308980213089804,0.11719939117199392,1.4,0.7914569661247797,0.10803975257469145,0.2700993814367287,1,1,0.3999999999999999,-12.52
2012,22,2013-02-01,valladolid,ath bilbao,2012|2013-02-01|valladolid|ath bilbao,2012|2013-02-01|valladolid|athbilbao,D,H,0.4330525491641319,0.20772167662450536,0.35922577421136287,0.4330525491641319,1.0566431711988145,0.07382677495276901,2.5,3.25,2.8,1.0648351648351648,0.3756449948400413,0.28895768833849333,0.33539731682146545,2.5,0.4330525491641319,0.08263137291032974,0.05508758194021982,1,0,-1.0,-13.52
2012,22,2013-02-02,espanol,levante,2012|2013-02-02|espanol|levante,2012|2013-02-02|espanol|levante,H,H,0.5017819907806879,0.25399762703605894,0.24422038218325318,0.5017819907806879,1.0383832953674206,0.24778436374462892,2.1,3.2,3.6,1.066468253968254,0.44651162790697674,0.2930232558139535,0.26046511627906976,2.1,0.5017819907806879,0.05374218063944458,0.04885652785404052,1,1,1.1,-12.42
2012,22,2013-02-02,getafe,la coruna,2012|2013-02-02|getafe|la coruna,2012|2013-02-02|getafe|lacoruna,H,H,0.5316663659610782,0.2500893556637457,0.2182442783751761,0.5316663659610782,1.0146809444905798,0.2815770102973325,2.05,3.25,3.75,1.0621638524077548,0.45925577013659924,0.2896844088553933,0.25105982100800756,2.05,0.5316663659610782,0.08991605022021021,0.08563433354305736,1,1,1.0499999999999998,-11.37
2012,22,2013-02-02,granada,real madrid,2012|2013-02-02|granada|real madrid,2012|2013-02-02|granada|realmadrid,H,A,0.12431858703939139,0.13348191164336998,0.7421995013172386,0.7421995013172386,0.7492745153071477,0.6087175896738686,9.0,5.0,1.33,1.0629908103592314,0.10452687834014461,0.1881483810122603,0.7073247406475951,1.33,0.7421995013172386,-0.012874663248072682,0.0,1,0,-1.0,-12.37
2012,22,2013-02-02,osasuna,celta,2012|2013-02-02|osasuna|celta,2012|2013-02-02|osasuna|celta,H,H,0.5023563896231854,0.28056577758564843,0.2170778327911662,0.5023563896231854,1.0340154779887978,0.22179061203753697,2.0,3.3,3.75,1.0696969696969696,0.4674220963172805,0.28328611898017003,0.2492917847025496,2.0,0.5023563896231854,0.004712779246370813,0.004712779246370813,1,1,1.0,-11.37
2012,22,2013-02-03,ath madrid,betis,2012|2013-02-03|ath madrid|betis,2012|2013-02-03|athmadrid|betis,H,H,0.7479431928248904,0.15186940421632963,0.10018740295878001,0.7479431928248904,0.7339597509888415,0.5960737886085608,1.44,4.33,7.0,1.0682484695186774,0.6500776404176282,0.2161921021250311,0.13373025745734066,1.44,0.7479431928248904,0.07703819766784215,0.17508681288145944,1,1,0.43999999999999995,-10.93
2012,22,2013-02-03,malaga,zaragoza,2012|2013-02-03|malaga|zaragoza,2012|2013-02-03|malaga|zaragoza,D,H,0.6782843714391209,0.18321706718755973,0.1384985613733195,0.6782843714391209,0.8480341492439099,0.4950673042515612,1.53,4.0,6.0,1.0702614379084967,0.6106870229007634,0.233587786259542,0.15572519083969466,1.53,0.6782843714391209,0.037775088301855,0.07127375151293396,1,0,-1.0,-11.93
2012,22,2013-02-03,sevilla,vallecano,2012|2013-02-03|sevilla|vallecano,2012|2013-02-03|sevilla|vallecano,H,H,0.7508478323555914,0.15914168778843735,0.09001047985597131,0.7508478323555914,0.724383121402964,0.5917061445671541,1.5,4.33,6.0,1.0642802155504234,0.6264014466546112,0.21699819168173598,0.1566003616636528,1.5,0.7508478323555914,0.12627174853338707,0.25254349706677415,1,1,0.5,-11.43
2012,22,2013-02-03,sociedad,mallorca,2012|2013-02-03|sociedad|mallorca,2012|2013-02-03|sociedad|mallorca,H,H,0.642953173759658,0.1984551796663163,0.1585916465740257,0.642953173759658,0.8969561097517786,0.4444979940933417,1.7,3.75,4.75,1.0654282765737875,0.5521115846571096,0.25029058504455637,0.19759783029833397,1.7,0.642953173759658,0.09302039539141854,0.13288627913059792,1,1,0.7,-10.73
2012,22,2013-02-03,valencia,barcelona,2012|2013-02-03|valencia|barcelona,2012|2013-02-03|valencia|barcelona,D,A,0.16262190167057047,0.1690958607181466,0.6682822376112829,0.6682822376112829,0.8652545157556075,0.4991863768931363,7.0,4.33,1.44,1.0682484695186774,0.13373025745734066,0.2161921021250311,0.6500776404176282,1.44,0.6682822376112829,-0.037673577839752614,0.0,1,0,-1.0,-11.73
2012,23,2013-02-09,celta,valencia,2012|2013-02-09|celta|valencia,2012|2013-02-09|celta|valencia,A,H,0.43535230988322965,0.21748159000170528,0.347166100115065,0.43535230988322965,1.0611227319713221,0.08818620976816466,2.63,3.3,2.63,1.0634865767945616,0.35752979414951247,0.28494041170097506,0.35752979414951247,2.63,0.43535230988322965,0.14497657499289396,0.08894268404472022,1,0,-1.0,-12.73
2012,23,2013-02-09,la coruna,granada,2012|2013-02-09|la coruna|granada,2012|2013-02-09|lacoruna|granada,A,H,0.5801851974587555,0.26181304451363074,0.15800175802761365,0.5801851974587555,0.9582563231705431,0.3183721529451248,2.0,3.3,3.8,1.066188197767145,0.4689603590127151,0.2842183994016455,0.2468212415856395,2.0,0.5801851974587555,0.16037039491751104,0.16037039491751104,1,0,-1.0,-13.73
2012,23,2013-02-09,levante,malaga,2012|2013-02-09|levante|malaga,2012|2013-02-09|levante|malaga,A,H,0.4679196457193983,0.24393443026785655,0.28814592401274514,0.4679196457193983,1.058058540247605,0.17977372170665318,2.5,3.25,2.8,1.0648351648351648,0.3756449948400413,0.28895768833849333,0.33539731682146545,2.5,0.4679196457193983,0.1697991142984958,0.11319940953233054,1,0,-1.0,-14.73
2012,23,2013-02-09,mallorca,osasuna,2012|2013-02-09|mallorca|osasuna,2012|2013-02-09|mallorca|osasuna,D,H,0.5319802118903902,0.2723557026574514,0.19566408545215838,0.5319802118903902,1.0091949862607215,0.25962450923293884,2.1,3.3,3.5,1.064935064935065,0.4471544715447154,0.2845528455284553,0.26829268292682923,2.1,0.5319802118903902,0.11715844496981953,0.10650767724529048,1,0,-1.0,-15.73
2012,23,2013-02-09,real madrid,sevilla,2012|2013-02-09|real madrid|sevilla,2012|2013-02-09|realmadrid|sevilla,H,H,0.7712305308369446,0.13862334985271185,0.09014611931034362,0.7712305308369446,0.6911806962319954,0.6326071809842327,1.36,5.0,7.5,1.0686274509803921,0.6880733944954128,0.1871559633027523,0.12477064220183487,1.36,0.7712305308369446,0.048873521938244735,0.13575978316179088,1,1,0.3600000000000001,-15.37
2012,23,2013-02-10,ath bilbao,espanol,2012|2013-02-10|ath bilbao|espanol,2012|2013-02-10|athbilbao|espanol,A,H,0.6753731639951571,0.19639806537515392,0.12822877062968902,0.6753731639951571,0.8481110613293819,0.4789750986200032,1.73,3.6,4.75,1.0663387756481764,0.5420741468672235,0.26049674280008245,0.19742911033269403,1.73,0.6753731639951571,0.16839557371162178,0.23067886809811203,1,0,-1.0,-16.37
2012,23,2013-02-10,barcelona,getafe,2012|2013-02-10|barcelona|getafe,2012|2013-02-10|barcelona|getafe,H,H,0.8562707588489519,0.10083400774181583,0.042895233409232285,0.8562707588489519,0.4992846382368649,0.755436751107136,1.09,10.0,21.0,1.065050240279598,0.8613971040649739,0.09389228434308217,0.04471061159194389,1.09,0.8562707588489519,-0.06666487285464238,0.0,1,1,0.09000000000000008,-16.28
2012,23,2013-02-10,vallecano,ath madrid,2012|2013-02-10|vallecano|ath madrid,2012|2013-02-10|vallecano|athmadrid,H,A,0.3245668714716701,0.20097577670197955,0.47445735182635024,0.47445735182635024,1.0414507907480326,0.1498904803546801,3.5,3.3,2.1,1.064935064935065,0.26829268292682923,0.2845528455284553,0.4471544715447154,2.1,0.47445735182635024,-0.003639561164664462,0.0,1,0,-1.0,-17.28
2012,23,2013-02-10,zaragoza,sociedad,2012|2013-02-10|zaragoza|sociedad,2012|2013-02-10|zaragoza|sociedad,A,H,0.4556752022469972,0.24270349846883985,0.3016212992841629,0.4556752022469972,1.0633149494946008,0.15405390296283428,2.4,3.3,2.88,1.066919191919192,0.3905325443786982,0.2840236686390532,0.32544378698224846,2.4,0.4556752022469972,0.09362048539279322,0.06687177528056659,1,0,-1.0,-18.28
2012,23,2013-02-11,betis,valladolid,2012|2013-02-11|betis|valladolid,2012|2013-02-11|betis|valladolid,D,H,0.5845895868563773,0.23163994662683607,0.1837704665167867,0.5845895868563773,0.9639436437421891,0.35294964022954123,1.83,3.5,4.33,1.0631092553630697,0.5140093406910212,0.2687534552755911,0.21723720403338773,1.83,0.5845895868563773,0.06979894394717051,0.08409511318936205,1,0,-1.0,-19.28
2012,24,2013-02-15,sevilla,la coruna,2012|2013-02-15|sevilla|la coruna,2012|2013-02-15|sevilla|lacoruna,H,H,0.7555247960592043,0.16170375755822128,0.08277144638257447,0.7555247960592043,0.7126676618052232,0.593821038500983,1.36,4.75,8.0,1.0708204334365323,0.6866642573183954,0.19660281893747744,0.11673292374412723,1.36,0.7555247960592043,0.027513722640517935,0.07642700733477202,1,1,0.3600000000000001,-18.919999999999998
2012,24,2013-02-16,getafe,celta,2012|2013-02-16|getafe|celta,2012|2013-02-16|getafe|celta,H,H,0.5201566676097689,0.24931683565702573,0.2305264967332054,0.5201566676097689,1.0245684282387186,0.27083983195274314,2.1,3.3,3.5,1.064935064935065,0.4471544715447154,0.2845528455284553,0.26829268292682923,2.1,0.5201566676097689,0.09232900198051464,0.0839354563459224,1,1,1.1,-17.82
2012,24,2013-02-16,granada,barcelona,2012|2013-02-16|granada|barcelona,2012|2013-02-16|granada|barcelona,A,A,0.14175435891966343,0.14316965563343217,0.7150759854469043,0.7150759854469043,0.7950347017627446,0.5719063298134721,10.0,6.0,1.25,1.0666666666666667,0.09375,0.15625,0.75,1.25,0.7150759854469043,-0.1061550181913696,0.0,1,1,0.25,-17.57
2012,24,2013-02-16,malaga,ath bilbao,2012|2013-02-16|malaga|ath bilbao,2012|2013-02-16|malaga|athbilbao,H,H,0.571402667514986,0.2022417726128272,0.2263555598721868,0.571402667514986,0.9793178835089884,0.3450471076427992,1.8,3.75,4.2,1.0603174603174603,0.5239520958083832,0.25149700598802394,0.2245508982035928,1.8,0.571402667514986,0.028524801526974897,0.03565600190871862,1,1,0.8,-16.77
2012,24,2013-02-16,osasuna,zaragoza,2012|2013-02-16|osasuna|zaragoza,2012|2013-02-16|osasuna|zaragoza,H,H,0.5078370107790883,0.28527845330622004,0.20688453591469166,0.5078370107790883,1.027895587200943,0.22255855747286823,1.91,3.3,4.2,1.064685750549625,0.4917509313464608,0.2846194784459819,0.22362959020755718,1.91,0.5078370107790883,-0.03003130941194143,0.0,1,1,0.9099999999999999,-15.86
2012,24,2013-02-17,espanol,betis,2012|2013-02-17|espanol|betis,2012|2013-02-17|espanol|betis,H,H,0.46015179274621193,0.26269256216328535,0.2771556450905028,0.46015179274621193,1.0639685501805844,0.18299614765570915,2.0,3.3,3.8,1.066188197767145,0.4689603590127151,0.2842183994016455,0.2468212415856395,2.0,0.46015179274621193,-0.07969641450757609,0.0,1,1,1.0,-14.86
2012,24,2013-02-17,real madrid,vallecano,2012|2013-02-17|real madrid|vallecano,2012|2013-02-17|realmadrid|vallecano,H,H,0.8262993730775876,0.11791951059439558,0.055781116328016814,0.8262993730775876,0.570741311336333,0.7083798624831921,1.18,7.5,12.0,1.0641242937853108,0.7963897000265463,0.12529864613750993,0.07831165383594371,1.18,0.8262993730775876,-0.024966739768446683,0.0,1,1,0.17999999999999994,-14.68
2012,24,2013-02-17,sociedad,levante,2012|2013-02-17|sociedad|levante,2012|2013-02-17|sociedad|levante,D,H,0.6765188403610745,0.17710143431744252,0.14637972532148308,0.6765188403610745,0.8522246638364455,0.49941740604363194,1.67,3.8,5.0,1.0619602899464229,0.5638651471984806,0.24780389363722696,0.18833095916429252,1.67,0.6765188403610745,0.12978646340299432,0.19371113940745424,1,0,-1.0,-15.68
2012,24,2013-02-17,valencia,mallorca,2012|2013-02-17|valencia|mallorca,2012|2013-02-17|valencia|mallorca,H,H,0.7391084577633347,0.18428559336906614,0.07660594886759932,0.7391084577633347,0.7319236135569078,0.5548228643942685,1.4,4.75,7.5,1.0581453634085214,0.6750355281856939,0.19895783988630977,0.1260066319279962,1.4,0.7391084577633347,0.03475184086866845,0.08687960217167114,1,1,0.3999999999999999,-15.28
2012,24,2013-02-17,valladolid,ath madrid,2012|2013-02-17|valladolid|ath madrid,2012|2013-02-17|valladolid|athmadrid,A,A,0.2728908924759872,0.19847433758899413,0.5286347699350188,0.5286347699350188,1.0123329759896262,0.2557438774590316,3.75,3.4,2.0,1.0607843137254902,0.2513863216266174,0.27726432532347506,0.47134935304990755,2.0,0.5286347699350188,0.05726953987003758,0.05726953987003758,1,1,1.0,-14.28
2012,25,2013-02-22,ath bilbao,sociedad,2012|2013-02-22|ath bilbao|sociedad,2012|2013-02-22|athbilbao|sociedad,A,H,0.46254391347729223,0.2651317183358762,0.27232436818683164,0.46254391347729223,1.0628266742570682,0.1902195452904606,2.25,3.4,3.1,1.0611427366645583,0.41883568448241604,0.27717067355454006,0.3039936419630439,2.25,0.46254391347729223,0.040723805323907514,0.032579044259126014,1,0,-1.0,-15.28
2012,25,2013-02-23,barcelona,sevilla,2012|2013-02-23|barcelona|sevilla,2012|2013-02-23|barcelona|sevilla,H,H,0.8432669332420666,0.09804915755413841,0.05868390920379508,0.8432669332420666,0.5378548743007902,0.7452177756879281,1.18,7.0,13.0,1.067237846898864,0.794066317626527,0.1338568935427574,0.07207678883071553,1.18,0.8432669332420666,-0.004945018774361487,0.0,1,1,0.17999999999999994,-15.1
2012,25,2013-02-23,la coruna,real madrid,2012|2013-02-23|la coruna|real madrid,2012|2013-02-23|lacoruna|realmadrid,A,A,0.15003050780502833,0.17857944657399272,0.6713900456209789,0.6713900456209789,0.8597232163331556,0.4928105990469862,8.5,5.0,1.33,1.0695267580716497,0.10999917293854934,0.1869985939955339,0.7030022330659168,1.33,0.6713900456209789,-0.10705123932409799,0.0,1,1,0.33000000000000007,-14.77
2012,25,2013-02-23,mallorca,getafe,2012|2013-02-23|mallorca|getafe,2012|2013-02-23|mallorca|getafe,A,H,0.4702863299565842,0.29667069278677716,0.2330429772566388,0.4702863299565842,1.054719238470075,0.17361563716980705,2.2,3.2,3.4,1.0611631016042782,0.4283464566929133,0.2944881889763779,0.27716535433070866,2.2,0.4702863299565842,0.03462992590448544,0.02885827158707119,1,0,-1.0,-15.77
2012,25,2013-02-23,zaragoza,valencia,2012|2013-02-23|zaragoza|valencia,2012|2013-02-23|zaragoza|valencia,D,A,0.33078294759931937,0.23412080191930118,0.4350962504813794,0.4350962504813794,1.067948914690792,0.10431330288206003,3.2,3.2,2.3,1.0597826086956523,0.2948717948717948,0.2948717948717948,0.41025641025641024,2.3,0.4350962504813794,0.0007213761071724889,0.0005549046978249915,1,0,-1.0,-16.77
2012,25,2013-02-24,ath madrid,espanol,2012|2013-02-24|ath madrid|espanol,2012|2013-02-24|athmadrid|espanol,H,H,0.7607488607081074,0.14993864823088146,0.08931249106101105,0.7607488607081074,0.7082857303994126,0.610810212477226,1.36,4.75,8.0,1.0708204334365323,0.6866642573183954,0.19660281893747744,0.11673292374412723,1.36,0.7607488607081074,0.034618450563026204,0.09616236267507276,1,1,0.3600000000000001,-16.41
2012,25,2013-02-24,betis,malaga,2012|2013-02-24|betis|malaga,2012|2013-02-24|betis|malaga,H,H,0.4465958755597839,0.24452865245161193,0.30887547198860427,0.4465958755597839,1.0672733687514646,0.13772040357117965,2.5,3.25,2.8,1.0648351648351648,0.3756449948400413,0.28895768833849333,0.33539731682146545,2.5,0.4465958755597839,0.11648968889945976,0.07765979259963984,1,1,1.5,-14.91
2012,25,2013-02-24,celta,granada,2012|2013-02-24|celta|granada,2012|2013-02-24|celta|granada,H,H,0.6266144694682914,0.20874189356813858,0.16464363696357007,0.6266144694682914,0.9169339156574455,0.4178725759001528,1.83,3.4,4.5,1.0627879567127398,0.5141647343482205,0.27674160701683637,0.209093658634943,1.83,0.6266144694682914,0.14670447912697326,0.1767523844903292,1,1,0.8300000000000001,-14.08
2012,25,2013-02-24,vallecano,valladolid,2012|2013-02-24|vallecano|valladolid,2012|2013-02-24|vallecano|valladolid,A,H,0.6773883010021335,0.1740464737603409,0.1485652252375256,0.6773883010021335,0.8514324636660899,0.5033418272417927,1.75,3.5,4.75,1.0676691729323307,0.5352112676056339,0.26760563380281693,0.1971830985915493,1.75,0.6773883010021335,0.1854295267537337,0.24723936900497825,1,0,-1.0,-15.08
2012,25,2013-02-25,levante,osasuna,2012|2013-02-25|levante|osasuna,2012|2013-02-25|levante|osasuna,A,H,0.6127108522816356,0.19169765442632258,0.19559149329204184,0.6127108522816356,0.9359488375005277,0.41711935898959374,1.91,3.4,4.0,1.0676778564829073,0.4903728275762602,0.2754741472560756,0.23415302516766426,1.91,0.6127108522816356,0.17027772785792394,0.1871183822614549,1,0,-1.0,-16.08
2012,26,2013-03-01,getafe,zaragoza,2012|2013-03-01|getafe|zaragoza,2012|2013-03-01|getafe|zaragoza,H,H,0.5567411523988002,0.24568212266834868,0.19757672493285108,0.5567411523988002,0.9913222845797018,0.3110590297304515,1.91,3.4,4.0,1.0676778564829073,0.4903728275762602,0.2754741472560756,0.23415302516766426,1.91,0.5567411523988002,0.06337560108170825,0.06964351767220688,1,1,0.9099999999999999,-15.17
2012,26,2013-03-02,la coruna,vallecano,2012|2013-03-02|la coruna|vallecano,2012|2013-03-02|lacoruna|vallecano,D,H,0.4997687072279076,0.23413747131728968,0.26609382145480276,0.4997687072279076,1.038859552227565,0.23367488577310486,2.3,3.3,3.1,1.0603935568872456,0.41002004008016035,0.28577154308617236,0.30420841683366734,2.3,0.4997687072279076,0.14946802662418734,0.11497540509552874,1,0,-1.0,-16.169999999999998
2012,26,2013-03-02,osasuna,ath bilbao,2012|2013-03-02|osasuna|ath bilbao,2012|2013-03-02|osasuna|athbilbao,A,H,0.459007438722966,0.2628909894219628,0.2781015718550712,0.459007438722966,1.0645562347963977,0.18090586686789484,2.3,3.25,3.1,1.0650555615492503,0.40822528363047,0.28889789303079416,0.3028768233387358,2.3,0.459007438722966,0.05571710906282179,0.042859314663709076,1,0,-1.0,-17.169999999999998
2012,26,2013-03-02,real madrid,barcelona,2012|2013-03-02|real madrid|barcelona,2012|2013-03-02|realmadrid|barcelona,H,A,0.3150546826812062,0.19811478643267033,0.4868305308861235,0.4868305308861235,1.0350604624654836,0.17177584820491731,2.88,3.6,2.3,1.0597826086956523,0.3276353276353276,0.2621082621082621,0.41025641025641024,2.3,0.4868305308861235,0.11971022103808393,0.09208478541391073,1,0,-1.0,-18.169999999999998
2012,26,2013-03-02,valencia,levante,2012|2013-03-02|valencia|levante,2012|2013-03-02|valencia|levante,D,H,0.6743355142349542,0.216733036206348,0.10893144955869773,0.6743355142349542,0.8386158203644087,0.4576024780286062,1.5,4.2,6.5,1.0586080586080584,0.6297577854671281,0.2249134948096886,0.14532871972318342,1.5,0.6743355142349542,0.011503271352431288,0.023006542704862576,1,0,-1.0,-19.169999999999998
2012,26,2013-03-03,espanol,valladolid,2012|2013-03-03|espanol|valladolid,2012|2013-03-03|espanol|valladolid,D,H,0.6046398804377981,0.22123168654720485,0.17412843301499703,0.6046398804377981,0.9423155801484031,0.38340819389059333,1.83,3.4,4.5,1.0627879567127398,0.5141647343482205,0.27674160701683637,0.209093658634943,1.83,0.6046398804377981,0.10649098120117062,0.1283023869893622,1,0,-1.0,-20.169999999999998
2012,26,2013-03-03,granada,mallorca,2012|2013-03-03|granada|mallorca,2012|2013-03-03|granada|mallorca,A,H,0.475538254571336,0.27721280814868454,0.24724893727997937,0.475538254571336,1.0546227054572488,0.19832544642265149,2.05,3.25,3.75,1.0621638524077548,0.45925577013659924,0.2896844088553933,0.25105982100800756,2.05,0.475538254571336,-0.025146578128761254,0.0,1,0,-1.0,-21.169999999999998
2012,26,2013-03-03,malaga,ath madrid,2012|2013-03-03|malaga|ath madrid,2012|2013-03-03|malaga|athmadrid,D,A,0.3860163214499959,0.20112278910183187,0.4128608894481721,0.4128608894481721,1.0552433798525827,0.026844567998176194,2.8,3.3,2.5,1.0601731601731603,0.3368721927317272,0.2858309514087382,0.3772968558595345,2.5,0.4128608894481721,0.03215222362043024,0.021434815746953495,1,0,-1.0,-22.169999999999998
2012,26,2013-03-03,sociedad,betis,2012|2013-03-03|sociedad|betis,2012|2013-03-03|sociedad|betis,D,H,0.6094491266296729,0.22354719878792081,0.1670036745824064,0.6094491266296729,0.9355955231569069,0.38590192784175203,1.75,3.6,4.75,1.0597326649958227,0.5392195506503745,0.2621206148994876,0.19865983445013796,1.75,0.6094491266296729,0.06653597160192753,0.08871462880257004,1,0,-1.0,-23.169999999999998
2012,26,2013-03-04,sevilla,celta,2012|2013-03-04|sevilla|celta,2012|2013-03-04|sevilla|celta,H,H,0.7419004062524017,0.16961546223635268,0.08848413151124561,0.7419004062524017,0.7369905338366788,0.572284944016049,1.44,4.2,7.5,1.0658730158730159,0.6515264333581534,0.22338049143708116,0.12509307520476545,1.44,0.7419004062524017,0.06833658500345846,0.15531042046240562,1,1,0.43999999999999995,-22.73
2012,27,2013-03-08,betis,osasuna,2012|2013-03-08|betis|osasuna,2012|2013-03-08|betis|osasuna,H,H,0.5547905589964295,0.23927802616856103,0.2059314148350095,0.5547905589964295,0.9944767476895217,0.31551253282786845,1.91,3.4,4.0,1.0676778564829073,0.4903728275762602,0.2754741472560756,0.23415302516766426,1.91,0.5547905589964295,0.059649967683180316,0.06554941503646189,1,1,0.9099999999999999,-21.82
2012,27,2013-03-09,barcelona,la coruna,2012|2013-03-09|barcelona|la coruna,2012|2013-03-09|barcelona|lacoruna,H,H,0.8654084527954627,0.09095339596920746,0.043638151235329756,0.8654084527954627,0.4798173689640306,0.7744550568262553,1.11,9.0,19.0,1.0646435909593803,0.8461995249406176,0.1043646080760095,0.04943586698337293,1.11,0.8654084527954627,-0.039396617397036274,0.0,1,1,0.1100000000000001,-21.71
2012,27,2013-03-09,mallorca,sevilla,2012|2013-03-09|mallorca|sevilla,2012|2013-03-09|mallorca|sevilla,H,A,0.31798856453649105,0.2580816355989942,0.4239297998645146,0.4239297998645146,1.077709627053127,0.10594123532802358,3.1,3.3,2.3,1.0603935568872456,0.30420841683366734,0.28577154308617236,0.41002004008016035,2.3,0.4239297998645146,-0.02496146031161639,0.0,1,0,-1.0,-22.71
2012,27,2013-03-09,valladolid,malaga,2012|2013-03-09|valladolid|malaga,2012|2013-03-09|valladolid|malaga,D,H,0.489614537940378,0.2256878354340773,0.2846976266255447,0.489614537940378,1.043284752769449,0.2049169113148333,2.38,3.25,3.0,1.0611937082525318,0.39593908629441626,0.2899492385786802,0.3141116751269035,2.38,0.489614537940378,0.1652826002980996,0.11977000021601421,1,0,-1.0,-23.71
2012,27,2013-03-09,vallecano,espanol,2012|2013-03-09|vallecano|espanol,2012|2013-03-09|vallecano|espanol,H,H,0.5809974096315742,0.20952593318097046,0.20947665718745537,0.5809974096315742,0.9703984817929117,0.37147147645060374,1.91,3.4,4.0,1.0676778564829073,0.4903728275762602,0.2754741472560756,0.23415302516766426,1.91,0.5809974096315742,0.10970505239630668,0.12055500263330406,1,1,0.9099999999999999,-22.8
2012,27,2013-03-10,ath bilbao,valencia,2012|2013-03-10|ath bilbao|valencia,2012|2013-03-10|athbilbao|valencia,H,H,0.43129271759082205,0.22789914584790133,0.34080813656127656,0.43129271759082205,1.0665906288487002,0.09048458102954549,2.5,3.4,2.7,1.064488017429194,0.375767498976668,0.2762996316004912,0.34793286942284074,2.5,0.43129271759082205,0.07823179397705515,0.05215452931803677,1,1,1.5,-21.3
2012,27,2013-03-10,ath madrid,sociedad,2012|2013-03-10|ath madrid|sociedad,2012|2013-03-10|athmadrid|sociedad,A,H,0.7158257672551903,0.15919151552665672,0.12498271721815289,0.7158257672551903,0.7917631796070803,0.5566342517285336,1.5,4.33,6.0,1.0642802155504234,0.6264014466546112,0.21699819168173598,0.1566003616636528,1.5,0.7158257672551903,0.07373865088278547,0.14747730176557095,1,0,-1.0,-22.3
2012,27,2013-03-10,celta,real madrid,2012|2013-03-10|celta|real madrid,2012|2013-03-10|celta|realmadrid,A,A,0.16191246476420892,0.19633663037468138,0.6417509048611096,0.6417509048611096,0.89906701534666,0.44541427448642823,6.5,4.5,1.45,1.0657235484821692,0.144358407079646,0.20851769911504422,0.6471238938053098,1.45,0.6417509048611096,-0.06946118795139106,0.0,1,1,0.44999999999999996,-21.85
2012,27,2013-03-10,levante,getafe,2012|2013-03-10|levante|getafe,2012|2013-03-10|levante|getafe,D,H,0.519126796953087,0.2427102784432098,0.23816292460370317,0.519126796953087,1.0257097369498234,0.27641651850987725,2.1,3.4,3.5,1.0560224089635852,0.4509283819628648,0.2785145888594165,0.27055702917771884,2.1,0.519126796953087,0.09016627360148288,0.0819693396377117,1,0,-1.0,-22.85
2012,27,2013-03-11,zaragoza,granada,2012|2013-03-11|zaragoza|granada,2012|2013-03-11|zaragoza|granada,D,H,0.5231649162325859,0.2734951587642221,0.20333992500319212,0.5231649162325859,1.017410822947439,0.24966975746836378,2.1,3.25,3.6,1.0616605616605617,0.4485336400230017,0.2898217366302473,0.26164462334675104,2.1,0.5231649162325859,0.09864632408843044,0.08967847644402767,1,0,-1.0,-23.85
2012,28,2013-03-15,la coruna,celta,2012|2013-03-15|la coruna|celta,2012|2013-03-15|lacoruna|celta,H,H,0.4199824539503762,0.3208882427533872,0.25912930329623657,0.4199824539503762,1.0790296464390692,0.09909421119698902,2.25,3.4,3.1,1.0611427366645583,0.41883568448241604,0.27717067355454006,0.3039936419630439,2.25,0.4199824539503762,-0.05503947861165348,0.0,1,1,1.25,-22.6
2012,28,2013-03-16,getafe,ath bilbao,2012|2013-03-16|getafe|ath bilbao,2012|2013-03-16|getafe|athbilbao,H,H,0.4079121530836559,0.2760519218159376,0.31603592510040657,0.4079121530836559,1.0851425512588087,0.09187622798324935,2.3,3.4,3.0,1.062233589087809,0.4093097913322633,0.27688603531300165,0.31380417335473515,2.3,0.4079121530836559,-0.06180204790759147,0.0,1,1,1.2999999999999998,-21.3
2012,28,2013-03-16,real madrid,mallorca,2012|2013-03-16|real madrid|mallorca,2012|2013-03-16|realmadrid|mallorca,H,H,0.8627361242350684,0.08850890420336387,0.04875497156156773,0.8627361242350684,0.4892694243381967,0.7742272200317045,1.13,9.0,17.0,1.0548903927352653,0.8389077749753262,0.10532953174690206,0.055762693277771676,1.13,0.8627361242350684,-0.025108179614372797,0.0,1,1,0.1299999999999999,-21.17
2012,28,2013-03-16,sociedad,valladolid,2012|2013-03-16|sociedad|valladolid,2012|2013-03-16|sociedad|valladolid,H,H,0.6211143544883251,0.22272903732500837,0.15615660818666652,0.6211143544883251,0.9202604224962424,0.3983853171633167,1.62,3.8,5.5,1.062260027172308,0.5811043763554468,0.24773397097258518,0.17116165267196795,1.62,0.6211143544883251,0.006205254271086702,0.010008474630785002,1,1,0.6200000000000001,-20.55
2012,28,2013-03-16,valencia,betis,2012|2013-03-16|valencia|betis,2012|2013-03-16|valencia|betis,H,H,0.6409012854785558,0.2217155125105253,0.13738320201091894,0.6409012854785558,0.8918105484937415,0.41918577296803056,1.62,3.8,5.5,1.062260027172308,0.5811043763554468,0.24773397097258518,0.17116165267196795,1.62,0.6409012854785558,0.038260082475260526,0.06170981044396858,1,1,0.6200000000000001,-19.93
2012,28,2013-03-17,barcelona,vallecano,2012|2013-03-17|barcelona|vallecano,2012|2013-03-17|barcelona|vallecano,H,H,0.8704146923856343,0.08992445076550325,0.039660856848862454,0.8704146923856343,0.46541073679235073,0.780490241620131,1.11,9.0,21.0,1.0596310596310596,0.8502024291497975,0.10485829959514169,0.044939271255060725,1.11,0.8704146923856343,-0.03383969145194585,0.0,1,1,0.1100000000000001,-19.82
2012,28,2013-03-17,granada,levante,2012|2013-03-17|granada|levante,2012|2013-03-17|granada|levante,D,H,0.5177637014087157,0.287951190796496,0.19428510779478828,0.5177637014087157,1.017622092427322,0.22981251061221974,1.91,3.3,4.2,1.064685750549625,0.4917509313464608,0.2846194784459819,0.22362959020755718,1.91,0.5177637014087157,-0.011071330309352978,0.0,1,0,-1.0,-20.82
2012,28,2013-03-17,malaga,espanol,2012|2013-03-17|malaga|espanol,2012|2013-03-17|malaga|espanol,A,H,0.552030587227898,0.23527153710564483,0.2126978756664572,0.552030587227898,0.9976627411221356,0.31675905012225314,1.91,3.3,4.2,1.064685750549625,0.4917509313464608,0.2846194784459819,0.22362959020755718,1.91,0.552030587227898,0.054378421605285165,0.05975650725855513,1,0,-1.0,-21.82
2012,28,2013-03-17,osasuna,ath madrid,2012|2013-03-17|osasuna|ath madrid,2012|2013-03-17|osasuna|athmadrid,A,A,0.3030062178903372,0.26480324492628865,0.43219053718337413,0.43219053718337413,1.0762119178378216,0.12918431929303692,3.4,3.3,2.15,1.062264229158894,0.27687804878048783,0.28526829268292686,0.43785365853658537,2.15,0.43219053718337413,-0.07079034505574572,0.0,1,1,1.15,-20.67
2012,28,2013-03-17,sevilla,zaragoza,2012|2013-03-17|sevilla|zaragoza,2012|2013-03-17|sevilla|zaragoza,H,H,0.7439974441083996,0.16670888558115957,0.08929367031044082,0.7439974441083996,0.7343910498425731,0.57728855852724,1.4,4.5,8.0,1.0615079365079365,0.6728971962616822,0.20934579439252335,0.11775700934579439,1.4,0.7439974441083996,0.04159642175175943,0.1039910543793986,1,1,0.3999999999999999,-20.27
2012,29,2013-03-30,celta,barcelona,2012|2013-03-30|celta|barcelona,2012|2013-03-30|celta|barcelona,D,A,0.17770486774656086,0.15692308016399878,0.6653720520894404,0.6653720520894404,0.8687084435484629,0.48766718434287953,8.0,5.0,1.36,1.0602941176470588,0.11789181692094314,0.18862690707350901,0.6934812760055478,1.36,0.6653720520894404,-0.095094009158361,0.0,1,0,-1.0,-21.27
2012,29,2013-03-30,levante,sevilla,2012|2013-03-30|levante|sevilla,2012|2013-03-30|levante|sevilla,H,A,0.3051412561873692,0.22952667375805097,0.46533207005457977,0.46533207005457977,1.055980283359979,0.16019081386721057,3.4,3.2,2.2,1.0611631016042782,0.27716535433070866,0.2944881889763779,0.4283464566929133,2.2,0.46533207005457977,0.02373055412007563,0.019775461766729688,1,0,-1.0,-22.27
2012,29,2013-03-30,vallecano,malaga,2012|2013-03-30|vallecano|malaga,2012|2013-03-30|vallecano|malaga,A,H,0.5566059264295592,0.2625769443593461,0.18081712921109475,0.5566059264295592,0.9864809352384551,0.2940289820702131,1.85,3.4,4.33,1.065605069816454,0.5072616073735894,0.2760099922473943,0.21672840037901628,1.85,0.5566059264295592,0.029720963894684538,0.034965839876099455,1,0,-1.0,-23.27
2012,29,2013-03-30,zaragoza,real madrid,2012|2013-03-30|zaragoza|real madrid,2012|2013-03-30|zaragoza|realmadrid,D,A,0.1719461092457543,0.14314476898594178,0.684909121768304,0.684909121768304,0.8401997733195776,0.5129630125225497,7.5,4.75,1.4,1.0581453634085212,0.12600663192799622,0.19895783988630983,0.6750355281856941,1.4,0.684909121768304,-0.041127229524374476,0.0,1,0,-1.0,-24.27
2012,29,2013-03-31,ath madrid,valencia,2012|2013-03-31|ath madrid|valencia,2012|2013-03-31|athmadrid|valencia,D,H,0.6116141037842295,0.19306356505746236,0.19532233115830808,0.6116141037842295,0.9372226207394592,0.41629177262592143,1.73,3.6,4.75,1.0663387756481764,0.5420741468672235,0.26049674280008245,0.19742911033269403,1.73,0.6116141037842295,0.05809239954671708,0.0795786295160508,1,0,-1.0,-25.27
2012,29,2013-03-31,espanol,sociedad,2012|2013-03-31|espanol|sociedad,2012|2013-03-31|espanol|sociedad,D,A,0.30148743325180105,0.2611920069140265,0.4373205598341724,0.4373205598341724,1.073844630032388,0.13583312658237134,2.7,3.3,2.6,1.058016058016058,0.3500611995104039,0.2864137086903305,0.36352509179926557,2.6,0.4373205598341724,0.13703345556884827,0.08564590973053017,1,0,-1.0,-26.27
2012,29,2013-03-31,mallorca,la coruna,2012|2013-03-31|mallorca|la coruna,2012|2013-03-31|mallorca|lacoruna,A,H,0.5682846853330321,0.23277924969192726,0.1989360649750406,0.5682846853330321,0.9817067441851592,0.33550543564110485,1.91,3.5,4.0,1.0592744951383695,0.4942630185348632,0.26972639011473964,0.23601059135039718,1.91,0.5682846853330321,0.08542374898609129,0.09387225163306735,1,0,-1.0,-27.27
2012,29,2013-03-31,valladolid,osasuna,2012|2013-03-31|valladolid|osasuna,2012|2013-03-31|valladolid|osasuna,A,H,0.47984810375124237,0.25925597130495787,0.2608959249437998,0.47984810375124237,1.0528739977746524,0.21895217880744255,2.1,3.2,3.6,1.066468253968254,0.44651162790697674,0.2930232558139535,0.26046511627906976,2.1,0.47984810375124237,0.007681017877608998,0.006982743525099088,1,0,-1.0,-28.27
2012,29,2013-04-01,ath bilbao,granada,2012|2013-04-01|ath bilbao|granada,2012|2013-04-01|athbilbao|granada,H,H,0.6459070914461855,0.21133129092356853,0.14276161763024595,0.6459070914461855,0.8887007110831431,0.434575800522617,1.73,3.6,4.75,1.0663387756481764,0.5420741468672235,0.26049674280008245,0.19742911033269403,1.73,0.6459070914461855,0.11741926820190096,0.1608483126053438,1,1,0.73,-27.54
2012,29,2013-04-01,betis,getafe,2012|2013-04-01|betis|getafe,2012|2013-04-01|betis|getafe,D,H,0.5785488315701813,0.23771731206440322,0.18373385636541537,0.5785488315701813,0.9694168940927552,0.3408315195057781,1.83,3.6,4.2,1.0623211033047097,0.5143906919779547,0.2614819350887937,0.2241273729332517,1.83,0.5785488315701813,0.0587443617734319,0.07077633948606252,1,0,-1.0,-28.54
2012,30,2013-04-05,granada,betis,2012|2013-04-05|granada|betis,2012|2013-04-05|granada|betis,A,H,0.4756813677115587,0.25236001197113705,0.2719586203173041,0.4756813677115587,1.0550275282737436,0.2037227473942546,2.3,3.3,3.1,1.0603935568872456,0.41002004008016035,0.28577154308617236,0.30420841683366734,2.3,0.4756813677115587,0.09406714573658503,0.07235934287429618,1,0,-1.0,-29.54
2012,30,2013-04-06,barcelona,mallorca,2012|2013-04-06|barcelona|mallorca,2012|2013-04-06|barcelona|mallorca,H,H,0.8416206183886702,0.10152042099016145,0.05685896062116836,0.8416206183886702,0.5403696688445248,0.7401001973985087,1.17,7.0,15.0,1.0642246642246642,0.8031206975676917,0.13423588802202846,0.06264341441027994,1.17,0.8416206183886702,-0.01530387648525594,0.0,1,1,0.16999999999999993,-29.37
2012,30,2013-04-06,la coruna,zaragoza,2012|2013-04-06|la coruna|zaragoza,2012|2013-04-06|lacoruna|zaragoza,H,H,0.5486057881922172,0.25182318190564457,0.19957102990213824,0.5486057881922172,0.9982662169728007,0.2967826062865726,1.95,3.5,3.75,1.0652014652014652,0.48143053645116923,0.2682255845942228,0.25034387895460797,1.95,0.5486057881922172,0.06978128697482344,0.07345398628928784,1,1,0.95,-28.42
2012,30,2013-04-06,real madrid,levante,2012|2013-04-06|real madrid|levante,2012|2013-04-06|realmadrid|levante,H,H,0.8733912364729839,0.08523847207838928,0.04137029144862693,0.8733912364729839,0.4598876577603276,0.7881527643945946,1.14,8.0,15.0,1.068859649122807,0.8206811653672549,0.11694706606483381,0.062371768567911365,1.14,0.8733912364729839,-0.0043339904207984475,0.0,1,1,0.1399999999999999,-28.28
2012,30,2013-04-06,sociedad,malaga,2012|2013-04-06|sociedad|malaga,2012|2013-04-06|sociedad|malaga,H,H,0.6452783480122569,0.21094296415263766,0.14377868783510542,0.6452783480122569,0.8897978303696689,0.43433538385961923,1.67,3.75,5.0,1.0654690618762475,0.562008242787561,0.2502810041213938,0.18771075309104535,1.67,0.6452783480122569,0.07761484118046902,0.11584304653801347,1,1,0.6699999999999999,-27.61
2012,30,2013-04-07,celta,vallecano,2012|2013-04-07|celta|vallecano,2012|2013-04-07|celta|vallecano,A,H,0.5630177975568292,0.2425668408238983,0.1944153616192725,0.5630177975568292,0.9854181908091881,0.32045095673293095,2.0,3.5,3.6,1.0634920634920635,0.4701492537313433,0.26865671641791045,0.2611940298507463,2.0,0.5630177975568292,0.12603559511365847,0.12603559511365847,1,0,-1.0,-28.61
2012,30,2013-04-07,getafe,ath madrid,2012|2013-04-07|getafe|ath madrid,2012|2013-04-07|getafe|athmadrid,D,A,0.27431932060227654,0.27393255400959937,0.45174812538812403,0.45174812538812403,1.0685025437711748,0.1774288047858475,3.6,3.5,2.0,1.0634920634920635,0.2611940298507463,0.26865671641791045,0.4701492537313433,2.0,0.45174812538812403,-0.09650374922375193,0.0,1,0,-1.0,-29.61
2012,30,2013-04-07,osasuna,espanol,2012|2013-04-07|osasuna|espanol,2012|2013-04-07|osasuna|espanol,A,H,0.5117723703047327,0.28924099478654486,0.19898663490872245,0.5117723703047327,1.0228931406115178,0.2225313755181878,2.0,3.3,3.8,1.066188197767145,0.4689603590127151,0.2842183994016455,0.2468212415856395,2.0,0.5117723703047327,0.02354474060946532,0.02354474060946532,1,0,-1.0,-30.61
2012,30,2013-04-07,valencia,valladolid,2012|2013-04-07|valencia|valladolid,2012|2013-04-07|valencia|valladolid,H,H,0.7160244524430374,0.20485994699783333,0.0791156005591293,0.7160244524430374,0.764676370936188,0.5111645054452041,1.4,4.33,8.5,1.0628796553263338,0.6720287764529735,0.21728413095477203,0.11068709259225445,1.4,0.7160244524430374,0.0024342334202522298,0.006085583550630576,1,1,0.3999999999999999,-30.21
2012,30,2013-04-08,sevilla,ath bilbao,2012|2013-04-08|sevilla|ath bilbao,2012|2013-04-08|sevilla|athbilbao,H,H,0.6980181370232772,0.1820454395584616,0.11993642341826115,0.6980181370232772,0.8154192357117747,0.5159726974648156,1.57,3.8,6.0,1.0667672365627445,0.5970774629445346,0.24668726758497875,0.15623526947048655,1.57,0.6980181370232772,0.09588847512654525,0.1682253949588513,1,1,0.5700000000000001,-29.64
2012,31,2013-04-12,betis,sevilla,2012|2013-04-12|betis|sevilla,2012|2013-04-12|betis|sevilla,D,H,0.40299110291351464,0.25694751655649206,0.34006138052999335,0.40299110291351464,1.0822165936216466,0.06292972238352129,2.5,3.4,2.7,1.064488017429194,0.375767498976668,0.2762996316004912,0.34793286942284074,2.5,0.40299110291351464,0.007477757283786635,0.004985171522524423,1,0,-1.0,-30.64
2012,31,2013-04-13,espanol,valencia,2012|2013-04-13|espanol|valencia,2012|2013-04-13|espanol|valencia,D,A,0.3141761625481669,0.2533061852138992,0.432517652237934,0.432517652237934,1.074089538160882,0.1183414896897671,3.1,3.3,2.3,1.0603935568872456,0.30420841683366734,0.28577154308617236,0.41002004008016035,2.3,0.432517652237934,-0.005209399852751928,0.0,1,0,-1.0,-31.64
2012,31,2013-04-13,levante,la coruna,2012|2013-04-13|levante|la coruna,2012|2013-04-13|levante|lacoruna,A,H,0.47081402875044787,0.25794665205220685,0.2712393191973453,0.47081402875044787,1.0580793665257895,0.19957470955310258,2.2,3.3,3.3,1.0606060606060606,0.4285714285714286,0.28571428571428575,0.28571428571428575,2.2,0.47081402875044787,0.03579086325098535,0.02982571937582112,1,0,-1.0,-32.64
2012,31,2013-04-13,malaga,osasuna,2012|2013-04-13|malaga|osasuna,2012|2013-04-13|malaga|osasuna,H,H,0.5139012800974256,0.2333767671208979,0.25272195278167653,0.5139012800974256,1.0293135565921574,0.2611793273157491,2.0,3.4,3.75,1.0607843137254902,0.47134935304990755,0.27726432532347506,0.2513863216266174,2.0,0.5139012800974256,0.027802560194851278,0.027802560194851278,1,1,1.0,-31.64
2012,31,2013-04-13,valladolid,getafe,2012|2013-04-13|valladolid|getafe,2012|2013-04-13|valladolid|getafe,H,H,0.40827864043593964,0.2968414318723432,0.2948799276917172,0.40827864043593964,1.0863726451745988,0.11143720856359646,2.3,3.2,3.2,1.0597826086956523,0.41025641025641024,0.2948717948717948,0.2948717948717948,2.3,0.40827864043593964,-0.06095912699733885,0.0,1,1,1.2999999999999998,-30.34
2012,31,2013-04-14,ath bilbao,real madrid,2012|2013-04-14|ath bilbao|real madrid,2012|2013-04-14|athbilbao|realmadrid,A,A,0.16809604538068953,0.2137095122234064,0.6181944423959042,0.6181944423959042,0.9268573767956592,0.40448493017249776,7.0,4.5,1.44,1.0595238095238095,0.1348314606741573,0.2097378277153558,0.6554307116104868,1.44,0.6181944423959042,-0.10980000294989806,0.0,1,1,0.43999999999999995,-29.900000000000002
2012,31,2013-04-14,ath madrid,granada,2012|2013-04-14|ath madrid|granada,2012|2013-04-14|athmadrid|granada,H,H,0.7606623860848539,0.15652383657225108,0.08281377734289491,0.7606623860848539,0.7046743571065565,0.6041385495126028,1.36,4.75,8.5,1.0634674922600618,0.6914119359534208,0.19796215429403205,0.11062590975254732,1.36,0.7606623860848539,0.03450084507540141,0.09583568076500389,1,1,0.3600000000000001,-29.54
2012,31,2013-04-14,vallecano,sociedad,2012|2013-04-14|vallecano|sociedad,2012|2013-04-14|vallecano|sociedad,A,H,0.40032412351064844,0.27734081917435127,0.32233505731500023,0.40032412351064844,1.0871169448663933,0.07798906619564822,2.5,3.4,2.7,1.064488017429194,0.375767498976668,0.2762996316004912,0.34793286942284074,2.5,0.40032412351064844,0.0008103087766211381,0.0005402058510807587,1,0,-1.0,-30.54
2012,31,2013-04-14,zaragoza,barcelona,2012|2013-04-14|zaragoza|barcelona,2012|2013-04-14|zaragoza|barcelona,A,A,0.1667316909350217,0.2398138152977281,0.5934544937672502,0.5934544937672502,0.9507678142891054,0.35364067846952213,7.5,4.75,1.4,1.0581453634085212,0.12600663192799622,0.19895783988630983,0.6750355281856941,1.4,0.5934544937672502,-0.1691637087258497,0.0,1,1,0.3999999999999999,-30.14
2012,31,2013-04-15,mallorca,celta,2012|2013-04-15|mallorca|celta,2012|2013-04-15|mallorca|celta,H,H,0.4867589321545935,0.29106757272920747,0.22217349511619905,0.4867589321545935,1.0439101576442171,0.195691359425386,2.05,3.4,3.5,1.0676368108218899,0.4569015166058744,0.2754847379535419,0.26761374544058353,2.05,0.4867589321545935,-0.0021441890830834476,0.0,1,1,1.0499999999999998,-29.09
2012,32,2013-04-19,mallorca,vallecano,2012|2013-04-19|mallorca|vallecano,2012|2013-04-19|mallorca|vallecano,D,H,0.45919301966360365,0.28756411363847795,0.25324286669791846,0.45919301966360365,1.0635820904995985,0.1716289060251257,2.2,3.5,3.1,1.0628403854210304,0.42767047694126925,0.2688214426487978,0.30350808040993305,2.2,0.45919301966360365,0.010224643259928112,0.008520536049940092,1,0,-1.0,-30.09
2012,32,2013-04-20,barcelona,levante,2012|2013-04-20|barcelona|levante,2012|2013-04-20|barcelona|levante,H,H,0.852837721140157,0.08696197308418999,0.06020030577565288,0.852837721140157,0.5173132320378251,0.765875748055967,1.2,6.5,13.0,1.064102564102564,0.783132530120482,0.14457831325301207,0.07228915662650603,1.2,0.852837721140157,0.02340526536818835,0.11702632684094177,1,1,0.19999999999999996,-29.89
2012,32,2013-04-20,granada,valladolid,2012|2013-04-20|granada|valladolid,2012|2013-04-20|granada|valladolid,D,H,0.5076050799717238,0.2781671491711723,0.21422777085710398,0.5076050799717238,1.0301705185839451,0.22943793080055147,2.1,3.25,3.6,1.0616605616605617,0.4485336400230017,0.2898217366302473,0.26164462334675104,2.1,0.5076050799717238,0.06597066794062001,0.059973334491472734,1,0,-1.0,-30.89
2012,32,2013-04-20,real madrid,betis,2012|2013-04-20|real madrid|betis,2012|2013-04-20|realmadrid|betis,H,H,0.8417860453413925,0.09380986627095186,0.06440408838765573,0.8417860453413925,0.5436132162409907,0.7479761790704406,1.25,6.0,10.0,1.0666666666666667,0.75,0.15625,0.09375,1.25,0.8417860453413925,0.052232556676740566,0.20893022670696226,1,1,0.25,-30.64
2012,32,2013-04-20,valencia,malaga,2012|2013-04-20|valencia|malaga,2012|2013-04-20|valencia|malaga,H,H,0.6615565914734662,0.22147767579677405,0.11696573272975974,0.6615565914734662,0.85818517529703,0.4400789156766922,1.57,3.8,6.0,1.0667672365627445,0.5970774629445346,0.24668726758497875,0.15623526947048655,1.57,0.6615565914734662,0.038643848613342024,0.06779622563744214,1,1,0.5700000000000001,-30.07
2012,32,2013-04-21,getafe,espanol,2012|2013-04-21|getafe|espanol,2012|2013-04-21|getafe|espanol,A,H,0.4669333818002271,0.2853502709148597,0.2477163472849132,0.4669333818002271,1.0591228419063874,0.18158311088536738,2.2,3.2,3.4,1.0611631016042782,0.4283464566929133,0.2944881889763779,0.27716535433070866,2.2,0.4669333818002271,0.02725343996049967,0.022711199967083054,1,0,-1.0,-31.07
2012,32,2013-04-21,la coruna,ath bilbao,2012|2013-04-21|la coruna|ath bilbao,2012|2013-04-21|lacoruna|athbilbao,D,H,0.501545789338424,0.25809218401572537,0.24036202664585068,0.501545789338424,1.0383291324936952,0.2434536053226986,2.1,3.4,3.4,1.0644257703081232,0.4473684210526316,0.27631578947368424,0.27631578947368424,2.1,0.501545789338424,0.0532461576106904,0.04840559782790036,1,0,-1.0,-32.07
2012,32,2013-04-21,osasuna,sociedad,2012|2013-04-21|osasuna|sociedad,2012|2013-04-21|osasuna|sociedad,D,A,0.327902123237241,0.2899818907838034,0.3821159859789556,0.3821159859789556,1.092210735591677,0.05421386274171458,2.88,3.3,2.4,1.066919191919192,0.32544378698224846,0.2840236686390532,0.3905325443786982,2.4,0.3821159859789556,-0.08292163365050664,0.0,1,0,-1.0,-33.07
2012,32,2013-04-21,sevilla,ath madrid,2012|2013-04-21|sevilla|ath madrid,2012|2013-04-21|sevilla|athmadrid,A,H,0.401737006578179,0.31157564473686233,0.2866873486849587,0.401737006578179,1.0878761493559117,0.09016136184131668,2.4,3.3,2.88,1.066919191919192,0.3905325443786982,0.2840236686390532,0.32544378698224846,2.4,0.401737006578179,-0.035831184212370415,0.0,1,0,-1.0,-34.07
2012,32,2013-04-22,celta,zaragoza,2012|2013-04-22|celta|zaragoza,2012|2013-04-22|celta|zaragoza,H,H,0.520971986978036,0.2763150152950408,0.20271299772692306,0.520971986978036,1.0186273035290345,0.24465697168299522,2.0,3.3,3.8,1.066188197767145,0.4689603590127151,0.2842183994016455,0.2468212415856395,2.0,0.520971986978036,0.04194397395607208,0.04194397395607208,1,1,1.0,-33.07
2012,33,2013-04-26,vallecano,osasuna,2012|2013-04-26|vallecano|osasuna,2012|2013-04-26|vallecano|osasuna,D,H,0.5992101756061106,0.23312340853157124,0.16766641586231815,0.5992101756061106,0.9457677130126818,0.36608676707453935,1.75,3.5,4.75,1.0676691729323307,0.5352112676056339,0.26760563380281693,0.1971830985915493,1.75,0.5992101756061106,0.048617807310693484,0.06482374308092465,1,0,-1.0,-34.07
2012,33,2013-04-27,ath bilbao,barcelona,2012|2013-04-27|ath bilbao|barcelona,2012|2013-04-27|athbilbao|barcelona,D,A,0.20497762264635852,0.2881193603270079,0.5069030170266335,0.5069030170266335,1.0277977425090867,0.21878365669962563,4.75,4.0,1.67,1.0593287109990546,0.19873558943845293,0.23599851245816286,0.5652658981033842,1.67,0.5069030170266335,-0.153471961565522,0.0,1,0,-1.0,-35.07
2012,33,2013-04-27,ath madrid,real madrid,2012|2013-04-27|ath madrid|real madrid,2012|2013-04-27|athmadrid|realmadrid,A,A,0.352413294775383,0.20275103652484558,0.44483566869977137,0.44483566869977137,1.0514343008206883,0.09242237392438835,2.63,3.5,2.5,1.065942422596415,0.3567060741948635,0.2680391357521402,0.3752547900529964,2.5,0.44483566869977137,0.11208917174942845,0.07472611449961897,1,1,1.5,-33.57
2012,33,2013-04-27,levante,celta,2012|2013-04-27|levante|celta,2012|2013-04-27|levante|celta,A,H,0.4767473747558272,0.30355249558914904,0.21970012965502383,0.4767473747558272,1.048008684921922,0.17319487916667814,2.05,3.3,3.6,1.0686129588568614,0.4564841498559078,0.28357348703170027,0.25994236311239194,2.05,0.4767473747558272,-0.022667881750554342,0.0,1,0,-1.0,-34.57
2012,33,2013-04-27,zaragoza,mallorca,2012|2013-04-27|zaragoza|mallorca,2012|2013-04-27|zaragoza|mallorca,H,H,0.4765205205052876,0.29126093520381624,0.23221854429089622,0.4765205205052876,1.0515557855037194,0.18525958530147135,2.1,3.3,3.5,1.064935064935065,0.4471544715447154,0.2845528455284553,0.26829268292682923,2.1,0.4765205205052876,0.0006930930611039887,0.000630084601003626,1,1,1.1,-33.47
2012,33,2013-04-28,espanol,granada,2012|2013-04-28|espanol|granada,2012|2013-04-28|espanol|granada,A,H,0.5123998494214865,0.23766532880902796,0.2499348217694855,0.5123998494214865,1.0306639210628474,0.262465027652001,1.95,3.5,3.8,1.0616926932716406,0.4830216088614491,0.26911203922280735,0.24786635191574358,1.95,0.5123998494214865,-0.0008202936281012652,0.0,1,0,-1.0,-34.47
2012,33,2013-04-28,malaga,getafe,2012|2013-04-28|malaga|getafe,2012|2013-04-28|malaga|getafe,H,H,0.6364197460326841,0.19522605266583143,0.16835420130148437,0.6364197460326841,0.9064710533514746,0.4411936933668527,1.67,3.75,5.0,1.0654690618762475,0.562008242787561,0.2502810041213938,0.18771075309104535,1.67,0.6364197460326841,0.06282097587458246,0.09376265055907831,1,1,0.6699999999999999,-33.8
2012,33,2013-04-28,sociedad,valencia,2012|2013-04-28|sociedad|valencia,2012|2013-04-28|sociedad|valencia,H,H,0.434327905532305,0.2233728708472605,0.3422992236204346,0.434327905532305,1.0639953329962704,0.09202868191187041,2.25,3.4,3.1,1.0611427366645583,0.41883568448241604,0.27717067355454006,0.3039936419630439,2.25,0.434327905532305,-0.0227622125523137,0.0,1,1,1.25,-32.55
2012,33,2013-04-28,valladolid,sevilla,2012|2013-04-28|valladolid|sevilla,2012|2013-04-28|valladolid|sevilla,D,A,0.30853969043605267,0.2519565189519893,0.43950379061195805,0.43950379061195805,1.0714550398010214,0.13096410017590537,3.0,3.4,2.3,1.0622335890878092,0.3138041733547351,0.2768860353130016,0.40930979133226325,2.3,0.43950379061195805,0.01085871840750352,0.008352860313464248,1,0,-1.0,-33.55
2012,33,2013-04-29,betis,la coruna,2012|2013-04-29|betis|la coruna,2012|2013-04-29|betis|lacoruna,D,H,0.570367924348383,0.21459114930313117,0.21504092634848587,0.570367924348383,0.9810089639868222,0.35532699799989714,1.91,3.6,3.8,1.0644958819387036,0.491838642410297,0.26094772416768536,0.2472136334220177,1.91,0.570367924348383,0.08940273550541156,0.09824476429166105,1,0,-1.0,-34.55
2012,34,2013-05-03,celta,ath bilbao,2012|2013-05-03|celta|ath bilbao,2012|2013-05-03|celta|athbilbao,D,H,0.42621333990058247,0.28504110692007667,0.28874555317934086,0.42621333990058247,1.0799250141555619,0.1374677867212416,2.4,3.4,2.8,1.0679271708683473,0.39016393442622954,0.2754098360655738,0.3344262295081967,2.4,0.42621333990058247,0.022912015761397897,0.016365725543855642,1,0,-1.0,-35.55
2012,34,2013-05-04,granada,malaga,2012|2013-05-04|granada|malaga,2012|2013-05-04|granada|malaga,H,H,0.4104170544075923,0.3279174350419324,0.2616655105504753,0.4104170544075923,1.0819474714794002,0.08249961936565992,2.5,3.3,2.8,1.0601731601731603,0.3772968558595345,0.2858309514087382,0.3368721927317272,2.5,0.4104170544075923,0.026042636018980714,0.017361757345987144,1,1,1.5,-34.05
2012,34,2013-05-04,la coruna,ath madrid,2012|2013-05-04|la coruna|ath madrid,2012|2013-05-04|lacoruna|athmadrid,D,A,0.2532268097442884,0.3527575783265024,0.39401561192920925,0.39401561192920925,1.0823359007503004,0.041258033602706856,3.4,3.4,2.1,1.0644257703081232,0.27631578947368424,0.27631578947368424,0.4473684210526316,2.1,0.39401561192920925,-0.17256721494866045,0.0,1,0,-1.0,-35.05
2012,34,2013-05-04,real madrid,valladolid,2012|2013-05-04|real madrid|valladolid,2012|2013-05-04|realmadrid|valladolid,H,H,0.8739695889485384,0.07683474905902182,0.0491956619924397,0.8739695889485384,0.46307256357441084,0.7971348398895166,1.18,7.0,13.0,1.067237846898864,0.794066317626527,0.1338568935427574,0.07207678883071553,1.18,0.8739695889485384,0.031284114959275244,0.1738006386626403,1,1,0.17999999999999994,-34.87
2012,34,2013-05-04,valencia,osasuna,2012|2013-05-04|valencia|osasuna,2012|2013-05-04|valencia|osasuna,H,H,0.7407298417578363,0.16956798103780962,0.08970217720435407,0.7407298417578363,0.739501233074016,0.5711618607200266,1.4,4.5,7.5,1.0698412698412698,0.6676557863501484,0.20771513353115725,0.12462908011869436,1.4,0.7407298417578363,0.03702177846097077,0.09255444615242693,1,1,0.3999999999999999,-34.47
2012,34,2013-05-05,barcelona,betis,2012|2013-05-05|barcelona|betis,2012|2013-05-05|barcelona|betis,H,H,0.8765817178803469,0.06752706639114446,0.055891215728508574,0.8765817178803469,0.45867850778024943,0.8090546514892024,1.2,7.0,12.0,1.0595238095238095,0.7865168539325843,0.1348314606741573,0.07865168539325842,1.2,0.8765817178803469,0.051898061456416233,0.2594903072820812,1,1,0.19999999999999996,-34.27
2012,34,2013-05-05,mallorca,levante,2012|2013-05-05|mallorca|levante,2012|2013-05-05|mallorca|levante,D,H,0.5311970462649618,0.3036011204724657,0.1652018332625726,0.5311970462649618,0.9954122367864131,0.2275959257924961,1.75,3.5,4.75,1.0676691729323307,0.5352112676056339,0.26760563380281693,0.1971830985915493,1.75,0.5311970462649618,-0.07040516903631688,0.0,1,0,-1.0,-35.27
2012,34,2013-05-05,sevilla,espanol,2012|2013-05-05|sevilla|espanol,2012|2013-05-05|sevilla|espanol,H,H,0.6680876928402096,0.2166293738510438,0.11528293330874655,0.6680876928402096,0.849866240160903,0.45145831898916583,1.57,3.8,6.0,1.0667672365627445,0.5970774629445346,0.24668726758497875,0.15623526947048655,1.57,0.6680876928402096,0.04889767775912918,0.0857853995774196,1,1,0.5700000000000001,-34.7
2012,34,2013-05-05,zaragoza,vallecano,2012|2013-05-05|zaragoza|vallecano,2012|2013-05-05|zaragoza|vallecano,H,H,0.48398661154237427,0.28818353164104576,0.22782985681657988,0.48398661154237427,1.0467698425999519,0.1958030799013285,2.0,3.5,3.6,1.0634920634920635,0.4701492537313433,0.26865671641791045,0.2611940298507463,2.0,0.48398661154237427,-0.03202677691525141,0.0,1,1,1.0,-33.7
2012,34,2013-05-06,getafe,sociedad,2012|2013-05-06|getafe|sociedad,2012|2013-05-06|getafe|sociedad,H,A,0.275995814386666,0.3077015971385527,0.41630258847478135,0.41630258847478135,1.08279717110932,0.10860099133622864,3.4,3.5,2.05,1.0676368108218897,0.27548473795354195,0.2676137454405836,0.4569015166058745,2.05,0.41630258847478135,-0.14657969362669837,0.0,1,0,-1.0,-34.7
2012,35,2013-05-10,levante,zaragoza,2012|2013-05-10|levante|zaragoza,2012|2013-05-10|levante|zaragoza,D,H,0.3589831073352088,0.30161798846359605,0.33939890420119523,0.3589831073352088,1.096035887223066,0.019584203134013545,2.75,3.3,2.55,1.058823529411765,0.34343434343434337,0.2861952861952861,0.37037037037037035,2.75,0.3589831073352088,-0.012796454828175818,0.0,1,0,-1.0,-35.7
2012,35,2013-05-11,ath bilbao,mallorca,2012|2013-05-11|ath bilbao|mallorca,2012|2013-05-11|athbilbao|mallorca,H,H,0.5261660587402822,0.28847404267461657,0.18535989858510127,0.5261660587402822,1.0089039375544373,0.23769201606566565,1.8,3.6,4.33,1.0642802155504234,0.5220012055455093,0.26100060277275466,0.21699819168173598,1.8,0.5261660587402822,-0.05290109426749201,0.0,1,1,0.8,-34.9
2012,35,2013-05-11,espanol,real madrid,2012|2013-05-11|espanol|real madrid,2012|2013-05-11|espanol|realmadrid,D,A,0.15950151472553437,0.2110181042701653,0.6294803810043004,0.6294803810043004,0.912463250098424,0.41846227673413505,6.0,4.33,1.5,1.0642802155504234,0.1566003616636528,0.21699819168173598,0.6264014466546112,1.5,0.6294803810043004,-0.05577942849354944,0.0,1,0,-1.0,-35.9
2012,35,2013-05-11,osasuna,getafe,2012|2013-05-11|osasuna|getafe,2012|2013-05-11|osasuna|getafe,H,H,0.5482612341041966,0.2799549656158994,0.17178380027990406,0.5482612341041966,0.988525312990866,0.2683062684882972,1.85,3.4,4.33,1.065605069816454,0.5072616073735894,0.2760099922473943,0.21672840037901628,1.85,0.5482612341041966,0.014283283092763721,0.016803862462074964,1,1,0.8500000000000001,-35.05
2012,35,2013-05-11,valladolid,la coruna,2012|2013-05-11|valladolid|la coruna,2012|2013-05-11|valladolid|lacoruna,H,H,0.3878419912421043,0.2706810153799637,0.341476993377932,0.3878419912421043,1.0879856400266013,0.04636499786417225,2.5,3.3,2.8,1.0601731601731603,0.3772968558595345,0.2858309514087382,0.3368721927317272,2.5,0.3878419912421043,-0.030395021894739305,0.0,1,1,1.5,-33.55
2012,35,2013-05-12,ath madrid,barcelona,2012|2013-05-12|ath madrid|barcelona,2012|2013-05-12|athmadrid|barcelona,A,A,0.2163299439633874,0.23328975972925067,0.5503802963073618,0.5503802963073618,0.9993948960921295,0.31709053657811115,4.0,3.5,1.91,1.0592744951383695,0.23601059135039718,0.26972639011473964,0.4942630185348632,1.91,0.5503802963073618,0.05122636594706109,0.056292709831935274,1,1,0.9099999999999999,-32.64
2012,35,2013-05-12,betis,celta,2012|2013-05-12|betis|celta,2012|2013-05-12|betis|celta,H,H,0.6002329115823386,0.221726140234289,0.17804094818337246,0.6002329115823386,0.9476228885588738,0.3785067713480496,1.91,3.5,4.0,1.0592744951383695,0.4942630185348632,0.26972639011473964,0.23601059135039718,1.91,0.6002329115823386,0.14644486112226673,0.16092841881567774,1,1,0.9099999999999999,-31.73
2012,35,2013-05-12,malaga,sevilla,2012|2013-05-12|malaga|sevilla,2012|2013-05-12|malaga|sevilla,D,H,0.374852552743529,0.25248270238588316,0.37266474487058776,0.374852552743529,1.083182576860051,0.002187807872941261,2.63,3.3,2.63,1.0634865767945616,0.35752979414951247,0.28494041170097506,0.35752979414951247,2.63,0.374852552743529,-0.014137786284518672,0.0,1,0,-1.0,-32.730000000000004
2012,35,2013-05-12,vallecano,valencia,2012|2013-05-12|vallecano|valencia,2012|2013-05-12|vallecano|valencia,A,A,0.27127044498166836,0.2956638451964246,0.4330657098219069,0.4330657098219069,1.0766037826295265,0.13740186462548232,3.6,3.3,2.05,1.0686129588568614,0.25994236311239194,0.28357348703170027,0.4564841498559078,2.05,0.4330657098219069,-0.11221529486509102,0.0,1,1,1.0499999999999998,-31.68
2012,35,2013-05-13,sociedad,granada,2012|2013-05-13|sociedad|granada,2012|2013-05-13|sociedad|granada,D,H,0.7314762312562342,0.1545391466771692,0.11398462206659658,0.7314762312562342,0.7648373281010481,0.576937084579065,1.44,4.33,7.0,1.0682484695186774,0.6500776404176282,0.2161921021250311,0.13373025745734066,1.44,0.7314762312562342,0.05332577300897717,0.12119493865676632,1,0,-1.0,-32.68
2012,36,2013-05-08,celta,ath madrid,2012|2013-05-08|celta|ath madrid,2012|2013-05-08|celta|athmadrid,A,D,0.23814247878488848,0.3973657258861314,0.3644917953289803,0.3973657258861314,1.0762992486700096,0.0328739305571511,3.4,3.2,2.2,1.0611631016042782,0.27716535433070866,0.2944881889763779,0.4283464566929133,3.2,0.3973657258861314,0.27157032283562055,0.12344105583437297,1,0,-1.0,-33.68
2012,36,2013-05-08,real madrid,malaga,2012|2013-05-08|real madrid|malaga,2012|2013-05-08|realmadrid|malaga,H,H,0.8796192779632925,0.07368763999568466,0.04669308204102282,0.8796192779632925,0.44807186229214957,0.8059316379676079,1.2,6.5,12.0,1.0705128205128205,0.7784431137724551,0.14371257485029942,0.07784431137724551,1.2,0.8796192779632925,0.055543133555951,0.2777156677797551,1,1,0.19999999999999996,-33.480000000000004
2012,36,2013-05-18,getafe,valencia,2012|2013-05-18|getafe|valencia,2012|2013-05-18|getafe|valencia,A,A,0.19991687835716446,0.26251548181044254,0.537567639832393,0.537567639832393,1.006605586615325,0.27505215802195043,4.5,3.75,1.75,1.0603174603174603,0.20958083832335328,0.25149700598802394,0.5389221556886227,1.75,0.537567639832393,-0.059256630293312296,0.0,1,1,0.75,-32.730000000000004
2012,36,2013-05-18,granada,osasuna,2012|2013-05-18|granada|osasuna,2012|2013-05-18|granada|osasuna,H,H,0.4495307358721521,0.3394223748814697,0.21104688924637816,0.4495307358721521,1.0544924012225223,0.11010836099068239,2.1,3.2,3.6,1.066468253968254,0.44651162790697674,0.2930232558139535,0.26046511627906976,2.1,0.4495307358721521,-0.055985454668480594,0.0,1,1,1.1,-31.630000000000003
2012,36,2013-05-18,sevilla,sociedad,2012|2013-05-18|sevilla|sociedad,2012|2013-05-18|sevilla|sociedad,A,H,0.49765762837443245,0.28680520421827643,0.21553716740729112,0.49765762837443245,1.036260859131218,0.21085242415615602,1.91,3.6,3.75,1.0680046538685282,0.49022277901846506,0.2600904188681301,0.24968680211340488,1.91,0.49765762837443245,-0.049473929804834005,0.0,1,0,-1.0,-32.63
2012,36,2013-05-19,barcelona,valladolid,2012|2013-05-19|barcelona|valladolid,2012|2013-05-19|barcelona|valladolid,H,H,0.8477494956017587,0.0779648484928371,0.07428565590540416,0.8477494956017587,0.5320805834138781,0.7697846471089216,1.29,5.5,10.0,1.0570119802677942,0.7333822254816987,0.17201146743116208,0.09460630708713914,1.29,0.8477494956017587,0.09359684932626877,0.3227477562974785,1,1,0.29000000000000004,-32.34
2012,36,2013-05-19,la coruna,espanol,2012|2013-05-19|la coruna|espanol,2012|2013-05-19|lacoruna|espanol,H,H,0.6689300983227746,0.23498587832755402,0.09608402334967146,0.6689300983227746,0.8343540315871903,0.4339442199952206,1.57,4.0,5.5,1.0687608569774174,0.5959637003927942,0.23391575240417176,0.17012054720303402,1.57,0.6689300983227746,0.0502202543667562,0.08810570941536175,1,1,0.5700000000000001,-31.77
2012,36,2013-05-19,levante,vallecano,2012|2013-05-19|levante|vallecano,2012|2013-05-19|levante|vallecano,A,H,0.35326405742584044,0.3148341353770115,0.3319018071971481,0.35326405742584044,1.0975017933497566,0.021362250228692314,2.5,3.3,2.75,1.0666666666666669,0.37499999999999994,0.28409090909090906,0.34090909090909083,2.5,0.35326405742584044,-0.11683985643539885,0.0,1,0,-1.0,-32.77
2012,36,2013-05-19,zaragoza,ath bilbao,2012|2013-05-19|zaragoza|ath bilbao,2012|2013-05-19|zaragoza|athbilbao,A,H,0.5456315539951903,0.27948342283610117,0.17488502316870863,0.5456315539951903,0.9917728541039548,0.2661481311590891,1.85,3.5,4.2,1.0643500643500643,0.5078597339782346,0.26844014510278114,0.22370012091898428,1.85,0.5456315539951903,0.009418374891102033,0.011080441048355332,1,0,-1.0,-33.77
2012,36,2013-05-20,mallorca,betis,2012|2013-05-20|mallorca|betis,2012|2013-05-20|mallorca|betis,H,H,0.3656488817799505,0.35816476012071335,0.27618635809933617,0.3656488817799505,1.0909859991665194,0.00748412165923712,2.5,3.4,2.7,1.064488017429194,0.375767498976668,0.2762996316004912,0.34793286942284074,2.5,0.3656488817799505,-0.08587779555012387,0.0,1,1,1.5,-32.27
2012,37,2013-05-26,ath bilbao,levante,2012|2013-05-26|ath bilbao|levante,2012|2013-05-26|athbilbao|levante,A,H,0.6384669358765767,0.240758769718748,0.12077429440467531,0.6384669358765767,0.884598141001592,0.39770816615782867,1.45,4.33,7.0,1.063459197488026,0.6485017704889973,0.2171657199097104,0.13433250960129228,1.45,0.6384669358765767,-0.07422294297896387,0.0,1,0,-1.0,-33.27
2012,37,2013-05-26,ath madrid,mallorca,2012|2013-05-26|ath madrid|mallorca,2012|2013-05-26|athmadrid|mallorca,D,H,0.7046481201977137,0.13203919029205202,0.16331268951023423,0.7046481201977137,0.8099378747660493,0.5413354306874795,1.62,4.1,5.0,1.0611863896416742,0.5816922989614663,0.22983939617501845,0.18846830486351512,1.62,0.7046481201977137,0.14152995472029628,0.22827412051660687,1,0,-1.0,-34.27
2012,37,2013-05-26,betis,zaragoza,2012|2013-05-26|betis|zaragoza,2012|2013-05-26|betis|zaragoza,H,H,0.5235757541390966,0.2388244147924199,0.23759983106848354,0.5235757541390966,1.0222656848721008,0.28475133934667674,2.0,3.5,3.6,1.0634920634920635,0.4701492537313433,0.26865671641791045,0.2611940298507463,2.0,0.5235757541390966,0.047151508278193255,0.047151508278193255,1,1,1.0,-33.27
2012,37,2013-05-26,espanol,barcelona,2012|2013-05-26|espanol|barcelona,2012|2013-05-26|espanol|barcelona,A,A,0.14935571195304087,0.2718192803482943,0.5788250076986649,0.5788250076986649,0.9545407661333019,0.30700572735037057,5.5,4.1,1.57,1.0626632960018076,0.1710966987400989,0.22951996172452294,0.5993833395353783,1.57,0.5788250076986649,-0.09124473791309617,0.0,1,1,0.5700000000000001,-32.7
2012,37,2013-05-26,getafe,vallecano,2012|2013-05-26|getafe|vallecano,2012|2013-05-26|getafe|vallecano,A,H,0.5151616527252098,0.24372077768671152,0.24111756958807862,0.5151616527252098,1.0287447034472939,0.27144087503849823,2.1,3.5,3.3,1.0649350649350648,0.44715447154471544,0.2682926829268293,0.28455284552845533,2.1,0.5151616527252098,0.08183947072294051,0.07439951883903682,1,0,-1.0,-33.7
2012,37,2013-05-26,malaga,la coruna,2012|2013-05-26|malaga|la coruna,2012|2013-05-26|malaga|lacoruna,H,H,0.43204446497607374,0.23542394889027654,0.3325315861336498,0.43204446497607374,1.069216862664895,0.09951287884242394,2.38,3.4,2.88,1.0615079365079365,0.3958218801539307,0.27707531610775155,0.32710280373831774,2.38,0.43204446497607374,0.028265826643055436,0.020482483074677853,1,1,1.38,-32.32
2012,37,2013-05-26,osasuna,sevilla,2012|2013-05-26|osasuna|sevilla,2012|2013-05-26|osasuna|sevilla,H,H,0.3936732779633121,0.309903317035851,0.296423405000837,0.3936732779633121,1.090486664463992,0.08376996092746108,2.38,3.4,2.88,1.0615079365079365,0.3958218801539307,0.27707531610775155,0.32710280373831774,2.38,0.3936732779633121,-0.06305759844731729,0.0,1,1,1.38,-30.94
2012,37,2013-05-26,sociedad,real madrid,2012|2013-05-26|sociedad|real madrid,2012|2013-05-26|sociedad|realmadrid,D,A,0.34277076780227006,0.2750589832254822,0.38217024897224766,0.38217024897224766,1.0896455891397383,0.0393994811699776,2.5,3.6,2.6,1.0623931623931624,0.3765084473049075,0.2614641995172969,0.3620273531777956,2.6,0.38217024897224766,-0.006357352672156091,0.0,1,0,-1.0,-31.94
2012,37,2013-05-26,valencia,granada,2012|2013-05-26|valencia|granada,2012|2013-05-26|valencia|granada,H,H,0.8353811032663779,0.10787866052234281,0.05674023621127926,0.8353811032663779,0.5532794654515831,0.7275024427440351,1.25,6.0,11.0,1.0575757575757576,0.7564469914040115,0.15759312320916904,0.08595988538681948,1.25,0.8353811032663779,0.04422637908297242,0.17690551633188967,1,1,0.25,-31.69
2012,37,2013-05-26,valladolid,celta,2012|2013-05-26|valladolid|celta,2012|2013-05-26|valladolid|celta,A,A,0.36820820042722474,0.24783799319198588,0.38395380638078946,0.38395380638078946,1.0811416032194034,0.015745605953564723,3.0,3.4,2.3,1.0622335890878092,0.3138041733547351,0.2768860353130016,0.40930979133226325,2.3,0.38395380638078946,-0.11690624532418431,0.0,1,1,1.2999999999999998,-30.39
2012,38,2013-06-01,barcelona,malaga,2012|2013-06-01|barcelona|malaga,2012|2013-06-01|barcelona|malaga,H,H,0.8274246242821973,0.09929146208068901,0.07328391363711367,0.8274246242821973,0.5775993366943842,0.7281331622015084,1.25,6.0,10.0,1.0666666666666667,0.75,0.15625,0.09375,1.25,0.8274246242821973,0.03428078035274665,0.1371231214109866,1,1,0.25,-30.14
2012,38,2013-06-01,celta,espanol,2012|2013-06-01|celta|espanol,2012|2013-06-01|celta|espanol,H,H,0.6795218681884758,0.2124321189542462,0.10804601285727786,0.6795218681884758,0.8320533947859533,0.46708974923422963,1.44,4.5,6.5,1.0705128205128205,0.6487025948103793,0.20758483033932135,0.14371257485029942,1.44,0.6795218681884758,-0.021488509808594847,0.0,1,1,0.43999999999999995,-29.700000000000003
2012,38,2013-06-01,granada,getafe,2012|2013-06-01|granada|getafe,2012|2013-06-01|granada|getafe,H,H,0.5141855752509379,0.2731203445331334,0.21269408021592873,0.5141855752509379,1.0257178632746728,0.2410652307178045,1.95,3.6,3.6,1.0683760683760686,0.48,0.25999999999999995,0.25999999999999995,1.95,0.5141855752509379,0.0026618717393288582,0.002801970251925114,1,1,0.95,-28.75
2012,38,2013-06-01,la coruna,sociedad,2012|2013-06-01|la coruna|sociedad,2012|2013-06-01|lacoruna|sociedad,A,H,0.3524537497871639,0.34492311891514393,0.30262313129769214,0.3524537497871639,1.0964146695631798,0.007530630872019939,2.6,3.5,2.6,1.0549450549450547,0.36458333333333337,0.27083333333333337,0.36458333333333337,2.6,0.3524537497871639,-0.08362025055337396,0.0,1,0,-1.0,-29.75
2012,38,2013-06-01,levante,betis,2012|2013-06-01|levante|betis,2012|2013-06-01|levante|betis,D,A,0.21757595971290158,0.3131546199252218,0.4692694203618765,0.4692694203618765,1.0504781977237672,0.1561148004366547,3.2,3.4,2.2,1.0611631016042782,0.2944881889763779,0.27716535433070866,0.4283464566929133,2.2,0.4692694203618765,0.032392724796128536,0.02699393733010711,1,0,-1.0,-30.75
2012,38,2013-06-01,mallorca,valladolid,2012|2013-06-01|mallorca|valladolid,2012|2013-06-01|mallorca|valladolid,H,H,0.6551339424199925,0.23676013924900205,0.10810591833100543,0.6551339424199925,0.8586656683786381,0.4183738031709904,1.5,4.33,6.0,1.0642802155504234,0.6264014466546112,0.21699819168173598,0.1566003616636528,1.5,0.6551339424199925,-0.01729908637001132,0.0,1,1,0.5,-30.25
2012,38,2013-06-01,real madrid,osasuna,2012|2013-06-01|real madrid|osasuna,2012|2013-06-01|realmadrid|osasuna,H,H,0.8552848052095442,0.08347193866719187,0.061243256123264006,0.8552848052095442,0.5120264100214809,0.7718128665423524,1.25,6.0,10.0,1.0666666666666667,0.75,0.15625,0.09375,1.25,0.8552848052095442,0.06910600651193025,0.276424026047721,1,1,0.25,-30.0
2012,38,2013-06-01,sevilla,valencia,2012|2013-06-01|sevilla|valencia,2012|2013-06-01|sevilla|valencia,H,A,0.25432012739017046,0.28770149477423723,0.4579783778355923,0.4579783778355923,1.0642835607466659,0.17027688306135508,3.3,3.5,2.1,1.064935064935065,0.2845528455284553,0.26829268292682923,0.4471544715447154,2.1,0.4579783778355923,-0.0382454065452561,0.0,1,0,-1.0,-31.0
2012,38,2013-06-01,vallecano,ath bilbao,2012|2013-06-01|vallecano|ath bilbao,2012|2013-06-01|vallecano|athbilbao,D,H,0.5145710037503742,0.25252957334192416,0.2328994229077016,0.5145710037503742,1.0287992144531533,0.26204143040845007,2.05,3.6,3.4,1.059700302885382,0.4603234298608499,0.26212861978187285,0.27754795035727714,2.05,0.5145710037503742,0.054870557688267096,0.05225767398882582,1,0,-1.0,-32.0
2012,38,2013-06-01,zaragoza,ath madrid,2012|2013-06-01|zaragoza|ath madrid,2012|2013-06-01|zaragoza|athmadrid,A,H,0.3926834270950547,0.36271545287949636,0.2446011200254489,0.3926834270950547,1.0793337704734052,0.029967974215558357,2.2,3.5,3.1,1.0628403854210304,0.42767047694126925,0.2688214426487978,0.30350808040993305,2.2,0.3926834270950547,-0.13609646039087953,0.0,1,0,-1.0,-33.0
