Season,Matchday,Date,HomeTeam_norm,AwayTeam_norm,pred_key,pred_key_match,y_true,y_pred,proba_H,proba_D,proba_A,conf_maxprob,entropy,margin_top12,B365H,B365D,B365A,overround,pH_mkt,pD_mkt,pA_mkt,odds_pick,p_pick,ev_pick,kelly_pick,bet_placed,correct,profit,cum_profit_season
2019,1,2019-08-16,ath bilbao,barcelona,2019|2019-08-16|ath bilbao|barcelona,2019|2019-08-16|athbilbao|barcelona,H,A,0.16106695188264453,0.24266545872901255,0.5962675893883429,0.5962675893883429,0.9460389891236112,0.3536021306593303,5.25,3.8,1.65,1.0596946912736387,0.1797462911201892,0.24833369167920874,0.571920017200602,1.65,0.5962675893883429,-0.01615847750923427,0.0,1,0,-1.0,-1.0
2019,1,2019-08-17,celta,real madrid,2019|2019-08-17|celta|real madrid,2019|2019-08-17|celta|realmadrid,A,A,0.1985583184290701,0.21204008464439478,0.5894015969265352,0.5894015969265352,0.9614593572549583,0.3773615122821404,4.75,4.2,1.65,1.0546821599453178,0.19961114711600778,0.22575070209548498,0.5746381507885073,1.65,0.5894015969265352,-0.027487365071217074,0.0,1,1,0.6499999999999999,-0.3500000000000001
2019,1,2019-08-17,leganes,osasuna,2019|2019-08-17|leganes|osasuna,2019|2019-08-17|leganes|osasuna,A,D,0.3471275879378866,0.3919760946205807,0.2608963174415327,0.3919760946205807,1.0849384537580535,0.04484850668269408,2.0,3.2,4.2,1.0505952380952381,0.4759206798866855,0.29745042492917845,0.22662889518413595,3.2,0.3919760946205807,0.25432350278585825,0.11560159217539011,1,0,-1.0,-1.35
2019,1,2019-08-17,mallorca,eibar,2019|2019-08-17|mallorca|eibar,2019|2019-08-17|mallorca|eibar,H,A,0.35032861721392183,0.2439339842943491,0.405737398491729,0.405737398491729,1.0776051562116207,0.055408781277807184,2.8,3.2,2.6,1.0542582417582418,0.33876221498371334,0.29641693811074915,0.3648208469055374,2.6,0.405737398491729,0.05491723607849541,0.03432327254905963,1,0,-1.0,-2.35
2019,1,2019-08-17,valencia,sociedad,2019|2019-08-17|valencia|sociedad,2019|2019-08-17|valencia|sociedad,D,H,0.4626297100340035,0.36078715969901987,0.17658313026697667,0.4626297100340035,1.030607414614392,0.10184255033498363,1.66,3.75,5.5,1.0508944870390655,0.5732351306281267,0.25375208449138403,0.17301278488048913,1.66,0.4626297100340035,-0.2320346813435542,0.0,1,0,-1.0,-3.35
2019,1,2019-08-17,villarreal,granada,2019|2019-08-17|villarreal|granada,2019|2019-08-17|villarreal|granada,D,H,0.4380426198020746,0.37869354153339196,0.18326383866453339,0.4380426198020746,1.0402668138363582,0.05934907826868263,1.6,3.8,6.5,1.0420040485829958,0.5998057309373483,0.25254978144730456,0.1476444876153473,1.6,0.4380426198020746,-0.2991318083166806,0.0,1,0,-1.0,-4.35
2019,1,2019-08-18,alaves,levante,2019|2019-08-18|alaves|levante,2019|2019-08-18|alaves|levante,H,H,0.40493867503661024,0.3036278461878334,0.2914334787755563,0.40493867503661024,1.087303506186009,0.10131082884877685,2.15,3.2,3.6,1.055394056847545,0.4407039020657996,0.2960979342004591,0.26319816373374144,2.15,0.40493867503661024,-0.12938184867128805,0.0,1,1,1.15,-3.2
2019,1,2019-08-18,ath madrid,getafe,2019|2019-08-18|ath madrid|getafe,2019|2019-08-18|athmadrid|getafe,H,H,0.5734875315315806,0.2913044487595808,0.13520801970883853,0.5734875315315806,0.9487041836294335,0.2821830827719998,1.44,4.33,8.0,1.0503913266615346,0.661129263749351,0.2198674687757657,0.11900326747488318,1.44,0.5734875315315806,-0.17417795459452395,0.0,1,1,0.43999999999999995,-2.7600000000000002
2019,1,2019-08-18,betis,valladolid,2019|2019-08-18|betis|valladolid,2019|2019-08-18|betis|valladolid,A,H,0.618913270380679,0.27468557856166215,0.10640115105765877,0.618913270380679,0.8902733721989875,0.34422769181901686,1.66,3.75,5.5,1.0508944870390655,0.5732351306281267,0.25375208449138403,0.17301278488048913,1.66,0.618913270380679,0.0273960288319271,0.04150913459382894,1,0,-1.0,-3.7600000000000002
2019,1,2019-08-18,espanol,sevilla,2019|2019-08-18|espanol|sevilla,2019|2019-08-18|espanol|sevilla,A,A,0.22390120916720063,0.3386229181148595,0.4374758727179399,0.4374758727179399,1.0634394559026052,0.09885295460308041,3.2,3.3,2.3,1.050312911725955,0.29753038024304196,0.28851430811446493,0.4139553116424932,2.3,0.4374758727179399,0.006194507251261805,0.0047650055778936965,1,1,1.2999999999999998,-2.4600000000000004
2019,2,2019-08-23,granada,sevilla,2019|2019-08-23|granada|sevilla,2019|2019-08-23|granada|sevilla,A,A,0.3022381992392622,0.22071056649190804,0.4770512342688297,0.4770512342688297,1.0481929118674835,0.17481303502956752,3.6,3.6,1.95,1.0683760683760686,0.25999999999999995,0.25999999999999995,0.48,1.95,0.4770512342688297,-0.06975009317578201,0.0,1,1,0.95,-1.5100000000000005
2019,2,2019-08-23,levante,villarreal,2019|2019-08-23|levante|villarreal,2019|2019-08-23|levante|villarreal,H,D,0.28292996983250146,0.3590857466686582,0.3579842834988403,0.3590857466686582,1.092733538800415,0.0011014631698179067,2.55,3.4,2.62,1.0679538991168986,0.3672039243167485,0.2754029432375613,0.35739313244569026,3.4,0.3590857466686582,0.22089153867343791,0.09203814111393246,1,0,-1.0,-2.5100000000000007
2019,2,2019-08-24,celta,valencia,2019|2019-08-24|celta|valencia,2019|2019-08-24|celta|valencia,H,A,0.3148270552603442,0.24501746027627658,0.4401554844633793,0.4401554844633793,1.0696581055385355,0.1253284292030351,3.1,3.4,2.25,1.0611427366645583,0.3039936419630439,0.27717067355454006,0.41883568448241604,2.25,0.4401554844633793,-0.009650159957396598,0.0,1,0,-1.0,-3.5100000000000007
2019,2,2019-08-24,getafe,ath bilbao,2019|2019-08-24|getafe|ath bilbao,2019|2019-08-24|getafe|athbilbao,D,A,0.3161134180580348,0.3333972265439029,0.35048935539806236,0.35048935539806236,1.0977255224566955,0.01709212885415945,2.6,3.0,2.9,1.0627763041556144,0.36189683860232946,0.3136439267886855,0.32445923460898507,2.9,0.35048935539806236,0.01641913065438083,0.008641647712832016,1,0,-1.0,-4.510000000000001
2019,2,2019-08-24,osasuna,eibar,2019|2019-08-24|osasuna|eibar,2019|2019-08-24|osasuna|eibar,D,D,0.32586551121664004,0.36094599914796627,0.3131884896353938,0.36094599914796627,1.0967932800033589,0.03508048793132623,2.5,3.2,2.9,1.0573275862068967,0.3783122706889523,0.29555646147574394,0.32613126783530366,3.2,0.36094599914796627,0.155027197273492,0.07046690785158727,1,1,2.2,-2.3100000000000005
2019,2,2019-08-24,real madrid,valladolid,2019|2019-08-24|real madrid|valladolid,2019|2019-08-24|realmadrid|valladolid,D,H,0.7319386318705695,0.19093561353048696,0.07712575459894352,0.7319386318705695,0.7421832770093212,0.5410030183400826,1.2,6.5,13.0,1.064102564102564,0.783132530120482,0.14457831325301207,0.07228915662650603,1.2,0.7319386318705695,-0.12167364175531661,0.0,1,0,-1.0,-3.3100000000000005
2019,2,2019-08-25,alaves,espanol,2019|2019-08-25|alaves|espanol,2019|2019-08-25|alaves|espanol,D,H,0.4349049786869402,0.21834162687135336,0.34675339444170644,0.4349049786869402,1.0616240427173194,0.08815158424523378,2.45,3.2,3.0,1.0539965986394557,0.3872529245663574,0.2964905203711174,0.3162565550625252,2.45,0.4349049786869402,0.06551719778300358,0.04518427433310591,1,0,-1.0,-4.3100000000000005
2019,2,2019-08-25,barcelona,betis,2019|2019-08-25|barcelona|betis,2019|2019-08-25|barcelona|betis,H,H,0.6351323708063236,0.2670958355883762,0.09777179360530021,0.6351323708063236,0.8682374931688268,0.3680365352179474,1.25,6.0,10.0,1.0666666666666667,0.75,0.15625,0.09375,1.25,0.6351323708063236,-0.20608453649209554,0.0,1,1,0.25,-4.0600000000000005
2019,2,2019-08-25,leganes,ath madrid,2019|2019-08-25|leganes|ath madrid,2019|2019-08-25|leganes|athmadrid,A,A,0.22436654019836225,0.22436781376927256,0.5512656460323653,0.5512656460323653,0.9989205512795002,0.3268978322630927,4.75,3.4,1.8,1.0601995184038528,0.19857235561323813,0.2774172615184945,0.5240103828682673,1.8,0.5512656460323653,-0.00772183714174246,0.0,1,1,0.8,-3.2600000000000007
2019,2,2019-08-25,mallorca,sociedad,2019|2019-08-25|mallorca|sociedad,2019|2019-08-25|mallorca|sociedad,A,A,0.296111064351162,0.2526596572145855,0.4512292784342525,0.4512292784342525,1.0670392870602483,0.15511821408309046,3.1,3.1,2.4,1.0618279569892473,0.3037974683544304,0.3037974683544304,0.3924050632911393,2.4,0.4512292784342525,0.08295026824220586,0.059250191601575616,1,1,1.4,-1.8600000000000005
2019,3,2019-08-30,ath bilbao,sociedad,2019|2019-08-30|ath bilbao|sociedad,2019|2019-08-30|athbilbao|sociedad,H,D,0.3337429751830428,0.3827216594784558,0.2835353653385015,0.3827216594784558,1.0912014183056753,0.04897868429541302,2.3,3.1,3.4,1.0514809009157662,0.41349548842683403,0.3067869752844252,0.27971753628874063,3.1,0.3827216594784558,0.18643714438321313,0.08877959256343482,1,0,-1.0,-2.8600000000000003
2019,3,2019-08-30,sevilla,celta,2019|2019-08-30|sevilla|celta,2019|2019-08-30|sevilla|celta,D,H,0.5846032524555003,0.2509934663034611,0.16440328124103853,0.5846032524555003,0.9576022789042093,0.3336097861520392,1.53,4.2,6.0,1.0583566760037348,0.6175562417291575,0.22496691662990734,0.15747684164093514,1.53,0.5846032524555003,-0.10555702374308457,0.0,1,0,-1.0,-3.8600000000000003
2019,3,2019-08-31,betis,leganes,2019|2019-08-31|betis|leganes,2019|2019-08-31|betis|leganes,H,D,0.34363730400727727,0.4272260694189281,0.22913662657379458,0.4272260694189281,1.0680118773898837,0.08358876541165083,1.95,3.3,4.33,1.0467976980679061,0.48989457444073026,0.28948315762406784,0.2206222679352018,3.3,0.4272260694189281,0.4098460290824626,0.17819392568802722,1,0,-1.0,-4.86
2019,3,2019-08-31,getafe,alaves,2019|2019-08-31|getafe|alaves,2019|2019-08-31|getafe|alaves,D,D,0.38398447298069327,0.4471701766706465,0.1688453503486603,0.4471701766706465,1.0277590803754306,0.06318570368995324,1.72,3.4,5.75,1.0494260393742936,0.5540126955338927,0.2802652459759692,0.1657220584901383,3.4,0.4471701766706465,0.5203786006801981,0.21682441695008256,1,1,2.4,-2.460000000000001
2019,3,2019-08-31,levante,valladolid,2019|2019-08-31|levante|valladolid,2019|2019-08-31|levante|valladolid,H,H,0.39349987610887416,0.37029821066343876,0.23620191322768716,0.39349987610887416,1.0757343049045374,0.023201665445435393,2.0,3.5,3.75,1.0523809523809524,0.4751131221719457,0.27149321266968324,0.25339366515837103,2.0,0.39349987610887416,-0.21300024778225168,0.0,1,1,1.0,-1.4600000000000009
2019,3,2019-08-31,osasuna,barcelona,2019|2019-08-31|osasuna|barcelona,2019|2019-08-31|osasuna|barcelona,D,A,0.1370879483739447,0.1165811548563391,0.7463308967697161,0.7463308967697161,0.7413305095885849,0.6092429483957714,10.0,5.0,1.33,1.0518796992481203,0.09506790564689065,0.1901358112937813,0.7147962830593281,1.33,0.7463308967697161,-0.007379907296277549,0.0,1,0,-1.0,-2.460000000000001
2019,3,2019-09-01,ath madrid,eibar,2019|2019-09-01|ath madrid|eibar,2019|2019-09-01|athmadrid|eibar,H,H,0.5029486784468783,0.3519510226484537,0.14510029890466808,0.5029486784468783,0.9932810907845426,0.1509976557984246,1.4,4.0,10.0,1.0642857142857143,0.6711409395973155,0.2348993288590604,0.09395973154362416,1.4,0.5029486784468783,-0.29587185017437045,0.0,1,1,0.3999999999999999,-2.060000000000001
2019,3,2019-09-01,espanol,granada,2019|2019-09-01|espanol|granada,2019|2019-09-01|espanol|granada,A,D,0.2566071203200066,0.49078622302696934,0.25260665665302423,0.49078622302696934,1.0459217630902071,0.23417910270696274,2.05,3.3,4.0,1.0408351810790837,0.4686667850168649,0.29114148766199177,0.24019172732114322,3.3,0.49078622302696934,0.6195945359889987,0.26938892869086906,1,0,-1.0,-3.060000000000001
2019,3,2019-09-01,valencia,mallorca,2019|2019-09-01|valencia|mallorca,2019|2019-09-01|valencia|mallorca,H,H,0.5094516423397342,0.4020579413819573,0.08849041627830863,0.5094516423397342,0.9245002517941352,0.1073937009577769,1.4,4.75,8.0,1.0498120300751879,0.6803939122649956,0.20053715308863027,0.11906893464637423,1.4,0.5094516423397342,-0.2867677007243722,0.0,1,1,0.3999999999999999,-2.660000000000001
2019,3,2019-09-01,villarreal,real madrid,2019|2019-09-01|villarreal|real madrid,2019|2019-09-01|villarreal|realmadrid,D,A,0.2526799945483914,0.26421763066353604,0.48310237478807255,0.48310237478807255,1.0507333678024149,0.2188847441245365,3.6,4.0,1.9,1.054093567251462,0.2635228848821082,0.23717059639389737,0.49930651872399445,1.9,0.48310237478807255,-0.08210548790266226,0.0,1,0,-1.0,-3.660000000000001
2019,4,2019-09-13,mallorca,ath bilbao,2019|2019-09-13|mallorca|ath bilbao,2019|2019-09-13|mallorca|athbilbao,D,A,0.27678994854880506,0.2603367560156952,0.46287329543549977,0.46287329543549977,1.0624436827514958,0.1860833468866947,3.4,3.1,2.3,1.0514809009157662,0.27971753628874063,0.3067869752844252,0.41349548842683403,2.3,0.46287329543549977,0.06460857950164933,0.04969890730896103,1,0,-1.0,-4.660000000000001
2019,4,2019-09-14,barcelona,valencia,2019|2019-09-14|barcelona|valencia,2019|2019-09-14|barcelona|valencia,H,H,0.6467802776117932,0.22463453518016852,0.1285851872080383,0.6467802776117932,0.8810252597392245,0.4221457424316247,1.44,4.75,7.0,1.0478279030910609,0.6627466613514053,0.20091688259916285,0.13633645604943193,1.44,0.6467802776117932,-0.06863640023901779,0.0,1,1,0.43999999999999995,-4.220000000000001
2019,4,2019-09-14,leganes,villarreal,2019|2019-09-14|leganes|villarreal,2019|2019-09-14|leganes|villarreal,A,H,0.3613517624081288,0.360981942341622,0.27766629525024916,0.3613517624081288,1.0914191686673302,0.00036982006650676524,2.45,3.1,3.2,1.0432439104674127,0.39124433050680335,0.3092092289489253,0.2995464405442714,2.45,0.3613517624081288,-0.11468818210008436,0.0,1,0,-1.0,-5.220000000000001
2019,4,2019-09-14,real madrid,levante,2019|2019-09-14|real madrid|levante,2019|2019-09-14|realmadrid|levante,H,H,0.7761571258005706,0.15362863053341203,0.07021424366601739,0.7761571258005706,0.6709615821990356,0.6225284952671586,1.22,6.5,12.0,1.0568516183270282,0.7755791985681615,0.14557024957740877,0.07885055185442974,1.22,0.7761571258005706,-0.053088306523303874,0.0,1,1,0.21999999999999997,-5.000000000000001
2019,4,2019-09-14,sociedad,ath madrid,2019|2019-09-14|sociedad|ath madrid,2019|2019-09-14|sociedad|athmadrid,H,A,0.22257170070682075,0.32456165634431966,0.45286664294885953,0.45286664294885953,1.0583797181697858,0.12830498660453987,3.8,3.2,2.1,1.0518483709273183,0.2501861504095309,0.29709605361131797,0.4527177959791511,2.1,0.45286664294885953,-0.04898004980739501,0.0,1,0,-1.0,-6.000000000000001
2019,4,2019-09-15,alaves,sevilla,2019|2019-09-15|alaves|sevilla,2019|2019-09-15|alaves|sevilla,A,A,0.2310510975775333,0.25243737726564947,0.5165115251568172,0.5165115251568172,1.0272573466780068,0.26407414789116773,4.2,3.2,2.0,1.0505952380952381,0.22662889518413595,0.29745042492917845,0.4759206798866855,2.0,0.5165115251568172,0.033023050313634394,0.033023050313634394,1,1,1.0,-5.000000000000001
2019,4,2019-09-15,betis,getafe,2019|2019-09-15|betis|getafe,2019|2019-09-15|betis|getafe,D,D,0.33577032972970733,0.3910310952524125,0.2731985750178803,0.3910310952524125,1.088091839305619,0.055260765522705146,2.2,3.1,3.6,1.0549038774845227,0.43088803088803085,0.30579150579150577,0.2633204633204633,3.1,0.3910310952524125,0.2121963952824788,0.1010459025154661,1,1,2.1,-2.9000000000000012
2019,4,2019-09-15,celta,granada,2019|2019-09-15|celta|granada,2019|2019-09-15|celta|granada,A,D,0.39788260898021466,0.4044699086448907,0.19764748237489468,0.4044699086448907,1.0532451399235656,0.006587299664676027,1.83,3.6,4.33,1.0551727474265618,0.517875474669351,0.2632533662902535,0.2188711590403955,3.6,0.4044699086448907,0.45609167112160653,0.1754198735083102,1,0,-1.0,-3.9000000000000012
2019,4,2019-09-15,eibar,espanol,2019|2019-09-15|eibar|espanol,2019|2019-09-15|eibar|espanol,A,H,0.45839532555882695,0.3032662721661212,0.23833840227505187,0.45839532555882695,1.0611918594194245,0.15512905339270577,2.0,3.3,4.0,1.053030303030303,0.47482014388489213,0.2877697841726619,0.23741007194244607,2.0,0.45839532555882695,-0.08320934888234616,0.0,1,0,-1.0,-4.900000000000001
2019,4,2019-09-15,valladolid,osasuna,2019|2019-09-15|valladolid|osasuna,2019|2019-09-15|valladolid|osasuna,D,H,0.37293879593028145,0.3451705025204327,0.28189070154928575,0.37293879593028145,1.0919485795930293,0.027768293409848765,2.15,3.1,3.75,1.0543635908977245,0.44113461720899344,0.3059482022578503,0.25291718053315626,2.15,0.37293879593028145,-0.1981815887498949,0.0,1,0,-1.0,-5.900000000000001
2019,5,2019-09-20,osasuna,betis,2019|2019-09-20|osasuna|betis,2019|2019-09-20|osasuna|betis,D,H,0.4083459669512332,0.29135092117581873,0.300303111872948,0.4083459669512332,1.0862864742203189,0.1080428550782852,2.25,3.3,3.25,1.0551670551670551,0.4212076583210604,0.2871870397643594,0.2916053019145803,2.25,0.4083459669512332,-0.08122157435972521,0.0,1,0,-1.0,-6.900000000000001
2019,5,2019-09-21,ath madrid,celta,2019|2019-09-21|ath madrid|celta,2019|2019-09-21|athmadrid|celta,D,H,0.6006388895697614,0.256311044949251,0.14305006548098764,0.6006388895697614,0.9332845419843037,0.3443278446205104,1.4,4.33,9.5,1.050495754397541,0.6799510719539813,0.21984561217911633,0.1002033158669025,1.4,0.6006388895697614,-0.15910555460233408,0.0,1,0,-1.0,-7.900000000000001
2019,5,2019-09-21,granada,barcelona,2019|2019-09-21|granada|barcelona,2019|2019-09-21|granada|barcelona,H,A,0.17117113567734407,0.1370279506771953,0.6918009136454607,0.6918009136454607,0.8293843290490697,0.5206297779681166,10.0,5.5,1.3,1.051048951048951,0.09514304723885564,0.17298735861610115,0.7318695941450433,1.3,0.6918009136454607,-0.10065881226090106,0.0,1,0,-1.0,-8.900000000000002
2019,5,2019-09-21,levante,eibar,2019|2019-09-21|levante|eibar,2019|2019-09-21|levante|eibar,D,A,0.2704573535596217,0.35942483619586685,0.3701178102445115,0.3701178102445115,1.089315265585142,0.010692974048644666,2.3,3.4,3.1,1.051480900915766,0.41349548842683415,0.2797175362887407,0.3067869752844253,3.1,0.3701178102445115,0.14736521175798567,0.07017391036094556,1,0,-1.0,-9.900000000000002
2019,5,2019-09-21,villarreal,valladolid,2019|2019-09-21|villarreal|valladolid,2019|2019-09-21|villarreal|valladolid,H,H,0.5434646133899017,0.30790093506140914,0.14863445154868918,0.5434646133899017,0.977436637590913,0.23556367832849257,1.61,4.0,5.5,1.052936194240542,0.5898914063547392,0.23743129105778257,0.17267730258747824,1.61,0.5434646133899017,-0.1250219724422582,0.0,1,1,0.6100000000000001,-9.290000000000001
2019,5,2019-09-22,ath bilbao,alaves,2019|2019-09-22|ath bilbao|alaves,2019|2019-09-22|athbilbao|alaves,H,H,0.4885489740462353,0.3398097744587878,0.17164125149497683,0.4885489740462353,1.0192272124320008,0.14873919958744752,1.61,3.75,6.0,1.0544513457556937,0.5890437855880619,0.25289613194580796,0.15806008246612996,1.61,0.4885489740462353,-0.21343615178556108,0.0,1,1,0.6100000000000001,-8.680000000000001
2019,5,2019-09-22,espanol,sociedad,2019|2019-09-22|espanol|sociedad,2019|2019-09-22|espanol|sociedad,A,A,0.273308526570527,0.3553928206053761,0.3712986528240969,0.3712986528240969,1.0900519362889338,0.015905832218720828,3.0,3.25,2.45,1.0491889063317634,0.31770573566084787,0.2932668329177058,0.38902743142144636,2.45,0.3712986528240969,-0.09031830058096246,0.0,1,1,1.4500000000000002,-7.23
2019,5,2019-09-22,getafe,mallorca,2019|2019-09-22|getafe|mallorca,2019|2019-09-22|getafe|mallorca,H,H,0.44216891299265276,0.3683936816221563,0.18943740538519108,0.44216891299265276,1.0438832820519846,0.07377523137049646,1.85,3.25,5.0,1.0482328482328482,0.5156683855612851,0.2935343117810393,0.19079730265767553,1.85,0.44216891299265276,-0.1819875109635924,0.0,1,1,0.8500000000000001,-6.380000000000001
2019,5,2019-09-22,sevilla,real madrid,2019|2019-09-22|sevilla|real madrid,2019|2019-09-22|sevilla|realmadrid,A,A,0.33547704949802004,0.3145700187491641,0.34995293175281583,0.34995293175281583,1.0976595222242882,0.014475882254795791,2.62,3.8,2.45,1.0530005493559416,0.362468366751022,0.2499124002335994,0.3876192330153786,2.45,0.34995293175281583,-0.14261531720560117,0.0,1,1,1.4500000000000002,-4.930000000000001
2019,5,2019-09-22,valencia,leganes,2019|2019-09-22|valencia|leganes,2019|2019-09-22|valencia|leganes,D,H,0.41458370822447743,0.404388930235923,0.1810273615395997,0.41458370822447743,1.0405528738298868,0.010194777988554449,1.61,4.0,5.5,1.052936194240542,0.5898914063547392,0.23743129105778257,0.17267730258747824,1.61,0.41458370822447743,-0.3325202297585913,0.0,1,0,-1.0,-5.930000000000001
2019,6,2019-09-24,barcelona,villarreal,2019|2019-09-24|barcelona|villarreal,2019|2019-09-24|barcelona|villarreal,H,H,0.6978402607807199,0.2110012726443725,0.09115846657490763,0.6978402607807199,0.7976922837569247,0.4868389881363474,1.3,5.75,9.0,1.054254923820141,0.7296439901304195,0.16496298907296442,0.10539302079661615,1.3,0.6978402607807199,-0.09280766098506407,0.0,1,1,0.30000000000000004,-5.630000000000001
2019,6,2019-09-24,betis,levante,2019|2019-09-24|betis|levante,2019|2019-09-24|betis|levante,H,H,0.46464057958878396,0.3227027035150016,0.21265671689621454,0.46464057958878396,1.0503360914595445,0.1419378760737824,1.95,3.6,3.8,1.0537561853351327,0.4866595517609392,0.26360725720384204,0.24973319103521877,1.95,0.46464057958878396,-0.09395086980187123,0.0,1,1,0.95,-4.680000000000001
2019,6,2019-09-24,valladolid,granada,2019|2019-09-24|valladolid|granada,2019|2019-09-24|valladolid|granada,D,H,0.39337254601834215,0.33925823202131616,0.26736922196034163,0.39337254601834215,1.0864452296273472,0.05411431399702599,2.25,3.3,3.3,1.0505050505050504,0.42307692307692313,0.2884615384615385,0.2884615384615385,2.25,0.39337254601834215,-0.11491177145873016,0.0,1,0,-1.0,-5.680000000000001
2019,6,2019-09-25,leganes,ath bilbao,2019|2019-09-25|leganes|ath bilbao,2019|2019-09-25|leganes|athbilbao,D,D,0.3366167426291458,0.3710047090542001,0.29237854831665405,0.3710047090542001,1.0939175970203012,0.03438796642505426,2.87,3.0,2.7,1.0521357594528324,0.33116644180056426,0.31681589598920645,0.3520176622102294,3.0,0.3710047090542001,0.11301412716260029,0.05650706358130014,1,1,2.0,-3.6800000000000006
2019,6,2019-09-25,mallorca,ath madrid,2019|2019-09-25|mallorca|ath madrid,2019|2019-09-25|mallorca|athmadrid,A,A,0.16935783508006075,0.24719266282201735,0.5834495020979219,0.5834495020979219,0.9605700949194029,0.33625683927590455,6.5,3.6,1.61,1.052741944046292,0.14613852399082222,0.26386122387231786,0.5900002521368598,1.61,0.5834495020979219,-0.06064630162234569,0.0,1,1,0.6100000000000001,-3.0700000000000003
2019,6,2019-09-25,real madrid,osasuna,2019|2019-09-25|real madrid|osasuna,2019|2019-09-25|realmadrid|osasuna,H,H,0.7571034406047499,0.156553764573228,0.08634279482202206,0.7571034406047499,0.7124651165747102,0.6005496760315219,1.2,7.0,13.0,1.0531135531135531,0.7913043478260869,0.13565217391304346,0.07304347826086957,1.2,0.7571034406047499,-0.09147587127430018,0.0,1,1,0.19999999999999996,-2.8700000000000006
2019,6,2019-09-25,valencia,getafe,2019|2019-09-25|valencia|getafe,2019|2019-09-25|valencia|getafe,D,D,0.4005204405759659,0.4008840418058695,0.1985955176181646,0.4008840418058695,1.0539403973521777,0.00036360122990358734,1.9,3.3,4.5,1.0515683147262096,0.5005055611729018,0.28816986855409504,0.211324570273003,3.3,0.4008840418058695,0.3229173379593693,0.14039884259103014,1,1,2.3,-0.5700000000000007
2019,6,2019-09-26,celta,espanol,2019|2019-09-26|celta|espanol,2019|2019-09-26|celta|espanol,D,H,0.44299700666813074,0.3542993845268073,0.202703608805062,0.44299700666813074,1.0518274576727844,0.08869762214132343,1.85,3.5,4.2,1.0643500643500643,0.5078597339782346,0.26844014510278114,0.22370012091898428,1.85,0.44299700666813074,-0.18045553766395805,0.0,1,0,-1.0,-1.5700000000000007
2019,6,2019-09-26,eibar,sevilla,2019|2019-09-26|eibar|sevilla,2019|2019-09-26|eibar|sevilla,H,A,0.24585741278954606,0.37224613125335854,0.38189645595709537,0.38189645595709537,1.080408176082085,0.009650324703736834,3.5,3.3,2.15,1.0538608678143562,0.2711119602598395,0.28754298815437523,0.44134505158578524,2.15,0.38189645595709537,-0.17892261969224493,0.0,1,0,-1.0,-2.5700000000000007
2019,6,2019-09-26,sociedad,alaves,2019|2019-09-26|sociedad|alaves,2019|2019-09-26|sociedad|alaves,H,H,0.45896212117153684,0.3306663064104241,0.210371572418039,0.45896212117153684,1.0513084237794186,0.12829581476111274,1.6,4.0,5.5,1.0568181818181819,0.5913978494623655,0.23655913978494622,0.17204301075268816,1.6,0.45896212117153684,-0.26566060612554093,0.0,1,1,0.6000000000000001,-1.9700000000000006
2019,7,2019-09-27,villarreal,betis,2019|2019-09-27|villarreal|betis,2019|2019-09-27|villarreal|betis,H,H,0.49300766601575086,0.29475561100803244,0.21223672297621654,0.49300766601575086,1.0377242763233416,0.19825205500771842,1.83,3.8,4.1,1.0535084211929262,0.5186936112128375,0.24979192329460334,0.23151446549255922,1.83,0.49300766601575086,-0.09779597119117589,0.0,1,1,0.8300000000000001,-1.1400000000000006
2019,7,2019-09-28,ath bilbao,valencia,2019|2019-09-28|ath bilbao|valencia,2019|2019-09-28|athbilbao|valencia,A,H,0.41834867674335025,0.26489969309482114,0.3167516301618286,0.41834867674335025,1.0806091032075649,0.10159704658152163,2.2,3.2,3.5,1.0527597402597402,0.4317656129529684,0.2968388589051658,0.27139552814186585,2.2,0.41834867674335025,-0.07963291116462945,0.0,1,0,-1.0,-2.1400000000000006
2019,7,2019-09-28,ath madrid,real madrid,2019|2019-09-28|ath madrid|real madrid,2019|2019-09-28|athmadrid|realmadrid,D,D,0.32242999609515605,0.41479461737572415,0.26277538652911986,0.41479461737572415,1.0811438011111427,0.0923646212805681,2.4,3.3,3.0,1.053030303030303,0.3956834532374101,0.2877697841726619,0.31654676258992803,3.3,0.41479461737572415,0.3688222373398897,0.16035749449560424,1,1,2.3,0.15999999999999925
2019,7,2019-09-28,getafe,barcelona,2019|2019-09-28|getafe|barcelona,2019|2019-09-28|getafe|barcelona,A,A,0.2145058585115031,0.2634909789999221,0.5220031624885748,0.5220031624885748,1.0209863399496015,0.25851218348865274,4.33,3.4,1.85,1.065605069816454,0.21672840037901628,0.2760099922473943,0.5072616073735894,1.85,0.5220031624885748,-0.034294149396136564,0.0,1,1,0.8500000000000001,1.0099999999999993
2019,7,2019-09-28,granada,leganes,2019|2019-09-28|granada|leganes,2019|2019-09-28|granada|leganes,H,A,0.3298854008714676,0.32270681575021776,0.3474077833783146,0.3474077833783146,1.0981301416598088,0.017522382506847012,2.4,3.1,3.2,1.051747311827957,0.39616613418530355,0.30670926517571884,0.2971246006389776,3.2,0.3474077833783146,0.11170490681060696,0.05077495764118498,1,0,-1.0,0.009999999999999343
2019,7,2019-09-29,alaves,mallorca,2019|2019-09-29|alaves|mallorca,2019|2019-09-29|alaves|mallorca,H,H,0.3958066672415157,0.3673407742301509,0.23685255852833345,0.3958066672415157,1.0758671754099942,0.028465893011364818,2.2,3.2,3.5,1.0527597402597402,0.4317656129529684,0.2968388589051658,0.27139552814186585,2.2,0.3958066672415157,-0.12922533206866538,0.0,1,1,1.2000000000000002,1.2099999999999995
2019,7,2019-09-29,eibar,celta,2019|2019-09-29|eibar|celta,2019|2019-09-29|eibar|celta,H,H,0.3759761732535862,0.307867014733379,0.3161568120130348,0.3759761732535862,1.0945451521890108,0.05981936124055137,2.25,3.3,3.25,1.0551670551670551,0.4212076583210604,0.2871870397643594,0.2916053019145803,2.25,0.3759761732535862,-0.15405361017943103,0.0,1,1,1.25,2.4599999999999995
2019,7,2019-09-29,espanol,valladolid,2019|2019-09-29|espanol|valladolid,2019|2019-09-29|espanol|valladolid,A,D,0.389157041085254,0.40932042598946783,0.20152253292527825,0.40932042598946783,1.0557136641477853,0.02016338490421382,1.95,3.3,4.2,1.0539460539460541,0.48657187993680884,0.287519747235387,0.22590837282780407,3.3,0.40932042598946783,0.3507574057652437,0.15250321989793206,1,0,-1.0,1.4599999999999995
2019,7,2019-09-29,levante,osasuna,2019|2019-09-29|levante|osasuna,2019|2019-09-29|levante|osasuna,D,H,0.3873071352940432,0.3081004972819341,0.3045923674240228,0.3873071352940432,1.0922045704502037,0.07920663801210909,2.15,3.5,3.4,1.0449482118428768,0.44510940714419295,0.27342435010286137,0.2814662427529456,2.15,0.3873071352940432,-0.1672896591178072,0.0,1,0,-1.0,0.4599999999999995
2019,7,2019-09-29,sevilla,sociedad,2019|2019-09-29|sevilla|sociedad,2019|2019-09-29|sevilla|sociedad,H,H,0.5021553439545239,0.3123410877950862,0.1855035682503899,0.5021553439545239,1.0218806058409418,0.1898142561594377,1.85,3.5,4.5,1.0484770484770483,0.5155482815057284,0.27250409165302786,0.2119476268412439,1.85,0.5021553439545239,-0.07101261368413075,0.0,1,1,0.8500000000000001,1.3099999999999996
2019,8,2019-10-04,betis,eibar,2019|2019-10-04|betis|eibar,2019|2019-10-04|betis|eibar,D,H,0.45824318313792006,0.3126019424404644,0.22915487442161558,0.45824318313792006,1.0587207088657182,0.14564124069745565,2.0,3.6,3.7,1.048048048048048,0.47707736389684813,0.26504297994269344,0.2578796561604584,2.0,0.45824318313792006,-0.08351363372415982,0.0,1,0,-1.0,0.3099999999999996
2019,8,2019-10-05,leganes,levante,2019|2019-10-05|leganes|levante,2019|2019-10-05|leganes|levante,A,H,0.5027533140872241,0.31221222638828583,0.18503445952449002,0.5027533140872241,1.0213512894729468,0.1905410876989383,2.0,3.5,3.8,1.0488721804511278,0.4767025089605735,0.27240143369175623,0.25089605734767023,2.0,0.5027533140872241,0.005506628174448247,0.005506628174448247,1,0,-1.0,-0.6900000000000004
2019,8,2019-10-05,osasuna,villarreal,2019|2019-10-05|osasuna|villarreal,2019|2019-10-05|osasuna|villarreal,H,D,0.310191926554047,0.3461239805514117,0.3436840928945414,0.3461239805514117,1.09738834869195,0.00243988765687031,3.0,3.3,2.4,1.053030303030303,0.31654676258992803,0.2877697841726619,0.3956834532374101,3.3,0.3461239805514117,0.14220913581965855,0.06183005905202546,1,0,-1.0,-1.6900000000000004
2019,8,2019-10-05,real madrid,granada,2019|2019-10-05|real madrid|granada,2019|2019-10-05|realmadrid|granada,H,H,0.754150488633221,0.15773324553182866,0.08811626583495044,0.754150488633221,0.7181463238137302,0.5964172431013923,1.28,5.75,10.0,1.0551630434782608,0.7404069018799897,0.16482101467937163,0.09477208344063869,1.28,0.754150488633221,-0.034687374549477124,0.0,1,1,0.28,-1.4100000000000004
2019,8,2019-10-05,valencia,alaves,2019|2019-10-05|valencia|alaves,2019|2019-10-05|valencia|alaves,H,H,0.5764049094105801,0.2649899652567246,0.1586051253326953,0.5764049094105801,0.9615363863767212,0.3114149441538555,1.5,4.33,6.5,1.0514597027299106,0.6340391980175715,0.2196440639783735,0.14631673800405498,1.5,0.5764049094105801,-0.13539263588412986,0.0,1,1,0.5,-0.9100000000000004
2019,8,2019-10-06,barcelona,sevilla,2019|2019-10-06|barcelona|sevilla,2019|2019-10-06|barcelona|sevilla,H,H,0.6138840829974995,0.25409026440998916,0.13202565259251134,0.6138840829974995,0.9149847118533123,0.35979381858751036,1.5,4.2,7.0,1.0476190476190474,0.6363636363636365,0.2272727272727273,0.13636363636363638,1.5,0.6138840829974995,-0.07917387550375071,0.0,1,1,0.5,-0.41000000000000036
2019,8,2019-10-06,celta,ath bilbao,2019|2019-10-06|celta|ath bilbao,2019|2019-10-06|celta|athbilbao,H,D,0.3139297240287697,0.4082985881297769,0.27777168784145345,0.4082985881297769,1.08526399924605,0.0943688641010072,2.7,3.0,2.87,1.0521357594528327,0.35201766221022934,0.3168158959892064,0.33116644180056415,3.0,0.4082985881297769,0.22489576438933068,0.11244788219466534,1,0,-1.0,-1.4100000000000004
2019,8,2019-10-06,mallorca,espanol,2019|2019-10-06|mallorca|espanol,2019|2019-10-06|mallorca|espanol,H,D,0.3180507882173644,0.4267152318114817,0.255233979971154,0.4267152318114817,1.076289345656447,0.10866444359411731,2.45,3.25,3.0,1.0491889063317634,0.38902743142144636,0.2932668329177058,0.31770573566084787,3.25,0.4267152318114817,0.38682450338731555,0.17192200150547357,1,0,-1.0,-2.41
2019,8,2019-10-06,sociedad,getafe,2019|2019-10-06|sociedad|getafe,2019|2019-10-06|sociedad|getafe,A,H,0.41795140229363426,0.3528453679758244,0.22920322973054139,0.41795140229363426,1.0698345109500929,0.06510603431780987,1.9,3.4,4.33,1.0513803187495978,0.5005950559352579,0.2797442959638206,0.21966064810092148,1.9,0.41795140229363426,-0.20589233564209497,0.0,1,0,-1.0,-3.41
2019,8,2019-10-06,valladolid,ath madrid,2019|2019-10-06|valladolid|ath madrid,2019|2019-10-06|valladolid|athmadrid,D,A,0.2561603345966493,0.3049911280518885,0.4388485373514623,0.4388485373514623,1.0724826834470627,0.1338574092995738,5.5,3.5,1.72,1.048927816369677,0.17333717247336597,0.2723869853152893,0.5542758422113446,1.72,0.4388485373514623,-0.24518051575548483,0.0,1,0,-1.0,-4.41
2019,9,2019-10-18,granada,osasuna,2019|2019-10-18|granada|osasuna,2019|2019-10-18|granada|osasuna,H,H,0.33798722217281646,0.32684132500111346,0.3351714528260701,0.33798722217281646,1.0985112583379535,0.0028157693467463774,2.4,3.0,3.3,1.053030303030303,0.3956834532374101,0.31654676258992803,0.2877697841726619,2.4,0.33798722217281646,-0.18883066678524058,0.0,1,1,1.4,-3.0100000000000007
2019,9,2019-10-19,ath madrid,valencia,2019|2019-10-19|ath madrid|valencia,2019|2019-10-19|athmadrid|valencia,D,H,0.5921389987725455,0.26759432446435805,0.14026667676309656,0.5921389987725455,0.9385673296974868,0.32454467430818745,1.57,3.75,6.0,1.070276008492569,0.595120015869867,0.249156913310851,0.15572307081928186,1.57,0.5921389987725455,-0.0703417719271035,0.0,1,0,-1.0,-4.010000000000001
2019,9,2019-10-19,eibar,barcelona,2019|2019-10-19|eibar|barcelona,2019|2019-10-19|eibar|barcelona,A,A,0.17493916581518257,0.21778664810401194,0.6072741860808054,0.6072741860808054,0.9398265151394937,0.3894875379767935,6.0,4.5,1.5,1.0555555555555554,0.15789473684210528,0.2105263157894737,0.6315789473684211,1.5,0.6072741860808054,-0.08908872087879188,0.0,1,1,0.5,-3.5100000000000007
2019,9,2019-10-19,getafe,leganes,2019|2019-10-19|getafe|leganes,2019|2019-10-19|getafe|leganes,H,H,0.4642008845037504,0.4072885804650036,0.1285105350312461,0.4642008845037504,0.9857562787447594,0.05691230403874681,1.85,3.1,5.25,1.0535973761780213,0.5130427929702892,0.30617069903065647,0.1807865079990543,1.85,0.4642008845037504,-0.14122836366806168,0.0,1,1,0.8500000000000001,-2.66
2019,9,2019-10-19,mallorca,real madrid,2019|2019-10-19|mallorca|real madrid,2019|2019-10-19|mallorca|realmadrid,H,A,0.14861044504836052,0.36736577398785997,0.48402378096377935,0.48402378096377935,1.0024119621978747,0.11665800697591938,6.5,4.0,1.53,1.057440925087984,0.1454891239748009,0.23641982645905146,0.6180910495661476,1.53,0.48402378096377935,-0.25944361512541764,0.0,1,0,-1.0,-3.66
2019,9,2019-10-20,alaves,celta,2019|2019-10-20|alaves|celta,2019|2019-10-20|alaves|celta,H,A,0.2920858527766062,0.3479194004717554,0.3599947467516383,0.3599947467516383,1.0945944732929977,0.012075346279882881,2.9,3.0,2.62,1.059840308853207,0.32535805944200685,0.3145127907939399,0.3601291497640533,2.62,0.3599947467516383,-0.05681376351070766,0.0,1,0,-1.0,-4.66
2019,9,2019-10-20,ath bilbao,valladolid,2019|2019-10-20|ath bilbao|valladolid,2019|2019-10-20|athbilbao|valladolid,D,H,0.5708414158814755,0.2713668808203045,0.15779170329821993,0.5708414158814755,0.9653372239971907,0.299474535061171,1.66,3.4,6.5,1.0503734394591944,0.5735194892821923,0.2800124565318939,0.14646805418591372,1.66,0.5708414158814755,-0.05240324963675069,0.0,1,0,-1.0,-5.66
2019,9,2019-10-20,espanol,villarreal,2019|2019-10-20|espanol|villarreal,2019|2019-10-20|espanol|villarreal,A,D,0.30721868120808704,0.36238017458181443,0.3304011442100986,0.36238017458181443,1.0963182388773687,0.031979030371715844,3.0,3.3,2.37,1.0583045646336786,0.31496919173613624,0.286335628851033,0.39869517941283067,3.3,0.36238017458181443,0.19585457611998758,0.08515416353042939,1,0,-1.0,-6.66
2019,9,2019-10-20,sevilla,levante,2019|2019-10-20|sevilla|levante,2019|2019-10-20|sevilla|levante,H,H,0.7322330816290972,0.18347571551731898,0.08429120285358373,0.7322330816290972,0.7478123514623162,0.5487573661117782,1.33,5.5,9.0,1.0448089921774133,0.7196336410554626,0.17402049865523006,0.10634586028930725,1.33,0.7322330816290972,-0.026130001433300715,0.0,1,1,0.33000000000000007,-6.33
2019,9,2019-10-20,sociedad,betis,2019|2019-10-20|sociedad|betis,2019|2019-10-20|sociedad|betis,H,H,0.4772847162030127,0.33925817652614665,0.1834571072708407,0.4772847162030127,1.0308577344518608,0.13802653967686607,1.75,3.9,4.33,1.058785710055918,0.539701816903434,0.2421738922002589,0.21812429089630705,1.75,0.4772847162030127,-0.16475174664472775,0.0,1,1,0.75,-5.58
2019,10,2019-10-25,villarreal,alaves,2019|2019-10-25|villarreal|alaves,2019|2019-10-25|villarreal|alaves,H,H,0.6790470961010259,0.17691323167800954,0.1440396722209645,0.6790470961010259,0.8483667536604258,0.5021338644230163,1.5,4.2,6.5,1.0586080586080584,0.6297577854671281,0.2249134948096886,0.14532871972318342,1.5,0.6790470961010259,0.018570644151538807,0.03714128830307761,1,1,0.5,-5.08
2019,10,2019-10-26,ath madrid,ath bilbao,2019|2019-10-26|ath madrid|ath bilbao,2019|2019-10-26|athmadrid|athbilbao,H,H,0.5286124005674292,0.31390716355668485,0.157480435875886,0.5286124005674292,0.9917967022859975,0.21470523701074434,1.7,3.5,5.75,1.0478626233101935,0.5613668061366807,0.27266387726638774,0.16596931659693168,1.7,0.5286124005674292,-0.10135891903537037,0.0,1,1,0.7,-4.380000000000001
2019,10,2019-10-26,leganes,mallorca,2019|2019-10-26|leganes|mallorca,2019|2019-10-26|leganes|mallorca,H,H,0.5924232886918026,0.248883316393292,0.15869339491490536,0.5924232886918026,0.9484132192483392,0.34353997229851063,1.8,3.4,4.75,1.0601995184038528,0.5240103828682673,0.2774172615184945,0.19857235561323813,1.8,0.5924232886918026,0.06636191964524474,0.08295239955655592,1,1,0.8,-3.58
2019,10,2019-10-26,valladolid,eibar,2019|2019-10-26|valladolid|eibar,2019|2019-10-26|valladolid|eibar,H,H,0.3612633509736296,0.35619539447486925,0.2825412545515011,0.3612633509736296,1.0926240544646042,0.005067956498760351,2.4,3.1,3.2,1.051747311827957,0.39616613418530355,0.30670926517571884,0.2971246006389776,2.4,0.3612633509736296,-0.13296795766328895,0.0,1,1,1.4,-2.1800000000000006
2019,10,2019-10-27,celta,sociedad,2019|2019-10-27|celta|sociedad,2019|2019-10-27|celta|sociedad,A,D,0.3247026134933136,0.35696851636999466,0.31832887013669176,0.35696851636999466,1.097337890817803,0.032265902876681074,3.0,3.25,2.45,1.0491889063317634,0.31770573566084787,0.2932668329177058,0.38902743142144636,3.25,0.35696851636999466,0.16014767820248266,0.07117674586777006,1,0,-1.0,-3.1800000000000006
2019,10,2019-10-27,granada,betis,2019|2019-10-27|granada|betis,2019|2019-10-27|granada|betis,H,A,0.34663075397237475,0.2979218964294905,0.3554473495981348,0.3554473495981348,1.095681331338887,0.008816595625760038,2.45,3.2,3.0,1.0539965986394557,0.3872529245663574,0.2964905203711174,0.3162565550625252,3.0,0.3554473495981348,0.0663420487944043,0.03317102439720215,1,0,-1.0,-4.180000000000001
2019,10,2019-10-27,levante,espanol,2019|2019-10-27|levante|espanol,2019|2019-10-27|levante|espanol,A,H,0.401774351906089,0.37102725177905216,0.22719839631485877,0.401774351906089,1.0709223400068768,0.030747100127036853,2.1,3.5,3.5,1.0476190476190474,0.4545454545454546,0.27272727272727276,0.27272727272727276,2.1,0.401774351906089,-0.15627386099721302,0.0,1,0,-1.0,-5.180000000000001
2019,10,2019-10-27,osasuna,valencia,2019|2019-10-27|osasuna|valencia,2019|2019-10-27|osasuna|valencia,H,A,0.3600327891068513,0.2734741336564648,0.36649307723668395,0.36649307723668395,1.0902443889786002,0.006460288129832625,2.87,3.1,2.62,1.0526920902233963,0.33099142568382617,0.30643399732663906,0.36257457698953477,2.62,0.36649307723668395,-0.03978813763988809,0.0,1,0,-1.0,-6.180000000000001
2019,10,2019-10-27,sevilla,getafe,2019|2019-10-27|sevilla|getafe,2019|2019-10-27|sevilla|getafe,H,H,0.5433682553832107,0.30620082760135087,0.15043091701543845,0.5433682553832107,0.9787842075619955,0.23716742778185979,1.72,3.3,6.0,1.0510923185341792,0.5531344284277573,0.28830036875628556,0.15856520281595707,1.72,0.5433682553832107,-0.06540660074087767,0.0,1,1,0.72,-5.460000000000001
2019,10,2019-12-18,barcelona,real madrid,2019|2019-12-18|barcelona|real madrid,2019|2019-12-18|barcelona|realmadrid,D,H,0.5048424135590783,0.33748935281076214,0.15766823363015958,0.5048424135590783,1.0029070120226795,0.16735306074831618,1.72,4.2,4.33,1.0504374691495375,0.553479255940787,0.22666293338527463,0.21985781067393842,1.72,0.5048424135590783,-0.1316710486783853,0.0,1,0,-1.0,-6.460000000000001
2019,11,2019-10-29,alaves,ath madrid,2019|2019-10-29|alaves|ath madrid,2019|2019-10-29|alaves|athmadrid,D,A,0.1620981822439843,0.26715239276611935,0.5707494249898963,0.5707494249898963,0.9676494431641707,0.303597032223777,6.0,3.5,1.65,1.0584415584415585,0.1574642126789366,0.2699386503067484,0.5725971370143149,1.65,0.5707494249898963,-0.05826344876667111,0.0,1,0,-1.0,-7.460000000000001
2019,11,2019-10-29,barcelona,valladolid,2019|2019-10-29|barcelona|valladolid,2019|2019-10-29|barcelona|valladolid,H,H,0.8603835624383865,0.08867914778176782,0.05093728977984564,0.8603835624383865,0.49587602603993086,0.7717044146566188,1.12,9.5,17.0,1.0569438301636442,0.8447536353175019,0.09959200753216865,0.05565435715032954,1.12,0.8603835624383865,-0.036370410069006986,0.0,1,1,0.1200000000000001,-7.34
2019,11,2019-10-30,ath bilbao,espanol,2019|2019-10-30|ath bilbao|espanol,2019|2019-10-30|athbilbao|espanol,H,H,0.516486392782576,0.302603517769168,0.18091008944825587,0.516486392782576,1.0122694062594453,0.21388287501340802,1.9,3.25,4.5,1.056230319388214,0.49829642248722317,0.29131175468483816,0.21039182282793867,1.9,0.516486392782576,-0.018675853713105595,0.0,1,1,0.8999999999999999,-6.44
2019,11,2019-10-30,betis,celta,2019|2019-10-30|betis|celta,2019|2019-10-30|betis|celta,H,H,0.4797125408750904,0.2868326741284952,0.2334547849964143,0.4797125408750904,1.0502166535158832,0.19287986674659519,2.0,3.5,3.75,1.0523809523809524,0.4751131221719457,0.27149321266968324,0.25339366515837103,2.0,0.4797125408750904,-0.04057491824981918,0.0,1,1,1.0,-5.44
2019,11,2019-10-30,real madrid,leganes,2019|2019-10-30|real madrid|leganes,2019|2019-10-30|realmadrid|leganes,H,H,0.7751970259986963,0.135150454887913,0.0896525191133906,0.7751970259986963,0.6841054736085076,0.6400465711107833,1.25,6.0,12.0,1.05,0.7619047619047619,0.15873015873015872,0.07936507936507936,1.25,0.7751970259986963,-0.031003717501629585,0.0,1,1,0.25,-5.19
2019,11,2019-10-30,sociedad,levante,2019|2019-10-30|sociedad|levante,2019|2019-10-30|sociedad|levante,A,H,0.6408933325750992,0.21699139527181965,0.14211527215308117,0.6408933325750992,0.8939525917855372,0.4239019373032795,1.5,4.5,6.5,1.0427350427350426,0.639344262295082,0.21311475409836067,0.1475409836065574,1.5,0.6408933325750992,-0.03866000113735124,0.0,1,0,-1.0,-6.19
2019,11,2019-10-30,valencia,sevilla,2019|2019-10-30|valencia|sevilla,2019|2019-10-30|valencia|sevilla,D,A,0.3329887087630793,0.33211684569361866,0.33489444554330194,0.33489444554330194,1.098606238075511,0.0019057367802226555,2.8,3.4,2.5,1.0512605042016807,0.33972821742605913,0.2797761790567546,0.38049560351718625,2.5,0.33489444554330194,-0.1627638861417452,0.0,1,0,-1.0,-7.19
2019,11,2019-10-31,eibar,villarreal,2019|2019-10-31|eibar|villarreal,2019|2019-10-31|eibar|villarreal,H,H,0.3969493136783069,0.288072069883362,0.3149786164383312,0.3969493136783069,1.0891577483715675,0.08197069723997569,2.62,3.5,2.5,1.0673936750272628,0.35758071107478545,0.2676747037188394,0.37474458520637516,2.62,0.3969493136783069,0.04000720183716411,0.02469580360318772,1,1,1.62,-5.57
2019,11,2019-10-31,getafe,granada,2019|2019-10-31|getafe|granada,2019|2019-10-31|getafe|granada,H,H,0.5471655885481205,0.2776503940607786,0.17518401739110095,0.5471655885481205,0.9908783221183355,0.26951519448734185,1.9,3.3,4.33,1.0602929747210774,0.4963871326339192,0.28579865212255956,0.21781421524352113,1.9,0.5471655885481205,0.03961461824142887,0.044016242490476525,1,1,0.8999999999999999,-4.67
2019,11,2019-10-31,mallorca,osasuna,2019|2019-10-31|mallorca|osasuna,2019|2019-10-31|mallorca|osasuna,D,D,0.34221456269651274,0.4119650899810231,0.24582034732246422,0.4119650899810231,1.07722400361401,0.06975052728451037,2.45,3.0,3.1,1.064077243800746,0.3835842441740565,0.3132604660754795,0.303155289750464,3.0,0.4119650899810231,0.2358952699430693,0.11794763497153465,1,1,2.0,-2.6700000000000004
2019,12,2019-11-02,espanol,valencia,2019|2019-11-02|espanol|valencia,2019|2019-11-02|espanol|valencia,A,H,0.38591991359066086,0.2629399430462415,0.35114014336309757,0.38591991359066086,1.08617981426427,0.03477977022756329,2.7,3.3,2.62,1.0550800627136505,0.3510353227771011,0.28721071863581,0.36175395858708886,2.7,0.38591991359066086,0.04198376669478432,0.024696333349873128,1,0,-1.0,-3.6700000000000004
2019,12,2019-11-02,levante,barcelona,2019|2019-11-02|levante|barcelona,2019|2019-11-02|levante|barcelona,H,A,0.19506936183094287,0.21894823777998904,0.5859824003890681,0.5859824003890681,0.9645736141849379,0.36703416260907906,9.0,5.75,1.3,1.054254923820141,0.10539302079661615,0.16496298907296442,0.7296439901304195,1.3,0.5859824003890681,-0.23822287949421142,0.0,1,0,-1.0,-4.67
2019,12,2019-11-02,real madrid,betis,2019|2019-11-02|real madrid|betis,2019|2019-11-02|realmadrid|betis,D,H,0.7771053174298674,0.13459937621486417,0.08829530635526837,0.7771053174298674,0.6802013447409028,0.6425059412150033,1.25,6.5,9.0,1.064957264957265,0.7512038523274479,0.14446227929373998,0.1043338683788122,1.25,0.7771053174298674,-0.028618353212665704,0.0,1,0,-1.0,-5.67
2019,12,2019-11-02,sevilla,ath madrid,2019|2019-11-02|sevilla|ath madrid,2019|2019-11-02|sevilla|athmadrid,D,H,0.3882759843365882,0.32220802754049244,0.28951598812291934,0.3882759843365882,1.0911114522791245,0.06606795679609578,2.3,3.2,3.3,1.0503129117259553,0.41395531164249316,0.2975303802430419,0.2885143081144649,2.3,0.3882759843365882,-0.10696523602584718,0.0,1,0,-1.0,-6.67
2019,12,2019-11-03,celta,getafe,2019|2019-11-03|celta|getafe,2019|2019-11-03|celta|getafe,A,H,0.42686594137009864,0.31265051660030596,0.2604835420295954,0.42686594137009864,1.0773003605510179,0.11421542476979268,2.5,3.1,3.0,1.0559139784946237,0.3788187372708758,0.3054989816700611,0.3156822810590631,2.5,0.42686594137009864,0.06716485342524658,0.04477656895016439,1,0,-1.0,-7.67
2019,12,2019-11-03,granada,sociedad,2019|2019-11-03|granada|sociedad,2019|2019-11-03|granada|sociedad,A,A,0.28025803645957126,0.3375555344284492,0.38218642911197953,0.38218642911197953,1.090699311004579,0.04463089468353032,3.1,3.2,2.45,1.0432439104674127,0.3092092289489253,0.2995464405442714,0.39124433050680335,2.45,0.38218642911197953,-0.06364324867565008,0.0,1,1,1.4500000000000002,-6.220000000000001
2019,12,2019-11-03,leganes,eibar,2019|2019-11-03|leganes|eibar,2019|2019-11-03|leganes|eibar,A,D,0.39761769844077216,0.3988113621210937,0.2035709394381341,0.3988113621210937,1.0573547874689688,0.0011936636803215328,2.25,3.1,3.5,1.0527393753200203,0.4221789883268483,0.3064202334630351,0.27140077821011677,3.1,0.3988113621210937,0.2363152225753905,0.11253105836923356,1,0,-1.0,-7.220000000000001
2019,12,2019-11-03,osasuna,alaves,2019|2019-11-03|osasuna|alaves,2019|2019-11-03|osasuna|alaves,H,H,0.4249782370923944,0.31762362262811206,0.2573981402794935,0.4249782370923944,1.0772630631392472,0.10735461446428235,2.1,2.87,4.5,1.0468447541618273,0.4548816568047337,0.3328402366863905,0.21227810650887574,2.1,0.4249782370923944,-0.10754570210597164,0.0,1,1,1.1,-6.12
2019,12,2019-11-03,valladolid,mallorca,2019|2019-11-03|valladolid|mallorca,2019|2019-11-03|valladolid|mallorca,H,H,0.4689306586798556,0.3148766179137472,0.2161927234063971,0.4689306586798556,1.0501022614098954,0.1540540407661084,2.0,3.3,4.0,1.053030303030303,0.47482014388489213,0.2877697841726619,0.23741007194244607,2.0,0.4689306586798556,-0.06213868264028877,0.0,1,1,1.0,-5.12
2019,12,2019-11-03,villarreal,ath bilbao,2019|2019-11-03|villarreal|ath bilbao,2019|2019-11-03|villarreal|athbilbao,D,H,0.482216721720419,0.29340762552225486,0.2243756527573262,0.482216721720419,1.0467991012443272,0.18880909619816416,1.83,3.6,4.5,1.046448087431694,0.5221932114882506,0.2654482158398608,0.2123585726718886,1.83,0.482216721720419,-0.11754339925163321,0.0,1,0,-1.0,-6.12
2019,13,2019-11-08,sociedad,leganes,2019|2019-11-08|sociedad|leganes,2019|2019-11-08|sociedad|leganes,D,H,0.45171148446497333,0.3239655860212216,0.22432292951380492,0.45171148446497333,1.0594162428149532,0.12774589844375173,1.8,3.4,5.0,1.0496732026143791,0.5292652552926526,0.28019925280199254,0.19053549190535493,1.8,0.45171148446497333,-0.186919327963048,0.0,1,0,-1.0,-7.12
2019,13,2019-11-09,alaves,valladolid,2019|2019-11-09|alaves|valladolid,2019|2019-11-09|alaves|valladolid,H,H,0.3905201406439213,0.32351400744349923,0.2859658519125795,0.3905201406439213,1.090282084518571,0.06700613320042209,2.4,3.0,3.4,1.0441176470588236,0.39906103286384975,0.31924882629107976,0.28169014084507044,2.4,0.3905201406439213,-0.06275166245458885,0.0,1,1,1.4,-5.720000000000001
2019,13,2019-11-09,barcelona,celta,2019|2019-11-09|barcelona|celta,2019|2019-11-09|barcelona|celta,H,H,0.8013038327493155,0.12941667655116737,0.06927949069951701,0.8013038327493155,0.6270704695013184,0.6718871561981481,1.2,7.5,13.0,1.0435897435897437,0.7985257985257985,0.12776412776412777,0.07371007371007371,1.2,0.8013038327493155,-0.03843540070082144,0.0,1,1,0.19999999999999996,-5.5200000000000005
2019,13,2019-11-09,eibar,real madrid,2019|2019-11-09|eibar|real madrid,2019|2019-11-09|eibar|realmadrid,A,A,0.19129170437943896,0.2170781517439337,0.5916301438766274,0.5916301438766274,0.9585054678821215,0.3745519921326937,5.25,4.33,1.6,1.0464230726932806,0.18202598494502173,0.22070125195412565,0.5972727631008525,1.6,0.5916301438766274,-0.05339176979739613,0.0,1,1,0.6000000000000001,-4.92
2019,13,2019-11-09,valencia,granada,2019|2019-11-09|valencia|granada,2019|2019-11-09|valencia|granada,H,H,0.5968354592636126,0.2544351631459002,0.14872937759048718,0.5968354592636126,0.9397054846910863,0.3424002961177124,1.61,3.7,6.0,1.0580549493592972,0.5870375756934711,0.25544067482878063,0.15752174947774808,1.61,0.5968354592636126,-0.039094910585583675,0.0,1,1,0.6100000000000001,-4.3100000000000005
2019,13,2019-11-10,ath bilbao,levante,2019|2019-11-10|ath bilbao|levante,2019|2019-11-10|athbilbao|levante,H,H,0.6641184742815467,0.2194318743415975,0.1164496513768558,0.6641184742815467,0.8550367147505809,0.4446865999399492,1.66,3.75,5.5,1.0508944870390655,0.5732351306281267,0.25375208449138403,0.17301278488048913,1.66,0.6641184742815467,0.10243666730736745,0.1552070716778295,1,1,0.6599999999999999,-3.6500000000000004
2019,13,2019-11-10,ath madrid,espanol,2019|2019-11-10|ath madrid|espanol,2019|2019-11-10|athmadrid|espanol,H,H,0.6702347068835698,0.22783348819606183,0.10193180492036838,0.6702347068835698,0.8379332042543854,0.4424012186875079,1.45,4.0,8.5,1.0573022312373226,0.6522781774580336,0.23645083932853717,0.11127098321342925,1.45,0.6702347068835698,-0.028159675018823827,0.0,1,1,0.44999999999999996,-3.2
2019,13,2019-11-10,betis,sevilla,2019|2019-11-10|betis|sevilla,2019|2019-11-10|betis|sevilla,A,A,0.27121469250541197,0.3077885533956221,0.420996754098966,0.420996754098966,1.0807902557628382,0.11320820070334386,3.6,3.4,2.1,1.0480859010270773,0.26503340757238314,0.28062360801781744,0.4543429844097996,2.1,0.420996754098966,-0.11590681639217143,0.0,1,1,1.1,-2.1
2019,13,2019-11-10,getafe,osasuna,2019|2019-11-10|getafe|osasuna,2019|2019-11-10|getafe|osasuna,D,H,0.46034425742160207,0.34414215967859546,0.19551358289980247,0.46034425742160207,1.0433254695059757,0.1162020977430066,1.95,3.3,4.33,1.0467976980679061,0.48989457444073026,0.28948315762406784,0.2206222679352018,1.95,0.46034425742160207,-0.10232869802787592,0.0,1,0,-1.0,-3.1
2019,13,2019-11-10,mallorca,villarreal,2019|2019-11-10|mallorca|villarreal,2019|2019-11-10|mallorca|villarreal,H,A,0.26775474759164364,0.2833570303659578,0.4488882220423987,0.4488882220423987,1.06969390588627,0.16553119167644093,3.6,3.25,2.15,1.050586364539853,0.2644026109166588,0.29287673824614513,0.4427206508371961,2.15,0.4488882220423987,-0.03489032260884284,0.0,1,0,-1.0,-4.1
2019,14,2019-11-22,levante,mallorca,2019|2019-11-22|levante|mallorca,2019|2019-11-22|levante|mallorca,H,H,0.5671941270760651,0.2654791705086487,0.1673267024152862,0.5671941270760651,0.9728608593375099,0.30171495656741637,1.75,3.75,4.5,1.06031746031746,0.5389221556886228,0.251497005988024,0.20958083832335334,1.75,0.5671941270760651,-0.007410277616886063,0.0,1,1,0.75,-3.35
2019,14,2019-11-23,betis,valencia,2019|2019-11-23|betis|valencia,2019|2019-11-23|betis|valencia,H,H,0.45021594002114435,0.26141670282155205,0.2883673571573035,0.45021594002114435,1.0686024922144162,0.16184858286384085,2.4,3.4,2.9,1.0556118999323867,0.39471577261809454,0.27862289831865494,0.3266613290632506,2.4,0.45021594002114435,0.08051825605074636,0.0575130400362474,1,1,1.4,-1.9500000000000002
2019,14,2019-11-23,granada,ath madrid,2019|2019-11-23|granada|ath madrid,2019|2019-11-23|granada|athmadrid,D,A,0.1895716723251304,0.28581301855733376,0.5246153091175358,0.5246153091175358,1.0116367575756358,0.23880229056020208,5.0,3.1,1.9,1.0488964346349745,0.19067659436710913,0.30754289414049857,0.5017805114923923,1.9,0.5246153091175358,-0.003230912676681963,0.0,1,0,-1.0,-2.95
2019,14,2019-11-23,leganes,barcelona,2019|2019-11-23|leganes|barcelona,2019|2019-11-23|leganes|barcelona,A,A,0.1846713717347473,0.19149687193316917,0.6238317563320835,0.6238317563320835,0.9228351270294102,0.4323348843989144,7.0,4.75,1.44,1.0478279030910609,0.13633645604943193,0.20091688259916285,0.6627466613514053,1.44,0.6238317563320835,-0.10168227088179971,0.0,1,1,0.43999999999999995,-2.5100000000000002
2019,14,2019-11-23,real madrid,sociedad,2019|2019-11-23|real madrid|sociedad,2019|2019-11-23|realmadrid|sociedad,H,H,0.7110287392802475,0.19608985959032438,0.09288140112942818,0.7110287392802475,0.7826834090093363,0.514938879689923,1.36,5.5,7.5,1.0504456327985738,0.6999830307144069,0.17308671304938064,0.12693025623621246,1.36,0.7110287392802475,-0.033000914578863394,0.0,1,1,0.3600000000000001,-2.1500000000000004
2019,14,2019-11-24,eibar,alaves,2019|2019-11-24|eibar|alaves,2019|2019-11-24|eibar|alaves,A,H,0.5557210620229242,0.26095085745593233,0.18332808052114352,0.5557210620229242,0.9880593726542954,0.2947702045669918,1.85,3.5,4.5,1.0484770484770483,0.5155482815057284,0.27250409165302786,0.2119476268412439,1.85,0.5557210620229242,0.028083964742409706,0.033039958520482006,1,0,-1.0,-3.1500000000000004
2019,14,2019-11-24,espanol,getafe,2019|2019-11-24|espanol|getafe,2019|2019-11-24|espanol|getafe,D,D,0.3374448417110054,0.3458539867744229,0.3167011715145717,0.3458539867744229,1.0979327534193568,0.0084091450634175,2.87,2.9,2.8,1.0504024990988827,0.3317128967686588,0.3282813840434658,0.3400057191878753,2.9,0.3458539867744229,0.002976561645826381,0.0015666113925402005,1,1,1.9,-1.2500000000000002
2019,14,2019-11-24,osasuna,ath bilbao,2019|2019-11-24|osasuna|ath bilbao,2019|2019-11-24|osasuna|athbilbao,A,A,0.32585413071100705,0.3299841482859234,0.34416172100306963,0.34416172100306963,1.098336857257471,0.014177572717146258,2.6,3.0,3.0,1.051282051282051,0.3658536585365854,0.3170731707317074,0.3170731707317074,3.0,0.34416172100306963,0.032485163009208895,0.016242581504604447,1,1,2.0,0.7499999999999998
2019,14,2019-11-24,valladolid,sevilla,2019|2019-11-24|valladolid|sevilla,2019|2019-11-24|valladolid|sevilla,A,A,0.21585250577858023,0.3355593639704036,0.4485881302510161,0.4485881302510161,1.056963337444046,0.11302876628061254,4.0,3.5,1.9,1.0620300751879699,0.23539823008849559,0.26902654867256637,0.49557522123893805,1.9,0.4485881302510161,-0.14768255252306933,0.0,1,1,0.8999999999999999,1.6499999999999997
2019,14,2019-11-24,villarreal,celta,2019|2019-11-24|villarreal|celta,2019|2019-11-24|villarreal|celta,A,H,0.4952241571809927,0.2831798640159099,0.2215959788030974,0.4952241571809927,1.0392194471992933,0.21204429316508283,1.8,3.8,4.33,1.0496603325094878,0.5292717447246527,0.2507076685537828,0.22002058672156458,1.8,0.4952241571809927,-0.10859651707421303,0.0,1,0,-1.0,0.6499999999999997
2019,15,2019-11-29,celta,valladolid,2019|2019-11-29|celta|valladolid,2019|2019-11-29|celta|valladolid,D,H,0.6522999114596217,0.2565691971624801,0.0911308913778982,0.6522999114596217,0.8460216168475738,0.39573071429714163,1.75,3.6,5.0,1.0492063492063493,0.5446293494704992,0.264750378214826,0.19062027231467474,1.75,0.6522999114596217,0.14152484505433804,0.18869979340578405,1,0,-1.0,-0.3500000000000003
2019,15,2019-11-30,alaves,real madrid,2019|2019-11-30|alaves|real madrid,2019|2019-11-30|alaves|realmadrid,A,A,0.22029939525876135,0.2834781802167943,0.4962224245244445,0.4962224245244445,1.0383385676082066,0.2127442443076502,6.5,4.33,1.5,1.0514597027299106,0.14631673800405498,0.2196440639783735,0.6340391980175715,1.5,0.4962224245244445,-0.25566636321333336,0.0,1,1,0.5,0.1499999999999997
2019,15,2019-11-30,mallorca,betis,2019|2019-11-30|mallorca|betis,2019|2019-11-30|mallorca|betis,A,D,0.3117129908992177,0.36328881787424644,0.32499819122653584,0.36328881787424644,1.0964829712811708,0.0382906266477106,2.62,3.3,2.7,1.0550800627136505,0.36175395858708886,0.28721071863581,0.3510353227771011,3.3,0.36328881787424644,0.19885309898501313,0.08645786912391876,1,0,-1.0,-0.8500000000000003
2019,15,2019-11-30,sociedad,eibar,2019|2019-11-30|sociedad|eibar,2019|2019-11-30|sociedad|eibar,H,H,0.5862946366064249,0.2418432893098134,0.17186207408376175,0.5862946366064249,0.9589900572200878,0.34445134729661153,1.72,3.75,5.0,1.048062015503876,0.5547337278106509,0.2544378698224852,0.1908284023668639,1.72,0.5862946366064249,0.008426774963050776,0.0117038541153483,1,1,0.72,-0.13000000000000034
2019,15,2019-11-30,valencia,villarreal,2019|2019-11-30|valencia|villarreal,2019|2019-11-30|valencia|villarreal,H,H,0.38592499055867047,0.3159421548156332,0.29813285462569633,0.38592499055867047,1.0922764144835861,0.06998283574303726,2.4,3.4,2.9,1.0556118999323867,0.39471577261809454,0.27862289831865494,0.3266613290632506,2.4,0.38592499055867047,-0.07378002265919092,0.0,1,1,1.4,1.2699999999999996
2019,15,2019-12-01,ath bilbao,granada,2019|2019-12-01|ath bilbao|granada,2019|2019-12-01|athbilbao|granada,H,H,0.6251016862888964,0.21267156805125884,0.16222674565984477,0.6251016862888964,0.9179668382427059,0.41243011823763753,1.7,3.4,6.0,1.0490196078431373,0.5607476635514018,0.2803738317757009,0.1588785046728972,1.7,0.6251016862888964,0.06267286669112382,0.08953266670160547,1,1,0.7,1.9699999999999995
2019,15,2019-12-01,ath madrid,barcelona,2019|2019-12-01|ath madrid|barcelona,2019|2019-12-01|athmadrid|barcelona,A,H,0.37449246529860736,0.2819450959179234,0.3435624387834693,0.37449246529860736,1.091832390372649,0.030930026515138043,2.75,3.3,2.6,1.0512820512820513,0.3458980044345898,0.28824833702882485,0.3658536585365853,2.75,0.37449246529860736,0.02985427957117026,0.017059588326383008,1,0,-1.0,0.9699999999999995
2019,15,2019-12-01,espanol,osasuna,2019|2019-12-01|espanol|osasuna,2019|2019-12-01|espanol|osasuna,A,H,0.4500831423683256,0.3259090666298904,0.2240077910017841,0.4500831423683256,1.0598327069224511,0.1241740757384352,2.15,3.1,3.6,1.0654747020088355,0.4365343242714649,0.30275767651085467,0.26070799921768045,2.15,0.4500831423683256,-0.032321243908099984,0.0,1,0,-1.0,-0.03000000000000047
2019,15,2019-12-01,getafe,levante,2019|2019-12-01|getafe|levante,2019|2019-12-01|getafe|levante,H,H,0.6891026780488376,0.17875508942165733,0.132142232529505,0.6891026780488376,0.8318068049199858,0.5103475886271803,1.66,3.8,5.5,1.047385715109241,0.5751554846166547,0.2512521327535912,0.17359238262975396,1.66,0.6891026780488376,0.1439104455610704,0.2180461296379855,1,1,0.6599999999999999,0.6299999999999994
2019,15,2019-12-01,sevilla,leganes,2019|2019-12-01|sevilla|leganes,2019|2019-12-01|sevilla|leganes,H,H,0.5911293358465206,0.22097272710522226,0.18789793704825714,0.5911293358465206,0.9585131957740958,0.37015660874129835,1.57,4.0,6.0,1.0536093418259023,0.6045340050377834,0.23727959697732998,0.15818639798488665,1.57,0.5911293358465206,-0.07192694272096262,0.0,1,1,0.5700000000000001,1.1999999999999995
2019,16,2019-12-06,villarreal,ath madrid,2019|2019-12-06|villarreal|ath madrid,2019|2019-12-06|villarreal|athmadrid,D,A,0.25155248699587884,0.2929849137472167,0.4554625992569045,0.4554625992569045,1.0650415547045928,0.16247768550968783,3.6,3.3,2.15,1.0459243598778483,0.26558113419427287,0.28972487366647953,0.4446939921392476,2.15,0.4554625992569045,-0.02075541159765526,0.0,1,0,-1.0,0.1999999999999995
2019,16,2019-12-07,barcelona,mallorca,2019|2019-12-07|barcelona|mallorca,2019|2019-12-07|barcelona|mallorca,H,H,0.855570599326264,0.09401355626694674,0.0504158444067892,0.855570599326264,0.5063501904573876,0.7615570430593173,1.14,8.5,17.0,1.0536635706914346,0.8325171400587659,0.11165523996082272,0.05582761998041136,1.14,0.855570599326264,-0.024649516768059127,0.0,1,1,0.1399999999999999,0.3399999999999994
2019,16,2019-12-07,granada,alaves,2019|2019-12-07|granada|alaves,2019|2019-12-07|granada|alaves,H,H,0.5243411293880873,0.24725456829492912,0.22840430231698358,0.5243411293880873,1.0212897220014585,0.2770865610931582,2.2,3.1,3.5,1.0628403854210307,0.4276704769412692,0.303508080409933,0.26882144264879776,2.2,0.5243411293880873,0.15355048465379217,0.12795873721149345,1,1,1.2000000000000002,1.5399999999999996
2019,16,2019-12-07,levante,valencia,2019|2019-12-07|levante|valencia,2019|2019-12-07|levante|valencia,A,A,0.2934733130082519,0.2517029092430623,0.4548237777486859,0.4548237777486859,1.0653454327289629,0.16135046474043396,3.2,3.75,2.15,1.044282945736434,0.29924839936902664,0.25535863412823606,0.44539296650273735,2.15,0.4548237777486859,-0.022128877840325356,0.0,1,1,1.15,2.6899999999999995
2019,16,2019-12-07,real madrid,espanol,2019|2019-12-07|real madrid|espanol,2019|2019-12-07|realmadrid|espanol,H,H,0.7615999577527317,0.1625663462120931,0.07583369603517529,0.7615999577527317,0.6983299236386129,0.5990336115406386,1.2,7.0,13.0,1.0531135531135531,0.7913043478260869,0.13565217391304346,0.07304347826086957,1.2,0.7615999577527317,-0.08608005069672198,0.0,1,1,0.19999999999999996,2.8899999999999997
2019,16,2019-12-08,betis,ath bilbao,2019|2019-12-08|betis|ath bilbao,2019|2019-12-08|betis|athbilbao,H,H,0.4041226208608191,0.3049265840445428,0.2909507950946381,0.4041226208608191,1.0875146929005124,0.09919603681627631,2.3,3.2,3.3,1.0503129117259553,0.41395531164249316,0.2975303802430419,0.2885143081144649,2.3,0.4041226208608191,-0.07051797202011612,0.0,1,1,1.2999999999999998,4.1899999999999995
2019,16,2019-12-08,eibar,getafe,2019|2019-12-08|eibar|getafe,2019|2019-12-08|eibar|getafe,A,A,0.2870558807941957,0.35206228385148275,0.3608818353543215,0.3608818353543215,1.0936151272824477,0.008819551502838752,2.8,2.9,2.87,1.0504024990988827,0.3400057191878753,0.3282813840434658,0.3317128967686588,2.87,0.3608818353543215,0.035730867466902794,0.01910741575770203,1,1,1.87,6.06
2019,16,2019-12-08,leganes,celta,2019|2019-12-08|leganes|celta,2019|2019-12-08|leganes|celta,H,H,0.3715365054529234,0.34573961516308216,0.28272387938399446,0.3715365054529234,1.0922214786815616,0.025796890289841223,2.37,3.1,3.3,1.0475518764616354,0.4027876210725254,0.3079376328844791,0.2892747460429956,2.37,0.3715365054529234,-0.1194584820765715,0.0,1,1,1.37,7.43
2019,16,2019-12-08,osasuna,sevilla,2019|2019-12-08|osasuna|sevilla,2019|2019-12-08|osasuna|sevilla,D,A,0.24767694692674558,0.2958176492562696,0.4565054038169848,0.4565054038169848,1.0639457238005243,0.1606877545607152,3.4,3.3,2.2,1.0516934046345812,0.2796610169491525,0.288135593220339,0.43220338983050843,2.2,0.4565054038169848,0.0043118883973666255,0.003593240331138854,1,0,-1.0,6.43
2019,16,2019-12-08,valladolid,sociedad,2019|2019-12-08|valladolid|sociedad,2019|2019-12-08|valladolid|sociedad,D,A,0.2840028543148668,0.32425837109005984,0.39173877459507334,0.39173877459507334,1.0898010093037016,0.0674804035050135,3.2,3.2,2.37,1.0469409282700421,0.29848866498740556,0.29848866498740556,0.4030226700251889,2.37,0.39173877459507334,-0.07157910420967617,0.0,1,0,-1.0,5.43
2019,17,2019-12-13,alaves,leganes,2019|2019-12-13|alaves|leganes,2019|2019-12-13|alaves|leganes,D,H,0.34684931505908306,0.3070236502938032,0.3461270346471138,0.34684931505908306,1.0970327119508838,0.0007222804119692561,2.4,3.0,3.2,1.0625,0.39215686274509803,0.3137254901960784,0.29411764705882354,2.4,0.34684931505908306,-0.16756164385820072,0.0,1,0,-1.0,4.43
2019,17,2019-12-14,ath bilbao,eibar,2019|2019-12-14|ath bilbao|eibar,2019|2019-12-14|athbilbao|eibar,D,H,0.5901376396727817,0.23697941463460961,0.1728829456926088,0.5901376396727817,0.9558708453733609,0.35315822503817207,1.66,3.75,5.5,1.0508944870390655,0.5732351306281267,0.25375208449138403,0.17301278488048913,1.66,0.5901376396727817,-0.0203715181431825,0.0,1,0,-1.0,3.4299999999999997
2019,17,2019-12-14,ath madrid,osasuna,2019|2019-12-14|ath madrid|osasuna,2019|2019-12-14|athmadrid|osasuna,H,H,0.7319383035916788,0.1908615361959199,0.07720016021240132,0.7319383035916788,0.7422511165009122,0.5410767673957588,1.4,4.33,10.0,1.0452325965028044,0.6833748934692718,0.2209526214450301,0.09567248508569805,1.4,0.7319383035916788,0.024713625028350228,0.061784062570875584,1,1,0.3999999999999999,3.829999999999999
2019,17,2019-12-14,granada,levante,2019|2019-12-14|granada|levante,2019|2019-12-14|granada|levante,A,H,0.4582833037855419,0.34397268916112694,0.19774400705333112,0.4582833037855419,1.0451688428491623,0.11431061462441494,2.0,3.6,3.8,1.04093567251462,0.48033707865168535,0.26685393258426965,0.2528089887640449,2.0,0.4582833037855419,-0.08343339242891629,0.0,1,0,-1.0,2.829999999999999
2019,17,2019-12-14,sociedad,barcelona,2019|2019-12-14|sociedad|barcelona,2019|2019-12-14|sociedad|barcelona,D,A,0.21363436532055174,0.19737243843363847,0.5889931962458098,0.5889931962458098,0.9617893066686903,0.37535883092525807,5.25,4.2,1.61,1.0496894409937887,0.1814595660749507,0.22682445759368838,0.591715976331361,1.61,0.5889931962458098,-0.05172095404424615,0.0,1,0,-1.0,1.8299999999999994
2019,17,2019-12-15,celta,mallorca,2019|2019-12-15|celta|mallorca,2019|2019-12-15|celta|mallorca,D,H,0.6710517270105238,0.1925752548566536,0.1363730181328226,0.6710517270105238,0.8566160499290238,0.47847647215387024,1.7,3.8,5.0,1.0513931888544892,0.5594817432273262,0.2502944640753828,0.19022379269729095,1.7,0.6710517270105238,0.14078793591789052,0.2011256227398436,1,0,-1.0,0.8299999999999994
2019,17,2019-12-15,espanol,betis,2019|2019-12-15|espanol|betis,2019|2019-12-15|espanol|betis,D,D,0.3499610097016665,0.41544976124195726,0.2345892290563763,0.41544976124195726,1.072499643797749,0.06548875154029077,2.6,3.25,2.8,1.0494505494505495,0.3664921465968586,0.2931937172774869,0.3403141361256544,3.25,0.41544976124195726,0.350211724036361,0.15564965512727158,1,1,2.25,3.079999999999999
2019,17,2019-12-15,getafe,valladolid,2019|2019-12-15|getafe|valladolid,2019|2019-12-15|getafe|valladolid,H,H,0.6379207336490693,0.18377470235882215,0.17830456399210848,0.6379207336490693,0.9055380564817611,0.45414603129024717,1.66,3.6,6.0,1.0468540829986615,0.5754475703324808,0.2653452685421995,0.15920716112531966,1.66,0.6379207336490693,0.05894841785745503,0.08931578463250762,1,1,0.6599999999999999,3.7399999999999993
2019,17,2019-12-15,sevilla,villarreal,2019|2019-12-15|sevilla|villarreal,2019|2019-12-15|sevilla|villarreal,A,H,0.5864624427993941,0.2342385749029462,0.17929898229765978,0.5864624427993941,0.9611023934191241,0.3522238678964479,1.66,4.0,5.0,1.052409638554217,0.5724098454493417,0.2375500858614768,0.19004006868918144,1.66,0.5864624427993941,-0.026472344953005877,0.0,1,0,-1.0,2.7399999999999993
2019,17,2019-12-15,valencia,real madrid,2019|2019-12-15|valencia|real madrid,2019|2019-12-15|valencia|realmadrid,D,A,0.2247961470324143,0.2984918388379408,0.4767120141296449,0.4767120141296449,1.049571072272532,0.17822017529170414,3.8,3.8,1.9,1.0526315789473684,0.25,0.25,0.5,1.9,0.4767120141296449,-0.0942471731536747,0.0,1,0,-1.0,1.739999999999999
2019,18,2019-12-20,eibar,granada,2019|2019-12-20|eibar|granada,2019|2019-12-20|eibar|granada,H,H,0.46604273198299423,0.2771561121160275,0.2568011559009783,0.46604273198299423,1.060562118086813,0.18888661986696675,2.1,3.25,3.8,1.047040678619626,0.45479653839071993,0.29386853249861905,0.251334929110661,2.1,0.46604273198299423,-0.021310262835712024,0.0,1,1,1.1,2.839999999999999
2019,18,2019-12-21,barcelona,alaves,2019|2019-12-21|barcelona|alaves,2019|2019-12-21|barcelona|alaves,H,H,0.8842912496861709,0.07730004245245285,0.0384087078613764,0.8842912496861709,0.43182511509471955,0.8069912072337181,1.12,9.0,21.0,1.0515873015873016,0.8490566037735848,0.10566037735849056,0.045283018867924525,1.12,0.8842912496861709,-0.009593800351488505,0.0,1,1,0.1200000000000001,2.959999999999999
2019,18,2019-12-21,mallorca,sevilla,2019|2019-12-21|mallorca|sevilla,2019|2019-12-21|mallorca|sevilla,A,A,0.1684555700586805,0.2792707662883894,0.5522736636529302,0.5522736636529302,0.9841550499599137,0.27300289736454075,5.0,4.0,1.66,1.052409638554217,0.19004006868918144,0.2375500858614768,0.5724098454493417,1.66,0.5522736636529302,-0.08322571833613596,0.0,1,1,0.6599999999999999,3.619999999999999
2019,18,2019-12-21,valladolid,valencia,2019|2019-12-21|valladolid|valencia,2019|2019-12-21|valladolid|valencia,D,A,0.32232129364093304,0.27423282534084276,0.4034458810182242,0.4034458810182242,1.0859436229004649,0.08112458737729117,3.5,3.4,2.15,1.0449482118428766,0.2734243501028614,0.28146624275294563,0.44510940714419306,2.15,0.4034458810182242,-0.132591355810818,0.0,1,0,-1.0,2.619999999999999
2019,18,2019-12-21,villarreal,getafe,2019|2019-12-21|villarreal|getafe,2019|2019-12-21|villarreal|getafe,H,H,0.5452621329862971,0.3120676875071965,0.14267017950650643,0.5452621329862971,0.9719192676464292,0.23319444547910062,2.2,3.25,3.5,1.047952047952048,0.4337464251668255,0.29361296472831266,0.27264061010486174,2.2,0.5452621329862971,0.19957669256985378,0.16631391047487812,1,1,1.2000000000000002,3.8199999999999994
2019,18,2019-12-22,betis,ath madrid,2019|2019-12-22|betis|ath madrid,2019|2019-12-22|betis|athmadrid,A,A,0.22271883807144197,0.25714471837493885,0.5201364435536192,0.5201364435536192,1.0237161450935535,0.26299172517868036,3.8,3.3,2.1,1.0423786739576213,0.2524590163934426,0.2907103825136612,0.45683060109289614,2.1,0.5201364435536192,0.09228653146260035,0.08389684678418213,1,1,1.1,4.92
2019,18,2019-12-22,leganes,espanol,2019|2019-12-22|leganes|espanol,2019|2019-12-22|leganes|espanol,H,H,0.4439237664415645,0.3067979045191439,0.2492783290392915,0.4439237664415645,1.069307324039777,0.1371258619224206,2.1,3.1,3.9,1.055181377762023,0.4512877939529675,0.3057110862262038,0.2430011198208287,2.1,0.4439237664415645,-0.06776009047271447,0.0,1,1,1.1,6.02
2019,18,2019-12-22,levante,celta,2019|2019-12-22|levante|celta,2019|2019-12-22|levante|celta,H,A,0.2798638939311748,0.30680046789152343,0.41333563817730173,0.41333563817730173,1.0840757615004666,0.1065351702857783,2.62,3.4,2.62,1.0574764256847777,0.3609341825902335,0.2781316348195329,0.3609341825902335,2.62,0.41333563817730173,0.0829393720245305,0.051197143225018824,1,0,-1.0,5.02
2019,18,2019-12-22,osasuna,sociedad,2019|2019-12-22|osasuna|sociedad,2019|2019-12-22|osasuna|sociedad,A,A,0.31978627337827037,0.3049700432524181,0.3752436833693115,0.3752436833693115,1.0945599690968129,0.05545740999104115,2.8,3.4,2.5,1.0512605042016807,0.33972821742605913,0.2797761790567546,0.38049560351718625,2.5,0.3752436833693115,-0.06189079157672117,0.0,1,1,1.5,6.52
2019,18,2019-12-22,real madrid,ath bilbao,2019|2019-12-22|real madrid|ath bilbao,2019|2019-12-22|realmadrid|athbilbao,D,H,0.7421791455068865,0.16460542211459273,0.09321543237852084,0.7421791455068865,0.739458830629563,0.5775737233922937,1.33,5.25,8.0,1.0673558897243107,0.7044320516583504,0.17845611975344877,0.11711182858820077,1.33,0.7421791455068865,-0.012901736475840947,0.0,1,0,-1.0,5.52
2019,19,2020-01-03,sevilla,ath bilbao,2019|2020-01-03|sevilla|ath bilbao,2019|2020-01-03|sevilla|athbilbao,D,H,0.5932233841916909,0.25885472928690056,0.1479218865214086,0.5932233841916909,0.9423002549636764,0.3343686549047903,1.61,3.75,6.0,1.0544513457556937,0.5890437855880619,0.25289613194580796,0.15806008246612996,1.61,0.5932233841916909,-0.04491035145137767,0.0,1,0,-1.0,4.52
2019,19,2020-01-03,valladolid,leganes,2019|2020-01-03|valladolid|leganes,2019|2020-01-03|valladolid|leganes,D,H,0.40629853076818134,0.3087992713906692,0.2849021978411495,0.40629853076818134,1.0865244235670601,0.09749925937751214,2.7,2.87,3.0,1.0521357594528324,0.3520176622102294,0.33116644180056426,0.31681589598920645,2.7,0.40629853076818134,0.09700603307408973,0.05706237239652336,1,0,-1.0,3.5199999999999996
2019,19,2020-01-04,ath madrid,levante,2019|2020-01-04|ath madrid|levante,2019|2020-01-04|athmadrid|levante,H,H,0.8554346103384696,0.09413467275324441,0.05043071690828597,0.8554346103384696,0.5066596755373743,0.7612999375852252,1.25,5.75,12.0,1.0572463768115943,0.7566826593557231,0.1644962302947224,0.07882111034955448,1.25,0.8554346103384696,0.06929326292308696,0.27717305169234785,1,1,0.25,3.7699999999999996
2019,19,2020-01-04,espanol,barcelona,2019|2020-01-04|espanol|barcelona,2019|2020-01-04|espanol|barcelona,D,A,0.16668000268627423,0.21516474633267144,0.6181552509810544,0.6181552509810544,0.9265481128868154,0.40299050464838293,6.5,4.75,1.45,1.0540276420494208,0.14596026490066225,0.1997350993377483,0.6543046357615894,1.45,0.6181552509810544,-0.10367488607747116,0.0,1,0,-1.0,2.7699999999999996
2019,19,2020-01-04,getafe,real madrid,2019|2020-01-04|getafe|real madrid,2019|2020-01-04|getafe|realmadrid,A,A,0.20134858564199443,0.2747986080728333,0.5238528062851723,0.5238528062851723,1.0163610701202024,0.24905419821233898,4.2,3.6,1.85,1.0564135564135562,0.2253807106598985,0.2629441624365483,0.5116751269035533,1.85,0.5238528062851723,-0.030872308372431212,0.0,1,1,0.8500000000000001,3.6199999999999997
2019,19,2020-01-04,valencia,eibar,2019|2020-01-04|valencia|eibar,2019|2020-01-04|valencia|eibar,H,H,0.6062950180697484,0.23166447227502587,0.1620405096552257,0.6062950180697484,0.9370833005403467,0.37463054579472255,1.61,3.9,5.5,1.0593464506507986,0.5863218893505356,0.24204570303958015,0.1716324076098841,1.61,0.6062950180697484,-0.023865020907705037,0.0,1,1,0.6100000000000001,4.2299999999999995
2019,19,2020-01-05,alaves,betis,2019|2020-01-05|alaves|betis,2019|2020-01-05|alaves|betis,D,D,0.3272694184544431,0.3910609275090447,0.2816696540365121,0.3910609275090447,1.0895957444924966,0.06379150905460163,2.6,3.25,2.8,1.0494505494505495,0.3664921465968586,0.2931937172774869,0.3403141361256544,3.25,0.3910609275090447,0.2709480144043952,0.12042133973528675,1,1,2.25,6.4799999999999995
2019,19,2020-01-05,celta,osasuna,2019|2020-01-05|celta|osasuna,2019|2020-01-05|celta|osasuna,D,H,0.5135887528022134,0.2664314075011149,0.21997983969667173,0.5135887528022134,1.0277109988760942,0.2471573453010985,2.05,3.4,3.75,1.0485891917742707,0.4652011310772599,0.2804889172671714,0.25430995165556874,2.05,0.5135887528022134,0.05285694324453738,0.050339945947178465,1,0,-1.0,5.4799999999999995
2019,19,2020-01-05,granada,mallorca,2019|2020-01-05|granada|mallorca,2019|2020-01-05|granada|mallorca,H,H,0.5284314738636023,0.26427265939398215,0.20729586674241557,0.5284314738636023,1.0149454991692317,0.2641588144696202,1.95,3.4,4.2,1.0450333979745745,0.4907216494845361,0.28144329896907216,0.22783505154639172,1.95,0.5284314738636023,0.030441374034024582,0.032043551614762716,1,1,0.95,6.43
2019,19,2020-01-05,sociedad,villarreal,2019|2020-01-05|sociedad|villarreal,2019|2020-01-05|sociedad|villarreal,A,H,0.5377934739384482,0.26818044301938193,0.19402608304216984,0.5377934739384482,1.004690628174524,0.2696130309190663,1.85,3.9,3.9,1.0533610533610533,0.513157894736842,0.24342105263157898,0.24342105263157898,1.85,0.5377934739384482,-0.005082073213870719,0.0,1,0,-1.0,5.43
2019,20,2020-01-17,leganes,getafe,2019|2020-01-17|leganes|getafe,2019|2020-01-17|leganes|getafe,A,A,0.32780342827365394,0.3007627565710094,0.3714338151553366,0.3714338151553366,1.0948214335238746,0.04363038688168264,3.0,2.87,2.7,1.0521357594528324,0.31681589598920645,0.33116644180056426,0.3520176622102294,2.7,0.3714338151553366,0.0028713009194087924,0.0016890005408287012,1,1,1.7000000000000002,7.13
2019,20,2020-01-18,eibar,ath madrid,2019|2020-01-18|eibar|ath madrid,2019|2020-01-18|eibar|athmadrid,H,A,0.1767208852034297,0.3028350591512778,0.5204440556452925,0.5204440556452925,1.0079344195217612,0.21760899649401472,5.25,3.3,1.8,1.049062049062049,0.1815680880330124,0.28885832187070154,0.5295735900962861,1.8,0.5204440556452925,-0.06320069983847348,0.0,1,0,-1.0,6.13
2019,20,2020-01-18,levante,alaves,2019|2020-01-18|levante|alaves,2019|2020-01-18|levante|alaves,A,H,0.4571660107083167,0.2588882104756847,0.28394577881599853,0.4571660107083167,1.0651584844808233,0.17322023189231817,2.05,3.4,3.75,1.0485891917742707,0.4652011310772599,0.2804889172671714,0.25430995165556874,2.05,0.4571660107083167,-0.0628096780479509,0.0,1,0,-1.0,5.13
2019,20,2020-01-18,osasuna,valladolid,2019|2020-01-18|osasuna|valladolid,2019|2020-01-18|osasuna|valladolid,D,H,0.508292117998814,0.30360513805362266,0.1881027439475633,0.508292117998814,1.020142212972827,0.20468697994519136,1.8,3.4,5.0,1.0496732026143791,0.5292652552926526,0.28019925280199254,0.19053549190535493,1.8,0.508292117998814,-0.08507418760213475,0.0,1,0,-1.0,4.13
2019,20,2020-01-18,real madrid,sevilla,2019|2020-01-18|real madrid|sevilla,2019|2020-01-18|realmadrid|sevilla,H,H,0.615871652624571,0.2364641129580707,0.1476642344173583,0.615871652624571,0.9219490399885999,0.3794075396665003,1.6,4.33,5.25,1.0464230726932806,0.5972727631008525,0.22070125195412565,0.18202598494502173,1.6,0.615871652624571,-0.014605355800686337,0.0,1,1,0.6000000000000001,4.7299999999999995
2019,20,2020-01-19,ath bilbao,celta,2019|2020-01-19|ath bilbao|celta,2019|2020-01-19|athbilbao|celta,D,H,0.4601222237219702,0.3213166266545887,0.2185611496234412,0.4601222237219702,1.0543393948687738,0.1388055970673815,1.95,3.25,4.5,1.0427350427350428,0.49180327868852464,0.29508196721311475,0.21311475409836064,1.95,0.4601222237219702,-0.10276166374215812,0.0,1,0,-1.0,3.7299999999999995
2019,20,2020-01-19,barcelona,granada,2019|2020-01-19|barcelona|granada,2019|2020-01-19|barcelona|granada,H,H,0.8469584707372123,0.10919855237741466,0.043842976885372933,0.8469584707372123,0.5196157701168749,0.7377599183597976,1.16,7.5,17.0,1.0542258282623393,0.8177270395074399,0.12647511544381734,0.055797845048742946,1.16,0.8469584707372123,-0.017528173944833775,0.0,1,1,0.15999999999999992,3.8899999999999997
2019,20,2020-01-19,betis,sociedad,2019|2020-01-19|betis|sociedad,2019|2020-01-19|betis|sociedad,H,H,0.4016710803049227,0.21520070646311834,0.3831282132319589,0.4016710803049227,1.0645285253835817,0.01854286707296382,2.5,3.4,2.8,1.0512605042016807,0.38049560351718625,0.2797761790567546,0.33972821742605913,2.5,0.4016710803049227,0.004177700762306835,0.00278513384153789,1,1,1.5,5.39
2019,20,2020-01-19,mallorca,valencia,2019|2020-01-19|mallorca|valencia,2019|2020-01-19|mallorca|valencia,H,A,0.2555206755152039,0.3375772794340437,0.4069020450507525,0.4069020450507525,1.0811207023639968,0.0693247656167088,3.75,3.4,2.05,1.0485891917742707,0.25430995165556874,0.2804889172671714,0.4652011310772599,2.05,0.4069020450507525,-0.1658508076459574,0.0,1,0,-1.0,4.39
2019,20,2020-01-19,villarreal,espanol,2019|2020-01-19|villarreal|espanol,2019|2020-01-19|villarreal|espanol,A,H,0.606804410092815,0.19479398762092145,0.1984016022862634,0.606804410092815,0.9426819360313712,0.40840280780655164,1.65,3.8,5.75,1.0431315442757092,0.5810011300937312,0.2522768064880675,0.16672206341820112,1.65,0.606804410092815,0.0012272766531447599,0.0018881179279150154,1,0,-1.0,3.3899999999999997
2019,21,2020-01-24,osasuna,levante,2019|2020-01-24|osasuna|levante,2019|2020-01-24|osasuna|levante,H,H,0.6658257063049622,0.1862595868063335,0.14791470688870434,0.6658257063049622,0.8665226588168314,0.4795661194986287,1.66,4.0,4.75,1.0629359543436907,0.5667412378821775,0.23519761372110362,0.19806114839671882,1.66,0.6658257063049622,0.10527067246623717,0.15950101888823814,1,1,0.6599999999999999,4.05
2019,21,2020-01-25,alaves,villarreal,2019|2020-01-25|alaves|villarreal,2019|2020-01-25|alaves|villarreal,A,D,0.2388060047930201,0.481063461051923,0.2801305341550568,0.481063461051923,1.0504820790468687,0.2009329268968662,2.8,3.25,2.55,1.0569920275802631,0.3378860462745897,0.2911018244827234,0.37101212924268673,3.25,0.481063461051923,0.5634562484187496,0.25042499929722206,1,0,-1.0,3.05
2019,21,2020-01-25,espanol,ath bilbao,2019|2020-01-25|espanol|ath bilbao,2019|2020-01-25|espanol|athbilbao,D,H,0.40085789441324876,0.3859984545691892,0.21314365101756194,0.40085789441324876,1.0633590417726442,0.014859439844059574,2.5,2.9,3.25,1.0525198938992042,0.3800403225806452,0.3276209677419355,0.2923387096774194,2.5,0.40085789441324876,0.00214473603312193,0.0014298240220812868,1,0,-1.0,2.05
2019,21,2020-01-25,sevilla,granada,2019|2020-01-25|sevilla|granada,2019|2020-01-25|sevilla|granada,H,H,0.7786171717231463,0.14591635425189947,0.07546647402495431,0.7786171717231463,0.6706966696023127,0.6327008174712467,1.36,4.75,9.5,1.0510835913312693,0.6995581737849779,0.20029455081001474,0.10014727540500737,1.36,0.7786171717231463,0.05891935354347899,0.16366487095410825,1,1,0.3600000000000001,2.4099999999999997
2019,21,2020-01-25,valencia,barcelona,2019|2020-01-25|valencia|barcelona,2019|2020-01-25|valencia|barcelona,H,A,0.174794359883892,0.1959098823266463,0.6292957577894618,0.6292957577894618,0.9156803253438737,0.4333858754628155,5.0,4.33,1.61,1.0520648946394502,0.1901023416131962,0.21951771548867918,0.5903799428981247,1.61,0.6292957577894618,0.013166170041033542,0.021583885313169737,1,0,-1.0,1.4099999999999997
2019,21,2020-01-26,ath madrid,leganes,2019|2020-01-26|ath madrid|leganes,2019|2020-01-26|athmadrid|leganes,D,H,0.6886919597436677,0.20344710837921018,0.10786093187712206,0.6886919597436677,0.8210110801990006,0.4852448513644575,1.44,4.0,9.0,1.0555555555555556,0.6578947368421052,0.23684210526315788,0.10526315789473684,1.44,0.6886919597436677,-0.00828357796911855,0.0,1,0,-1.0,0.4099999999999997
2019,21,2020-01-26,celta,eibar,2019|2020-01-26|celta|eibar,2019|2020-01-26|celta|eibar,D,H,0.5415310671673331,0.26679516135180653,0.19167377148086032,0.5415310671673331,1.0012977304731097,0.2747359058155266,2.0,3.4,3.8,1.0572755417956656,0.47291361639824303,0.2781844802342606,0.24890190336749632,2.0,0.5415310671673331,0.08306213433466625,0.08306213433466625,1,0,-1.0,-0.5900000000000003
2019,21,2020-01-26,getafe,betis,2019|2020-01-26|getafe|betis,2019|2020-01-26|getafe|betis,H,H,0.4506777819414708,0.32249725004313656,0.2268249680153926,0.4506777819414708,1.0606610597635682,0.12818053189833423,2.05,3.3,3.8,1.0539930758159257,0.46281601771544567,0.28750692009595863,0.24967706218859564,2.05,0.4506777819414708,-0.07611054701998499,0.0,1,1,1.0499999999999998,0.4599999999999995
2019,21,2020-01-26,sociedad,mallorca,2019|2020-01-26|sociedad|mallorca,2019|2020-01-26|sociedad|mallorca,H,H,0.7604093639369817,0.14475732912131611,0.09483330694170235,0.7604093639369817,0.7114394792637158,0.6156520348156655,1.45,4.33,7.5,1.0539353879642166,0.6543619089837492,0.21912812194605918,0.12650996907019152,1.45,0.7604093639369817,0.10259357770862337,0.2279857282413853,1,1,0.44999999999999996,0.9099999999999995
2019,21,2020-01-26,valladolid,real madrid,2019|2020-01-26|valladolid|real madrid,2019|2020-01-26|valladolid|realmadrid,A,A,0.18589359791899812,0.18516067632305447,0.6289457257579473,0.6289457257579473,0.9167089001124402,0.44305212783894915,7.5,4.5,1.44,1.0499999999999998,0.126984126984127,0.21164021164021166,0.6613756613756615,1.44,0.6289457257579473,-0.09431815490855594,0.0,1,1,0.43999999999999995,1.3499999999999994
2019,22,2020-02-01,granada,espanol,2019|2020-02-01|granada|espanol,2019|2020-02-01|granada|espanol,H,H,0.371726581892947,0.2923479694401394,0.3359254486669136,0.371726581892947,1.0938416584578188,0.0358011332260334,2.7,3.1,2.8,1.050093872674518,0.3527021535960991,0.30719219829337663,0.34010564811052413,2.7,0.371726581892947,0.0036617711109568907,0.0021539830064452297,1,1,1.7000000000000002,3.05
2019,22,2020-02-01,mallorca,valladolid,2019|2020-02-01|mallorca|valladolid,2019|2020-02-01|mallorca|valladolid,A,D,0.30046340703259466,0.3925352301958687,0.3070013627715366,0.3925352301958687,1.0908959369778335,0.08553386742433211,2.25,3.25,3.4,1.0462543991955757,0.4247957712638154,0.2940893801057184,0.2811148486304661,3.25,0.3925352301958687,0.2757394981365733,0.12255088806069923,1,0,-1.0,2.05
2019,22,2020-02-01,real madrid,ath madrid,2019|2020-02-01|real madrid|ath madrid,2019|2020-02-01|realmadrid|athmadrid,H,H,0.49399517475644167,0.31979778508774503,0.18620704015581338,0.49399517475644167,1.0259653842731866,0.17419738966869663,1.8,3.5,4.75,1.0517961570593148,0.5281969817315331,0.27164416203335984,0.20015885623510724,1.8,0.49399517475644167,-0.11080868543840494,0.0,1,1,0.8,2.8499999999999996
2019,22,2020-02-01,valencia,celta,2019|2020-02-01|valencia|celta,2019|2020-02-01|valencia|celta,H,H,0.5089607601408692,0.35513417636945854,0.13590506348967227,0.5089607601408692,0.9826393500718572,0.15382658377141067,1.8,3.6,4.5,1.0555555555555556,0.5263157894736842,0.2631578947368421,0.21052631578947367,1.8,0.5089607601408692,-0.08387063174643539,0.0,1,1,0.8,3.6499999999999995
2019,22,2020-02-02,ath bilbao,getafe,2019|2020-02-02|ath bilbao|getafe,2019|2020-02-02|athbilbao|getafe,A,H,0.435079749238659,0.3088024002640276,0.25611785049731334,0.435079749238659,1.0738066780665925,0.1262773489746314,2.55,2.8,3.3,1.0523300229182582,0.3726557773744707,0.3393829401088929,0.28796128251663644,2.55,0.435079749238659,0.10945336055858035,0.07061507132811636,1,0,-1.0,2.6499999999999995
2019,22,2020-02-02,barcelona,levante,2019|2020-02-02|barcelona|levante,2019|2020-02-02|barcelona|levante,H,H,0.8830323319730452,0.08432438378623498,0.032643284240719744,0.8830323319730452,0.43009386106843805,0.7987079481868102,1.14,9.0,15.0,1.0549707602339182,0.8314855875831485,0.10532150776053213,0.06319290465631928,1.14,0.8830323319730452,0.006656858449271441,0.047548988923367466,1,1,0.1399999999999999,2.7899999999999996
2019,22,2020-02-02,eibar,betis,2019|2020-02-02|eibar|betis,2019|2020-02-02|eibar|betis,D,H,0.37582081295421843,0.2718624406204729,0.35231674642530875,0.37582081295421843,1.089429557262916,0.023504066528909684,2.5,3.4,2.8,1.0512605042016807,0.38049560351718625,0.2797761790567546,0.33972821742605913,2.5,0.37582081295421843,-0.060447967614453924,0.0,1,0,-1.0,1.7899999999999996
2019,22,2020-02-02,leganes,sociedad,2019|2020-02-02|leganes|sociedad,2019|2020-02-02|leganes|sociedad,H,A,0.3495065704483968,0.24663592612548454,0.40385750342611854,0.40385750342611854,1.0788389862494054,0.054350932977721755,2.9,3.1,2.6,1.0520236159835714,0.3277755185034567,0.3066287108580724,0.36559577063847093,2.6,0.40385750342611854,0.05002950890790814,0.031268443067442586,1,0,-1.0,0.7899999999999996
2019,22,2020-02-02,sevilla,alaves,2019|2020-02-02|sevilla|alaves,2019|2020-02-02|sevilla|alaves,D,H,0.7510186072702383,0.15109643408072407,0.09788495864903766,0.7510186072702383,0.728063885471679,0.5999221731895142,1.36,5.0,8.5,1.0529411764705883,0.6983240223463686,0.18994413407821228,0.11173184357541899,1.36,0.7510186072702383,0.02138530588752413,0.05940362746534479,1,0,-1.0,-0.2100000000000004
2019,22,2020-02-02,villarreal,osasuna,2019|2020-02-02|villarreal|osasuna,2019|2020-02-02|villarreal|osasuna,H,H,0.6003180517031215,0.17781530958410932,0.22186663871276924,0.6003180517031215,0.9474883943256447,0.37845141299035223,1.75,4.0,4.33,1.0523754536456615,0.5429892624813857,0.23755780233560622,0.21945293518300807,1.75,0.6003180517031215,0.05055659048046257,0.06740878730728343,1,1,0.75,0.5399999999999996
2019,23,2020-02-07,alaves,eibar,2019|2020-02-07|alaves|eibar,2019|2020-02-07|alaves|eibar,H,H,0.3918637325855115,0.35749475491736343,0.250641512497125,0.3918637325855115,1.081666109038161,0.03436897766814806,2.25,3.2,3.4,1.051062091503268,0.42285270112708895,0.29731830547998445,0.27982899339292655,2.25,0.3918637325855115,-0.11830660168259921,0.0,1,1,1.25,1.7899999999999996
2019,23,2020-02-08,ath madrid,granada,2019|2020-02-08|ath madrid|granada,2019|2020-02-08|athmadrid|granada,H,H,0.7726677158232188,0.13220848765657628,0.09512379652020493,0.7726677158232188,0.69056912378063,0.6404592281666426,1.4,4.2,10.0,1.0523809523809524,0.6787330316742082,0.2262443438914027,0.09502262443438914,1.4,0.7726677158232188,0.08173480215250628,0.20433700538126576,1,1,0.3999999999999999,2.1899999999999995
2019,23,2020-02-08,getafe,valencia,2019|2020-02-08|getafe|valencia,2019|2020-02-08|getafe|valencia,H,H,0.5007263344867688,0.26788432739912316,0.23138933811410803,0.5007263344867688,1.0378812468447087,0.23284200708764569,2.0,3.3,4.0,1.053030303030303,0.47482014388489213,0.2877697841726619,0.23741007194244607,2.0,0.5007263344867688,0.0014526689735376852,0.0014526689735376852,1,1,1.0,3.1899999999999995
2019,23,2020-02-08,levante,leganes,2019|2020-02-08|levante|leganes,2019|2020-02-08|levante|leganes,H,D,0.3112850134187177,0.3668412226136662,0.32187376396761613,0.3668412226136662,1.0960367741294847,0.04496745864605006,2.5,3.25,2.87,1.0561243634414366,0.37874327479443715,0.2913409806111055,0.3299157445944574,3.25,0.3668412226136662,0.19223397349441507,0.08543732155307336,1,0,-1.0,2.1899999999999995
2019,23,2020-02-08,valladolid,villarreal,2019|2020-02-08|valladolid|villarreal,2019|2020-02-08|valladolid|villarreal,D,D,0.27729813898058553,0.38679710878579215,0.3359047522336222,0.38679710878579215,1.0895287367541053,0.05089235655216995,3.0,3.2,2.45,1.0539965986394557,0.3162565550625252,0.2964905203711174,0.3872529245663574,3.2,0.38679710878579215,0.237750748114535,0.10806852187024317,1,1,2.2,4.39
2019,23,2020-02-09,betis,barcelona,2019|2020-02-09|betis|barcelona,2019|2020-02-09|betis|barcelona,A,A,0.22407601834173912,0.27979898764590844,0.4961249940123524,0.4961249940123524,1.0392892071430229,0.21632600636644395,4.0,3.8,1.85,1.0536984352773824,0.23725953425582186,0.249746878164023,0.5129935875801553,1.85,0.4961249940123524,-0.08216876107714799,0.0,1,1,0.8500000000000001,5.24
2019,23,2020-02-09,celta,sevilla,2019|2020-02-09|celta|sevilla,2019|2020-02-09|celta|sevilla,H,A,0.2752209200134004,0.2877045624978305,0.43707451748876913,0.43707451748876913,1.0752586883350967,0.14936995499093864,3.4,3.4,2.2,1.0427807486631016,0.28205128205128205,0.28205128205128205,0.4358974358974359,2.2,0.43707451748876913,-0.0384360615247078,0.0,1,0,-1.0,4.24
2019,23,2020-02-09,espanol,mallorca,2019|2020-02-09|espanol|mallorca,2019|2020-02-09|espanol|mallorca,H,H,0.6420638858648476,0.21385112451019858,0.14408498962495372,0.6420638858648476,0.8934810095328147,0.42821276135464903,1.61,4.0,5.5,1.052936194240542,0.5898914063547392,0.23743129105778257,0.17267730258747824,1.61,0.6420638858648476,0.033722856242404786,0.055283370889188166,1,1,0.6100000000000001,4.85
2019,23,2020-02-09,osasuna,real madrid,2019|2020-02-09|osasuna|real madrid,2019|2020-02-09|osasuna|realmadrid,A,A,0.1939509057052521,0.20996188686138595,0.596087207433362,0.596087207433362,0.9542199013955956,0.386125320571976,5.75,4.5,1.53,1.049730036942313,0.16567406605305904,0.21169463995668653,0.6226312939902545,1.53,0.596087207433362,-0.0879865726269562,0.0,1,1,0.53,5.38
2019,23,2020-02-09,sociedad,ath bilbao,2019|2020-02-09|sociedad|ath bilbao,2019|2020-02-09|sociedad|athbilbao,H,H,0.45296222071651243,0.2745152383972,0.2725225408862876,0.45296222071651243,1.067889589754372,0.17844698231931244,2.05,3.3,3.8,1.0539930758159257,0.46281601771544567,0.28750692009595863,0.24967706218859564,2.05,0.45296222071651243,-0.07142744753114955,0.0,1,1,1.0499999999999998,6.43
2019,24,2020-02-14,valencia,ath madrid,2019|2020-02-14|valencia|ath madrid,2019|2020-02-14|valencia|athmadrid,D,A,0.264219901666429,0.2845721044853094,0.45120799384826166,0.45120799384826166,1.068394435023075,0.16663588936295226,3.4,3.1,2.3,1.0514809009157662,0.27971753628874063,0.3067869752844252,0.41349548842683403,2.3,0.45120799384826166,0.03777838585100168,0.029060296808462838,1,0,-1.0,5.43
2019,24,2020-02-15,barcelona,getafe,2019|2020-02-15|barcelona|getafe,2019|2020-02-15|barcelona|getafe,H,H,0.7855431316351402,0.1261363500494337,0.0883205183154261,0.7855431316351402,0.6651007165502354,0.6594067815857065,1.4,4.75,8.0,1.0498120300751879,0.6803939122649956,0.20053715308863027,0.11906893464637423,1.4,0.7855431316351402,0.09976038428919626,0.2494009607229907,1,1,0.3999999999999999,5.83
2019,24,2020-02-15,granada,valladolid,2019|2020-02-15|granada|valladolid,2019|2020-02-15|granada|valladolid,H,H,0.3638627460318696,0.3349027174605348,0.30123453650759563,0.3638627460318696,1.0956537173957708,0.028960028571334784,2.4,3.0,3.3,1.053030303030303,0.3956834532374101,0.31654676258992803,0.2877697841726619,2.4,0.3638627460318696,-0.12672940952351308,0.0,1,1,1.4,7.2299999999999995
2019,24,2020-02-15,mallorca,alaves,2019|2020-02-15|mallorca|alaves,2019|2020-02-15|mallorca|alaves,H,H,0.37341976977884195,0.3283014116248724,0.2982788185962857,0.37341976977884195,1.0943434640537986,0.04511835815396953,2.4,3.2,3.1,1.051747311827957,0.39616613418530355,0.2971246006389776,0.30670926517571884,2.4,0.37341976977884195,-0.10379255253077935,0.0,1,1,1.4,8.629999999999999
2019,24,2020-02-15,villarreal,levante,2019|2020-02-15|villarreal|levante,2019|2020-02-15|villarreal|levante,H,H,0.7674237570102311,0.11920219645652541,0.11337404653324354,0.7674237570102311,0.7035070908180816,0.6482215605537057,1.5,4.5,6.0,1.0555555555555556,0.631578947368421,0.21052631578947367,0.15789473684210525,1.5,0.7674237570102311,0.1511356355153467,0.3022712710306934,1,1,0.5,9.129999999999999
2019,24,2020-02-16,ath bilbao,osasuna,2019|2020-02-16|ath bilbao|osasuna,2019|2020-02-16|athbilbao|osasuna,A,H,0.5023686668611732,0.31576517945562665,0.18186615368320008,0.5023686668611732,1.0198295023771349,0.18660348740554655,2.0,3.25,4.1,1.051594746716698,0.47546833184656556,0.29259589652096346,0.23193577163247103,2.0,0.5023686668611732,0.004737333722346415,0.004737333722346415,1,0,-1.0,8.129999999999999
2019,24,2020-02-16,leganes,betis,2019|2020-02-16|leganes|betis,2019|2020-02-16|leganes|betis,D,H,0.4375356059820207,0.24434815492907433,0.3181162390889049,0.4375356059820207,1.0703423980179183,0.11941936689311577,2.4,3.2,3.1,1.051747311827957,0.39616613418530355,0.2971246006389776,0.30670926517571884,2.4,0.4375356059820207,0.050085454356849635,0.03577532454060688,1,0,-1.0,7.129999999999999
2019,24,2020-02-16,real madrid,celta,2019|2020-02-16|real madrid|celta,2019|2020-02-16|realmadrid|celta,D,H,0.8190477676726577,0.10685804095033745,0.07409419137700488,0.8190477676726577,0.5952782715547409,0.7121897267223203,1.28,6.0,9.0,1.0590277777777777,0.7377049180327869,0.15737704918032788,0.10491803278688525,1.28,0.8190477676726577,0.04838114262100193,0.17278979507500689,1,0,-1.0,6.129999999999999
2019,24,2020-02-16,sevilla,espanol,2019|2020-02-16|sevilla|espanol,2019|2020-02-16|sevilla|espanol,D,H,0.670339675004634,0.22386643291379232,0.10579389208157372,0.670339675004634,0.8408192555962135,0.44647324209084166,1.57,3.8,6.5,1.0539467237422318,0.6043404859191113,0.24968804286658017,0.14597147121430842,1.57,0.670339675004634,0.0524332897572754,0.09198822764434281,1,0,-1.0,5.129999999999999
2019,24,2020-03-10,eibar,sociedad,2019|2020-03-10|eibar|sociedad,2019|2020-03-10|eibar|sociedad,A,A,0.2767145974154601,0.3371002003147166,0.38618520226982334,0.38618520226982334,1.089499951618853,0.04908500195510673,3.4,3.3,2.2,1.0516934046345812,0.2796610169491525,0.288135593220339,0.43220338983050843,2.2,0.38618520226982334,-0.1503925550063886,0.0,1,1,1.2000000000000002,6.33
2019,25,2020-02-21,betis,mallorca,2019|2020-02-21|betis|mallorca,2019|2020-02-21|betis|mallorca,D,H,0.724726790885021,0.19727617260292402,0.07799703651205497,0.724726790885021,0.7525193981943454,0.527450618282097,1.45,4.6,7.0,1.049903619618762,0.65687474500204,0.20705834353325175,0.13606691146470826,1.45,0.724726790885021,0.05085384678328042,0.11300854840728984,1,0,-1.0,5.33
2019,25,2020-02-22,barcelona,eibar,2019|2020-02-22|barcelona|eibar,2019|2020-02-22|barcelona|eibar,H,H,0.8182824906319662,0.1271358169927394,0.05458169237529445,0.8182824906319662,0.5850488356401469,0.6911466736392269,1.2,6.5,13.0,1.064102564102564,0.783132530120482,0.14457831325301207,0.07228915662650603,1.2,0.8182824906319662,-0.018061011241640557,0.0,1,1,0.19999999999999996,5.529999999999999
2019,25,2020-02-22,celta,leganes,2019|2020-02-22|celta|leganes,2019|2020-02-22|celta|leganes,H,H,0.578764319973431,0.26424284930038805,0.15699283072618095,0.578764319973431,0.9588611962070533,0.314521470673043,1.8,3.4,4.75,1.0601995184038528,0.5240103828682673,0.2774172615184945,0.19857235561323813,1.8,0.578764319973431,0.04177577595217585,0.052219719940219816,1,1,0.8,6.33
2019,25,2020-02-22,levante,real madrid,2019|2020-02-22|levante|real madrid,2019|2020-02-22|levante|realmadrid,H,A,0.13518474872538308,0.30813925277661064,0.5566759984980063,0.5566759984980063,0.9593477050790067,0.24853674572139567,6.0,5.0,1.44,1.0611111111111111,0.15706806282722513,0.18848167539267016,0.6544502617801047,1.44,0.5566759984980063,-0.19838656216287096,0.0,1,0,-1.0,5.33
2019,25,2020-02-22,sociedad,valencia,2019|2020-02-22|sociedad|valencia,2019|2020-02-22|sociedad|valencia,H,H,0.6323213460362663,0.2183346833262272,0.14934397063750637,0.6323213460362663,0.90605288705521,0.41398666271003914,1.65,4.0,4.75,1.0665869218500799,0.5682242990654205,0.23439252336448596,0.19738317757009344,1.65,0.6323213460362663,0.043330220959839405,0.06666187839975295,1,1,0.6499999999999999,5.9799999999999995
2019,25,2020-02-23,alaves,ath bilbao,2019|2020-02-23|alaves|ath bilbao,2019|2020-02-23|alaves|athbilbao,H,A,0.25031050000091093,0.26329785060039124,0.48639164939869783,0.48639164939869783,1.048618720804185,0.2230937987983066,2.9,3.0,2.7,1.0485312899106,0.3288672350791718,0.31790499390986604,0.3532277710109623,2.7,0.48639164939869783,0.31325745337648425,0.18426909022146132,1,0,-1.0,4.9799999999999995
2019,25,2020-02-23,ath madrid,villarreal,2019|2020-02-23|ath madrid|villarreal,2019|2020-02-23|athmadrid|villarreal,H,H,0.6250123490096743,0.26881901608693876,0.10616863490338693,0.6250123490096743,0.8850050320195054,0.35619333292273553,1.65,3.75,5.5,1.0545454545454547,0.5747126436781609,0.2528735632183908,0.17241379310344826,1.65,0.6250123490096743,0.031270375865962485,0.048108270563019216,1,1,0.6499999999999999,5.629999999999999
2019,25,2020-02-23,getafe,sevilla,2019|2020-02-23|getafe|sevilla,2019|2020-02-23|getafe|sevilla,A,A,0.3441333108949811,0.2931248139880461,0.3627418751169727,0.3627418751169727,1.0946495072399216,0.018608564221991586,2.3,3.1,3.4,1.0514809009157662,0.41349548842683403,0.3067869752844252,0.27971753628874063,3.4,0.3627418751169727,0.23332237539770706,0.09721765641571128,1,1,2.4,8.03
2019,25,2020-02-23,osasuna,granada,2019|2020-02-23|osasuna|granada,2019|2020-02-23|osasuna|granada,A,H,0.7062581984991592,0.18808545244407823,0.10565634905676256,0.7062581984991592,0.7973521097085597,0.5181727460550809,1.85,3.4,4.33,1.065605069816454,0.5072616073735894,0.2760099922473943,0.21672840037901628,1.85,0.7062581984991592,0.3065776672234445,0.36067960849816993,1,0,-1.0,7.029999999999999
2019,25,2020-02-23,valladolid,espanol,2019|2020-02-23|valladolid|espanol,2019|2020-02-23|valladolid|espanol,H,H,0.3659558946187053,0.34462169789828057,0.2894224074830141,0.3659558946187053,1.0938482455185259,0.021334196720424747,2.62,3.0,3.0,1.0483460559796436,0.3640776699029127,0.3179611650485437,0.3179611650485437,2.62,0.3659558946187053,-0.04119555609899195,0.0,1,1,1.62,8.649999999999999
2019,26,2020-02-28,sociedad,valladolid,2019|2020-02-28|sociedad|valladolid,2019|2020-02-28|sociedad|valladolid,H,H,0.6575965694859082,0.22990183576895662,0.11250159474513526,0.6575965694859082,0.8594120472684988,0.42769473371695155,1.53,4.0,7.0,1.046451914098973,0.6245817532902074,0.23890252063350434,0.13651572607628817,1.53,0.6575965694859082,0.006122751313439534,0.011552360968753837,1,1,0.53,9.18
2019,26,2020-02-29,eibar,levante,2019|2020-02-29|eibar|levante,2019|2020-02-29|eibar|levante,H,H,0.572643983266196,0.22342202444090628,0.20393399229289774,0.572643983266196,0.9783315589881847,0.3492219588252897,2.0,3.5,3.8,1.0488721804511278,0.4767025089605735,0.27240143369175623,0.25089605734767023,2.0,0.572643983266196,0.14528796653239207,0.14528796653239207,1,1,1.0,10.18
2019,26,2020-02-29,granada,celta,2019|2020-02-29|granada|celta,2019|2020-02-29|granada|celta,D,D,0.36232555384061055,0.37709466229726457,0.2605797838621248,0.37709466229726457,1.0860420095498702,0.014769108456654023,2.8,3.0,2.75,1.054112554112554,0.33880903490759756,0.3162217659137577,0.3449691991786448,3.0,0.37709466229726457,0.13128398689179377,0.06564199344589688,1,1,2.0,12.18
2019,26,2020-02-29,leganes,alaves,2019|2020-02-29|leganes|alaves,2019|2020-02-29|leganes|alaves,D,H,0.5146606130498957,0.28975190840710335,0.19558747854300085,0.5146606130498957,1.0199359059409687,0.2249087046427924,2.0,3.1,4.33,1.0535275273783804,0.47459604709542835,0.3061909981260828,0.21921295477848884,2.0,0.5146606130498957,0.029321226099791486,0.029321226099791486,1,0,-1.0,11.18
2019,26,2020-02-29,valencia,betis,2019|2020-02-29|valencia|betis,2019|2020-02-29|valencia|betis,H,H,0.4523332067828283,0.2789348104005335,0.26873198281663824,0.4523332067828283,1.0681146763458844,0.17339839638229482,2.15,3.4,3.4,1.0533515731874146,0.44155844155844154,0.2792207792207792,0.2792207792207792,2.15,0.4523332067828283,-0.027483605416919188,0.0,1,1,1.15,12.33
2019,26,2020-03-01,ath bilbao,villarreal,2019|2020-03-01|ath bilbao|villarreal,2019|2020-03-01|athbilbao|villarreal,H,H,0.5004163966055728,0.2909983573233416,0.20858524607108558,0.5004163966055728,1.032603047054407,0.20941803928223118,2.3,3.3,3.2,1.0503129117259553,0.41395531164249316,0.2885143081144649,0.2975303802430419,2.3,0.5004163966055728,0.1509577121928174,0.11612131707139801,1,1,1.2999999999999998,13.629999999999999
2019,26,2020-03-01,espanol,ath madrid,2019|2020-03-01|espanol|ath madrid,2019|2020-03-01|espanol|athmadrid,D,A,0.2091630535659855,0.22261324046953967,0.5682237059644748,0.5682237059644748,0.9828841244118515,0.3456104654949351,4.2,3.1,2.05,1.0484807613053089,0.22708593889583706,0.30766482043952115,0.46524924066464185,2.05,0.5682237059644748,0.16485859722717322,0.1570081878354031,1,0,-1.0,12.629999999999999
2019,26,2020-03-01,mallorca,getafe,2019|2020-03-01|mallorca|getafe,2019|2020-03-01|mallorca|getafe,A,A,0.26412024021335173,0.27318044271056996,0.4626993170760782,0.4626993170760782,1.0627139730815358,0.18951887436550824,3.7,3.0,2.25,1.0480480480480479,0.25787965616045844,0.3180515759312321,0.4240687679083095,2.25,0.4626993170760782,0.041073463421176015,0.03285877073694081,1,1,1.25,13.879999999999999
2019,26,2020-03-01,real madrid,barcelona,2019|2020-03-01|real madrid|barcelona,2019|2020-03-01|realmadrid|barcelona,H,H,0.5148740203977695,0.21900212268796604,0.26612385691426443,0.5148740203977695,1.0266761976443881,0.2487501634835051,2.2,3.6,3.1,1.0549038774845225,0.4308880308880309,0.2633204633204634,0.3057915057915058,2.2,0.5148740203977695,0.132722844875093,0.11060237072924416,1,1,1.2000000000000002,15.08
2019,26,2020-03-01,sevilla,osasuna,2019|2020-03-01|sevilla|osasuna,2019|2020-03-01|sevilla|osasuna,H,H,0.6870636336650503,0.2234744391246812,0.08946192721026852,0.6870636336650503,0.8086975008345177,0.46358919454036907,1.45,4.33,8.0,1.045602054630883,0.659577101402363,0.22087454896845873,0.1195483496291783,1.45,0.6870636336650503,-0.003757731185677071,0.0,1,1,0.44999999999999996,15.53
2019,27,2020-03-06,alaves,valencia,2019|2020-03-06|alaves|valencia,2019|2020-03-06|alaves|valencia,D,H,0.3948101893461948,0.29559172680136797,0.3095980838524373,0.3948101893461948,1.090174701694121,0.08521210549375746,2.6,3.25,2.75,1.0559440559440558,0.3642384105960265,0.29139072847682124,0.34437086092715236,2.6,0.3948101893461948,0.026506492300106488,0.016566557687566555,1,0,-1.0,14.53
2019,27,2020-03-07,ath madrid,sevilla,2019|2020-03-07|ath madrid|sevilla,2019|2020-03-07|athmadrid|sevilla,D,H,0.5450972581669218,0.27150102204509047,0.18340171978798783,0.5450972581669218,0.9958036007463653,0.2735962361218313,1.9,3.4,4.33,1.0513803187495978,0.5005950559352579,0.2797442959638206,0.21966064810092148,1.9,0.5450972581669218,0.035684790517151344,0.03964976724127928,1,0,-1.0,13.53
2019,27,2020-03-07,barcelona,sociedad,2019|2020-03-07|barcelona|sociedad,2019|2020-03-07|barcelona|sociedad,H,H,0.7746389673473102,0.16232315779014583,0.063037874862544,0.7746389673473102,0.6671788033106582,0.6123158095571644,1.33,5.5,8.5,1.0513449398898316,0.7151598592626587,0.17293865687624294,0.11190148386109836,1.33,0.7746389673473102,0.03026982657192262,0.09172674718764429,1,1,0.33000000000000007,13.86
2019,27,2020-03-07,eibar,mallorca,2019|2020-03-07|eibar|mallorca,2019|2020-03-07|eibar|mallorca,A,H,0.6156886841592047,0.24131286805636795,0.14299844778442725,0.6156886841592047,0.9198033688401677,0.37437581610283677,1.7,3.6,5.25,1.0564892623716153,0.556783031374282,0.2629253203711887,0.18029164825452937,1.7,0.6156886841592047,0.04667076307064805,0.06667251867235435,1,0,-1.0,12.86
2019,27,2020-03-07,getafe,celta,2019|2020-03-07|getafe|celta,2019|2020-03-07|getafe|celta,D,H,0.46726890831387563,0.33021904990324275,0.2025120417828817,0.46726890831387563,1.0448069217044935,0.13704985841063289,1.85,3.3,4.75,1.0540971593603172,0.5127995419972192,0.28747853111965327,0.1997219268831275,1.85,0.46726890831387563,-0.13555251961933001,0.0,1,0,-1.0,11.86
2019,27,2020-03-08,betis,real madrid,2019|2020-03-08|betis|real madrid,2019|2020-03-08|betis|realmadrid,H,A,0.2341282696433047,0.3124878328741244,0.4533838974825709,0.4533838974825709,1.0620441781596448,0.1408960646084465,4.5,4.0,1.72,1.0536175710594315,0.21091354996934394,0.23727774371551194,0.5518087063151441,1.72,0.4533838974825709,-0.22017969632997803,0.0,1,0,-1.0,10.86
2019,27,2020-03-08,levante,granada,2019|2020-03-08|levante|granada,2019|2020-03-08|levante|granada,D,H,0.47648329266604456,0.3079601243717237,0.2155565829622318,0.47648329266604456,1.0467170879834418,0.16852316829432085,2.05,3.4,3.75,1.0485891917742707,0.4652011310772599,0.2804889172671714,0.25430995165556874,2.05,0.47648329266604456,-0.02320925003460883,0.0,1,0,-1.0,9.86
2019,27,2020-03-08,osasuna,espanol,2019|2020-03-08|osasuna|espanol,2019|2020-03-08|osasuna|espanol,H,H,0.4351153183636235,0.2552559583832039,0.3096287232531726,0.4351153183636235,1.0736306971814238,0.1254865951104509,2.4,3.25,3.0,1.0576923076923077,0.393939393939394,0.2909090909090909,0.3151515151515151,2.4,0.4351153183636235,0.04427676407269632,0.031626260051925946,1,1,1.4,11.26
2019,27,2020-03-08,valladolid,ath bilbao,2019|2020-03-08|valladolid|ath bilbao,2019|2020-03-08|valladolid|athbilbao,A,A,0.3097722704618711,0.2676716459682363,0.4225560835698926,0.4225560835698926,1.0798211442816061,0.11278381310802149,3.0,2.8,2.75,1.054112554112554,0.3162217659137577,0.33880903490759756,0.3449691991786448,2.75,0.4225560835698926,0.1620292298172047,0.09258813132411696,1,1,1.75,13.01
2019,27,2020-03-08,villarreal,leganes,2019|2020-03-08|villarreal|leganes,2019|2020-03-08|villarreal|leganes,A,H,0.5377704171116946,0.29224353115438884,0.1699860517339165,0.5377704171116946,0.9943221317700146,0.24552688595730576,1.75,3.6,5.0,1.0492063492063493,0.5446293494704992,0.264750378214826,0.19062027231467474,1.75,0.5377704171116946,-0.05890177005453445,0.0,1,0,-1.0,12.01
2019,28,2020-06-11,sevilla,betis,2019|2020-06-11|sevilla|betis,2019|2020-06-11|sevilla|betis,H,H,0.5931636016330951,0.21916047209361833,0.1876759262732865,0.5931636016330951,0.9564644111182601,0.3740031295394768,1.8,3.75,4.33,1.0531691044393123,0.5275084060230983,0.25320403489108717,0.21928755908581452,1.8,0.5931636016330951,0.06769448293957125,0.08461810367446407,1,1,0.8,12.809999999999999
2019,28,2020-06-12,granada,getafe,2019|2020-06-12|granada|getafe,2019|2020-06-12|granada|getafe,H,A,0.32453160135027553,0.22628546978301348,0.44918292886671113,0.44918292886671113,1.0609619392991416,0.1246513275164356,3.1,3.0,2.45,1.064077243800746,0.303155289750464,0.3132604660754795,0.3835842441740565,2.45,0.44918292886671113,0.10049817572344233,0.06930908670582228,1,0,-1.0,11.809999999999999
2019,28,2020-06-12,valencia,levante,2019|2020-06-12|valencia|levante,2019|2020-06-12|valencia|levante,D,H,0.6098361758376755,0.23635948606142151,0.15380433810090302,0.6098361758376755,0.9304619362249837,0.3734766897762539,1.7,3.8,4.75,1.061919504643963,0.5539358600583091,0.24781341107871718,0.19825072886297374,1.7,0.6098361758376755,0.036721498924048246,0.05245928417721178,1,0,-1.0,10.809999999999999
2019,28,2020-06-13,celta,villarreal,2019|2020-06-13|celta|villarreal,2019|2020-06-13|celta|villarreal,A,H,0.4108805617276069,0.22467278023912857,0.36444665803326454,0.4108805617276069,1.068783434471945,0.04643390369434236,2.5,3.4,2.7,1.064488017429194,0.375767498976668,0.2762996316004912,0.34793286942284074,2.5,0.4108805617276069,0.027201404319017297,0.018134269546011533,1,0,-1.0,9.809999999999999
2019,28,2020-06-13,espanol,alaves,2019|2020-06-13|espanol|alaves,2019|2020-06-13|espanol|alaves,H,H,0.46940732558552445,0.31662518745279855,0.2139674869616769,0.46940732558552445,1.049059125028623,0.1527821381327259,2.05,3.2,3.75,1.066971544715447,0.4571863987046386,0.2928850366701591,0.2499285646252024,2.05,0.46940732558552445,-0.03771498254967498,0.0,1,1,1.0499999999999998,10.86
2019,28,2020-06-13,leganes,valladolid,2019|2020-06-13|leganes|valladolid,2019|2020-06-13|leganes|valladolid,A,H,0.4312304998320404,0.33710248360702333,0.2316670165609363,0.4312304998320404,1.068070331464161,0.0941280162250171,2.25,3.0,3.5,1.0634920634920633,0.41791044776119407,0.3134328358208956,0.2686567164179105,2.25,0.4312304998320404,-0.02973137537790904,0.0,1,0,-1.0,9.86
2019,28,2020-06-13,mallorca,barcelona,2019|2020-06-13|mallorca|barcelona,2019|2020-06-13|mallorca|barcelona,A,A,0.2206749151424755,0.18628535072773003,0.5930397341297944,0.5930397341297944,0.9563616829072877,0.3723648189873189,10.0,5.75,1.28,1.0551630434782608,0.09477208344063869,0.16482101467937163,0.7404069018799897,1.28,0.5930397341297944,-0.24090914031386318,0.0,1,1,0.28,10.139999999999999
2019,28,2020-06-14,ath bilbao,ath madrid,2019|2020-06-14|ath bilbao|ath madrid,2019|2020-06-14|athbilbao|athmadrid,D,A,0.2819920082833071,0.2758469411229661,0.44216105059372685,0.44216105059372685,1.073072137957527,0.16016904231041973,3.75,2.9,2.2,1.0660397074190178,0.2501470299941188,0.32346598706136054,0.42638698294452065,2.2,0.44216105059372685,-0.02724568869380095,0.0,1,0,-1.0,9.139999999999999
2019,28,2020-06-14,real madrid,eibar,2019|2020-06-14|real madrid|eibar,2019|2020-06-14|realmadrid|eibar,H,H,0.8723418041585292,0.07731030818449632,0.05034788765697444,0.8723418041585292,0.46752768783498877,0.7950314959740329,1.22,7.0,11.0,1.0534383649137746,0.7780921584478578,0.13561034761519808,0.08629749393694423,1.22,0.8723418041585292,0.06425700107340565,0.29207727760638935,1,1,0.21999999999999997,9.36
2019,28,2020-06-14,sociedad,osasuna,2019|2020-06-14|sociedad|osasuna,2019|2020-06-14|sociedad|osasuna,D,H,0.6349780487186237,0.2074100566388135,0.15761189464256278,0.6349780487186237,0.9058594847931554,0.4275679920798102,1.66,3.9,5.0,1.0588198949644734,0.5689443893330222,0.24216607340841456,0.18888953725856333,1.66,0.6349780487186237,0.05406356087291536,0.08191448617108389,1,0,-1.0,8.36
2019,29,2020-06-15,betis,granada,2019|2020-06-15|betis|granada,2019|2020-06-15|betis|granada,D,H,0.5963438442085952,0.2429991174391655,0.1606570383522392,0.5963438442085952,0.9458016707315613,0.35334472676942974,1.9,3.5,4.0,1.0620300751879699,0.49557522123893805,0.26902654867256637,0.23539823008849559,1.9,0.5963438442085952,0.13305330399633086,0.14783700444036765,1,0,-1.0,7.359999999999999
2019,29,2020-06-15,levante,sevilla,2019|2020-06-15|levante|sevilla,2019|2020-06-15|levante|sevilla,D,A,0.23395455203529264,0.19521489399306943,0.5708305539716378,0.5708305539716378,0.9788061746344834,0.3368760019363452,5.0,4.0,1.65,1.0560606060606061,0.18938307030129126,0.23672883787661403,0.5738880918220947,1.65,0.5708305539716378,-0.058129585946797624,0.0,1,0,-1.0,6.359999999999999
2019,29,2020-06-16,barcelona,leganes,2019|2020-06-16|barcelona|leganes,2019|2020-06-16|barcelona|leganes,H,H,0.8366609090520257,0.12333101595057683,0.040008074997397544,0.8366609090520257,0.5360974885346199,0.7133298931014489,1.16,7.5,13.0,1.0723253757736517,0.803924802110818,0.12434036939313983,0.07173482849604221,1.16,0.8366609090520257,-0.029473345499650222,0.0,1,1,0.15999999999999992,6.52
2019,29,2020-06-16,getafe,espanol,2019|2020-06-16|getafe|espanol,2019|2020-06-16|getafe|espanol,D,H,0.5004286276875557,0.338952198464863,0.16061917384758123,0.5004286276875557,1.0068803231359644,0.16147642922269267,1.95,3.1,4.33,1.0663480401988934,0.4809128853698296,0.3025097182165057,0.21657739641366458,1.95,0.5004286276875557,-0.024164176009266403,0.0,1,0,-1.0,5.52
2019,29,2020-06-16,villarreal,mallorca,2019|2020-06-16|villarreal|mallorca,2019|2020-06-16|villarreal|mallorca,H,H,0.69860783466185,0.2144308319950463,0.0869613333431038,0.69860783466185,0.7931253781900105,0.48417700266680364,1.53,4.5,5.75,1.049730036942313,0.6226312939902545,0.21169463995668653,0.16567406605305904,1.53,0.69860783466185,0.06886998703263042,0.12994337175968004,1,1,0.53,6.049999999999999
2019,29,2020-06-17,eibar,ath bilbao,2019|2020-06-17|eibar|ath bilbao,2019|2020-06-17|eibar|athbilbao,D,D,0.2696765354030659,0.3669809194867034,0.36334254511023073,0.3669809194867034,1.0891494368454095,0.003638374376472686,3.2,3.0,2.4,1.0625,0.29411764705882354,0.3137254901960784,0.39215686274509803,3.0,0.3669809194867034,0.10094275846011025,0.050471379230055124,1,1,2.0,8.049999999999999
2019,29,2020-06-17,osasuna,ath madrid,2019|2020-06-17|osasuna|ath madrid,2019|2020-06-17|osasuna|athmadrid,A,A,0.21645851403984195,0.23230812267995496,0.551233363280203,0.551233363280203,0.9986696215368498,0.31892524060024807,5.0,3.25,1.8,1.0632478632478632,0.18810289389067525,0.28938906752411575,0.522508038585209,1.8,0.551233363280203,-0.007779946095634593,0.0,1,1,0.8,8.85
2019,29,2020-06-17,valladolid,celta,2019|2020-06-17|valladolid|celta,2019|2020-06-17|valladolid|celta,D,A,0.31164439292522256,0.32830539246602736,0.3600502146087501,0.3600502146087501,1.096809562594062,0.03174482214272273,3.0,3.0,2.6,1.051282051282051,0.3170731707317074,0.3170731707317074,0.3658536585365854,2.6,0.3600502146087501,-0.06386944201724976,0.0,1,0,-1.0,7.849999999999999
2019,29,2020-06-18,alaves,sociedad,2019|2020-06-18|alaves|sociedad,2019|2020-06-18|alaves|sociedad,H,A,0.3044430357952106,0.2711228443920897,0.4244341198126997,0.4244341198126997,1.0796697536518498,0.11999108401748909,3.8,3.5,1.95,1.0616926932716408,0.24786635191574355,0.2691120392228073,0.483021608861449,1.95,0.4244341198126997,-0.17235346636523557,0.0,1,0,-1.0,6.849999999999999
2019,29,2020-06-18,real madrid,valencia,2019|2020-06-18|real madrid|valencia,2019|2020-06-18|realmadrid|valencia,H,H,0.8019281420484144,0.12560459543697783,0.07246726251460764,0.8019281420484144,0.6277950414980975,0.6763235466114366,1.36,4.75,8.0,1.0708204334365323,0.6866642573183954,0.19660281893747744,0.11673292374412723,1.36,0.8019281420484144,0.0906222731858437,0.25172853662734357,1,1,0.3600000000000001,7.209999999999999
2019,30,2020-06-19,granada,villarreal,2019|2020-06-19|granada|villarreal,2019|2020-06-19|granada|villarreal,A,A,0.3206708281434575,0.26068769909939027,0.41864147275715224,0.41864147275715224,1.0797167694507774,0.09797064461369476,3.1,3.2,2.4,1.051747311827957,0.30670926517571884,0.2971246006389776,0.39616613418530355,2.4,0.41864147275715224,0.004739534617165364,0.0033853818694038317,1,1,1.4,8.61
2019,30,2020-06-19,mallorca,leganes,2019|2020-06-19|mallorca|leganes,2019|2020-06-19|mallorca|leganes,D,D,0.33986217621875825,0.3444423189919033,0.31569550478933844,0.3444423189919033,1.097890576960828,0.004580142773145057,2.8,2.9,2.87,1.0504024990988827,0.3400057191878753,0.3282813840434658,0.3317128967686588,2.9,0.3444423189919033,-0.0011172749234804602,0.0,1,1,1.9,10.509999999999998
2019,30,2020-06-19,sevilla,barcelona,2019|2020-06-19|sevilla|barcelona,2019|2020-06-19|sevilla|barcelona,D,A,0.3670880637729302,0.19908716470126983,0.4338247715257999,0.4338247715257999,1.051501160344242,0.06673670775286972,3.4,3.6,2.05,1.0597003028853818,0.2775479503572772,0.2621286197818729,0.46032342986085,2.05,0.4338247715257999,-0.11065921837211029,0.0,1,0,-1.0,9.509999999999998
2019,30,2020-06-20,ath bilbao,betis,2019|2020-06-20|ath bilbao|betis,2019|2020-06-20|athbilbao|betis,H,H,0.4912485474305548,0.2856263135694188,0.22312513900002642,0.4912485474305548,1.0417847161235725,0.20562223386113598,2.1,3.25,3.75,1.0505494505494506,0.4532775453277545,0.2928870292887029,0.25383542538354253,2.1,0.4912485474305548,0.03162194960416509,0.02874722691287735,1,1,1.1,10.61
2019,30,2020-06-20,ath madrid,valladolid,2019|2020-06-20|ath madrid|valladolid,2019|2020-06-20|athmadrid|valladolid,H,H,0.7736854068515776,0.1593565475959464,0.06695804555247607,0.7736854068515776,0.6722296375078034,0.6143288592556312,1.36,4.5,11.0,1.0484254307783718,0.7013318220459054,0.21195806177387364,0.08671011618022104,1.36,0.7736854068515776,0.052212153318145604,0.1450337592170711,1,1,0.3600000000000001,10.969999999999999
2019,30,2020-06-20,espanol,levante,2019|2020-06-20|espanol|levante,2019|2020-06-20|espanol|levante,A,H,0.47844024936187535,0.3084303324921457,0.21312941814597894,0.47844024936187535,1.0449789781255447,0.17000991686972966,1.95,3.5,3.8,1.0616926932716406,0.4830216088614491,0.26911203922280735,0.24786635191574358,1.95,0.47844024936187535,-0.06704151374434308,0.0,1,0,-1.0,9.969999999999999
2019,30,2020-06-20,getafe,eibar,2019|2020-06-20|getafe|eibar,2019|2020-06-20|getafe|eibar,D,H,0.572463381973515,0.28426417399196463,0.14327244403452036,0.572463381973515,0.9552652542652149,0.28819920798155035,1.8,3.4,5.0,1.0496732026143791,0.5292652552926526,0.28019925280199254,0.19053549190535493,1.8,0.572463381973515,0.030434087552327016,0.03804260944040877,1,0,-1.0,8.969999999999999
2019,30,2020-06-21,celta,alaves,2019|2020-06-21|celta|alaves,2019|2020-06-21|celta|alaves,H,H,0.6015430710267562,0.2222467800587732,0.1762101489144706,0.6015430710267562,0.9459049174493793,0.379296290967983,1.9,3.25,4.5,1.056230319388214,0.49829642248722317,0.29131175468483816,0.21039182282793867,1.9,0.6015430710267562,0.14293183495083672,0.15881314994537415,1,1,0.8999999999999999,9.87
2019,30,2020-06-21,sociedad,real madrid,2019|2020-06-21|sociedad|real madrid,2019|2020-06-21|sociedad|realmadrid,A,A,0.30717422218117346,0.17150591939759416,0.5213198584212323,0.5213198584212323,1.0045419197310257,0.21414563624005883,4.1,4.2,1.75,1.0534262485481998,0.23153252480705624,0.22601984564498345,0.5424476295479603,1.75,0.5213198584212323,-0.08769024776284351,0.0,1,1,0.75,10.62
2019,30,2020-06-21,valencia,osasuna,2019|2020-06-21|valencia|osasuna,2019|2020-06-21|valencia|osasuna,H,H,0.5266910336360573,0.2911116578323134,0.1821973085316293,0.5266910336360573,1.007150171455573,0.23557937580374388,1.9,3.5,4.0,1.0620300751879699,0.49557522123893805,0.26902654867256637,0.23539823008849559,1.9,0.5266910336360573,0.0007129639085088346,0.0007921821205653719,1,1,0.8999999999999999,11.52
2019,31,2020-06-22,leganes,granada,2019|2020-06-22|leganes|granada,2019|2020-06-22|leganes|granada,D,H,0.37898236449520356,0.28647423773599284,0.33454339776880365,0.37898236449520356,1.092158138178895,0.04443896672639991,2.37,2.9,3.3,1.0697988175072417,0.39441147378832836,0.32232937685459945,0.28325914935707225,2.37,0.37898236449520356,-0.1018117961463676,0.0,1,0,-1.0,10.52
2019,31,2020-06-22,villarreal,sevilla,2019|2020-06-22|villarreal|sevilla,2019|2020-06-22|villarreal|sevilla,D,D,0.33972417564421703,0.34071083757350135,0.3195649867822817,0.34071083757350135,1.0981820175577088,0.000986661929284316,2.6,3.3,2.7,1.058016058016058,0.36352509179926557,0.2864137086903305,0.3500611995104039,3.3,0.34071083757350135,0.12434576399255437,0.054063375648936686,1,1,2.3,12.819999999999999
2019,31,2020-06-23,barcelona,ath bilbao,2019|2020-06-23|barcelona|ath bilbao,2019|2020-06-23|barcelona|athbilbao,H,H,0.7651830250196473,0.18514247163518313,0.049674503345169596,0.7651830250196473,0.6661964840346547,0.5800405533844641,1.3,5.25,10.0,1.0597069597069597,0.7258900795022467,0.1797442101624611,0.09436571033529209,1.3,0.7651830250196473,-0.005262067474458482,0.0,1,1,0.30000000000000004,13.12
2019,31,2020-06-23,levante,ath madrid,2019|2020-06-23|levante|ath madrid,2019|2020-06-23|levante|athmadrid,A,A,0.1721181247960198,0.24968832757854204,0.5781935476254382,0.5781935476254382,0.9660689960349922,0.32850522004689614,5.75,3.6,1.65,1.0577514273166448,0.1644176873572763,0.26261158397342743,0.5729707286692962,1.65,0.5781935476254382,-0.04598064641802707,0.0,1,1,0.6499999999999999,13.769999999999998
2019,31,2020-06-23,valladolid,getafe,2019|2020-06-23|valladolid|getafe,2019|2020-06-23|valladolid|getafe,D,A,0.2574466310668853,0.26593524196230856,0.476618126970806,0.476618126970806,1.05476518692168,0.21068288500849747,3.4,2.87,2.45,1.0507129681140748,0.27992197296920723,0.3316148808694441,0.38846314616134875,2.45,0.476618126970806,0.16771441107847485,0.11566511108860333,1,0,-1.0,12.769999999999998
2019,31,2020-06-24,alaves,osasuna,2019|2020-06-24|alaves|osasuna,2019|2020-06-24|alaves|osasuna,A,H,0.4061134891003236,0.2678483016120627,0.32603820928761384,0.4061134891003236,1.0842081529094534,0.08007527981270973,2.55,3.1,2.9,1.059565094113285,0.3701111568546727,0.3044462741869082,0.3254425689584191,2.55,0.4061134891003236,0.03558939720582499,0.0229609014231129,1,0,-1.0,11.769999999999998
2019,31,2020-06-24,real madrid,mallorca,2019|2020-06-24|real madrid|mallorca,2019|2020-06-24|realmadrid|mallorca,H,H,0.8912830288133826,0.08127501549416627,0.027441955692451052,0.8912830288133826,0.40524672369707604,0.8100080133192163,1.12,9.0,17.0,1.0627917833800187,0.840105424994509,0.10454645288820558,0.055348122117285306,1.12,0.8912830288133826,-0.001763007729011376,0.0,1,1,0.1200000000000001,11.889999999999999
2019,31,2020-06-24,sociedad,celta,2019|2020-06-24|sociedad|celta,2019|2020-06-24|sociedad|celta,A,H,0.49967590327764616,0.31239429753544073,0.1879297991869131,0.49967590327764616,1.0243000635419173,0.18728160574220543,2.0,3.25,4.0,1.0576923076923077,0.4727272727272727,0.2909090909090909,0.23636363636363636,2.0,0.49967590327764616,-0.0006481934447077342,0.0,1,0,-1.0,10.889999999999999
2019,31,2020-06-25,betis,espanol,2019|2020-06-25|betis|espanol,2019|2020-06-25|betis|espanol,H,H,0.4762567866486592,0.28767518459797947,0.23606802875336147,0.4762567866486592,1.0525037159401807,0.18858160205067975,2.15,3.3,3.4,1.062264229158894,0.43785365853658537,0.28526829268292686,0.27687804878048783,2.15,0.4762567866486592,0.023952091294617284,0.02082790547358025,1,1,1.15,12.04
2019,31,2020-06-25,eibar,valencia,2019|2020-06-25|eibar|valencia,2019|2020-06-25|eibar|valencia,H,H,0.38146986345246214,0.2840131406203763,0.3345169959271615,0.38146986345246214,1.091447380451461,0.046952867525300646,2.7,3.4,2.55,1.056644880174292,0.35051546391752575,0.27835051546391754,0.3711340206185567,2.7,0.38146986345246214,0.029968631321647843,0.017628606659792847,1,1,1.7000000000000002,13.739999999999998
2019,32,2020-06-26,sevilla,valladolid,2019|2020-06-26|sevilla|valladolid,2019|2020-06-26|sevilla|valladolid,D,H,0.7646257767132558,0.16069320570248946,0.0746810175842546,0.7646257767132558,0.6927524363217137,0.6039325710107664,1.4,4.4,9.0,1.0526695526695526,0.67854694996573,0.21590130226182316,0.10555174777244687,1.4,0.7646257767132558,0.0704760873985581,0.17619021849639527,1,0,-1.0,12.739999999999998
2019,32,2020-06-27,ath bilbao,mallorca,2019|2020-06-27|ath bilbao|mallorca,2019|2020-06-27|athbilbao|mallorca,H,H,0.7216931520218158,0.16871093457179914,0.10959591340638496,0.7216931520218158,0.7779283085265876,0.5529822174500167,1.5,4.0,7.5,1.05,0.6349206349206349,0.23809523809523808,0.12698412698412698,1.5,0.7216931520218158,0.08253972803272375,0.1650794560654475,1,1,0.5,13.239999999999998
2019,32,2020-06-27,ath madrid,alaves,2019|2020-06-27|ath madrid|alaves,2019|2020-06-27|athmadrid|alaves,H,H,0.8059598081518728,0.11692966717459555,0.07711052467353148,0.8059598081518728,0.6224121199219746,0.6890301409772773,1.33,4.75,11.0,1.0533151059466848,0.7138221933809216,0.19987021414665804,0.08630759247242052,1.33,0.8059598081518728,0.07192654484199096,0.21795922679391194,1,1,0.33000000000000007,13.569999999999999
2019,32,2020-06-27,celta,barcelona,2019|2020-06-27|celta|barcelona,2019|2020-06-27|celta|barcelona,D,A,0.2047365002466659,0.17190357265008457,0.6233599271032495,0.6233599271032495,0.9220294050158903,0.4186234268565836,5.25,4.2,1.61,1.0496894409937887,0.1814595660749507,0.22682445759368838,0.591715976331361,1.61,0.6233599271032495,0.003609482636231731,0.0059171846495602145,1,0,-1.0,12.569999999999999
2019,32,2020-06-27,osasuna,leganes,2019|2020-06-27|osasuna|leganes,2019|2020-06-27|osasuna|leganes,H,H,0.41380743397532455,0.3475106602851574,0.238681905739518,0.41380743397532455,1.0743710369463553,0.06629677369016712,2.25,3.0,3.6,1.0555555555555554,0.4210526315789474,0.31578947368421056,0.26315789473684215,2.25,0.41380743397532455,-0.0689332735555197,0.0,1,1,1.25,13.819999999999999
2019,32,2020-06-28,espanol,real madrid,2019|2020-06-28|espanol|real madrid,2019|2020-06-28|espanol|realmadrid,A,A,0.18704064065121065,0.2122682551899571,0.6006911041588324,0.6006911041588324,0.9487128399209244,0.38842284896887536,6.5,4.75,1.44,1.0588169140800718,0.14530005310674457,0.19883165161975572,0.6558682952734998,1.44,0.6006911041588324,-0.13500481001128134,0.0,1,1,0.43999999999999995,14.259999999999998
2019,32,2020-06-28,granada,eibar,2019|2020-06-28|granada|eibar,2019|2020-06-28|granada|eibar,A,H,0.46231085300670194,0.2937079956020744,0.24398115139122367,0.46231085300670194,1.0606985358590644,0.16860285740462755,2.37,3.0,3.25,1.0629665692956831,0.3969465648854962,0.313587786259542,0.2894656488549619,2.37,0.46231085300670194,0.0956767216258837,0.06983702308458664,1,0,-1.0,13.259999999999998
2019,32,2020-06-28,levante,betis,2019|2020-06-28|levante|betis,2019|2020-06-28|levante|betis,H,H,0.3583855798052409,0.3424181824667946,0.2991962377279645,0.3583855798052409,1.095759969411647,0.015967397338446265,2.62,3.3,2.62,1.0663890816562571,0.3579175704989154,0.28416485900216926,0.3579175704989154,2.62,0.3583855798052409,-0.061029780910268894,0.0,1,1,1.62,14.879999999999999
2019,32,2020-06-28,villarreal,valencia,2019|2020-06-28|villarreal|valencia,2019|2020-06-28|villarreal|valencia,H,H,0.46562389051531783,0.2728809855484735,0.2614951239362087,0.46562389051531783,1.0610618674362782,0.19274290496684432,2.25,3.25,3.2,1.0646367521367521,0.41746111389864526,0.28901154039136984,0.29352734570998495,2.25,0.46562389051531783,0.047653753659465115,0.03812300292757209,1,1,1.25,16.13
2019,32,2020-06-29,getafe,sociedad,2019|2020-06-29|getafe|sociedad,2019|2020-06-29|getafe|sociedad,H,H,0.4389611206739434,0.22226550608555926,0.3387733732404974,0.4389611206739434,1.0623738303069103,0.100187747433446,2.5,3.0,3.1,1.0559139784946237,0.3788187372708758,0.3156822810590631,0.3054989816700611,2.5,0.4389611206739434,0.09740280168485849,0.06493520112323899,1,1,1.5,17.63
2019,33,2020-06-30,barcelona,ath madrid,2019|2020-06-30|barcelona|ath madrid,2019|2020-06-30|barcelona|athmadrid,D,H,0.6073492419110894,0.2607203922937696,0.13193036579514092,0.6073492419110894,0.9205661200457895,0.3466288496173198,1.8,3.6,4.75,1.043859649122807,0.5322128851540617,0.26610644257703087,0.20168067226890757,1.8,0.6073492419110894,0.09322863543996096,0.1165357942999512,1,0,-1.0,16.63
2019,33,2020-06-30,leganes,sevilla,2019|2020-06-30|leganes|sevilla,2019|2020-06-30|leganes|sevilla,A,A,0.2178604304026023,0.24590193634497504,0.5362376332524226,0.5362376332524226,1.0111258357170667,0.29033569690744754,4.5,3.2,1.95,1.047542735042735,0.21213666496685363,0.29831718510963795,0.4895461499235085,1.95,0.5362376332524226,0.045663384842223986,0.04806672088655157,1,1,0.95,17.58
2019,33,2020-06-30,mallorca,celta,2019|2020-06-30|mallorca|celta,2019|2020-06-30|mallorca|celta,H,A,0.2489487392498525,0.2972676440954632,0.45378361665468425,0.45378361665468425,1.0653375465427324,0.15651597255922106,3.2,3.2,2.37,1.0469409282700421,0.29848866498740556,0.29848866498740556,0.4030226700251889,2.37,0.45378361665468425,0.07546717147160176,0.055085526621607116,1,0,-1.0,16.58
2019,33,2020-07-01,alaves,granada,2019|2020-07-01|alaves|granada,2019|2020-07-01|alaves|granada,A,D,0.3625709626393926,0.3631572670702555,0.274271770290352,0.3631572670702555,1.09049773982858,0.0005863044308628829,2.3,2.9,3.6,1.0573879726803266,0.4111855061047657,0.32611264277274515,0.26270185112248917,2.9,0.3631572670702555,0.053156074503740824,0.02797688131775833,1,0,-1.0,15.579999999999998
2019,33,2020-07-01,betis,villarreal,2019|2020-07-01|betis|villarreal,2019|2020-07-01|betis|villarreal,A,H,0.4082003873149383,0.26146513804656013,0.33033447463850163,0.4082003873149383,1.0823847354085845,0.07786591267643667,2.87,3.5,2.4,1.0508130081300813,0.33158331030671456,0.2718983144515059,0.3965183752417795,2.87,0.4082003873149383,0.1715351115938729,0.09173000619993203,1,0,-1.0,14.579999999999998
2019,33,2020-07-01,valencia,ath bilbao,2019|2020-07-01|valencia|ath bilbao,2019|2020-07-01|valencia|athbilbao,A,H,0.375221557080096,0.3514967231716746,0.2732817197482295,0.375221557080096,1.089831052940373,0.02372483390842145,2.5,3.0,3.2,1.0458333333333334,0.38247011952191234,0.31872509960159356,0.298804780876494,2.5,0.375221557080096,-0.06194610729975991,0.0,1,0,-1.0,13.579999999999998
2019,33,2020-07-01,valladolid,levante,2019|2020-07-01|valladolid|levante,2019|2020-07-01|valladolid|levante,D,H,0.5248531883810951,0.24953273993194505,0.22561407168695988,0.5248531883810951,1.0206557004235897,0.27532044844915005,2.3,3.3,3.2,1.0503129117259553,0.41395531164249316,0.2885143081144649,0.2975303802430419,2.3,0.5248531883810951,0.20716233327651856,0.15935564098193739,1,0,-1.0,12.579999999999998
2019,33,2020-07-02,eibar,osasuna,2019|2020-07-02|eibar|osasuna,2019|2020-07-02|eibar|osasuna,A,H,0.46659772470884375,0.28288155457887304,0.25052072071228315,0.46659772470884375,1.059658128792467,0.1837161701299707,2.3,3.1,3.3,1.0603935568872456,0.41002004008016035,0.30420841683366734,0.28577154308617236,2.3,0.46659772470884375,0.07317476683034052,0.056288282177185026,1,0,-1.0,11.579999999999998
2019,33,2020-07-02,real madrid,getafe,2019|2020-07-02|real madrid|getafe,2019|2020-07-02|realmadrid|getafe,H,H,0.7300574688762064,0.19124113460122819,0.07870139652256544,0.7300574688762064,0.7461207771066787,0.5388163342749782,1.36,4.75,8.5,1.0634674922600618,0.6914119359534208,0.19796215429403205,0.11062590975254732,1.36,0.7300574688762064,-0.0071218423283592736,0.0,1,1,0.3600000000000001,11.94
2019,33,2020-07-02,sociedad,espanol,2019|2020-07-02|sociedad|espanol,2019|2020-07-02|sociedad|espanol,H,H,0.6199707945977867,0.23379380916303102,0.14623539623918227,0.6199707945977867,0.9173167111276299,0.38617698543475565,1.85,3.5,4.2,1.0643500643500643,0.5078597339782346,0.26844014510278114,0.22370012091898428,1.85,0.6199707945977867,0.14694597000590548,0.17287761177165348,1,1,0.8500000000000001,12.79
2019,34,2020-07-03,ath madrid,mallorca,2019|2020-07-03|ath madrid|mallorca,2019|2020-07-03|athmadrid|mallorca,H,H,0.8765744599772742,0.07302274135951649,0.050402798663209195,0.8765744599772742,0.4571625786907504,0.8035517186177578,1.28,5.25,11.0,1.0626352813852813,0.73520050922979,0.1792488860598345,0.08555060471037557,1.28,0.8765744599772742,0.12201530877091105,0.43576895989611086,1,1,0.28,13.069999999999999
2019,34,2020-07-04,celta,betis,2019|2020-07-04|celta|betis,2019|2020-07-04|celta|betis,D,H,0.4286743535253655,0.29960383081237757,0.271721815662257,0.4286743535253655,1.0782698299847873,0.1290705227129879,2.15,3.4,3.4,1.0533515731874146,0.44155844155844154,0.2792207792207792,0.2792207792207792,2.15,0.4286743535253655,-0.0783501399204643,0.0,1,0,-1.0,12.069999999999999
2019,34,2020-07-04,granada,valencia,2019|2020-07-04|granada|valencia,2019|2020-07-04|granada|valencia,D,A,0.3800580752674712,0.23108877697674363,0.3888531477557852,0.3888531477557852,1.0735069245182358,0.008795072488314015,2.9,3.2,2.55,1.0494844489519948,0.3285685524461445,0.29776525065431847,0.37366619689953695,2.55,0.3888531477557852,-0.008424473222747642,0.0,1,0,-1.0,11.069999999999999
2019,34,2020-07-04,valladolid,alaves,2019|2020-07-04|valladolid|alaves,2019|2020-07-04|valladolid|alaves,H,H,0.4658708245675337,0.19472977556243207,0.3393993998700342,0.4658708245675337,1.041207050234243,0.1264714246974995,2.62,2.8,3.2,1.0513222464558343,0.3630470016207455,0.33970826580226904,0.2972447325769854,2.62,0.4658708245675337,0.22058156036693832,0.13616145701662857,1,1,1.62,12.69
2019,34,2020-07-05,ath bilbao,real madrid,2019|2020-07-05|ath bilbao|real madrid,2019|2020-07-05|athbilbao|realmadrid,A,A,0.23511674078197647,0.29736696605705554,0.46751629316096804,0.46751629316096804,1.056477863231313,0.1701493271039125,5.0,3.9,1.7,1.0446455505279035,0.19145249783424775,0.24545192030031765,0.5630955818654346,1.7,0.46751629316096804,-0.2052223016263544,0.0,1,1,0.7,13.389999999999999
2019,34,2020-07-05,espanol,leganes,2019|2020-07-05|espanol|leganes,2019|2020-07-05|espanol|leganes,A,A,0.28401635095674344,0.3113092463625744,0.40467440268068233,0.40467440268068233,1.0868839257124185,0.09336515631810793,2.7,2.9,2.9,1.0600255427841634,0.3493975903614458,0.32530120481927716,0.32530120481927716,2.9,0.40467440268068233,0.17355576777397874,0.09134514093367303,1,1,1.9,15.29
2019,34,2020-07-05,osasuna,getafe,2019|2020-07-05|osasuna|getafe,2019|2020-07-05|osasuna|getafe,D,A,0.2256581319471119,0.3335490877838136,0.44079278026907454,0.44079278026907454,1.0632590679662688,0.10724369248526094,3.1,2.9,2.55,1.0595650941132848,0.30444627418690823,0.32544256895841916,0.3701111568546728,2.55,0.44079278026907454,0.12402158968613997,0.08001392882976772,1,0,-1.0,14.29
2019,34,2020-07-05,villarreal,barcelona,2019|2020-07-05|villarreal|barcelona,2019|2020-07-05|villarreal|barcelona,A,A,0.2287273017744272,0.194728481318815,0.5765442169067578,0.5765442169067578,0.9735337881075472,0.3478169151323306,4.33,4.0,1.72,1.0623422310542994,0.21739405199762382,0.2353290612874278,0.5472768867149485,1.72,0.5765442169067578,-0.008343946920376544,0.0,1,1,0.72,15.009999999999998
2019,34,2020-07-06,levante,sociedad,2019|2020-07-06|levante|sociedad,2019|2020-07-06|levante|sociedad,D,A,0.2959958893606935,0.233855440020353,0.47014867061895343,0.47014867061895343,1.054976586342245,0.17415278125825995,2.9,3.4,2.45,1.0471084985718426,0.329314093694406,0.2808855505040522,0.3898003558015417,2.45,0.47014867061895343,0.15186424301643608,0.10473396070099039,1,0,-1.0,14.009999999999998
2019,34,2020-07-06,sevilla,eibar,2019|2020-07-06|sevilla|eibar,2019|2020-07-06|sevilla|eibar,H,H,0.780568681836867,0.157084543629681,0.06234677453345204,0.780568681836867,0.6571462223525129,0.6234841382071861,1.44,4.33,8.0,1.0503913266615346,0.661129263749351,0.2198674687757657,0.11900326747488318,1.44,0.780568681836867,0.12401890184508846,0.2818611405570193,1,1,0.43999999999999995,14.45
2019,35,2020-07-07,celta,ath madrid,2019|2020-07-07|celta|ath madrid,2019|2020-07-07|celta|athmadrid,D,A,0.20956188924423555,0.3452173992959347,0.44522071145982967,0.44522071145982967,1.0549225655663113,0.10000331216389496,4.2,3.2,2.0,1.0505952380952381,0.22662889518413595,0.29745042492917845,0.4759206798866855,2.0,0.44522071145982967,-0.10955857708034067,0.0,1,0,-1.0,13.45
2019,35,2020-07-07,valencia,valladolid,2019|2020-07-07|valencia|valladolid,2019|2020-07-07|valencia|valladolid,H,H,0.5184869956738043,0.2953087890384949,0.18620421528770084,0.5184869956738043,1.0137540256708193,0.2231782066353094,2.0,3.2,4.2,1.0505952380952381,0.4759206798866855,0.29745042492917845,0.22662889518413595,2.0,0.5184869956738043,0.03697399134760859,0.03697399134760859,1,1,1.0,14.45
2019,35,2020-07-08,barcelona,espanol,2019|2020-07-08|barcelona|espanol,2019|2020-07-08|barcelona|espanol,H,H,0.9076535936466361,0.06632821377116888,0.026018192582194927,0.9076535936466361,0.3628418558119186,0.8413253798754672,1.14,8.0,19.0,1.0548245614035088,0.8316008316008316,0.1185031185031185,0.04989604989604989,1.14,0.9076535936466361,0.03472509675716509,0.24803640540832225,1,1,0.1399999999999999,14.589999999999998
2019,35,2020-07-08,betis,osasuna,2019|2020-07-08|betis|osasuna,2019|2020-07-08|betis|osasuna,H,H,0.5502474115191773,0.24854419353108,0.2012083949497427,0.5502474115191773,0.9973381494376157,0.3017032179880973,2.05,3.4,3.5,1.0676368108218899,0.4569015166058744,0.2754847379535419,0.26761374544058353,2.05,0.5502474115191773,0.12800719361431345,0.12191161296601283,1,1,1.0499999999999998,15.639999999999999
2019,35,2020-07-08,getafe,villarreal,2019|2020-07-08|getafe|villarreal,2019|2020-07-08|getafe|villarreal,A,H,0.516390698318556,0.24717086049566872,0.23643844118577526,0.516390698318556,1.027703099758979,0.2692198378228873,2.6,3.0,2.87,1.0663807736978468,0.36067359249329756,0.3125837801608579,0.3267426273458445,2.6,0.516390698318556,0.3426158156282456,0.2141348847676535,1,0,-1.0,14.639999999999999
2019,35,2020-07-09,ath bilbao,sevilla,2019|2020-07-09|ath bilbao|sevilla,2019|2020-07-09|athbilbao|sevilla,A,A,0.30064235967380065,0.33020141564280125,0.36915622468339815,0.36915622468339815,1.0950798970633286,0.038954809040596894,3.1,3.0,2.45,1.064077243800746,0.303155289750464,0.3132604660754795,0.3835842441740565,2.45,0.36915622468339815,-0.09556724952567452,0.0,1,1,1.4500000000000002,16.09
2019,35,2020-07-09,eibar,leganes,2019|2020-07-09|eibar|leganes,2019|2020-07-09|eibar|leganes,D,A,0.34116306652953443,0.2923498760469919,0.36648705742347376,0.36648705742347376,1.0942948050965886,0.02532399089393933,2.45,3.0,3.1,1.064077243800746,0.3835842441740565,0.3132604660754795,0.303155289750464,3.1,0.36648705742347376,0.13610987801276864,0.06481422762512792,1,0,-1.0,15.089999999999998
2019,35,2020-07-09,mallorca,levante,2019|2020-07-09|mallorca|levante,2019|2020-07-09|mallorca|levante,H,H,0.41061941919388817,0.3179045379471294,0.2714760428589824,0.41061941919388817,1.0837800888342612,0.09271488124675875,2.05,3.6,3.3,1.0686129588568614,0.4564841498559078,0.25994236311239194,0.28357348703170027,2.05,0.41061941919388817,-0.15823019065252936,0.0,1,1,1.0499999999999998,16.139999999999997
2019,35,2020-07-10,real madrid,alaves,2019|2020-07-10|real madrid|alaves,2019|2020-07-10|realmadrid|alaves,H,H,0.8586465827922651,0.09744437434464313,0.043909042863091725,0.8586465827922651,0.49499620292075186,0.761202208447622,1.2,6.5,13.0,1.064102564102564,0.783132530120482,0.14457831325301207,0.07228915662650603,1.2,0.8586465827922651,0.030375899350718133,0.1518794967535907,1,1,0.19999999999999996,16.34
2019,35,2020-07-10,sociedad,granada,2019|2020-07-10|sociedad|granada,2019|2020-07-10|sociedad|granada,A,H,0.6314880388290182,0.22439614023731613,0.14411582093366573,0.6314880388290182,0.9047769488649189,0.40709189859170203,1.72,3.6,5.25,1.0496493170911776,0.5538948478987163,0.26463864955160893,0.18146650254967467,1.72,0.6314880388290182,0.08615942678591121,0.11966587053598779,1,0,-1.0,15.339999999999998
2019,36,2020-07-11,ath madrid,betis,2019|2020-07-11|ath madrid|betis,2019|2020-07-11|athmadrid|betis,H,H,0.7225169671925308,0.17974158982633043,0.09774144298113879,0.7225169671925308,0.7705980679855307,0.5427753773662003,1.5,3.8,8.0,1.0548245614035088,0.6320166320166319,0.24948024948024947,0.1185031185031185,1.5,0.7225169671925308,0.08377545078879617,0.16755090157759234,1,1,0.5,15.839999999999998
2019,36,2020-07-11,osasuna,celta,2019|2020-07-11|osasuna|celta,2019|2020-07-11|osasuna|celta,H,A,0.2653763948820301,0.2834934249120723,0.4511301802058977,0.4511301802058977,1.068511539108215,0.16763675529382538,3.2,3.0,2.45,1.0539965986394557,0.2964905203711174,0.3162565550625252,0.3872529245663574,2.45,0.4511301802058977,0.10526894150444943,0.07259927000306857,1,0,-1.0,14.839999999999998
2019,36,2020-07-11,valladolid,barcelona,2019|2020-07-11|valladolid|barcelona,2019|2020-07-11|valladolid|barcelona,A,A,0.13674482507964922,0.14084901188649415,0.7224061630338567,0.7224061630338567,0.7830494487970451,0.5815571511473626,9.5,5.25,1.3,1.0649701176016966,0.09884141926140477,0.1788559015206372,0.7223026792179579,1.3,0.7224061630338567,-0.060871988055986204,0.0,1,1,0.30000000000000004,15.139999999999999
2019,36,2020-07-12,espanol,eibar,2019|2020-07-12|espanol|eibar,2019|2020-07-12|espanol|eibar,A,A,0.32958062278756944,0.3347695805574108,0.3356497966550197,0.3356497966550197,1.0985799644935543,0.0008802160976089102,3.4,3.2,2.25,1.051062091503268,0.27982899339292655,0.29731830547998445,0.42285270112708895,2.25,0.3356497966550197,-0.24478795752620564,0.0,1,1,1.25,16.389999999999997
2019,36,2020-07-12,leganes,valencia,2019|2020-07-12|leganes|valencia,2019|2020-07-12|leganes|valencia,H,A,0.3354473969599748,0.19118940320191782,0.4733631998381074,0.4733631998381074,1.036751671223038,0.1379158028781326,3.4,3.1,2.3,1.0514809009157662,0.27971753628874063,0.3067869752844252,0.41349548842683403,2.3,0.4733631998381074,0.08873535962764689,0.06825796894434377,1,0,-1.0,15.389999999999999
2019,36,2020-07-12,levante,ath bilbao,2019|2020-07-12|levante|ath bilbao,2019|2020-07-12|levante|athbilbao,A,A,0.2864523648361011,0.22086072959642392,0.49268690556747496,0.49268690556747496,1.0404307177435528,0.20623454073137387,3.8,3.2,2.1,1.0518483709273183,0.2501861504095309,0.29709605361131797,0.4527177959791511,2.1,0.49268690556747496,0.03464250169169747,0.031493183356088604,1,1,1.1,16.49
2019,36,2020-07-12,sevilla,mallorca,2019|2020-07-12|sevilla|mallorca,2019|2020-07-12|sevilla|mallorca,H,H,0.8502039922395782,0.09941552141119873,0.05038048634922298,0.8502039922395782,0.5180102092707275,0.7507884708283795,1.4,4.75,8.5,1.0424590888987173,0.6851930420025457,0.20195163343232925,0.11285532456512516,1.4,0.8502039922395782,0.19028558913540944,0.4757139728385237,1,1,0.3999999999999999,16.889999999999997
2019,36,2020-07-13,alaves,getafe,2019|2020-07-13|alaves|getafe,2019|2020-07-13|alaves|getafe,D,A,0.23585779402957563,0.35033348189825403,0.4138087240721705,0.4138087240721705,1.0732816878365972,0.06347524217391648,3.5,3.0,2.25,1.0634920634920635,0.26865671641791045,0.3134328358208955,0.417910447761194,2.25,0.4138087240721705,-0.06893037083761633,0.0,1,0,-1.0,15.889999999999999
2019,36,2020-07-13,granada,real madrid,2019|2020-07-13|granada|real madrid,2019|2020-07-13|granada|realmadrid,A,A,0.1982660744747857,0.2363969719807191,0.5653369535444952,0.5653369535444952,0.9841956730873322,0.32893998156377613,6.5,4.5,1.45,1.0657235484821692,0.144358407079646,0.20851769911504422,0.6471238938053098,1.45,0.5653369535444952,-0.18026141736048196,0.0,1,1,0.44999999999999996,16.34
2019,36,2020-07-13,villarreal,sociedad,2019|2020-07-13|villarreal|sociedad,2019|2020-07-13|villarreal|sociedad,A,H,0.34776494557338705,0.3342700769001606,0.3179649775264524,0.34776494557338705,1.0979431265929291,0.013494868673226468,2.3,3.25,3.1,1.0650555615492503,0.40822528363047,0.28889789303079416,0.3028768233387358,2.3,0.34776494557338705,-0.20014062518120979,0.0,1,0,-1.0,15.339999999999998
2019,37,2020-07-16,ath bilbao,leganes,2019|2020-07-16|ath bilbao|leganes,2019|2020-07-16|athbilbao|leganes,A,H,0.6087077348313833,0.2630139817216411,0.12827828344697562,0.6087077348313833,0.9168670000352935,0.3456937531097422,1.8,3.4,4.75,1.0601995184038528,0.5240103828682673,0.2774172615184945,0.19857235561323813,1.8,0.6087077348313833,0.09567392269648994,0.11959240337061243,1,0,-1.0,14.339999999999998
2019,37,2020-07-16,barcelona,osasuna,2019|2020-07-16|barcelona|osasuna,2019|2020-07-16|barcelona|osasuna,A,H,0.9322056692347693,0.05217554278734221,0.015618787977888555,0.9322056692347693,0.2844872090892937,0.8800301264474271,1.14,8.0,17.0,1.0610165118679051,0.8267477203647416,0.11781155015197567,0.05544072948328267,1.14,0.9322056692347693,0.06271446292763694,0.4479604494831213,1,0,-1.0,13.339999999999998
2019,37,2020-07-16,betis,alaves,2019|2020-07-16|betis|alaves,2019|2020-07-16|betis|alaves,A,H,0.4413718091017437,0.21716909961848677,0.34145909127976953,0.4413718091017437,1.0595252396896573,0.09991271782197414,2.3,3.3,3.1,1.0603935568872456,0.41002004008016035,0.28577154308617236,0.30420841683366734,2.3,0.4413718091017437,0.01515516093401037,0.011657816103084901,1,0,-1.0,12.339999999999998
2019,37,2020-07-16,celta,levante,2019|2020-07-16|celta|levante,2019|2020-07-16|celta|levante,A,H,0.6252850636792533,0.23012491206398422,0.14459002425676248,0.6252850636792533,0.9113010743802894,0.3951601516152691,1.61,4.0,5.25,1.0615942028985508,0.5850804485616772,0.23549488054607506,0.17942467089224767,1.61,0.6252850636792533,0.0067089525235978775,0.010998282825570289,1,0,-1.0,11.339999999999998
2019,37,2020-07-16,eibar,valladolid,2019|2020-07-16|eibar|valladolid,2019|2020-07-16|eibar|valladolid,H,H,0.45122926550884035,0.26555255644059345,0.2832181780505662,0.45122926550884035,1.0684769380101038,0.16801108745827414,2.1,3.1,3.8,1.0619290160886086,0.4484202512371526,0.30376855728968405,0.2478111914731633,2.1,0.45122926550884035,-0.05241854243143523,0.0,1,1,1.1,12.439999999999998
2019,37,2020-07-16,getafe,ath madrid,2019|2020-07-16|getafe|ath madrid,2019|2020-07-16|getafe|athmadrid,A,A,0.30410267341473946,0.30260851940648115,0.3932888071787795,0.3932888071787795,1.0907348134356794,0.08918613376404005,3.6,2.9,2.25,1.0670498084291187,0.26032315978456017,0.32315978456014366,0.41651705565529623,2.25,0.3932888071787795,-0.11510018384774617,0.0,1,1,1.25,13.689999999999998
2019,37,2020-07-16,mallorca,granada,2019|2020-07-16|mallorca|granada,2019|2020-07-16|mallorca|granada,A,H,0.4195167007856582,0.2836164645631454,0.2968668346511964,0.4195167007856582,1.0823446442398241,0.12264986613446183,2.05,3.4,3.5,1.0676368108218899,0.4569015166058744,0.2754847379535419,0.26761374544058353,2.05,0.4195167007856582,-0.13999076338940075,0.0,1,0,-1.0,12.689999999999998
2019,37,2020-07-16,real madrid,villarreal,2019|2020-07-16|real madrid|villarreal,2019|2020-07-16|realmadrid|villarreal,H,H,0.810203767340657,0.11272261401091567,0.07707361864842731,0.810203767340657,0.6141161850333379,0.6974811533297414,1.45,4.75,6.0,1.0668481548699336,0.6464417351857102,0.1973348454777431,0.15622341933654663,1.45,0.810203767340657,0.17479546264395263,0.38843436143100585,1,1,0.44999999999999996,13.139999999999999
2019,37,2020-07-16,sociedad,sevilla,2019|2020-07-16|sociedad|sevilla,2019|2020-07-16|sociedad|sevilla,D,D,0.369723907189883,0.3701208934377815,0.2601551993723355,0.3701208934377815,1.0860404193064597,0.0003969862478984676,2.37,3.3,2.9,1.0697988175072417,0.39441147378832836,0.28325914935707225,0.32232937685459945,3.3,0.3701208934377815,0.22139894834467888,0.09626041232377343,1,1,2.3,15.439999999999998
2019,37,2020-07-16,valencia,espanol,2019|2020-07-16|valencia|espanol,2019|2020-07-16|valencia|espanol,H,H,0.6770795744047294,0.19544236170773943,0.12747806388753116,0.6770795744047294,0.8456767048006357,0.48163721269699,1.53,4.0,6.0,1.0702614379084967,0.6106870229007634,0.233587786259542,0.15572519083969466,1.53,0.6770795744047294,0.035931748839236055,0.06779575252686047,1,1,0.53,15.969999999999999
2019,38,2020-07-19,alaves,barcelona,2019|2020-07-19|alaves|barcelona,2019|2020-07-19|alaves|barcelona,A,A,0.1211635147090581,0.23363764056427203,0.64519884472667,0.64519884472667,0.8781588343210567,0.41156120416239794,5.5,4.33,1.53,1.066359835277102,0.1705035915676015,0.21657500083644532,0.6129214075959531,1.53,0.64519884472667,-0.012845767568194888,0.0,1,1,0.53,16.5
2019,38,2020-07-19,ath madrid,sociedad,2019|2020-07-19|ath madrid|sociedad,2019|2020-07-19|athmadrid|sociedad,D,H,0.48368130539797605,0.2800800031838451,0.2362386914181789,0.48368130539797605,1.0486357784347624,0.20360130221413092,1.95,3.0,4.5,1.0683760683760686,0.48,0.31199999999999994,0.20799999999999996,1.95,0.48368130539797605,-0.05682145447394671,0.0,1,0,-1.0,15.499999999999998
2019,38,2020-07-19,espanol,celta,2019|2020-07-19|espanol|celta,2019|2020-07-19|espanol|celta,D,A,0.20760340357198528,0.17266855686529375,0.6197280395627209,0.6197280395627209,0.9261745814536676,0.4121246359907357,5.0,3.8,1.66,1.065567533291059,0.18769340633182577,0.24696500833134966,0.5653415853368245,1.66,0.6197280395627209,0.02874854567411672,0.04355840253654049,1,0,-1.0,14.499999999999998
2019,38,2020-07-19,granada,ath bilbao,2019|2020-07-19|granada|ath bilbao,2019|2020-07-19|granada|athbilbao,H,H,0.417955987973244,0.29631318789528627,0.2857308241314698,0.417955987973244,1.0829696277337124,0.12164280007795775,2.0,3.5,3.4,1.0798319327731092,0.46303501945525294,0.26459143968871596,0.27237354085603116,2.0,0.417955987973244,-0.16408802405351203,0.0,1,1,1.0,15.499999999999998
2019,38,2020-07-19,leganes,real madrid,2019|2020-07-19|leganes|real madrid,2019|2020-07-19|leganes|realmadrid,D,A,0.2683160803597633,0.29470128183260214,0.4369826378076345,0.4369826378076345,1.0748190565205407,0.1422813559750324,2.62,3.8,2.35,1.070369198943436,0.35658667092600727,0.24585712574372082,0.397556203330272,2.35,0.4369826378076345,0.026909198847941074,0.019932739887363757,1,0,-1.0,14.499999999999998
2019,38,2020-07-19,levante,getafe,2019|2020-07-19|levante|getafe,2019|2020-07-19|levante|getafe,H,A,0.20738560368466338,0.18136166199331194,0.6112527343220246,0.6112527343220246,0.9367717817885173,0.40386713063736124,5.0,3.8,1.66,1.065567533291059,0.18769340633182577,0.24696500833134966,0.5653415853368245,1.66,0.6112527343220246,0.014679538974560868,0.022241725719031623,1,0,-1.0,13.499999999999998
2019,38,2020-07-19,osasuna,mallorca,2019|2020-07-19|osasuna|mallorca,2019|2020-07-19|osasuna|mallorca,D,H,0.5733973992807334,0.23461416817411043,0.1919884325451561,0.5733973992807334,0.9758990612902303,0.338783231106623,1.75,3.75,4.2,1.0761904761904761,0.5309734513274337,0.24778761061946902,0.22123893805309736,1.75,0.5733973992807334,0.0034454487412834967,0.0045939316550446625,1,0,-1.0,12.499999999999998
2019,38,2020-07-19,sevilla,valencia,2019|2020-07-19|sevilla|valencia,2019|2020-07-19|sevilla|valencia,H,H,0.6307881471747709,0.1579513568966159,0.21126049592861323,0.6307881471747709,0.9105909975867408,0.4195276512461577,1.9,3.4,4.0,1.0704334365325077,0.49168474331164136,0.274765003615329,0.23355025307302965,1.9,0.6307881471747709,0.19849747963206477,0.22055275514673864,1,1,0.8999999999999999,13.399999999999999
2019,38,2020-07-19,valladolid,betis,2019|2020-07-19|valladolid|betis,2019|2020-07-19|valladolid|betis,H,A,0.34645160156058546,0.2866999647246768,0.3668484337147378,0.3668484337147378,1.093300623065339,0.020396832154152333,2.62,3.3,2.62,1.0663890816562571,0.3579175704989154,0.28416485900216926,0.3579175704989154,2.62,0.3668484337147378,-0.03885710366738704,0.0,1,0,-1.0,12.399999999999999
2019,38,2020-07-19,villarreal,eibar,2019|2020-07-19|villarreal|eibar,2019|2020-07-19|villarreal|eibar,H,H,0.6511877266654726,0.24599540464568728,0.10281686868884017,0.6511877266654726,0.8582145422051943,0.4051923220197854,1.53,4.0,6.0,1.0702614379084967,0.6106870229007634,0.233587786259542,0.15572519083969466,1.53,0.6511877266654726,-0.0036827782018268307,0.0,1,1,0.53,12.929999999999998
