Season,Matchday,Date,HomeTeam_norm,AwayTeam_norm,pred_key,pred_key_match,y_true,y_pred,proba_H,proba_D,proba_A,conf_maxprob,entropy,margin_top12,B365H,B365D,B365A,overround,pH_mkt,pD_mkt,pA_mkt,odds_pick,p_pick,ev_pick,kelly_pick,bet_placed,correct,profit,cum_profit_season
2016,1,2016-08-19,la coruna,eibar,2016|2016-08-19|la coruna|eibar,2016|2016-08-19|lacoruna|eibar,H,H,0.40152214923479285,0.35483570552212085,0.2436421452430864,0.40152214923479285,1.0780674459768465,0.046686443712672,1.95,3.4,4.2,1.0450333979745745,0.4907216494845361,0.28144329896907216,0.22783505154639172,1.95,0.40152214923479285,-0.2170318089921539,0.0,1,1,0.95,0.95
2016,1,2016-08-19,malaga,osasuna,2016|2016-08-19|malaga|osasuna,2016|2016-08-19|malaga|osasuna,D,H,0.5792675249726881,0.21696535109055093,0.20376712393676102,0.5792675249726881,0.9719498056258151,0.36230217388213715,1.62,3.75,6.0,1.0506172839506174,0.5875440658049352,0.25381903642773207,0.15863689776733253,1.62,0.5792675249726881,-0.061586609544245274,0.0,1,0,-1.0,-0.050000000000000044
2016,1,2016-08-20,barcelona,betis,2016|2016-08-20|barcelona|betis,2016|2016-08-20|barcelona|betis,H,H,0.9563838413270809,0.022855828556658037,0.020760330116261,0.9563838413270809,0.2094529921647436,0.9335280127704229,1.08,11.0,29.0,1.0513177754557064,0.8807288790723358,0.08647156267255661,0.03279955825510768,1.08,0.9563838413270809,0.03289454863324741,0.41118185791559225,1,1,0.08000000000000007,0.030000000000000027
2016,1,2016-08-20,granada,villarreal,2016|2016-08-20|granada|villarreal,2016|2016-08-20|granada|villarreal,D,A,0.2511702313479824,0.3604145394560463,0.3884152291959713,0.3884152291959713,1.0821427386462272,0.028000689739925033,2.5,3.2,3.0,1.0458333333333334,0.38247011952191234,0.298804780876494,0.31872509960159356,3.0,0.3884152291959713,0.16524568758791391,0.08262284379395696,1,0,-1.0,-0.97
2016,1,2016-08-20,sevilla,espanol,2016|2016-08-20|sevilla|espanol,2016|2016-08-20|sevilla|espanol,H,H,0.608200352306963,0.22670977747392446,0.1650898702191126,0.608200352306963,0.9362553274354073,0.38149057483303855,1.67,4.0,5.0,1.0488023952095809,0.5709391949757351,0.2383671139023694,0.19069369112189552,1.67,0.608200352306963,0.015694588352628158,0.02342475873526591,1,1,0.6699999999999999,-0.30000000000000004
2016,1,2016-08-21,ath madrid,alaves,2016|2016-08-21|ath madrid|alaves,2016|2016-08-21|athmadrid|alaves,D,H,0.8756073565419062,0.08116272121021792,0.043229922247875745,0.8756073565419062,0.45593218136720315,0.7944446353316883,1.2,6.5,17.0,1.046003016591252,0.7966834895457823,0.14708002883922133,0.05623648161499639,1.2,0.8756073565419062,0.050728827850287456,0.25364413925143736,1,0,-1.0,-1.3
2016,1,2016-08-21,sociedad,real madrid,2016|2016-08-21|sociedad|real madrid,2016|2016-08-21|sociedad|realmadrid,A,A,0.18777366186405484,0.2525372303026874,0.5596891078332578,0.5596891078332578,0.9864246017959252,0.3071518775305704,4.75,3.8,1.75,1.045112781954887,0.20143884892086333,0.2517985611510791,0.5467625899280576,1.75,0.5596891078332578,-0.02054406129179892,0.0,1,1,0.75,-0.55
2016,1,2016-08-21,sp gijon,ath bilbao,2016|2016-08-21|sp gijon|ath bilbao,2016|2016-08-21|spgijon|athbilbao,H,A,0.20354613975130828,0.2409295454301273,0.5555243148185643,0.5555243148185643,0.9934816566543745,0.31459476938843706,4.0,3.5,1.95,1.0485347985347986,0.23842794759825325,0.2724890829694323,0.48908296943231444,1.95,0.5555243148185643,0.08327241389620044,0.08765517252231625,1,0,-1.0,-1.55
2016,1,2016-08-22,celta,leganes,2016|2016-08-22|celta|leganes,2016|2016-08-22|celta|leganes,A,H,0.4367883894931584,0.37712408951373855,0.18608752099310297,0.4367883894931584,1.0424721492819253,0.059664299979419855,1.65,3.75,5.75,1.0466403162055338,0.5790533736153071,0.2547834843907351,0.16616314199395768,1.65,0.4367883894931584,-0.27929915733628874,0.0,1,0,-1.0,-2.55
2016,1,2016-08-22,valencia,las palmas,2016|2016-08-22|valencia|las palmas,2016|2016-08-22|valencia|laspalmas,A,H,0.623916906251206,0.19562781714215197,0.18045527660664204,0.623916906251206,0.9224888042282922,0.42828908910905406,1.73,3.75,5.0,1.0447013487475916,0.5533013648100332,0.2552563629656953,0.1914422722242715,1.73,0.623916906251206,0.07937624781458635,0.10873458604737857,1,0,-1.0,-3.55
2016,2,2016-08-26,betis,la coruna,2016|2016-08-26|betis|la coruna,2016|2016-08-26|betis|lacoruna,D,D,0.28272642893910516,0.42043594765936887,0.296837623401526,0.42043594765936887,1.0819837050006254,0.1235983242578429,2.2,3.2,3.5,1.0527597402597402,0.4317656129529684,0.2968388589051658,0.27139552814186585,3.2,0.42043594765936887,0.3453950325099805,0.15699774204999112,1,1,2.2,-1.3499999999999996
2016,2,2016-08-26,espanol,malaga,2016|2016-08-26|espanol|malaga,2016|2016-08-26|espanol|malaga,D,H,0.34924956514590044,0.3143139019058146,0.3364365329482849,0.34924956514590044,1.0976705733224943,0.012813032197615537,2.3,3.1,3.4,1.0514809009157662,0.41349548842683403,0.3067869752844252,0.27971753628874063,2.3,0.34924956514590044,-0.19672600016442904,0.0,1,0,-1.0,-2.3499999999999996
2016,2,2016-08-27,eibar,valencia,2016|2016-08-27|eibar|valencia,2016|2016-08-27|eibar|valencia,H,A,0.3497137728203109,0.2124754964370331,0.43781073074265603,0.43781073074265603,1.0581506501733924,0.08809695792234512,2.7,3.2,2.75,1.046506734006734,0.3539111200482606,0.2986125075407199,0.34747637241101953,2.75,0.43781073074265603,0.20397950954230404,0.11655971973845945,1,0,-1.0,-3.3499999999999996
2016,2,2016-08-27,leganes,ath madrid,2016|2016-08-27|leganes|ath madrid,2016|2016-08-27|leganes|athmadrid,D,A,0.3065951154879745,0.11181816087168257,0.581586723640343,0.581586723640343,0.922662616147748,0.2749916081523685,8.5,3.6,1.53,1.0490196078431373,0.11214953271028037,0.26479750778816197,0.6230529595015576,1.53,0.581586723640343,-0.11017231283027518,0.0,1,0,-1.0,-4.35
2016,2,2016-08-27,osasuna,sociedad,2016|2016-08-27|osasuna|sociedad,2016|2016-08-27|osasuna|sociedad,A,A,0.27380053386555875,0.24690319102235062,0.47929627511209066,0.47929627511209066,1.0525189552527667,0.20549574124653192,3.1,3.1,2.5,1.0451612903225806,0.30864197530864196,0.30864197530864196,0.3827160493827161,2.5,0.47929627511209066,0.19824068778022663,0.1321604585201511,1,1,1.5,-2.8499999999999996
2016,2,2016-08-27,real madrid,celta,2016|2016-08-27|real madrid|celta,2016|2016-08-27|realmadrid|celta,H,H,0.8884266630346074,0.06444371029778759,0.04712962666760501,0.8884266630346074,0.4257800765993165,0.8239829527368198,1.18,7.0,17.0,1.0491382993875518,0.8077654086342655,0.13616616888406188,0.05606842248167254,1.18,0.8884266630346074,0.048343462380836644,0.2685747910046481,1,1,0.17999999999999994,-2.67
2016,2,2016-08-28,alaves,sp gijon,2016|2016-08-28|alaves|sp gijon,2016|2016-08-28|alaves|spgijon,D,H,0.4445494852552917,0.2842463773384367,0.2712041374062716,0.4445494852552917,1.0718408186261699,0.16030310791685498,2.15,3.2,3.75,1.044282945736434,0.44539296650273735,0.29924839936902664,0.25535863412823606,2.15,0.4445494852552917,-0.044218606701122876,0.0,1,0,-1.0,-3.67
2016,2,2016-08-28,ath bilbao,barcelona,2016|2016-08-28|ath bilbao|barcelona,2016|2016-08-28|athbilbao|barcelona,A,A,0.23497039240491283,0.1907582053957258,0.5742714021993613,0.5742714021993613,0.9748664647648376,0.33930100979444855,6.5,4.33,1.5,1.0514597027299106,0.14631673800405498,0.2196440639783735,0.6340391980175715,1.5,0.5742714021993613,-0.13859289670095798,0.0,1,1,0.5,-3.17
2016,2,2016-08-28,las palmas,granada,2016|2016-08-28|las palmas|granada,2016|2016-08-28|laspalmas|granada,H,H,0.5240351571238275,0.32654187713370525,0.14942296574246713,0.5240351571238275,0.988143618164898,0.19749327999012228,1.91,3.4,4.33,1.0486247386999974,0.4992827177367116,0.28047940908150565,0.2202378731817827,1.91,0.5240351571238275,0.0009071501065105458,0.000996868248912688,1,1,0.9099999999999999,-2.26
2016,2,2016-08-28,villarreal,sevilla,2016|2016-08-28|villarreal|sevilla,2016|2016-08-28|villarreal|sevilla,D,A,0.34989630491866713,0.2990233069158872,0.3510803881654457,0.3510803881654457,1.0959134978004061,0.0011840832467785445,2.5,3.4,2.8,1.0512605042016807,0.38049560351718625,0.2797761790567546,0.33972821742605913,2.8,0.3510803881654457,-0.016974913136752257,0.0,1,0,-1.0,-3.26
2016,3,2016-09-09,sociedad,espanol,2016|2016-09-09|sociedad|espanol,2016|2016-09-09|sociedad|espanol,D,H,0.36898388227127943,0.33875243118578113,0.2922636865429395,0.36898388227127943,1.0940856818405502,0.030231451085498295,2.05,3.4,3.75,1.0485891917742707,0.4652011310772599,0.2804889172671714,0.25430995165556874,2.05,0.36898388227127943,-0.24358304134387726,0.0,1,0,-1.0,-4.26
2016,3,2016-09-10,barcelona,alaves,2016|2016-09-10|barcelona|alaves,2016|2016-09-10|barcelona|alaves,A,H,0.9431380211559915,0.030990789207996132,0.025871189636012367,0.9431380211559915,0.2574273203523079,0.9121472319479954,1.07,12.0,34.0,1.047324537291552,0.892349416036044,0.07956782292988059,0.0280827610340755,1.07,0.9431380211559915,0.00915768263691101,0.13082403767015718,1,0,-1.0,-5.26
2016,3,2016-09-10,celta,ath madrid,2016|2016-09-10|celta|ath madrid,2016|2016-09-10|celta|athmadrid,A,A,0.14543280035808262,0.23985875324430783,0.6147084463976095,0.6147084463976095,0.9219695314871492,0.37484969315330163,6.0,3.3,1.73,1.0477316517778945,0.15907381091699407,0.28922511075817103,0.551701078324835,1.73,0.6147084463976095,0.06344561226786438,0.08691179762721149,1,1,0.73,-4.529999999999999
2016,3,2016-09-10,malaga,villarreal,2016|2016-09-10|malaga|villarreal,2016|2016-09-10|malaga|villarreal,A,A,0.36693000224207906,0.2619758095654776,0.3710941881924434,0.3710941881924434,1.0866610621695247,0.00416418595036433,2.3,3.1,3.3,1.0603935568872456,0.41002004008016035,0.30420841683366734,0.28577154308617236,3.3,0.3710941881924434,0.22461082103506314,0.09765687871089702,1,1,2.3,-2.23
2016,3,2016-09-10,real madrid,osasuna,2016|2016-09-10|real madrid|osasuna,2016|2016-09-10|realmadrid|osasuna,H,H,0.9361568231944297,0.040704776402261215,0.023138400403308945,0.9361568231944297,0.2792183335854362,0.8954520467921685,1.04,15.0,34.0,1.0576168929110104,0.909155733029093,0.06303479749001713,0.027809469480889908,1.04,0.9361568231944297,-0.02639690387779306,0.0,1,1,0.040000000000000036,-2.19
2016,3,2016-09-10,sevilla,las palmas,2016|2016-09-10|sevilla|las palmas,2016|2016-09-10|sevilla|laspalmas,H,H,0.7259464077927426,0.16148567701200175,0.11256791519525573,0.7259464077927426,0.7728192334969137,0.5644607307807408,1.5,4.33,6.0,1.0642802155504234,0.6264014466546112,0.21699819168173598,0.1566003616636528,1.5,0.7259464077927426,0.08891961168911383,0.17783922337822766,1,1,0.5,-1.69
2016,3,2016-09-11,granada,eibar,2016|2016-09-11|granada|eibar,2016|2016-09-11|granada|eibar,A,H,0.37006441537479884,0.32192739437350176,0.3080081902516994,0.37006441537479884,1.0954742356334788,0.048137021001297076,2.15,3.25,3.5,1.058522872476361,0.43940125543215836,0.2906808305166586,0.269917914051183,2.15,0.37006441537479884,-0.20436150694418254,0.0,1,0,-1.0,-2.69
2016,3,2016-09-11,la coruna,ath bilbao,2016|2016-09-11|la coruna|ath bilbao,2016|2016-09-11|lacoruna|athbilbao,A,A,0.2115637536882643,0.23556221370924427,0.5528740326024915,0.5528740326024915,0.9968251489940705,0.3173118188932472,3.6,3.25,2.15,1.050586364539853,0.2644026109166588,0.29287673824614513,0.4427206508371961,2.15,0.5528740326024915,0.18867917009535662,0.16406884356117968,1,1,1.15,-1.54
2016,3,2016-09-11,sp gijon,leganes,2016|2016-09-11|sp gijon|leganes,2016|2016-09-11|spgijon|leganes,H,D,0.25441092855345315,0.4012399120269557,0.34434915941959104,0.4012399120269557,1.0817597443074363,0.05689075260736465,2.25,3.2,3.4,1.051062091503268,0.42285270112708895,0.29731830547998445,0.27982899339292655,3.2,0.4012399120269557,0.28396771848625824,0.12907623567557192,1,0,-1.0,-2.54
2016,3,2016-09-11,valencia,betis,2016|2016-09-11|valencia|betis,2016|2016-09-11|valencia|betis,A,H,0.6084371761843715,0.21256634057663387,0.17899648323899453,0.6084371761843715,0.9394119031473681,0.39587083560773767,1.65,4.2,5.0,1.044155844155844,0.5804311774461028,0.22802653399668327,0.19154228855721395,1.65,0.6084371761843715,0.003921340704213017,0.006032831852635411,1,0,-1.0,-3.54
2016,4,2016-09-16,betis,granada,2016|2016-09-16|betis|granada,2016|2016-09-16|betis|granada,D,H,0.5652422899749994,0.33734035035467824,0.09741735967032233,0.5652422899749994,0.9159071915879309,0.22790193962032113,1.73,3.75,5.0,1.0447013487475916,0.5533013648100332,0.2552563629656953,0.1914422722242715,1.73,0.5652422899749994,-0.02213083834325108,0.0,1,0,-1.0,-4.54
2016,4,2016-09-17,ath madrid,sp gijon,2016|2016-09-17|ath madrid|sp gijon,2016|2016-09-17|athmadrid|spgijon,H,H,0.8571628840757356,0.0865993060736756,0.05623780985058885,0.8571628840757356,0.5058360043604182,0.77056357800206,1.18,6.5,21.0,1.0489228285838457,0.8079313406333234,0.14667061260728026,0.045398046759396266,1.18,0.8571628840757356,0.011452203209367962,0.06362335116315536,1,1,0.17999999999999994,-4.36
2016,4,2016-09-17,eibar,sevilla,2016|2016-09-17|eibar|sevilla,2016|2016-09-17|eibar|sevilla,D,A,0.2814559769552115,0.21316489730791646,0.505379125736872,0.505379125736872,1.0312048902327902,0.22392314878166053,3.1,3.3,2.35,1.0511428630852104,0.3068856351404828,0.2882865057380293,0.4048278591214879,2.35,0.505379125736872,0.18764094548164933,0.13899329294936988,1,0,-1.0,-5.36
2016,4,2016-09-17,las palmas,malaga,2016|2016-09-17|las palmas|malaga,2016|2016-09-17|laspalmas|malaga,H,A,0.3183615221596521,0.29515855256955986,0.386479925270788,0.386479925270788,1.0919682875939571,0.06811840311113593,2.3,3.25,3.3,1.045505219418263,0.41585886002326483,0.29430011632415665,0.28984102365257847,3.3,0.386479925270788,0.27538375339360033,0.11973206669286972,1,0,-1.0,-6.36
2016,4,2016-09-17,leganes,barcelona,2016|2016-09-17|leganes|barcelona,2016|2016-09-17|leganes|barcelona,A,A,0.10371393308328125,0.2770336272945204,0.6192524396221982,0.6192524396221982,0.8874049427866673,0.3422188123276778,17.0,7.0,1.18,1.0491382993875518,0.05606842248167254,0.13616616888406188,0.8077654086342655,1.18,0.6192524396221982,-0.26928212124580614,0.0,1,1,0.17999999999999994,-6.18
2016,4,2016-09-18,ath bilbao,valencia,2016|2016-09-18|ath bilbao|valencia,2016|2016-09-18|athbilbao|valencia,H,H,0.4450292785351091,0.32456466422906005,0.23040605723583085,0.4450292785351091,1.0637413390811874,0.12046461430604904,1.85,3.6,4.33,1.0492652005354084,0.5151610291323099,0.2647355288596593,0.22010344200803078,1.85,0.4450292785351091,-0.17669583471004813,0.0,1,1,0.8500000000000001,-5.33
2016,4,2016-09-18,espanol,real madrid,2016|2016-09-18|espanol|real madrid,2016|2016-09-18|espanol|realmadrid,A,A,0.21071365258100666,0.17100495554314302,0.6182813918758503,0.6182813918758503,0.9274172688202342,0.40756773929484363,7.5,5.5,1.36,1.0504456327985738,0.12693025623621246,0.17308671304938064,0.6999830307144069,1.36,0.6182813918758503,-0.15913730704884355,0.0,1,1,0.3600000000000001,-4.97
2016,4,2016-09-18,osasuna,celta,2016|2016-09-18|osasuna|celta,2016|2016-09-18|osasuna|celta,D,A,0.23793369427208336,0.32579888603480256,0.43626741969311417,0.43626741969311417,1.0688755284891966,0.11046853365831161,2.9,3.1,2.6,1.0520236159835714,0.3277755185034567,0.3066287108580724,0.36559577063847093,2.6,0.43626741969311417,0.13429529120209693,0.08393455700131058,1,0,-1.0,-5.97
2016,4,2016-09-18,villarreal,sociedad,2016|2016-09-18|villarreal|sociedad,2016|2016-09-18|villarreal|sociedad,H,H,0.5041518716435781,0.23802504195334673,0.25782308640307516,0.5041518716435781,1.0364130865855374,0.24632878524050295,1.85,3.5,4.5,1.0484770484770483,0.5155482815057284,0.27250409165302786,0.2119476268412439,1.85,0.5041518716435781,-0.06731903745938045,0.0,1,1,0.8500000000000001,-5.12
2016,4,2016-09-19,alaves,la coruna,2016|2016-09-19|alaves|la coruna,2016|2016-09-19|alaves|lacoruna,D,D,0.39517193705934145,0.4156503536168922,0.1891777093237663,0.4156503536168922,1.0467889877511256,0.020478416557550727,2.3,3.0,3.5,1.0538302277432714,0.41257367387033395,0.3163064833005893,0.2711198428290766,3.0,0.4156503536168922,0.24695106085067653,0.12347553042533826,1,1,2.0,-3.12
2016,5,2016-09-20,malaga,eibar,2016|2016-09-20|malaga|eibar,2016|2016-09-20|malaga|eibar,H,H,0.5602278102907691,0.2343170006464076,0.2054551890628234,0.5602278102907691,0.9897538420743323,0.3259108096443615,1.85,3.4,4.75,1.0451845033888376,0.5171723641021535,0.28140260987911303,0.2014250260187335,1.85,0.5602278102907691,0.036421449037922826,0.04284876357402685,1,1,0.8500000000000001,-2.27
2016,5,2016-09-20,sevilla,betis,2016|2016-09-20|sevilla|betis,2016|2016-09-20|sevilla|betis,H,H,0.7493264576565136,0.13202501124911345,0.11864853109437294,0.7493264576565136,0.7364704881264816,0.6173014464074001,1.45,4.5,7.0,1.0547345374931583,0.6538661131292164,0.21069019200830302,0.13544369486248053,1.45,0.7493264576565136,0.08652336360194474,0.192274141337655,1,1,0.44999999999999996,-1.82
2016,5,2016-09-21,barcelona,ath madrid,2016|2016-09-21|barcelona|ath madrid,2016|2016-09-21|barcelona|athmadrid,D,H,0.5910499472704716,0.21578895650362834,0.19316109622590014,0.5910499472704716,0.9593103614486577,0.3752609907668432,1.6,4.0,5.5,1.0568181818181819,0.5913978494623655,0.23655913978494622,0.17204301075268816,1.6,0.5910499472704716,-0.05432008436724545,0.0,1,0,-1.0,-2.8200000000000003
2016,5,2016-09-21,celta,sp gijon,2016|2016-09-21|celta|sp gijon,2016|2016-09-21|celta|spgijon,H,H,0.7119617798114787,0.1748346678758196,0.1132035523127017,0.7119617798114787,0.7933938422202547,0.5371271119356591,1.57,4.0,6.0,1.0536093418259023,0.6045340050377834,0.23727959697732998,0.15818639798488665,1.57,0.7119617798114787,0.11777999430402158,0.2066315689544238,1,1,0.5700000000000001,-2.25
2016,5,2016-09-21,granada,ath bilbao,2016|2016-09-21|granada|ath bilbao,2016|2016-09-21|granada|athbilbao,A,A,0.191811470916459,0.19363705345260424,0.6145514756309367,0.6145514756309367,0.9338367898752831,0.42091442217833247,4.5,3.5,1.85,1.0484770484770483,0.2119476268412439,0.27250409165302786,0.5155482815057284,1.85,0.6145514756309367,0.13692022991723296,0.16108262343203877,1,1,0.8500000000000001,-1.4
2016,5,2016-09-21,real madrid,villarreal,2016|2016-09-21|real madrid|villarreal,2016|2016-09-21|realmadrid|villarreal,D,H,0.8933275166111034,0.046751114975374465,0.059921368413522025,0.8933275166111034,0.41262592842213525,0.8334061481975814,1.2,7.0,15.0,1.042857142857143,0.7990867579908676,0.136986301369863,0.0639269406392694,1.2,0.8933275166111034,0.07199301993332408,0.35996509966662044,1,0,-1.0,-2.4
2016,5,2016-09-21,sociedad,las palmas,2016|2016-09-21|sociedad|las palmas,2016|2016-09-21|sociedad|laspalmas,H,H,0.5358976618624623,0.23756846529757383,0.2265338728399638,0.5358976618624623,1.0121277120376804,0.29832919656488854,2.0,3.5,3.75,1.0523809523809524,0.4751131221719457,0.27149321266968324,0.25339366515837103,2.0,0.5358976618624623,0.0717953237249247,0.0717953237249247,1,1,1.0,-1.4
2016,5,2016-09-22,la coruna,leganes,2016|2016-09-22|la coruna|leganes,2016|2016-09-22|lacoruna|leganes,A,H,0.5598813323164888,0.19004299224227778,0.2500756754412334,0.5598813323164888,0.9869183493057284,0.30980565687525546,2.15,3.25,3.6,1.050586364539853,0.4427206508371961,0.29287673824614513,0.2644026109166588,2.15,0.5598813323164888,0.20374486448045093,0.17716944737430518,1,0,-1.0,-2.4
2016,5,2016-09-22,osasuna,espanol,2016|2016-09-22|osasuna|espanol,2016|2016-09-22|osasuna|espanol,A,A,0.2622107079570237,0.32243976672080926,0.41534952532216696,0.41534952532216696,1.0808875173312558,0.0929097586013577,2.88,3.2,2.6,1.044337606837607,0.3324808184143222,0.29923273657289,0.3682864450127877,2.6,0.41534952532216696,0.07990876583763418,0.04994297864852136,1,1,1.6,-0.7999999999999998
2016,5,2016-09-22,valencia,alaves,2016|2016-09-22|valencia|alaves,2016|2016-09-22|valencia|alaves,H,H,0.6594830979929703,0.18133812483626657,0.15917877717076315,0.6594830979929703,0.8766845449825329,0.4781449731567038,1.57,3.75,6.0,1.070276008492569,0.595120015869867,0.249156913310851,0.15572307081928186,1.57,0.6594830979929703,0.03538846384896349,0.06208502429642717,1,1,0.5700000000000001,-0.22999999999999976
2016,6,2016-09-23,betis,malaga,2016|2016-09-23|betis|malaga,2016|2016-09-23|betis|malaga,H,A,0.29152834555556856,0.3208239696642762,0.38764768478015527,0.38764768478015527,1.0914334748015873,0.06682371511587909,2.6,3.1,2.9,1.0520236159835714,0.36559577063847093,0.3066287108580724,0.3277755185034567,2.9,0.38764768478015527,0.12417828586245028,0.06535699255918435,1,0,-1.0,-1.2299999999999998
2016,6,2016-09-24,ath bilbao,sevilla,2016|2016-09-24|ath bilbao|sevilla,2016|2016-09-24|athbilbao|sevilla,H,H,0.4683122912159603,0.2969451255691676,0.2347425832148722,0.4683122912159603,1.0560285417873738,0.17136716564679272,2.05,3.4,3.75,1.0485891917742707,0.4652011310772599,0.2804889172671714,0.25430995165556874,2.05,0.4683122912159603,-0.03995980300728147,0.0,1,1,1.0499999999999998,-0.17999999999999994
2016,6,2016-09-24,eibar,sociedad,2016|2016-09-24|eibar|sociedad,2016|2016-09-24|eibar|sociedad,H,A,0.3519345738756654,0.24295573256147526,0.40510969356285925,0.40510969356285925,1.077337097953496,0.05317511968719385,2.45,3.2,3.0,1.0539965986394557,0.3872529245663574,0.2964905203711174,0.3162565550625252,3.0,0.40510969356285925,0.2153290806885778,0.1076645403442889,1,0,-1.0,-1.18
2016,6,2016-09-24,las palmas,real madrid,2016|2016-09-24|las palmas|real madrid,2016|2016-09-24|laspalmas|realmadrid,D,A,0.1316906726485216,0.20192533396927195,0.6663839933822064,0.6663839933822064,0.8605062218025463,0.4644586594129345,8.5,5.0,1.36,1.052941176470588,0.11173184357541902,0.18994413407821234,0.6983240223463688,1.36,0.6663839933822064,-0.09371776900019918,0.0,1,0,-1.0,-2.1799999999999997
2016,6,2016-09-24,sp gijon,barcelona,2016|2016-09-24|sp gijon|barcelona,2016|2016-09-24|spgijon|barcelona,A,A,0.12397398068928335,0.148202127199259,0.7278238921114576,0.7278238921114576,0.7729895751332851,0.5796217649121986,13.0,6.5,1.22,1.0504413619167718,0.07322929171668667,0.14645858343337334,0.78031212484994,1.22,0.7278238921114576,-0.11205485162402176,0.0,1,1,0.21999999999999997,-1.96
2016,6,2016-09-25,ath madrid,la coruna,2016|2016-09-25|ath madrid|la coruna,2016|2016-09-25|athmadrid|lacoruna,H,H,0.8344420610908593,0.09879186099101908,0.06676607791812159,0.8344420610908593,0.5604111939022062,0.7356502000998402,1.22,5.5,19.0,1.0541218919130912,0.7775876181263487,0.17248307165711735,0.04992931021653396,1.22,0.8344420610908593,0.01801931453084829,0.08190597514021951,1,1,0.21999999999999997,-1.74
2016,6,2016-09-25,espanol,celta,2016|2016-09-25|espanol|celta,2016|2016-09-25|espanol|celta,A,D,0.3023051902925078,0.3829829654456499,0.3147118442618423,0.3829829654456499,1.0930644433234056,0.06827112118380763,2.25,3.3,3.3,1.0505050505050504,0.42307692307692313,0.2884615384615385,0.2884615384615385,3.3,0.3829829654456499,0.2638437859706446,0.11471468955245419,1,0,-1.0,-2.74
2016,6,2016-09-25,leganes,valencia,2016|2016-09-25|leganes|valencia,2016|2016-09-25|leganes|valencia,A,D,0.15158622688290152,0.5948355784783796,0.2535781946387189,0.5948355784783796,0.9429124038160178,0.34125738383966076,2.8,3.2,2.6,1.0542582417582418,0.33876221498371334,0.29641693811074915,0.3648208469055374,3.2,0.5948355784783796,0.9034738511308149,0.41066993233218857,1,0,-1.0,-3.74
2016,6,2016-09-25,villarreal,osasuna,2016|2016-09-25|villarreal|osasuna,2016|2016-09-25|villarreal|osasuna,H,H,0.636844799066139,0.23632248241902656,0.1268327185148344,0.636844799066139,0.8901670428548875,0.40052231664711246,1.4,4.33,9.5,1.050495754397541,0.6799510719539813,0.21984561217911633,0.1002033158669025,1.4,0.636844799066139,-0.10841728130740547,0.0,1,1,0.3999999999999999,-3.34
2016,6,2016-09-26,alaves,granada,2016|2016-09-26|alaves|granada,2016|2016-09-26|alaves|granada,H,D,0.3425845624684246,0.3804672481494143,0.2769481893821611,0.3804672481494143,1.0902363287998234,0.03788268568098968,2.1,3.3,3.75,1.0458874458874459,0.4552980132450331,0.2897350993377484,0.25496688741721857,3.3,0.3804672481494143,0.2555419188930671,0.11110518212742049,1,0,-1.0,-4.34
2016,7,2016-09-30,sociedad,betis,2016|2016-09-30|sociedad|betis,2016|2016-09-30|sociedad|betis,H,H,0.5540474710625481,0.25333216532575137,0.19262036361170046,0.5540474710625481,0.9922587278593249,0.3007153057367968,1.8,3.5,4.75,1.0517961570593148,0.5281969817315331,0.27164416203335984,0.20015885623510724,1.8,0.5540474710625481,-0.0027145520874133355,0.0,1,1,0.8,-3.54
2016,7,2016-10-01,granada,leganes,2016|2016-10-01|granada|leganes,2016|2016-10-01|granada|leganes,A,H,0.45898071939770313,0.18701941943241665,0.3539998611698802,0.45898071939770313,1.0385902140044125,0.10498085822782294,2.45,3.3,3.0,1.0445269016697587,0.3907637655417407,0.29011249259917116,0.31912374185908826,2.45,0.45898071939770313,0.12450276252437276,0.08586397415473983,1,0,-1.0,-4.54
2016,7,2016-10-01,la coruna,sp gijon,2016|2016-10-01|la coruna|sp gijon,2016|2016-10-01|lacoruna|spgijon,H,H,0.44067072775452776,0.31643569148312606,0.2428935807623463,0.44067072775452776,1.0689393652301,0.1242350362714017,1.95,3.4,4.2,1.0450333979745745,0.4907216494845361,0.28144329896907216,0.22783505154639172,1.95,0.44067072775452776,-0.1406920808786709,0.0,1,1,0.95,-3.59
2016,7,2016-10-01,osasuna,las palmas,2016|2016-10-01|osasuna|las palmas,2016|2016-10-01|osasuna|laspalmas,D,H,0.40902941260799314,0.2537155664675595,0.3372550209244473,0.40902941260799314,1.0802085535377628,0.07177439168354582,2.6,3.2,2.8,1.0542582417582418,0.3648208469055374,0.29641693811074915,0.33876221498371334,2.6,0.40902941260799314,0.06347647278078228,0.039672795487988924,1,0,-1.0,-4.59
2016,7,2016-10-01,sevilla,alaves,2016|2016-10-01|sevilla|alaves,2016|2016-10-01|sevilla|alaves,H,H,0.7366650758949155,0.13945842725409568,0.12387649685098891,0.7366650758949155,0.7585849072928478,0.5972066486408198,1.44,4.33,8.0,1.0503913266615346,0.661129263749351,0.2198674687757657,0.11900326747488318,1.44,0.7366650758949155,0.060797709288678226,0.13817661201972326,1,1,0.43999999999999995,-4.15
2016,7,2016-10-02,celta,barcelona,2016|2016-10-02|celta|barcelona,2016|2016-10-02|celta|barcelona,H,A,0.14914623439467664,0.22474998336553043,0.6261037822397929,0.6261037822397929,0.9124652132249367,0.4013537988742625,8.0,4.75,1.4,1.0498120300751879,0.11906893464637423,0.20053715308863027,0.6803939122649956,1.4,0.6261037822397929,-0.12345470486429,0.0,1,0,-1.0,-5.15
2016,7,2016-10-02,espanol,villarreal,2016|2016-10-02|espanol|villarreal,2016|2016-10-02|espanol|villarreal,D,D,0.25174310148390483,0.39835816914396893,0.34989872937212624,0.39835816914396893,1.0813239163057053,0.048459439771842694,2.88,3.1,2.63,1.0500310042656418,0.33067806646819764,0.30721059078335783,0.3621113427484446,3.1,0.39835816914396893,0.23491032434630377,0.1118620592125256,1,1,2.1,-3.05
2016,7,2016-10-02,malaga,ath bilbao,2016|2016-10-02|malaga|ath bilbao,2016|2016-10-02|malaga|athbilbao,H,H,0.37495696127449063,0.31328624024710433,0.3117567984784051,0.37495696127449063,1.094786197716973,0.0616707210273863,2.45,3.0,3.3,1.0445269016697587,0.3907637655417407,0.31912374185908826,0.29011249259917116,2.45,0.37495696127449063,-0.0813554448774979,0.0,1,1,1.4500000000000002,-1.5999999999999996
2016,7,2016-10-02,real madrid,eibar,2016|2016-10-02|real madrid|eibar,2016|2016-10-02|realmadrid|eibar,D,H,0.9464551225593175,0.024889110647172155,0.028655766793510392,0.9464551225593175,0.24580539095927367,0.9177993557658072,1.08,11.0,26.0,1.0552965552965552,0.8774082709534912,0.08614553932997915,0.03644618971652964,1.08,0.9464551225593175,0.022171532364062982,0.277144154550787,1,0,-1.0,-2.5999999999999996
2016,7,2016-10-02,valencia,ath madrid,2016|2016-10-02|valencia|ath madrid,2016|2016-10-02|valencia|athmadrid,A,A,0.1602458818077298,0.28720641705425676,0.5525477011380135,0.5525477011380135,0.9795029723927327,0.2653412840837568,4.5,3.5,1.85,1.0484770484770483,0.2119476268412439,0.27250409165302786,0.5155482815057284,1.85,0.5525477011380135,0.02221324710532513,0.026133231888617797,1,1,0.8500000000000001,-1.7499999999999996
2016,8,2016-10-14,las palmas,espanol,2016|2016-10-14|las palmas|espanol,2016|2016-10-14|laspalmas|espanol,D,H,0.4490365492242296,0.28550279805062434,0.2654606527251461,0.4490365492242296,1.0694777519897554,0.16353375117360525,1.95,3.4,4.2,1.0450333979745745,0.4907216494845361,0.28144329896907216,0.22783505154639172,1.95,0.4490365492242296,-0.12437872901275226,0.0,1,0,-1.0,-2.7499999999999996
2016,8,2016-10-15,ath madrid,granada,2016|2016-10-15|ath madrid|granada,2016|2016-10-15|athmadrid|granada,H,H,0.871626890378453,0.06975110171029618,0.058622007911250856,0.871626890378453,0.47178075568725464,0.8018757886681568,1.13,10.0,17.0,1.043779281624154,0.84783801306668,0.09580569547653485,0.0563562914567852,1.13,0.871626890378453,-0.015061613872348223,0.0,1,1,0.1299999999999999,-2.6199999999999997
2016,8,2016-10-15,barcelona,la coruna,2016|2016-10-15|barcelona|la coruna,2016|2016-10-15|barcelona|lacoruna,H,H,0.9127434901386057,0.0492631564829473,0.03799335337844707,0.9127434901386057,0.3558957892115561,0.8634803336556583,1.1,10.0,26.0,1.0475524475524476,0.8678237650200267,0.09546061415220294,0.036715620827770364,1.1,0.9127434901386057,0.0040178391524663265,0.04017839152466323,1,1,0.10000000000000009,-2.5199999999999996
2016,8,2016-10-15,betis,real madrid,2016|2016-10-15|betis|real madrid,2016|2016-10-15|betis|realmadrid,A,A,0.1508454156056543,0.19162086174597578,0.65753372264837,0.65753372264837,0.8776041284656485,0.46591286090239414,8.0,5.25,1.36,1.0507703081232491,0.11896034655114963,0.18127290903032325,0.6997667444185273,1.36,0.65753372264837,-0.1057541371982168,0.0,1,1,0.3600000000000001,-2.1599999999999993
2016,8,2016-10-15,leganes,sevilla,2016|2016-10-15|leganes|sevilla,2016|2016-10-15|leganes|sevilla,A,D,0.2139314191190396,0.4364311444211776,0.3496374364597829,0.4364311444211776,1.0591789124506918,0.08679370796139468,3.4,3.2,2.25,1.051062091503268,0.27982899339292655,0.29731830547998445,0.42285270112708895,3.2,0.4364311444211776,0.3965796621477683,0.18026348279444013,1,0,-1.0,-3.1599999999999993
2016,8,2016-10-16,alaves,malaga,2016|2016-10-16|alaves|malaga,2016|2016-10-16|alaves|malaga,D,A,0.2719068108067231,0.3469357909745077,0.3811573982187692,0.3811573982187692,1.0890173955507123,0.03422160724426149,2.6,3.0,3.0,1.051282051282051,0.3658536585365854,0.3170731707317074,0.3170731707317074,3.0,0.3811573982187692,0.14347219465630767,0.07173609732815384,1,0,-1.0,-4.159999999999999
2016,8,2016-10-16,ath bilbao,sociedad,2016|2016-10-16|ath bilbao|sociedad,2016|2016-10-16|athbilbao|sociedad,H,H,0.5264475639357079,0.2438854832693481,0.22966695279494395,0.5264475639357079,1.019775626553515,0.2825620806663598,1.83,3.6,4.4,1.051498592482199,0.5196850393700787,0.26417322834645673,0.2161417322834646,1.83,0.5264475639357079,-0.036600957997654504,0.0,1,1,0.8300000000000001,-3.329999999999999
2016,8,2016-10-16,sp gijon,valencia,2016|2016-10-16|sp gijon|valencia,2016|2016-10-16|spgijon|valencia,A,A,0.2431649820215396,0.28690968522435484,0.46992533275410564,0.46992533275410564,1.0569497957698142,0.1830156475297508,3.6,3.4,2.1,1.0480859010270773,0.26503340757238314,0.28062360801781744,0.4543429844097996,2.1,0.46992533275410564,-0.013156801216378078,0.0,1,1,1.1,-2.2299999999999995
2016,8,2016-10-16,villarreal,celta,2016|2016-10-16|villarreal|celta,2016|2016-10-16|villarreal|celta,H,H,0.4752180480836879,0.273614229786287,0.25116772213002514,0.4752180480836879,1.0551893183450756,0.20160381829740087,1.85,3.4,4.75,1.0451845033888376,0.5171723641021535,0.28140260987911303,0.2014250260187335,1.85,0.4752180480836879,-0.12084661104517741,0.0,1,1,0.8500000000000001,-1.3799999999999992
2016,8,2016-10-17,eibar,osasuna,2016|2016-10-17|eibar|osasuna,2016|2016-10-17|eibar|osasuna,A,H,0.4818234939633381,0.28888019100614754,0.22929631503051434,0.4818234939633381,1.0482255553550335,0.1929433029571906,1.7,3.6,5.0,1.0660130718954248,0.5518087063151441,0.26057633353770693,0.187614960147149,1.7,0.4818234939633381,-0.1809000602623252,0.0,1,0,-1.0,-2.379999999999999
2016,9,2016-10-21,osasuna,betis,2016|2016-10-21|osasuna|betis,2016|2016-10-21|osasuna|betis,A,D,0.3908790488706665,0.4395664986473129,0.16955445248202067,0.4395664986473129,1.0293719814318998,0.04868744977664641,2.4,3.2,3.1,1.051747311827957,0.39616613418530355,0.2971246006389776,0.30670926517571884,3.2,0.4395664986473129,0.4066127956714014,0.18482399803245517,1,0,-1.0,-3.379999999999999
2016,9,2016-10-22,espanol,eibar,2016|2016-10-22|espanol|eibar,2016|2016-10-22|espanol|eibar,D,H,0.46587950905757675,0.31906957635488487,0.21505091458753836,0.46587950905757675,1.0508473603652824,0.14680993270269188,2.05,3.4,3.8,1.045080419844446,0.46676300578034685,0.2814306358381503,0.2518063583815029,2.05,0.46587950905757675,-0.044947006431967806,0.0,1,0,-1.0,-4.379999999999999
2016,9,2016-10-22,granada,sp gijon,2016|2016-10-22|granada|sp gijon,2016|2016-10-22|granada|spgijon,D,H,0.40885771423141504,0.3112567914721367,0.2798854942964483,0.40885771423141504,1.0853558931888032,0.09760092275927834,2.1,3.4,3.6,1.0480859010270773,0.4543429844097996,0.28062360801781744,0.26503340757238314,2.1,0.40885771423141504,-0.1413988001140284,0.0,1,0,-1.0,-5.379999999999999
2016,9,2016-10-22,sociedad,alaves,2016|2016-10-22|sociedad|alaves,2016|2016-10-22|sociedad|alaves,H,H,0.6068541143982998,0.22886068093966927,0.1642852046620309,0.6068541143982998,0.9373149895035013,0.37799343345863057,1.67,3.75,5.5,1.0472872436944294,0.5717651950932151,0.2546261002148451,0.17360870469193984,1.67,0.6068541143982998,0.013446371045160666,0.020069210515165175,1,1,0.6699999999999999,-4.709999999999999
2016,9,2016-10-22,valencia,barcelona,2016|2016-10-22|valencia|barcelona,2016|2016-10-22|valencia|barcelona,A,A,0.1406969063295567,0.15183511345636386,0.7074679802140795,0.7074679802140795,0.8069589197262647,0.5556328667577157,7.0,5.25,1.4,1.0476190476190477,0.13636363636363635,0.1818181818181818,0.6818181818181818,1.4,0.7074679802140795,-0.00954482770028875,0.0,1,1,0.3999999999999999,-4.31
2016,9,2016-10-23,celta,la coruna,2016|2016-10-23|celta|la coruna,2016|2016-10-23|celta|lacoruna,H,H,0.5054557191726796,0.30655963021553234,0.1879846506117881,0.5054557191726796,1.0215250587686127,0.19889608895714728,1.7,3.6,5.5,1.0478312537136067,0.5613836121349589,0.26509781684150835,0.17351857102353274,1.7,0.5054557191726796,-0.1407252774064447,0.0,1,1,0.7,-3.6099999999999994
2016,9,2016-10-23,malaga,leganes,2016|2016-10-23|malaga|leganes,2016|2016-10-23|malaga|leganes,H,H,0.5050002266808631,0.2553168179767166,0.23968295534242035,0.5050002266808631,1.0359579447452854,0.24968340870414646,1.85,3.3,4.75,1.0540971593603172,0.5127995419972192,0.28747853111965327,0.1997219268831275,1.85,0.5050002266808631,-0.06574958064040326,0.0,1,1,0.8500000000000001,-2.7599999999999993
2016,9,2016-10-23,real madrid,ath bilbao,2016|2016-10-23|real madrid|ath bilbao,2016|2016-10-23|realmadrid|athbilbao,H,H,0.8608610631115395,0.07942928911901943,0.05970964776944104,0.8608610631115395,0.4984389717078228,0.7814317739925201,1.2,7.0,13.0,1.0531135531135531,0.7913043478260869,0.13565217391304346,0.07304347826086957,1.2,0.8608610631115395,0.0330332757338474,0.16516637866923703,1,1,0.19999999999999996,-2.5599999999999996
2016,9,2016-10-23,sevilla,ath madrid,2016|2016-10-23|sevilla|ath madrid,2016|2016-10-23|sevilla|athmadrid,H,A,0.17336648807728103,0.28520498545912015,0.541428526463599,0.541428526463599,0.9937917608873648,0.2562235410044788,4.0,3.5,1.95,1.0485347985347986,0.23842794759825325,0.2724890829694323,0.48908296943231444,1.95,0.541428526463599,0.05578562660401798,0.05872171221475577,1,0,-1.0,-3.5599999999999996
2016,9,2016-10-23,villarreal,las palmas,2016|2016-10-23|villarreal|las palmas,2016|2016-10-23|villarreal|laspalmas,H,H,0.5579020387127939,0.2270584043819553,0.21503955690525092,0.5579020387127939,0.9927023838789262,0.3308436343308386,1.67,3.8,5.25,1.0524364804226134,0.5689677299756157,0.2500463444892837,0.1809859255351006,1.67,0.5579020387127939,-0.06830359534963426,0.0,1,1,0.6699999999999999,-2.8899999999999997
2016,10,2016-10-28,leganes,sociedad,2016|2016-10-28|leganes|sociedad,2016|2016-10-28|leganes|sociedad,A,D,0.2783634097574782,0.3686888203305642,0.3529477699119576,0.3686888203305642,1.0914296445551925,0.015741050418606628,2.63,3.1,2.88,1.0500310042656418,0.3621113427484446,0.30721059078335783,0.33067806646819764,3.1,0.3686888203305642,0.1429353430247492,0.06806444905940437,1,0,-1.0,-3.8899999999999997
2016,10,2016-10-29,alaves,real madrid,2016|2016-10-29|alaves|real madrid,2016|2016-10-29|alaves|realmadrid,A,A,0.1456492617234064,0.1668005022951063,0.6875502359814873,0.6875502359814873,0.8369039699011822,0.5207497336863811,13.0,6.5,1.22,1.0504413619167718,0.07322929171668667,0.14645858343337334,0.78031212484994,1.22,0.6875502359814873,-0.16118871210258545,0.0,1,1,0.21999999999999997,-3.6699999999999995
2016,10,2016-10-29,ath madrid,malaga,2016|2016-10-29|ath madrid|malaga,2016|2016-10-29|athmadrid|malaga,H,H,0.8521078345722154,0.0897924991329927,0.05809966629479188,0.8521078345722154,0.5181240633786665,0.7623153354392227,1.22,6.0,15.0,1.0530054644808744,0.7784120394395433,0.15827711468604044,0.06331084587441618,1.22,0.8521078345722154,0.03957155817810276,0.17987071899137622,1,1,0.21999999999999997,-3.4499999999999993
2016,10,2016-10-29,barcelona,granada,2016|2016-10-29|barcelona|granada,2016|2016-10-29|barcelona|granada,H,H,0.9189054211224179,0.04702432722116377,0.03407025165641843,0.9189054211224179,0.3366059964129114,0.8718810939012541,1.05,17.0,34.0,1.0406162464985993,0.9152086137281292,0.05652759084791387,0.028263795423956933,1.05,0.9189054211224179,-0.035149307821461154,0.0,1,1,0.050000000000000044,-3.3999999999999995
2016,10,2016-10-29,sp gijon,sevilla,2016|2016-10-29|sp gijon|sevilla,2016|2016-10-29|spgijon|sevilla,D,A,0.27376837034360557,0.2945856467357035,0.431645982920691,0.431645982920691,1.0773449694677426,0.13706033618498753,3.8,3.6,1.95,1.053756185335133,0.2497331910352187,0.263607257203842,0.4866595517609391,1.95,0.431645982920691,-0.15829033330465253,0.0,1,0,-1.0,-4.3999999999999995
2016,10,2016-10-30,ath bilbao,osasuna,2016|2016-10-30|ath bilbao|osasuna,2016|2016-10-30|athbilbao|osasuna,D,H,0.7853995098648365,0.12702085178159528,0.0875796383535682,0.7853995098648365,0.6650931362536389,0.6583786580832413,1.36,5.0,8.5,1.0529411764705883,0.6983240223463686,0.18994413407821228,0.11173184357541899,1.36,0.7853995098648365,0.06814333341617779,0.18928703726716048,1,0,-1.0,-5.3999999999999995
2016,10,2016-10-30,betis,espanol,2016|2016-10-30|betis|espanol,2016|2016-10-30|betis|espanol,A,A,0.34593237088283335,0.2972846247361568,0.3567830043810098,0.3567830043810098,1.0955473899813137,0.010850633498176443,2.25,3.25,3.4,1.0462543991955757,0.4247957712638154,0.2940893801057184,0.2811148486304661,3.4,0.3567830043810098,0.2130622148954333,0.08877592287309721,1,1,2.4,-2.9999999999999996
2016,10,2016-10-30,eibar,villarreal,2016|2016-10-30|eibar|villarreal,2016|2016-10-30|eibar|villarreal,H,A,0.24938804921832977,0.34949204132528855,0.40111990945638165,0.40111990945638165,1.080169494440513,0.0516278681310931,3.0,3.2,2.5,1.0458333333333334,0.31872509960159356,0.298804780876494,0.38247011952191234,2.5,0.40111990945638165,0.002799773640954073,0.0018665157606360487,1,0,-1.0,-3.9999999999999996
2016,10,2016-10-30,las palmas,celta,2016|2016-10-30|las palmas|celta,2016|2016-10-30|laspalmas|celta,D,H,0.4171102851843809,0.29191694380886296,0.2909727710067562,0.4171102851843809,1.0833697242164702,0.12519334137551796,2.3,3.3,3.2,1.0503129117259553,0.41395531164249316,0.2885143081144649,0.2975303802430419,2.3,0.4171102851843809,-0.040646344075924046,0.0,1,0,-1.0,-5.0
2016,10,2016-10-31,la coruna,valencia,2016|2016-10-31|la coruna|valencia,2016|2016-10-31|lacoruna|valencia,D,A,0.3001872647863843,0.31751692979171736,0.3822958054218982,0.3822958054218982,1.093093654442681,0.06477887563018087,2.88,3.2,2.55,1.0518790849673203,0.33009708737864074,0.29708737864077667,0.37281553398058254,2.55,0.3822958054218982,-0.025145696174159626,0.0,1,0,-1.0,-6.0
2016,11,2016-11-04,malaga,sp gijon,2016|2016-11-04|malaga|sp gijon,2016|2016-11-04|malaga|spgijon,H,H,0.5103819943964456,0.23331116832171858,0.2563068372818358,0.5103819943964456,1.0317687212517397,0.2540751571146098,1.73,3.6,5.25,1.0462886503348932,0.5524619634322796,0.2654886657605121,0.1820493708072083,1.73,0.5103819943964456,-0.11703914969414914,0.0,1,1,0.73,-5.27
2016,11,2016-11-05,granada,la coruna,2016|2016-11-05|granada|la coruna,2016|2016-11-05|granada|lacoruna,D,D,0.3057119456559736,0.35865522529974814,0.3356328290442782,0.35865522529974814,1.0964886471762851,0.023022396255469924,2.6,3.2,2.8,1.0542582417582418,0.3648208469055374,0.29641693811074915,0.33876221498371334,3.2,0.35865522529974814,0.14769672095919406,0.06713487316327002,1,1,2.2,-3.0699999999999994
2016,11,2016-11-05,las palmas,eibar,2016|2016-11-05|las palmas|eibar,2016|2016-11-05|laspalmas|eibar,H,H,0.5173654758321222,0.28123205217214464,0.20140247199573322,0.5173654758321222,1.0204482038164115,0.23613342365997758,1.91,3.5,4.0,1.0592744951383695,0.4942630185348632,0.26972639011473964,0.23601059135039718,1.91,0.5173654758321222,-0.01183194116064662,0.0,1,1,0.9099999999999999,-2.1599999999999993
2016,11,2016-11-05,osasuna,alaves,2016|2016-11-05|osasuna|alaves,2016|2016-11-05|osasuna|alaves,A,H,0.38840169248784806,0.2781080127785858,0.3334902947335661,0.38840169248784806,1.0894444510955634,0.05491139775428194,2.25,3.2,3.4,1.051062091503268,0.42285270112708895,0.29731830547998445,0.27982899339292655,2.25,0.38840169248784806,-0.1260961919023419,0.0,1,0,-1.0,-3.1599999999999993
2016,11,2016-11-05,sociedad,ath madrid,2016|2016-11-05|sociedad|ath madrid,2016|2016-11-05|sociedad|athmadrid,H,A,0.12006500677236596,0.22631830567900094,0.6536166875486331,0.6536166875486331,0.8687112474636501,0.4272983818696322,5.75,3.6,1.67,1.0504932164656196,0.16555370444312875,0.2644260557077751,0.5700202398490961,1.67,0.6536166875486331,0.09153986820621723,0.13662666896450334,1,0,-1.0,-4.159999999999999
2016,11,2016-11-06,celta,valencia,2016|2016-11-06|celta|valencia,2016|2016-11-06|celta|valencia,H,H,0.418578902753094,0.2599380003901694,0.3214830968567365,0.418578902753094,1.0795760823853828,0.09709580589635752,2.25,3.4,3.2,1.051062091503268,0.42285270112708895,0.27982899339292655,0.29731830547998445,2.25,0.418578902753094,-0.058197468805538555,0.0,1,1,1.25,-2.9099999999999993
2016,11,2016-11-06,espanol,ath bilbao,2016|2016-11-06|espanol|ath bilbao,2016|2016-11-06|espanol|athbilbao,D,A,0.28869375273310044,0.310352710049176,0.4009535372177237,0.4009535372177237,1.0882321330758127,0.09060082716854773,3.0,3.2,2.5,1.0458333333333334,0.31872509960159356,0.298804780876494,0.38247011952191234,2.5,0.4009535372177237,0.002383843044309275,0.0015892286962061835,1,0,-1.0,-3.9099999999999993
2016,11,2016-11-06,real madrid,leganes,2016|2016-11-06|real madrid|leganes,2016|2016-11-06|realmadrid|leganes,H,H,0.9325323078800802,0.036559494377274994,0.030908197742644816,0.9325323078800802,0.29356692012380636,0.8959728135028052,1.07,13.0,23.0,1.0549807770449786,0.8858734297226831,0.07291419767717469,0.04121237260014221,1.07,0.9325323078800802,-0.0021904305683140834,0.0,1,1,0.07000000000000006,-3.8399999999999994
2016,11,2016-11-06,sevilla,barcelona,2016|2016-11-06|sevilla|barcelona,2016|2016-11-06|sevilla|barcelona,A,A,0.1819804079408432,0.20099371336891547,0.6170258786902413,0.6170258786902413,0.9304866159021166,0.4160321653213258,5.25,4.2,1.62,1.0458553791887124,0.1821247892074199,0.22765598650927488,0.5902192242833053,1.62,0.6170258786902413,-0.0004180765218090854,0.0,1,1,0.6200000000000001,-3.2199999999999993
2016,11,2016-11-06,villarreal,betis,2016|2016-11-06|villarreal|betis,2016|2016-11-06|villarreal|betis,H,H,0.6070424160297483,0.25388344568416793,0.1390741382860839,0.6070424160297483,0.9254112167042058,0.35315897034558036,1.5,4.2,7.0,1.0476190476190474,0.6363636363636365,0.2272727272727273,0.13636363636363638,1.5,0.6070424160297483,-0.08943637595537757,0.0,1,1,0.5,-2.7199999999999993
2016,12,2016-11-18,betis,las palmas,2016|2016-11-18|betis|las palmas,2016|2016-11-18|betis|laspalmas,H,H,0.4174747452568311,0.31929840552602873,0.2632268492171401,0.4174747452568311,1.0805367620359494,0.09817633973080236,2.35,3.4,3.1,1.0422302071137308,0.4082897540189812,0.2822002711601782,0.3095099748208406,2.35,0.4174747452568311,-0.01893434864644694,0.0,1,1,1.35,-1.3699999999999992
2016,12,2016-11-19,ath madrid,real madrid,2016|2016-11-19|ath madrid|real madrid,2016|2016-11-19|athmadrid|realmadrid,A,H,0.33728781818305886,0.3315266435047361,0.331185538312205,0.33728781818305886,1.0985770844490403,0.005761174678322767,2.5,3.3,2.9,1.0478578892371997,0.38173115277223774,0.2891902672516952,0.329078579976067,2.5,0.33728781818305886,-0.1567804545423529,0.0,1,0,-1.0,-2.369999999999999
2016,12,2016-11-19,barcelona,malaga,2016|2016-11-19|barcelona|malaga,2016|2016-11-19|barcelona|malaga,D,H,0.90199420518798,0.05797359538445411,0.040032199427565945,0.90199420518798,0.3869599562148042,0.8440206098035259,1.13,9.0,21.0,1.0436859109425483,0.8479138627187078,0.10646029609690442,0.04562584118438761,1.13,0.90199420518798,0.019253451862417323,0.14810347586474876,1,0,-1.0,-3.369999999999999
2016,12,2016-11-19,eibar,celta,2016|2016-11-19|eibar|celta,2016|2016-11-19|eibar|celta,H,H,0.3728473682953107,0.2763621127305546,0.35079051897413477,0.3728473682953107,1.090735919297177,0.02205684932117591,2.38,3.25,3.1,1.0504410200804888,0.39999205971097346,0.2929172621883437,0.30709067810068286,2.38,0.3728473682953107,-0.11262326345716067,0.0,1,1,1.38,-1.9899999999999993
2016,12,2016-11-19,la coruna,sevilla,2016|2016-11-19|la coruna|sevilla,2016|2016-11-19|lacoruna|sevilla,A,A,0.27673617344540574,0.2743648879019279,0.4488989386526662,0.4488989386526662,1.0699044586982311,0.17216276520726048,3.3,3.4,2.2,1.0516934046345812,0.288135593220339,0.2796610169491525,0.43220338983050843,2.2,0.4488989386526662,-0.01242233496413414,0.0,1,1,1.2000000000000002,-0.7899999999999991
2016,12,2016-11-20,alaves,espanol,2016|2016-11-20|alaves|espanol,2016|2016-11-20|alaves|espanol,A,A,0.2833341140368354,0.3352149627156382,0.3814509232475264,0.3814509232475264,1.0913371932891927,0.046235960531888165,2.5,3.1,3.1,1.0451612903225806,0.3827160493827161,0.30864197530864196,0.30864197530864196,3.1,0.3814509232475264,0.18249786206733187,0.0869037438415866,1,1,2.1,1.310000000000001
2016,12,2016-11-20,ath bilbao,villarreal,2016|2016-11-20|ath bilbao|villarreal,2016|2016-11-20|athbilbao|villarreal,H,H,0.4009741933999106,0.33513634329703385,0.26388946330305557,0.4009741933999106,1.0843707165595469,0.06583785010287674,2.15,3.3,3.5,1.0538608678143562,0.44134505158578524,0.28754298815437523,0.2711119602598395,2.15,0.4009741933999106,-0.13790548419019227,0.0,1,1,1.15,2.460000000000001
2016,12,2016-11-20,sp gijon,sociedad,2016|2016-11-20|sp gijon|sociedad,2016|2016-11-20|spgijon|sociedad,A,A,0.271614663644119,0.3590084611448119,0.3693768752110691,0.3693768752110691,1.0896626592247043,0.010368414066257214,3.4,3.3,2.2,1.0516934046345812,0.2796610169491525,0.288135593220339,0.43220338983050843,2.2,0.3693768752110691,-0.18737087453564794,0.0,1,1,1.2000000000000002,3.660000000000001
2016,12,2016-11-20,valencia,granada,2016|2016-11-20|valencia|granada,2016|2016-11-20|valencia|granada,D,H,0.7517844359638256,0.16522156663555668,0.08299399740061777,0.7517844359638256,0.7185354510609673,0.586562869328269,1.33,5.5,8.5,1.0513449398898316,0.7151598592626587,0.17293865687624294,0.11190148386109836,1.33,0.7517844359638256,-0.00012670016811189289,0.0,1,0,-1.0,2.660000000000001
2016,12,2016-11-21,leganes,osasuna,2016|2016-11-21|leganes|osasuna,2016|2016-11-21|leganes|osasuna,H,H,0.46309383971063484,0.3590768909592684,0.17782926933009688,0.46309383971063484,1.0313736964169578,0.10401694875136641,1.85,3.5,4.5,1.0484770484770483,0.5155482815057284,0.27250409165302786,0.2119476268412439,1.85,0.46309383971063484,-0.1432763965353256,0.0,1,1,0.8500000000000001,3.510000000000001
2016,13,2016-11-25,eibar,betis,2016|2016-11-25|eibar|betis,2016|2016-11-25|eibar|betis,H,H,0.42181508037401644,0.28228946709980146,0.2958954525261821,0.42181508037401644,1.0814782428230023,0.12591962784783434,1.95,3.4,4.2,1.0450333979745745,0.4907216494845361,0.28144329896907216,0.22783505154639172,1.95,0.42181508037401644,-0.17746059327066804,0.0,1,1,0.95,4.460000000000001
2016,13,2016-11-26,espanol,leganes,2016|2016-11-26|espanol|leganes,2016|2016-11-26|espanol|leganes,H,H,0.5252235349507527,0.27393236470668053,0.2008441003425668,0.5252235349507527,1.0153160276083302,0.25129117024407216,1.85,3.4,4.75,1.0451845033888376,0.5171723641021535,0.28140260987911303,0.2014250260187335,1.85,0.5252235349507527,-0.028336460341107483,0.0,1,1,0.8500000000000001,5.310000000000001
2016,13,2016-11-26,malaga,la coruna,2016|2016-11-26|malaga|la coruna,2016|2016-11-26|malaga|lacoruna,H,H,0.3894650710452795,0.30463007445190327,0.3059048545028172,0.3894650710452795,1.0916974388738538,0.08356021654246232,2.0,3.25,4.2,1.0457875457875458,0.47810858143607704,0.29422066549912435,0.2276707530647986,2.0,0.3894650710452795,-0.221069857909441,0.0,1,1,1.0,6.310000000000001
2016,13,2016-11-26,real madrid,sp gijon,2016|2016-11-26|real madrid|sp gijon,2016|2016-11-26|realmadrid|spgijon,H,H,0.889144008880642,0.06031748101542077,0.05053851010393723,0.889144008880642,0.42470889800538353,0.8288265278652213,1.06,13.0,34.0,1.0497310680440535,0.8987027774389005,0.07327884185271036,0.028018380708389252,1.06,0.889144008880642,-0.05750735058651939,0.0,1,1,0.06000000000000005,6.370000000000001
2016,13,2016-11-26,sevilla,valencia,2016|2016-11-26|sevilla|valencia,2016|2016-11-26|sevilla|valencia,H,H,0.5759272306598829,0.2046385433648395,0.2194342259752776,0.5759272306598829,0.9752592503312711,0.3564930046846053,1.73,3.75,5.0,1.0447013487475916,0.5533013648100332,0.2552563629656953,0.1914422722242715,1.73,0.5759272306598829,-0.003645890958402509,0.0,1,1,0.73,7.100000000000001
2016,13,2016-11-27,celta,granada,2016|2016-11-27|celta|granada,2016|2016-11-27|celta|granada,H,H,0.622063687871533,0.2452677020678818,0.13266861006058517,0.622063687871533,0.9079794970427211,0.3767959858036512,1.53,4.0,7.0,1.046451914098973,0.6245817532902074,0.23890252063350434,0.13651572607628817,1.53,0.622063687871533,-0.04824255755655449,0.0,1,1,0.53,7.630000000000001
2016,13,2016-11-27,osasuna,ath madrid,2016|2016-11-27|osasuna|ath madrid,2016|2016-11-27|osasuna|athmadrid,A,A,0.129726415661651,0.13391674170964973,0.7363568426286993,0.7363568426286993,0.7595433660536854,0.6024401009190495,11.0,5.25,1.3,1.0506160506160507,0.08652931854199683,0.18129952456418383,0.7321711568938192,1.3,0.7363568426286993,-0.04273610458269092,0.0,1,1,0.30000000000000004,7.9300000000000015
2016,13,2016-11-27,sociedad,barcelona,2016|2016-11-27|sociedad|barcelona,2016|2016-11-27|sociedad|barcelona,D,A,0.11847435795819568,0.168777847003355,0.7127477950384494,0.7127477950384494,0.7943536808144508,0.5439699480350945,7.0,4.75,1.44,1.0478279030910609,0.13633645604943193,0.20091688259916285,0.6627466613514053,1.44,0.7127477950384494,0.02635682485536711,0.0599018746712889,1,0,-1.0,6.9300000000000015
2016,13,2016-11-27,villarreal,alaves,2016|2016-11-27|villarreal|alaves,2016|2016-11-27|villarreal|alaves,A,H,0.6182354671927315,0.2487007360920835,0.13306379671518498,0.6182354671927315,0.9117489260487813,0.36953473110064794,1.5,4.0,7.5,1.05,0.6349206349206349,0.23809523809523808,0.12698412698412698,1.5,0.6182354671927315,-0.07264679921090278,0.0,1,0,-1.0,5.9300000000000015
2016,13,2016-11-28,las palmas,ath bilbao,2016|2016-11-28|las palmas|ath bilbao,2016|2016-11-28|laspalmas|athbilbao,H,H,0.39754682594715485,0.24076306894425514,0.36169010510858995,0.39754682594715485,1.077373821832759,0.03585672083856489,2.5,3.4,2.8,1.0512605042016807,0.38049560351718625,0.2797761790567546,0.33972821742605913,2.5,0.39754682594715485,-0.006132935132112882,0.0,1,1,1.5,7.4300000000000015
2016,14,2016-12-03,ath madrid,espanol,2016|2016-12-03|ath madrid|espanol,2016|2016-12-03|athmadrid|espanol,D,H,0.8058154951540508,0.13320479130131058,0.06097971354463858,0.8058154951540508,0.6130724766515289,0.6726107038527402,1.22,6.0,15.0,1.0530054644808744,0.7784120394395433,0.15827711468604044,0.06331084587441618,1.22,0.8058154951540508,-0.01690509591205802,0.0,1,0,-1.0,6.4300000000000015
2016,14,2016-12-03,barcelona,real madrid,2016|2016-12-03|barcelona|real madrid,2016|2016-12-03|barcelona|realmadrid,D,H,0.5741881186246389,0.24275474566102004,0.18305713571434115,0.5741881186246389,0.9730504467808148,0.33143337296361886,1.85,4.2,4.2,1.0167310167310166,0.5316455696202531,0.23417721518987342,0.23417721518987342,1.85,0.5741881186246389,0.06224801945558206,0.07323296406539065,1,0,-1.0,5.4300000000000015
2016,14,2016-12-03,granada,sevilla,2016|2016-12-03|granada|sevilla,2016|2016-12-03|granada|sevilla,H,A,0.21411128190084083,0.27014801274661754,0.5157407053525416,0.5157407053525416,1.0250650654282862,0.24559269260592403,4.75,3.5,1.8,1.0517961570593148,0.20015885623510724,0.27164416203335984,0.5281969817315331,1.8,0.5157407053525416,-0.07166673036542515,0.0,1,0,-1.0,4.4300000000000015
2016,14,2016-12-03,leganes,villarreal,2016|2016-12-03|leganes|villarreal,2016|2016-12-03|leganes|villarreal,D,A,0.20558925617357846,0.34628620300749874,0.44812454081892283,0.44812454081892283,1.0521518864441723,0.1018383378114241,3.8,2.9,2.25,1.052429925388183,0.2500479018969151,0.3276489748994061,0.42230312320367885,2.25,0.44812454081892283,0.008280216842576404,0.006624173474061123,1,0,-1.0,3.4300000000000015
2016,14,2016-12-04,alaves,las palmas,2016|2016-12-04|alaves|las palmas,2016|2016-12-04|alaves|laspalmas,D,D,0.38442846461912605,0.4129718080707812,0.2025997273100927,0.4129718080707812,1.0561901384145191,0.028543343451655157,2.5,3.2,3.0,1.0458333333333334,0.38247011952191234,0.298804780876494,0.31872509960159356,3.2,0.4129718080707812,0.3215097858264999,0.14614081173931814,1,1,2.2,5.630000000000002
2016,14,2016-12-04,ath bilbao,eibar,2016|2016-12-04|ath bilbao|eibar,2016|2016-12-04|athbilbao|eibar,H,H,0.5322344440200811,0.2808804645242162,0.18688509145570276,0.5322344440200811,1.0057894177791205,0.2513539794958649,1.85,3.4,4.75,1.0451845033888376,0.5171723641021535,0.28140260987911303,0.2014250260187335,1.85,0.5322344440200811,-0.015366278562849833,0.0,1,1,0.8500000000000001,6.480000000000002
2016,14,2016-12-04,betis,celta,2016|2016-12-04|betis|celta,2016|2016-12-04|betis|celta,D,H,0.41719094396816964,0.3093842923817018,0.27342476365012847,0.41719094396816964,1.0822314964799875,0.10780665158646785,2.38,3.25,3.1,1.0504410200804888,0.39999205971097346,0.2929172621883437,0.30709067810068286,2.38,0.41719094396816964,-0.0070855533557563355,0.0,1,0,-1.0,5.480000000000002
2016,14,2016-12-04,sp gijon,osasuna,2016|2016-12-04|sp gijon|osasuna,2016|2016-12-04|spgijon|osasuna,H,H,0.4194372546755468,0.3600181090072421,0.2205446363172111,0.4194372546755468,1.0656067056523029,0.059419145668304696,2.0,3.3,4.0,1.053030303030303,0.47482014388489213,0.2877697841726619,0.23741007194244607,2.0,0.4194372546755468,-0.16112549064890636,0.0,1,1,1.0,6.480000000000002
2016,14,2016-12-04,valencia,malaga,2016|2016-12-04|valencia|malaga,2016|2016-12-04|valencia|malaga,D,H,0.6144839046893543,0.2508063518390916,0.13470974347155407,0.6144839046893543,0.9161641488519672,0.3636775528502627,1.75,3.6,5.0,1.0492063492063493,0.5446293494704992,0.264750378214826,0.19062027231467474,1.75,0.6144839046893543,0.07534683320637003,0.10046244427516005,1,0,-1.0,5.480000000000002
2016,14,2016-12-05,la coruna,sociedad,2016|2016-12-05|la coruna|sociedad,2016|2016-12-05|lacoruna|sociedad,H,A,0.2782730497436604,0.33798875126707456,0.38373819898926514,0.38373819898926514,1.090126898627663,0.045749447722190584,3.1,3.1,2.5,1.0451612903225806,0.30864197530864196,0.30864197530864196,0.3827160493827161,2.5,0.38373819898926514,-0.04065450252683711,0.0,1,0,-1.0,4.480000000000002
2016,15,2016-12-09,malaga,granada,2016|2016-12-09|malaga|granada,2016|2016-12-09|malaga|granada,D,H,0.6561752411173214,0.19178297798781935,0.15204178089485929,0.6561752411173214,0.8795591469289549,0.46439226312950205,1.6,4.0,5.75,1.0489130434782608,0.5958549222797929,0.2383419689119171,0.16580310880829016,1.6,0.6561752411173214,0.04988038578771431,0.08313397631285717,1,0,-1.0,3.4800000000000018
2016,15,2016-12-10,las palmas,leganes,2016|2016-12-10|las palmas|leganes,2016|2016-12-10|laspalmas|leganes,D,H,0.5605260228236241,0.2208265282185876,0.2186474489577884,0.5605260228236241,0.9904171278077474,0.33969949460503646,1.8,3.5,4.75,1.0517961570593148,0.5281969817315331,0.27164416203335984,0.20015885623510724,1.8,0.5605260228236241,0.00894684108252336,0.0111835513531542,1,0,-1.0,2.4800000000000018
2016,15,2016-12-10,osasuna,barcelona,2016|2016-12-10|osasuna|barcelona,2016|2016-12-10|osasuna|barcelona,A,A,0.1531876757849361,0.14138038422030677,0.7054319399947571,0.7054319399947571,0.8101336520168751,0.552244264209821,15.0,7.5,1.18,1.0474576271186442,0.06364617044228693,0.12729234088457386,0.8090614886731391,1.18,0.7054319399947571,-0.16759031080618672,0.0,1,1,0.17999999999999994,2.660000000000002
2016,15,2016-12-10,real madrid,la coruna,2016|2016-12-10|real madrid|la coruna,2016|2016-12-10|realmadrid|lacoruna,H,H,0.8616289466366357,0.07782912810079691,0.060541925262567395,0.8616289466366357,0.49682422102241514,0.7837998185358388,1.17,8.0,15.0,1.0463675213675214,0.8168266285480907,0.11946089442515825,0.06371247702675106,1.17,0.8616289466366357,0.0081058675648637,0.04768157391096296,1,1,0.16999999999999993,2.830000000000002
2016,15,2016-12-10,sociedad,valencia,2016|2016-12-10|sociedad|valencia,2016|2016-12-10|sociedad|valencia,H,H,0.4772914141301739,0.2242804988475006,0.29842808702232554,0.4772914141301739,1.0491526526302786,0.17886332710784836,1.91,3.75,3.8,1.0533847708275925,0.49702656040180676,0.25315219476465356,0.24982124483353968,1.91,0.4772914141301739,-0.08837339901136793,0.0,1,1,0.9099999999999999,3.7400000000000015
2016,15,2016-12-11,betis,ath bilbao,2016|2016-12-11|betis|ath bilbao,2016|2016-12-11|betis|athbilbao,H,A,0.31550814057094273,0.27083126221188375,0.41366059721717346,0.41366059721717346,1.082878952067427,0.09815245664623073,3.1,3.25,2.38,1.0504410200804888,0.30709067810068286,0.2929172621883437,0.39999205971097346,2.38,0.41366059721717346,-0.015487778623127224,0.0,1,0,-1.0,2.7400000000000015
2016,15,2016-12-11,celta,sevilla,2016|2016-12-11|celta|sevilla,2016|2016-12-11|celta|sevilla,A,A,0.3324000859616934,0.2752896337964701,0.39231028024183645,0.39231028024183645,1.0883011357280954,0.05991019428014305,2.75,3.3,2.63,1.046894803548796,0.34734756768655073,0.28945630640545894,0.36319612590799033,2.63,0.39231028024183645,0.031776037036029825,0.019494501249098052,1,1,1.63,4.370000000000001
2016,15,2016-12-11,eibar,alaves,2016|2016-12-11|eibar|alaves,2016|2016-12-11|eibar|alaves,D,H,0.5764107315470167,0.2206569083160199,0.2029323601369633,0.5764107315470167,0.9746628668332156,0.3557538232309968,1.83,3.6,4.5,1.046448087431694,0.5221932114882506,0.2654482158398608,0.2123585726718886,1.83,0.5764107315470167,0.05483163873104063,0.06606221533860317,1,0,-1.0,3.3700000000000014
2016,15,2016-12-11,espanol,sp gijon,2016|2016-12-11|espanol|sp gijon,2016|2016-12-11|espanol|spgijon,H,H,0.6039619684929435,0.2165242506268506,0.17951378088020592,0.6039619684929435,0.9441532594533532,0.3874377178660929,1.73,3.75,5.0,1.0447013487475916,0.5533013648100332,0.2552563629656953,0.1914422722242715,1.73,0.6039619684929435,0.04485420549279223,0.06144411711341402,1,1,0.73,4.100000000000001
2016,15,2016-12-12,villarreal,ath madrid,2016|2016-12-12|villarreal|ath madrid,2016|2016-12-12|villarreal|athmadrid,H,A,0.17050095705811885,0.19644421020660616,0.6330548327352751,0.6330548327352751,0.9107389476837349,0.4366106225286689,4.5,3.5,1.85,1.0484770484770483,0.2119476268412439,0.27250409165302786,0.5155482815057284,1.85,0.6330548327352751,0.171151440560259,0.20135463595324585,1,0,-1.0,3.1000000000000014
2016,16,2016-12-16,alaves,betis,2016|2016-12-16|alaves|betis,2016|2016-12-16|alaves|betis,H,H,0.4106373325565724,0.28500503221318835,0.30435763523023934,0.4106373325565724,1.085286952600274,0.10627969732633308,2.3,3.1,3.4,1.0514809009157662,0.41349548842683403,0.3067869752844252,0.27971753628874063,2.3,0.4106373325565724,-0.055534135119883477,0.0,1,1,1.2999999999999998,4.400000000000001
2016,16,2016-12-17,ath madrid,las palmas,2016|2016-12-17|ath madrid|las palmas,2016|2016-12-17|athmadrid|laspalmas,H,H,0.7737127545035939,0.16163095365838803,0.06465629183801805,0.7737127545035939,0.670134449506782,0.6120818008452058,1.29,5.5,9.5,1.0622751381625308,0.7297486033519555,0.171159217877095,0.09909217877094974,1.29,0.7737127545035939,-0.0019105466903638624,0.0,1,1,0.29000000000000004,4.690000000000001
2016,16,2016-12-17,granada,sociedad,2016|2016-12-17|granada|sociedad,2016|2016-12-17|granada|sociedad,A,A,0.29254545964195566,0.2657057640866452,0.441748776271399,0.441748776271399,1.072650145976752,0.14920331662944336,3.75,3.4,2.0,1.0607843137254902,0.2513863216266174,0.27726432532347506,0.47134935304990755,2.0,0.441748776271399,-0.11650244745720201,0.0,1,1,1.0,5.690000000000001
2016,16,2016-12-17,sevilla,malaga,2016|2016-12-17|sevilla|malaga,2016|2016-12-17|sevilla|malaga,H,H,0.6663981298332986,0.2183525361496202,0.11524933401708115,0.6663981298332986,0.8517389064639774,0.4480455936836784,1.5,4.1,6.5,1.0644152595372107,0.6263219741480611,0.22914218566392483,0.1445358401880141,1.5,0.6663981298332986,-0.0004028052500520962,0.0,1,1,0.5,6.190000000000001
2016,16,2016-12-17,sp gijon,villarreal,2016|2016-12-17|sp gijon|villarreal,2016|2016-12-17|spgijon|villarreal,A,A,0.2988511210614586,0.2759131463163132,0.42523573262222825,0.42523573262222825,1.0798641523623593,0.12638461156076963,3.25,3.3,2.2,1.0652680652680653,0.2888402625820569,0.2844638949671772,0.42669584245076586,2.2,0.42523573262222825,-0.06448138823109784,0.0,1,1,1.2000000000000002,7.3900000000000015
2016,16,2016-12-18,barcelona,espanol,2016|2016-12-18|barcelona|espanol,2016|2016-12-18|barcelona|espanol,H,H,0.8772769217367702,0.08913323679450945,0.033589841468720426,0.8772769217367702,0.44434287779871406,0.7881436849422607,1.1,10.0,26.0,1.0475524475524476,0.8678237650200267,0.09546061415220294,0.036715620827770364,1.1,0.8772769217367702,-0.034995386089552716,0.0,1,1,0.10000000000000009,7.490000000000002
2016,16,2016-12-18,la coruna,osasuna,2016|2016-12-18|la coruna|osasuna,2016|2016-12-18|lacoruna|osasuna,H,H,0.6013244890623812,0.2398321309284596,0.15884338000915912,0.6013244890623812,0.9405280375299951,0.36149235813392167,1.57,3.75,6.0,1.070276008492569,0.595120015869867,0.249156913310851,0.15572307081928186,1.57,0.6013244890623812,-0.05592055217206143,0.0,1,1,0.5700000000000001,8.060000000000002
2016,16,2016-12-18,leganes,eibar,2016|2016-12-18|leganes|eibar,2016|2016-12-18|leganes|eibar,D,H,0.35651475554932055,0.3549512244612518,0.28853401998942757,0.35651475554932055,1.0939827635543469,0.0015635310880687259,2.55,3.1,2.88,1.0619597301286108,0.36927658518426604,0.30375977168383167,0.3269636431319021,2.55,0.35651475554932055,-0.09088737334923269,0.0,1,0,-1.0,7.060000000000001
2016,16,2016-12-19,ath bilbao,celta,2016|2016-12-19|ath bilbao|celta,2016|2016-12-19|athbilbao|celta,H,H,0.5269922800852911,0.2707154934467004,0.2022922264680086,0.5269922800852911,1.0145869592904309,0.2562767866385907,1.83,3.5,4.33,1.0631092553630697,0.5140093406910212,0.2687534552755911,0.21723720403338773,1.83,0.5269922800852911,-0.03560412744391728,0.0,1,1,0.8300000000000001,7.8900000000000015
2016,16,2017-02-22,valencia,real madrid,2016|2017-02-22|valencia|real madrid,2016|2017-02-22|valencia|realmadrid,H,A,0.13907539731214694,0.19480801494159156,0.6661165877462616,0.6661165877462616,0.8636517629348863,0.47130857280467003,6.0,4.33,1.53,1.0512083201255868,0.15854770503220061,0.21969658895916944,0.6217557060086298,1.53,0.6661165877462616,0.019158379251780266,0.03614788538071748,1,0,-1.0,6.8900000000000015
2016,17,2017-01-06,espanol,la coruna,2016|2017-01-06|espanol|la coruna,2016|2017-01-06|espanol|lacoruna,D,H,0.47420875944952895,0.28997161880044003,0.23581962175003113,0.47420875944952895,1.0534733827369238,0.18423714064908892,2.05,3.3,3.8,1.0539930758159257,0.46281601771544567,0.28750692009595863,0.24967706218859564,2.05,0.47420875944952895,-0.027872043128465696,0.0,1,0,-1.0,5.8900000000000015
2016,17,2017-01-07,eibar,ath madrid,2016|2017-01-07|eibar|ath madrid,2016|2017-01-07|eibar|athmadrid,A,A,0.15986660607094735,0.16406277462523228,0.6760706193038203,0.6760706193038203,0.8542994698072982,0.5120078446785881,5.5,3.5,1.73,1.0455671496133925,0.17389431361286617,0.27326249282021825,0.5528431935669156,1.73,0.6760706193038203,0.16960217139560907,0.23233174163782064,1,1,0.73,6.620000000000002
2016,17,2017-01-07,las palmas,sp gijon,2016|2017-01-07|las palmas|sp gijon,2016|2017-01-07|laspalmas|spgijon,H,H,0.602101114264507,0.22960817139674794,0.16829071433874512,0.602101114264507,0.9432095413815009,0.372492942867759,1.67,3.75,5.5,1.0472872436944294,0.5717651950932151,0.2546261002148451,0.17360870469193984,1.67,0.602101114264507,0.00550886082172658,0.008222180330935195,1,1,0.6699999999999999,7.290000000000002
2016,17,2017-01-07,real madrid,granada,2016|2017-01-07|real madrid|granada,2016|2017-01-07|realmadrid|granada,H,H,0.9222625927858463,0.04705726591832633,0.03068014129582737,0.9222625927858463,0.3253536210516548,0.87520532686752,1.07,13.0,26.0,1.049964054636952,0.8901061280383429,0.0732625813077713,0.03663129065388565,1.07,0.9222625927858463,-0.01317902571914438,0.0,1,1,0.07000000000000006,7.360000000000001
2016,17,2017-01-07,sociedad,sevilla,2016|2017-01-07|sociedad|sevilla,2016|2017-01-07|sociedad|sevilla,A,H,0.36368916783513017,0.31417346816234554,0.32213736400252424,0.36368916783513017,1.0965185389207948,0.04155180383260593,2.25,3.4,3.2,1.051062091503268,0.42285270112708895,0.27982899339292655,0.29731830547998445,2.25,0.36368916783513017,-0.18169937237095712,0.0,1,0,-1.0,6.360000000000001
2016,17,2017-01-08,ath bilbao,alaves,2016|2017-01-08|ath bilbao|alaves,2016|2017-01-08|athbilbao|alaves,D,H,0.6802526290449106,0.21325427833524563,0.10649309261984378,0.6802526290449106,0.8301406192794003,0.46699835070966494,1.53,3.8,7.5,1.0500859993120055,0.6224202319334338,0.2506060407521457,0.1269737273144205,1.53,0.6802526290449106,0.04078652243871317,0.07695570271455314,1,0,-1.0,5.360000000000001
2016,17,2017-01-08,betis,leganes,2016|2017-01-08|betis|leganes,2016|2017-01-08|betis|leganes,H,H,0.47794797673444694,0.2784575864660702,0.24359443679948278,0.47794797673444694,1.0528682049964089,0.19949039026837673,2.1,3.25,3.75,1.0505494505494506,0.4532775453277545,0.2928870292887029,0.25383542538354253,2.1,0.47794797673444694,0.003690751142338633,0.003355228311216939,1,1,1.1,6.460000000000002
2016,17,2017-01-08,celta,malaga,2016|2017-01-08|celta|malaga,2016|2017-01-08|celta|malaga,H,H,0.5377394618076787,0.28617651897280144,0.1760840192195198,0.5377394618076787,0.9974738123925724,0.2515629428348773,1.85,3.6,4.33,1.0492652005354084,0.5151610291323099,0.2647355288596593,0.22010344200803078,1.85,0.5377394618076787,-0.0051819956557943025,0.0,1,1,0.8500000000000001,7.310000000000002
2016,17,2017-01-08,villarreal,barcelona,2016|2017-01-08|villarreal|barcelona,2016|2017-01-08|villarreal|barcelona,D,A,0.12598473084095885,0.1761635939081275,0.6978516752509136,0.6978516752509136,0.8179207983872974,0.5216880813427861,6.0,4.33,1.53,1.0512083201255868,0.15854770503220061,0.21969658895916944,0.6217557060086298,1.53,0.6978516752509136,0.06771306313389786,0.12776049647905255,1,0,-1.0,6.310000000000002
2016,17,2017-01-09,osasuna,valencia,2016|2017-01-09|osasuna|valencia,2016|2017-01-09|osasuna|valencia,D,A,0.25554226865985163,0.24712317569415862,0.4973345556459899,0.4973345556459899,1.0414835982569233,0.24179228698613825,4.0,3.5,1.95,1.0485347985347986,0.23842794759825325,0.2724890829694323,0.48908296943231444,1.95,0.4973345556459899,-0.030197616490319823,0.0,1,0,-1.0,5.310000000000002
2016,18,2017-01-14,ath madrid,betis,2016|2017-01-14|ath madrid|betis,2016|2017-01-14|athmadrid|betis,H,H,0.8534175713340209,0.10827448207925884,0.03830794658672038,0.8534175713340209,0.5009398113746789,0.745143089254762,1.2,6.5,17.0,1.046003016591252,0.7966834895457823,0.14708002883922133,0.05623648161499639,1.2,0.8534175713340209,0.024101085600824995,0.120505428004125,1,1,0.19999999999999996,5.510000000000002
2016,18,2017-01-14,barcelona,las palmas,2016|2017-01-14|barcelona|las palmas,2016|2017-01-14|barcelona|laspalmas,H,H,0.9060292860377884,0.0651707963920945,0.028799917570117173,0.9060292860377884,0.36953935626972256,0.8408584896456939,1.1,11.0,26.0,1.0384615384615385,0.8754208754208753,0.08754208754208753,0.037037037037037035,1.1,0.9060292860377884,-0.003367785358432643,0.0,1,1,0.10000000000000009,5.610000000000002
2016,18,2017-01-14,la coruna,villarreal,2016|2017-01-14|la coruna|villarreal,2016|2017-01-14|lacoruna|villarreal,D,A,0.3412185137177979,0.28022999515756525,0.3785514911246369,0.3785514911246369,1.0911083307368925,0.037332977406838996,2.7,3.1,2.8,1.050093872674518,0.3527021535960991,0.30719219829337663,0.34010564811052413,2.8,0.3785514911246369,0.05994417514898309,0.03330231952721283,1,0,-1.0,4.610000000000002
2016,18,2017-01-14,leganes,ath bilbao,2016|2017-01-14|leganes|ath bilbao,2016|2017-01-14|leganes|athbilbao,D,A,0.28377819218752515,0.32613453880995696,0.3900872690025178,0.3900872690025178,1.0900744612560351,0.06395273019256081,3.25,3.1,2.38,1.0504410200804888,0.2929172621883437,0.30709067810068286,0.39999205971097346,2.38,0.3900872690025178,-0.07159229977400772,0.0,1,0,-1.0,3.610000000000002
2016,18,2017-01-15,celta,alaves,2016|2017-01-15|celta|alaves,2016|2017-01-15|celta|alaves,H,H,0.5989796842552527,0.2536160806767027,0.14740423506804454,0.5989796842552527,0.9371547479719,0.34536360357855,1.7,3.75,5.25,1.0453781512605043,0.5627009646302251,0.255091103965702,0.18220793140407288,1.7,0.5989796842552527,0.01826546323392958,0.026093518905613688,1,1,0.7,4.310000000000002
2016,18,2017-01-15,granada,osasuna,2016|2017-01-15|granada|osasuna,2016|2017-01-15|granada|osasuna,D,H,0.44949698920967285,0.2940791337071991,0.2564238770831281,0.44949698920967285,1.068328127816141,0.15541785550247372,2.05,3.4,3.8,1.045080419844446,0.46676300578034685,0.2814306358381503,0.2518063583815029,2.05,0.44949698920967285,-0.07853117212017074,0.0,1,0,-1.0,3.310000000000002
2016,18,2017-01-15,sevilla,real madrid,2016|2017-01-15|sevilla|real madrid,2016|2017-01-15|sevilla|realmadrid,H,A,0.19155206233795619,0.26942920475424503,0.5390187329077988,0.5390187329077988,1.0030171770386194,0.26958952815355375,3.6,3.8,1.95,1.053756185335133,0.263607257203842,0.2497331910352187,0.4866595517609391,1.95,0.5390187329077988,0.05108652917020762,0.05377529386337644,1,0,-1.0,2.310000000000002
2016,18,2017-01-15,sp gijon,eibar,2016|2017-01-15|sp gijon|eibar,2016|2017-01-15|spgijon|eibar,A,D,0.31824217133420635,0.3422942695926674,0.33946355907312614,0.3422942695926674,1.0980899889699123,0.0028307105195412574,2.9,3.1,2.6,1.0520236159835714,0.3277755185034567,0.3066287108580724,0.36559577063847093,3.1,0.3422942695926674,0.06111223573726898,0.029101064636794752,1,0,-1.0,1.3100000000000018
2016,18,2017-01-15,valencia,espanol,2016|2017-01-15|valencia|espanol,2016|2017-01-15|valencia|espanol,H,H,0.5479992057412475,0.2770798146855319,0.17492097957322064,0.5479992057412475,0.9901902509599643,0.2709193910557156,1.91,3.6,4.0,1.0513379872018616,0.49799419006778256,0.2642135841748513,0.23779222575736617,1.91,0.5479992057412475,0.0466784829657827,0.051295036226134835,1,1,0.9099999999999999,2.2200000000000015
2016,18,2017-01-16,malaga,sociedad,2016|2017-01-16|malaga|sociedad,2016|2017-01-16|malaga|sociedad,A,H,0.43071806056587714,0.28553708510475156,0.2837448543293713,0.43071806056587714,1.0781095981573832,0.14518097546112557,2.4,3.3,3.0,1.053030303030303,0.3956834532374101,0.2877697841726619,0.31654676258992803,2.4,0.43071806056587714,0.03372334535810506,0.0240881038272179,1,0,-1.0,1.2200000000000017
2016,19,2017-01-20,las palmas,la coruna,2016|2017-01-20|las palmas|la coruna,2016|2017-01-20|laspalmas|lacoruna,D,H,0.4194340509268762,0.319510609520717,0.26105533955240684,0.4194340509268762,1.0795784933840138,0.09992344140615916,2.25,3.3,3.3,1.0505050505050504,0.42307692307692313,0.2884615384615385,0.2884615384615385,2.25,0.4194340509268762,-0.05627338541452864,0.0,1,0,-1.0,0.22000000000000175
2016,19,2017-01-21,alaves,leganes,2016|2017-01-21|alaves|leganes,2016|2017-01-21|alaves|leganes,D,H,0.37076046447553823,0.3243574486937891,0.3048820868306727,0.37076046447553823,1.0952133469660847,0.04640301578174916,2.2,3.1,3.6,1.0549038774845227,0.43088803088803085,0.30579150579150577,0.2633204633204633,2.2,0.37076046447553823,-0.18432697815381582,0.0,1,0,-1.0,-0.7799999999999983
2016,19,2017-01-21,espanol,granada,2016|2017-01-21|espanol|granada,2016|2017-01-21|espanol|granada,H,H,0.609983717406483,0.25224720248985644,0.13776908010366054,0.609983717406483,0.922043201786418,0.3577365149166266,1.57,4.0,6.0,1.0536093418259023,0.6045340050377834,0.23727959697732998,0.15818639798488665,1.57,0.609983717406483,-0.04232556367182155,0.0,1,1,0.5700000000000001,-0.2099999999999982
2016,19,2017-01-21,real madrid,malaga,2016|2017-01-21|real madrid|malaga,2016|2017-01-21|realmadrid|malaga,H,H,0.8766761944138559,0.07502540319258431,0.048298402393559814,0.8766761944138559,0.4560578171098545,0.8016507912212716,1.13,10.0,17.0,1.043779281624154,0.84783801306668,0.09580569547653485,0.0563562914567852,1.13,0.8766761944138559,-0.009355900312342916,0.0,1,1,0.1299999999999999,-0.0799999999999983
2016,19,2017-01-21,villarreal,valencia,2016|2017-01-21|villarreal|valencia,2016|2017-01-21|villarreal|valencia,A,H,0.5242469175109602,0.27153682897113474,0.2042162535179051,0.5242469175109602,1.016958739309338,0.25271008853982546,1.85,3.6,4.33,1.0492652005354084,0.5151610291323099,0.2647355288596593,0.22010344200803078,1.85,0.5242469175109602,-0.030143202604723585,0.0,1,0,-1.0,-1.0799999999999983
2016,19,2017-01-22,ath bilbao,ath madrid,2016|2017-01-22|ath bilbao|ath madrid,2016|2017-01-22|athbilbao|athmadrid,D,A,0.1847229632543868,0.27897178591968486,0.5363052508259284,0.5363052508259284,1.0022720307235373,0.25733346490624354,4.0,3.2,2.05,1.0503048780487805,0.23802612481857766,0.29753265602322204,0.46444121915820036,2.05,0.5363052508259284,0.09942576419315308,0.09469120399347913,1,0,-1.0,-2.0799999999999983
2016,19,2017-01-22,betis,sp gijon,2016|2017-01-22|betis|sp gijon,2016|2017-01-22|betis|spgijon,D,H,0.5698530473486781,0.27000052470391467,0.16014642794740716,0.5698530473486781,0.967327151303659,0.2998525226447635,1.73,3.6,5.25,1.0462886503348932,0.5524619634322796,0.2654886657605121,0.1820493708072083,1.73,0.5698530473486781,-0.014154228086786846,0.0,1,0,-1.0,-3.0799999999999983
2016,19,2017-01-22,eibar,barcelona,2016|2017-01-22|eibar|barcelona,2016|2017-01-22|eibar|barcelona,A,A,0.11528531752967226,0.13512466957503028,0.7495900128952976,0.7495900128952976,0.7355693547705691,0.6144653433202674,9.5,6.0,1.29,1.0471236230110157,0.10052600818234952,0.1591661796220534,0.7403078121955972,1.29,0.7495900128952976,-0.0330288833650661,0.0,1,1,0.29000000000000004,-2.7899999999999983
2016,19,2017-01-22,osasuna,sevilla,2016|2017-01-22|osasuna|sevilla,2016|2017-01-22|osasuna|sevilla,A,A,0.20356842414975979,0.20199989065630536,0.594431685193935,0.594431685193935,0.9563204273471073,0.3908632610441752,6.0,4.33,1.53,1.0512083201255868,0.15854770503220061,0.21969658895916944,0.6217557060086298,1.53,0.594431685193935,-0.09051952165327948,0.0,1,1,0.53,-2.259999999999998
2016,19,2017-01-22,sociedad,celta,2016|2017-01-22|sociedad|celta,2016|2017-01-22|sociedad|celta,H,H,0.5201401093772345,0.2651946845763619,0.21466520604640352,0.5201401093772345,1.022283915597752,0.2549454248008726,1.95,3.6,3.8,1.0537561853351327,0.4866595517609392,0.26360725720384204,0.24973319103521877,1.95,0.5201401093772345,0.014273213285607322,0.015024435037481392,1,1,0.95,-1.3099999999999983
2016,20,2017-01-27,osasuna,malaga,2016|2017-01-27|osasuna|malaga,2016|2017-01-27|osasuna|malaga,D,A,0.30365309947381125,0.2833030620867237,0.4130438384394651,0.4130438384394651,1.0844414277418108,0.10939073896565388,2.88,3.3,2.5,1.0502525252525254,0.33060831930752577,0.28853089685020433,0.38086078384226973,2.5,0.4130438384394651,0.032609596098662874,0.021739730732441915,1,0,-1.0,-2.3099999999999983
2016,20,2017-01-28,alaves,ath madrid,2016|2017-01-28|alaves|ath madrid,2016|2017-01-28|alaves|athmadrid,D,A,0.12959723675615065,0.22187287494481134,0.648529888299038,0.648529888299038,0.8797162135467398,0.4266570133542267,6.0,3.6,1.62,1.0617283950617282,0.15697674418604654,0.26162790697674426,0.5813953488372093,1.62,0.648529888299038,0.05061841904444164,0.08164261136200264,1,0,-1.0,-3.3099999999999983
2016,20,2017-01-28,eibar,la coruna,2016|2017-01-28|eibar|la coruna,2016|2017-01-28|eibar|lacoruna,H,H,0.40071135241128086,0.3675800751829002,0.23170857240581888,0.40071135241128086,1.0731570511810231,0.03313127722838066,2.1,3.25,3.75,1.0505494505494506,0.4532775453277545,0.2928870292887029,0.25383542538354253,2.1,0.40071135241128086,-0.15850615993631018,0.0,1,1,1.1,-2.209999999999998
2016,20,2017-01-28,leganes,celta,2016|2017-01-28|leganes|celta,2016|2017-01-28|leganes|celta,A,H,0.4363551928541929,0.30947146661169583,0.2541733405341113,0.4363551928541929,1.072995680666982,0.12688372624249705,2.3,3.1,3.4,1.0514809009157662,0.41349548842683403,0.3067869752844252,0.27971753628874063,2.3,0.4363551928541929,0.0036169435646435932,0.002782264280495072,1,0,-1.0,-3.209999999999998
2016,20,2017-01-28,villarreal,granada,2016|2017-01-28|villarreal|granada,2016|2017-01-28|villarreal|granada,H,H,0.7481172060282261,0.16765590007042636,0.08422689390134762,0.7481172060282261,0.7249048546530334,0.5804613059577997,1.36,4.75,9.5,1.0510835913312693,0.6995581737849779,0.20029455081001474,0.10014727540500737,1.36,0.7481172060282261,0.017439400198387522,0.048442778328854214,1,1,0.3600000000000001,-2.849999999999998
2016,20,2017-01-29,ath bilbao,sp gijon,2016|2017-01-29|ath bilbao|sp gijon,2016|2017-01-29|athbilbao|spgijon,H,H,0.7746551562556382,0.1473230629397754,0.07802178080458644,0.7746551562556382,0.6789561997349656,0.6273320933158628,1.36,4.75,9.5,1.0510835913312693,0.6995581737849779,0.20029455081001474,0.10014727540500737,1.36,0.7746551562556382,0.05353101250766801,0.14869725696574443,1,1,0.3600000000000001,-2.489999999999998
2016,20,2017-01-29,betis,barcelona,2016|2017-01-29|betis|barcelona,2016|2017-01-29|betis|barcelona,D,A,0.11676074726816246,0.14698606350651283,0.7362531892253247,0.7362531892253247,0.7580192338891569,0.5892671257188118,12.0,6.0,1.25,1.05,0.07936507936507936,0.15873015873015872,0.7619047619047619,1.25,0.7362531892253247,-0.07968351346834415,0.0,1,0,-1.0,-3.489999999999998
2016,20,2017-01-29,espanol,sevilla,2016|2017-01-29|espanol|sevilla,2016|2017-01-29|espanol|sevilla,H,A,0.25524198633934453,0.30634070012638204,0.4384173135342733,0.4384173135342733,1.0724745193881902,0.13207661340789129,3.3,3.4,2.2,1.0516934046345812,0.288135593220339,0.2796610169491525,0.43220338983050843,2.2,0.4384173135342733,-0.03548191022459868,0.0,1,0,-1.0,-4.489999999999998
2016,20,2017-01-29,real madrid,sociedad,2016|2017-01-29|real madrid|sociedad,2016|2017-01-29|realmadrid|sociedad,H,H,0.8450587226237376,0.0899978415115969,0.06494343586466561,0.8450587226237376,0.5365478411718684,0.7550608811121406,1.25,6.5,10.0,1.0538461538461539,0.759124087591241,0.14598540145985403,0.09489051094890512,1.25,0.8450587226237376,0.056323403279672,0.225293613118688,1,1,0.25,-4.239999999999998
2016,20,2017-01-30,las palmas,valencia,2016|2017-01-30|las palmas|valencia,2016|2017-01-30|laspalmas|valencia,H,H,0.36260555138732425,0.30415804728987167,0.33323640132280413,0.36260555138732425,1.0960472661138745,0.029369150064520122,2.5,3.4,2.8,1.0512605042016807,0.38049560351718625,0.2797761790567546,0.33972821742605913,2.5,0.36260555138732425,-0.09348612153168934,0.0,1,1,1.5,-2.739999999999998
2016,21,2017-02-04,ath madrid,leganes,2016|2017-02-04|ath madrid|leganes,2016|2017-02-04|athmadrid|leganes,H,H,0.8086857413283831,0.13073822427301804,0.0605760343985989,0.8086857413283831,0.6075612908032656,0.677947517055365,1.29,5.0,15.0,1.041860465116279,0.744047619047619,0.19196428571428573,0.06398809523809523,1.29,0.8086857413283831,0.04320460631361425,0.14898140108142843,1,1,0.29000000000000004,-2.449999999999998
2016,21,2017-02-04,barcelona,ath bilbao,2016|2017-02-04|barcelona|ath bilbao,2016|2017-02-04|barcelona|athbilbao,H,H,0.8299249684152533,0.09899582632659029,0.07107920525815636,0.8299249684152533,0.5715906343417089,0.730929142088663,1.22,6.5,13.0,1.0504413619167718,0.78031212484994,0.14645858343337334,0.07322929171668667,1.22,0.8299249684152533,0.012508461466609028,0.056856643030041044,1,1,0.21999999999999997,-2.2299999999999978
2016,21,2017-02-04,malaga,espanol,2016|2017-02-04|malaga|espanol,2016|2017-02-04|malaga|espanol,A,H,0.5160552278071929,0.2795467895724245,0.20439798262038264,0.5160552278071929,1.0222181297589512,0.23650843823476841,2.1,3.4,3.6,1.0480859010270773,0.4543429844097996,0.28062360801781744,0.26503340757238314,2.1,0.5160552278071929,0.08371597839510525,0.07610543490464113,1,0,-1.0,-3.2299999999999978
2016,21,2017-02-04,valencia,eibar,2016|2017-02-04|valencia|eibar,2016|2017-02-04|valencia|eibar,A,H,0.5288936518454344,0.25103569323385616,0.22007065492070946,0.5288936518454344,1.017004226473107,0.2778579586115782,1.91,3.6,4.0,1.0513379872018616,0.49799419006778256,0.2642135841748513,0.23779222575736617,1.91,0.5288936518454344,0.010186875024779551,0.01119436815909841,1,0,-1.0,-4.229999999999998
2016,21,2017-02-05,sevilla,villarreal,2016|2017-02-05|sevilla|villarreal,2016|2017-02-05|sevilla|villarreal,D,H,0.5721098032509953,0.24574339340687476,0.18214680334212993,0.5721098032509953,0.974558380107615,0.32636640984412046,1.6,3.8,6.0,1.0548245614035088,0.5925155925155925,0.24948024948024947,0.15800415800415799,1.6,0.5721098032509953,-0.08462431479840754,0.0,1,0,-1.0,-5.229999999999998
2016,21,2017-02-05,sociedad,osasuna,2016|2017-02-05|sociedad|osasuna,2016|2017-02-05|sociedad|osasuna,H,H,0.7642738049854562,0.16066583935329642,0.07506035566124741,0.7642738049854562,0.6935911039856635,0.6036079656321598,1.3,5.25,11.0,1.0506160506160505,0.7321711568938194,0.18129952456418386,0.08652931854199684,1.3,0.7642738049854562,-0.00644405351890695,0.0,1,1,0.30000000000000004,-4.929999999999998
2016,21,2017-02-05,sp gijon,alaves,2016|2017-02-05|sp gijon|alaves,2016|2017-02-05|spgijon|alaves,A,H,0.4524347486566744,0.30601059449805595,0.24155465684526975,0.4524347486566744,1.0643562507677753,0.14642415415861842,2.2,3.3,3.4,1.0516934046345812,0.43220338983050843,0.288135593220339,0.2796610169491525,2.2,0.4524347486566744,-0.004643552955316266,0.0,1,0,-1.0,-5.929999999999998
2016,21,2017-02-06,granada,las palmas,2016|2017-02-06|granada|las palmas,2016|2017-02-06|granada|laspalmas,H,A,0.3347432588345678,0.29332499134943996,0.37193174981599225,0.37193174981599225,1.0939528630314972,0.03718849098142446,3.0,3.4,2.38,1.0476190476190477,0.3181818181818181,0.2807486631016043,0.40106951871657753,2.38,0.37193174981599225,-0.11480243543793855,0.0,1,0,-1.0,-6.929999999999998
2016,21,2017-03-08,la coruna,betis,2016|2017-03-08|la coruna|betis,2016|2017-03-08|lacoruna|betis,D,H,0.4604288761533335,0.29198567938706765,0.24758544445959882,0.4604288761533335,1.0621854878080201,0.16844319676626585,2.15,3.2,3.7,1.0478865493400376,0.44386129334582947,0.2982193064667292,0.2579194001874414,2.15,0.4604288761533335,-0.010077916270333054,0.0,1,0,-1.0,-7.929999999999998
2016,21,2017-05-17,celta,real madrid,2016|2017-05-17|celta|real madrid,2016|2017-05-17|celta|realmadrid,A,A,0.1252785070792456,0.11391708659056957,0.7608044063301849,0.7608044063301849,0.715678755128518,0.6355258992509393,13.0,7.0,1.2,1.0531135531135531,0.07304347826086957,0.13565217391304346,0.7913043478260869,1.2,0.7608044063301849,-0.08703471240377819,0.0,1,1,0.19999999999999996,-7.729999999999998
2016,22,2017-02-10,espanol,sociedad,2016|2017-02-10|espanol|sociedad,2016|2017-02-10|espanol|sociedad,A,A,0.30254033355478743,0.30324349607276,0.3942161703724525,0.3942161703724525,1.0904936643782392,0.09097267429969247,2.8,3.2,2.63,1.0498709940249866,0.3401778496362166,0.29765561843168953,0.36216653193209375,2.63,0.3942161703724525,0.03678852807955002,0.022569649128558297,1,1,1.63,-6.099999999999998
2016,22,2017-02-11,alaves,barcelona,2016|2017-02-11|alaves|barcelona,2016|2017-02-11|alaves|barcelona,A,A,0.10370575523493018,0.16070697002375486,0.7355872747413149,0.7355872747413149,0.7547064420277312,0.57488030471756,10.0,5.5,1.3,1.051048951048951,0.09514304723885564,0.17298735861610115,0.7318695941450433,1.3,0.7355872747413149,-0.04373654283629058,0.0,1,1,0.30000000000000004,-5.799999999999998
2016,22,2017-02-11,ath bilbao,la coruna,2016|2017-02-11|ath bilbao|la coruna,2016|2017-02-11|athbilbao|lacoruna,H,H,0.602306718485155,0.24234398943310834,0.15534929208173656,0.602306718485155,0.9381329159933294,0.35996272905204674,1.67,3.6,5.75,1.0504932164656196,0.5700202398490961,0.2644260557077751,0.16555370444312875,1.67,0.602306718485155,0.005852219870208897,0.008734656522699847,1,1,0.6699999999999999,-5.129999999999998
2016,22,2017-02-11,betis,valencia,2016|2017-02-11|betis|valencia,2016|2017-02-11|betis|valencia,D,H,0.3802251428584965,0.3031171352335562,0.31665772190794733,0.3802251428584965,1.0936215057347487,0.06356742095054918,2.5,3.25,2.9,1.0525198938992042,0.3800403225806452,0.2923387096774194,0.3276209677419355,2.5,0.3802251428584965,-0.049437142853758664,0.0,1,0,-1.0,-6.129999999999998
2016,22,2017-02-11,osasuna,real madrid,2016|2017-02-11|osasuna|real madrid,2016|2017-02-11|osasuna|realmadrid,A,A,0.14309259514976758,0.12786487316683953,0.729042531683393,0.729042531683393,0.7715941190378006,0.5859499365336254,13.0,6.5,1.22,1.0504413619167718,0.07322929171668667,0.14645858343337334,0.78031212484994,1.22,0.729042531683393,-0.11056811134626063,0.0,1,1,0.21999999999999997,-5.909999999999998
2016,22,2017-02-12,ath madrid,celta,2016|2017-02-12|ath madrid|celta,2016|2017-02-12|athmadrid|celta,H,H,0.7635506639498688,0.14499148627159428,0.09145784977853698,0.7635506639498688,0.7047336203992343,0.6185591776782745,1.4,4.5,8.5,1.054154995331466,0.6775907883082374,0.21080602302922938,0.11160318866253321,1.4,0.7635506639498688,0.06897092952981626,0.17242732382454068,1,1,0.3999999999999999,-5.509999999999998
2016,22,2017-02-12,las palmas,sevilla,2016|2017-02-12|las palmas|sevilla,2016|2017-02-12|laspalmas|sevilla,A,A,0.23626788373139246,0.2761007415147001,0.4876313747539074,0.4876313747539074,1.0464381335692072,0.2115306332392073,3.3,3.6,2.1,1.0569985569985572,0.28668941979522183,0.26279863481228666,0.4505119453924914,2.1,0.4876313747539074,0.024025886983205513,0.021841715439277737,1,1,1.1,-4.409999999999998
2016,22,2017-02-12,leganes,sp gijon,2016|2017-02-12|leganes|sp gijon,2016|2017-02-12|leganes|spgijon,A,H,0.5333507958300784,0.3049722125296155,0.16167699164030608,0.5333507958300784,0.992017032822013,0.2283785833004629,1.83,3.4,4.75,1.0510920502799912,0.5198860435545397,0.2798210175602376,0.20029293888522268,1.83,0.5333507958300784,-0.023968043630956504,0.0,1,0,-1.0,-5.409999999999998
2016,22,2017-02-12,villarreal,malaga,2016|2017-02-12|villarreal|malaga,2016|2017-02-12|villarreal|malaga,D,H,0.4720017196204112,0.28071608829185535,0.24728219208773342,0.4720017196204112,1.056499813381536,0.19128563132855586,1.8,3.5,4.75,1.0517961570593148,0.5281969817315331,0.27164416203335984,0.20015885623510724,1.8,0.4720017196204112,-0.15039690468325984,0.0,1,0,-1.0,-6.409999999999998
2016,22,2017-02-13,eibar,granada,2016|2017-02-13|eibar|granada,2016|2017-02-13|eibar|granada,H,H,0.6386629916924426,0.2178379299792253,0.1434990783283321,0.6386629916924426,0.8969414662726112,0.42082506171321726,1.55,4.2,6.0,1.0499231950844854,0.6144842721287491,0.22677395757132407,0.15874177029992684,1.55,0.6386629916924426,-0.01007236287671398,0.0,1,1,0.55,-5.859999999999998
2016,23,2017-02-17,granada,betis,2016|2017-02-17|granada|betis,2016|2017-02-17|granada|betis,H,A,0.3189343223948119,0.31440756462455033,0.3666581129806377,0.3666581129806377,1.0961360522469243,0.04772379058582582,3.0,3.2,2.5,1.0458333333333334,0.31872509960159356,0.298804780876494,0.38247011952191234,2.5,0.3666581129806377,-0.08335471754840573,0.0,1,0,-1.0,-6.859999999999998
2016,23,2017-02-18,la coruna,alaves,2016|2017-02-18|la coruna|alaves,2016|2017-02-18|lacoruna|alaves,A,H,0.484898889970847,0.30885059101980955,0.20625051900934344,0.484898889970847,1.0394450804983633,0.17604829895103746,2.0,3.1,4.2,1.0606758832565284,0.4713975380159305,0.30412744388124546,0.22447501810282403,2.0,0.484898889970847,-0.030202220058305917,0.0,1,0,-1.0,-7.859999999999998
2016,23,2017-02-18,real madrid,espanol,2016|2017-02-18|real madrid|espanol,2016|2017-02-18|realmadrid|espanol,H,H,0.8801458621271543,0.07170177185029164,0.04815236602255415,0.8801458621271543,0.44738216805238906,0.8084440902768626,1.14,8.0,21.0,1.049812030075188,0.8355714712026261,0.1190689346463742,0.045359594150999695,1.14,0.8801458621271543,0.0033662828249557963,0.024044877321112847,1,1,0.1399999999999999,-7.719999999999998
2016,23,2017-02-18,sevilla,eibar,2016|2017-02-18|sevilla|eibar,2016|2017-02-18|sevilla|eibar,H,H,0.6983515751031172,0.1799352397666536,0.12171318513022918,0.6983515751031172,0.8156870780122258,0.5184163353364636,1.45,4.5,7.0,1.0547345374931583,0.6538661131292164,0.21069019200830302,0.13544369486248053,1.45,0.6983515751031172,0.012609783899519889,0.02802174199893309,1,1,0.44999999999999996,-7.269999999999998
2016,23,2017-02-18,sp gijon,ath madrid,2016|2017-02-18|sp gijon|ath madrid,2016|2017-02-18|spgijon|athmadrid,A,A,0.1821730450485952,0.36178773616656795,0.45603921878483683,0.45603921878483683,1.03610392861218,0.09425148261826888,7.5,4.0,1.5,1.0499999999999998,0.126984126984127,0.23809523809523814,0.634920634920635,1.5,0.45603921878483683,-0.31594117182274484,0.0,1,1,0.5,-6.769999999999998
2016,23,2017-02-19,barcelona,leganes,2016|2017-02-19|barcelona|leganes,2016|2017-02-19|barcelona|leganes,H,H,0.8976670605387148,0.05806487891798515,0.04426806054330013,0.8976670605387148,0.40017782212542563,0.8396021816207296,1.07,11.0,41.0,1.0498787740638664,0.8901784304437075,0.08659008368861519,0.023231485867677246,1.07,0.8976670605387148,-0.0394962452235751,0.0,1,1,0.07000000000000006,-6.699999999999998
2016,23,2017-02-19,celta,osasuna,2016|2017-02-19|celta|osasuna,2016|2017-02-19|celta|osasuna,H,H,0.6518997209043758,0.2188627775830584,0.12923750151256586,0.6518997209043758,0.8758785480633662,0.43303694332131737,1.57,4.2,5.5,1.0568560950726555,0.6026768243366641,0.22528633671632445,0.1720368389470114,1.57,0.6518997209043758,0.023482561819869963,0.041197476876964845,1,1,0.5700000000000001,-6.129999999999998
2016,23,2017-02-19,sociedad,villarreal,2016|2017-02-19|sociedad|villarreal,2016|2017-02-19|sociedad|villarreal,A,H,0.47504040678818754,0.31528268034715085,0.20967691286466156,0.47504040678818754,1.0450798098699876,0.1597577264410367,1.95,3.3,4.2,1.0539460539460541,0.48657187993680884,0.287519747235387,0.22590837282780407,1.95,0.47504040678818754,-0.07367120676303435,0.0,1,0,-1.0,-7.129999999999998
2016,23,2017-02-19,valencia,ath bilbao,2016|2017-02-19|valencia|ath bilbao,2016|2017-02-19|valencia|athbilbao,H,H,0.4050373085470495,0.3007584271740756,0.29420426427887486,0.4050373085470495,1.0873619400196444,0.10427888137297392,2.3,3.25,3.25,1.0501672240802677,0.41401273885350315,0.2929936305732484,0.2929936305732484,2.3,0.4050373085470495,-0.0684141903417862,0.0,1,1,1.2999999999999998,-5.829999999999998
2016,23,2017-02-20,malaga,las palmas,2016|2017-02-20|malaga|las palmas,2016|2017-02-20|malaga|laspalmas,H,H,0.5307343947929393,0.2692703789214636,0.19999522628559716,0.5307343947929393,1.011394819038665,0.26146401587147566,1.95,3.5,4.0,1.0485347985347986,0.48908296943231444,0.2724890829694323,0.23842794759825325,1.95,0.5307343947929393,0.03493206984623154,0.03677059983813846,1,1,0.95,-4.879999999999998
2016,24,2017-02-24,las palmas,sociedad,2016|2017-02-24|las palmas|sociedad,2016|2017-02-24|laspalmas|sociedad,A,A,0.3606830224021953,0.2754934932441691,0.36382348435363554,0.36382348435363554,1.090829395534882,0.003140461951440243,2.6,3.4,2.7,1.0491034020445786,0.36661341853035134,0.28035143769968046,0.353035143769968,2.7,0.36382348435363554,-0.01767659224518403,0.0,1,1,1.7000000000000002,-3.179999999999998
2016,24,2017-02-25,alaves,valencia,2016|2017-02-25|alaves|valencia,2016|2017-02-25|alaves|valencia,H,D,0.38136325673268684,0.42143909176749234,0.19719765149982074,0.42143909176749234,1.0519523930258374,0.040075835034805496,2.63,3.1,2.88,1.0500310042656418,0.3621113427484446,0.30721059078335783,0.33067806646819764,3.1,0.42143909176749234,0.3064611844792263,0.14593389737106013,1,0,-1.0,-4.179999999999998
2016,24,2017-02-25,betis,sevilla,2016|2017-02-25|betis|sevilla,2016|2017-02-25|betis|sevilla,A,A,0.2602763472767408,0.27455634181829625,0.46516731090496305,0.46516731090496305,1.0612456918761697,0.1906109690866668,3.8,3.4,2.05,1.045080419844446,0.2518063583815029,0.2814306358381503,0.46676300578034685,2.05,0.46516731090496305,-0.046407012644825885,0.0,1,1,1.0499999999999998,-3.129999999999998
2016,24,2017-02-25,eibar,malaga,2016|2017-02-25|eibar|malaga,2016|2017-02-25|eibar|malaga,H,H,0.4542374352707925,0.2881416280178813,0.2576209367113262,0.4542374352707925,1.0663928215731744,0.16609580725291123,2.05,3.4,3.8,1.045080419844446,0.46676300578034685,0.2814306358381503,0.2518063583815029,2.05,0.4542374352707925,-0.0688132576948754,0.0,1,1,1.0499999999999998,-2.0799999999999983
2016,24,2017-02-25,leganes,la coruna,2016|2017-02-25|leganes|la coruna,2016|2017-02-25|leganes|lacoruna,H,H,0.3597718131221052,0.326120128165489,0.31410805871240566,0.3597718131221052,1.096946461036396,0.03365168495661619,2.4,3.1,3.2,1.051747311827957,0.39616613418530355,0.30670926517571884,0.2971246006389776,2.4,0.3597718131221052,-0.13654764850694745,0.0,1,1,1.4,-0.6799999999999986
2016,24,2017-02-26,ath bilbao,granada,2016|2017-02-26|ath bilbao|granada,2016|2017-02-26|athbilbao|granada,H,H,0.7830831531741688,0.1372092993983081,0.07970754742752319,0.7830831531741688,0.6656198862735319,0.6458738537758607,1.44,4.5,7.5,1.05,0.6613756613756613,0.21164021164021163,0.12698412698412698,1.44,0.7830831531741688,0.12763974057080296,0.2900903194790977,1,1,0.43999999999999995,-0.23999999999999866
2016,24,2017-02-26,ath madrid,barcelona,2016|2017-02-26|ath madrid|barcelona,2016|2017-02-26|athmadrid|barcelona,A,A,0.21388418457107547,0.3265206299275822,0.45959518550134243,0.45959518550134243,1.052633695476191,0.13307455557376024,3.0,3.4,2.38,1.0476190476190477,0.3181818181818181,0.2807486631016043,0.40106951871657753,2.38,0.45959518550134243,0.09383654149319498,0.06799749383564854,1,1,1.38,1.1400000000000012
2016,24,2017-02-26,espanol,osasuna,2016|2017-02-26|espanol|osasuna,2016|2017-02-26|espanol|osasuna,H,H,0.5689111550061383,0.2714940113119339,0.1595948336819278,0.5689111550061383,0.9677367321390982,0.2974171436942044,1.67,3.8,5.5,1.0437784717646048,0.5736872443797865,0.2521204468721693,0.17419230874804426,1.67,0.5689111550061383,-0.04991837113974906,0.0,1,1,0.6699999999999999,1.8100000000000012
2016,24,2017-02-26,sp gijon,celta,2016|2017-02-26|sp gijon|celta,2016|2017-02-26|spgijon|celta,D,H,0.381624710877872,0.3146955248895533,0.3036797642325747,0.381624710877872,1.0933808673252339,0.06692918598831865,2.63,3.4,2.63,1.0545739208230822,0.3605514316012725,0.2788971367974549,0.3605514316012725,2.63,0.381624710877872,0.0036729896088032454,0.0022533678581615002,1,0,-1.0,0.8100000000000012
2016,24,2017-02-26,villarreal,real madrid,2016|2017-02-26|villarreal|real madrid,2016|2017-02-26|villarreal|realmadrid,A,A,0.19876485752645845,0.32904067115735136,0.47219447131619013,0.47219447131619013,1.0412019487193676,0.14315380015883877,5.5,3.75,1.67,1.0472872436944294,0.17360870469193984,0.2546261002148451,0.5717651950932151,1.67,0.47219447131619013,-0.2114352329019626,0.0,1,1,0.6699999999999999,1.480000000000001
2016,25,2017-02-28,malaga,betis,2016|2017-02-28|malaga|betis,2016|2017-02-28|malaga|betis,A,H,0.47802652698131826,0.2766588285804415,0.24531464443824036,0.47802652698131826,1.0530439777585472,0.20136769840087676,1.95,3.5,4.0,1.0485347985347986,0.48908296943231444,0.2724890829694323,0.23842794759825325,1.95,0.47802652698131826,-0.06784827238642949,0.0,1,0,-1.0,0.4800000000000011
2016,25,2017-02-28,sociedad,eibar,2016|2017-02-28|sociedad|eibar,2016|2017-02-28|sociedad|eibar,D,H,0.5147139377946813,0.28811815592516954,0.1971679062801491,0.5147139377946813,1.02051542180229,0.2265957818695118,1.85,3.5,4.5,1.0484770484770483,0.5155482815057284,0.27250409165302786,0.2119476268412439,1.85,0.5147139377946813,-0.04777921507983951,0.0,1,0,-1.0,-0.5199999999999989
2016,25,2017-02-28,valencia,leganes,2016|2017-02-28|valencia|leganes,2016|2017-02-28|valencia|leganes,H,H,0.5750304233965436,0.2405480938146469,0.18442148278880943,0.5750304233965436,0.9726946444944413,0.3344823295818967,1.75,3.6,5.0,1.0492063492063493,0.5446293494704992,0.264750378214826,0.19062027231467474,1.75,0.5750304233965436,0.006303240943951405,0.008404321258601874,1,1,0.75,0.2300000000000011
2016,25,2017-03-01,barcelona,sp gijon,2016|2017-03-01|barcelona|sp gijon,2016|2017-03-01|barcelona|spgijon,H,H,0.9333426379977711,0.03856419209469737,0.028093169907531478,0.9333426379977711,0.29028298473268327,0.8947784459030736,1.05,15.0,41.0,1.043437862950058,0.9127337488869101,0.06389136242208371,0.023374888691006235,1.05,0.9333426379977711,-0.019990230102340342,0.0,1,1,0.050000000000000044,0.28000000000000114
2016,25,2017-03-01,celta,espanol,2016|2017-03-01|celta|espanol,2016|2017-03-01|celta|espanol,D,H,0.43719164084663975,0.30581387768331375,0.2569944814700466,0.43719164084663975,1.073225525137144,0.131377763163326,1.91,3.4,4.33,1.0486247386999974,0.4992827177367116,0.28047940908150565,0.2202378731817827,1.91,0.43719164084663975,-0.16496396598291813,0.0,1,0,-1.0,-0.7199999999999989
2016,25,2017-03-01,granada,alaves,2016|2017-03-01|granada|alaves,2016|2017-03-01|granada|alaves,H,H,0.4387751420513298,0.2941706663409406,0.2670541916077296,0.4387751420513298,1.073987450936727,0.1446044757103892,2.63,3.2,2.8,1.0498709940249864,0.3621665319320938,0.2976556184316896,0.34017784963621667,2.63,0.4387751420513298,0.15397862359499725,0.09446541324846458,1,1,1.63,0.910000000000001
2016,25,2017-03-01,osasuna,villarreal,2016|2017-03-01|osasuna|villarreal,2016|2017-03-01|osasuna|villarreal,A,A,0.2847934553714403,0.25430912981947273,0.460897414809087,0.460897414809087,1.062901118593775,0.17610395943764673,3.8,3.4,2.05,1.045080419844446,0.2518063583815029,0.2814306358381503,0.46676300578034685,2.05,0.460897414809087,-0.05516029964137176,0.0,1,1,1.0499999999999998,1.9600000000000009
2016,25,2017-03-01,real madrid,las palmas,2016|2017-03-01|real madrid|las palmas,2016|2017-03-01|realmadrid|laspalmas,D,H,0.876161378732879,0.07417432929627735,0.04966429197084351,0.876161378732879,0.45790083947813776,0.8019870494366017,1.13,9.0,21.0,1.0436859109425483,0.8479138627187078,0.10646029609690442,0.04562584118438761,1.13,0.876161378732879,-0.0099376420318468,0.0,1,0,-1.0,0.9600000000000009
2016,25,2017-03-02,la coruna,ath madrid,2016|2017-03-02|la coruna|ath madrid,2016|2017-03-02|lacoruna|athmadrid,D,A,0.158429723368169,0.2469596974890836,0.5946105791427474,0.5946105791427474,0.946385959573856,0.34765088165366376,5.5,3.75,1.65,1.0545454545454547,0.17241379310344826,0.2528735632183908,0.5747126436781609,1.65,0.5946105791427474,-0.01889254441446686,0.0,1,0,-1.0,-0.03999999999999915
2016,25,2017-03-02,sevilla,ath bilbao,2016|2017-03-02|sevilla|ath bilbao,2016|2017-03-02|sevilla|athbilbao,H,H,0.5729737921696406,0.25260002023737066,0.17442618759298878,0.5729737921696406,0.9712547235267018,0.32037377193226996,1.67,3.8,5.25,1.0524364804226134,0.5689677299756157,0.2500463444892837,0.1809859255351006,1.67,0.5729737921696406,-0.04313376707670019,0.0,1,1,0.6699999999999999,0.6300000000000008
2016,26,2017-03-03,betis,sociedad,2016|2017-03-03|betis|sociedad,2016|2017-03-03|betis|sociedad,A,H,0.36771230102705244,0.30514347023731914,0.32714422873562843,0.36771230102705244,1.0956124882272344,0.04056807229142401,2.6,3.2,2.88,1.044337606837607,0.3682864450127877,0.29923273657289,0.3324808184143222,2.6,0.36771230102705244,-0.04394801732966369,0.0,1,0,-1.0,-0.3699999999999992
2016,26,2017-03-04,barcelona,celta,2016|2017-03-04|barcelona|celta,2016|2017-03-04|barcelona|celta,H,H,0.8866353957697245,0.06788269016899652,0.045481914061279015,0.8866353957697245,0.4298430787449355,0.818752705600728,1.13,8.5,23.0,1.046081071905484,0.8459724355784418,0.11246457084748696,0.04156299357407127,1.13,0.8866353957697245,0.0018979972197885886,0.014599978613758386,1,1,0.1299999999999999,-0.23999999999999932
2016,26,2017-03-04,eibar,real madrid,2016|2017-03-04|eibar|real madrid,2016|2017-03-04|eibar|realmadrid,A,A,0.1496454261156487,0.22141615485170724,0.6289384190326441,0.6289384190326441,0.9097336580291243,0.4075222641809369,5.0,4.0,1.67,1.0488023952095809,0.19069369112189552,0.2383671139023694,0.5709391949757351,1.67,0.6289384190326441,0.050327159784515685,0.07511516385748611,1,1,0.6699999999999999,0.4300000000000006
2016,26,2017-03-04,leganes,granada,2016|2017-03-04|leganes|granada,2016|2017-03-04|leganes|granada,H,H,0.6064763843998421,0.23586624495523098,0.15765737064492683,0.6064763843998421,0.9352443604025715,0.3706101394446111,1.8,3.4,5.0,1.0496732026143791,0.5292652552926526,0.28019925280199254,0.19053549190535493,1.8,0.6064763843998421,0.09165749191971578,0.11457186489964473,1,1,0.8,1.2300000000000006
2016,26,2017-03-04,villarreal,espanol,2016|2017-03-04|villarreal|espanol,2016|2017-03-04|villarreal|espanol,H,H,0.5401213061834128,0.25260007019101666,0.20727862362557053,0.5401213061834128,1.006451035167451,0.28752123599239615,1.73,3.6,5.25,1.0462886503348932,0.5524619634322796,0.2654886657605121,0.1820493708072083,1.73,0.5401213061834128,-0.06559014030269583,0.0,1,1,0.73,1.9600000000000006
2016,26,2017-03-05,ath bilbao,malaga,2016|2017-03-05|ath bilbao|malaga,2016|2017-03-05|athbilbao|malaga,H,H,0.5934589320467755,0.23222728847031934,0.1743137794829052,0.5934589320467755,0.953228579846811,0.3612316435764561,1.75,3.6,5.0,1.0492063492063493,0.5446293494704992,0.264750378214826,0.19062027231467474,1.75,0.5934589320467755,0.038553131081857095,0.05140417477580946,1,1,0.75,2.710000000000001
2016,26,2017-03-05,ath madrid,valencia,2016|2017-03-05|ath madrid|valencia,2016|2017-03-05|athmadrid|valencia,H,H,0.7364765551198116,0.1651535853865003,0.09836985949368823,0.7364765551198116,0.7508153303544095,0.5713229697333113,1.44,4.5,7.5,1.05,0.6613756613756613,0.21164021164021163,0.12698412698412698,1.44,0.7364765551198116,0.060526239372528656,0.13755963493756515,1,1,0.43999999999999995,3.1500000000000004
2016,26,2017-03-05,las palmas,osasuna,2016|2017-03-05|las palmas|osasuna,2016|2017-03-05|laspalmas|osasuna,H,H,0.6796666125646519,0.20088037034095282,0.11945301709439526,0.6796666125646519,0.8386950071946722,0.47878624222369903,1.57,4.0,6.0,1.0536093418259023,0.6045340050377834,0.23727959697732998,0.15818639798488665,1.57,0.6796666125646519,0.06707658172650349,0.11767821355526928,1,1,0.5700000000000001,3.7200000000000006
2016,26,2017-03-05,sp gijon,la coruna,2016|2017-03-05|sp gijon|la coruna,2016|2017-03-05|spgijon|lacoruna,A,A,0.2962816956098184,0.32462972087960146,0.37908858351058017,0.37908858351058017,1.0933518317783935,0.05445886263097871,2.6,3.2,2.88,1.044337606837607,0.3682864450127877,0.29923273657289,0.3324808184143222,2.88,0.37908858351058017,0.09177512051047088,0.04881655346301643,1,1,1.88,5.6000000000000005
2016,26,2017-03-06,alaves,sevilla,2016|2017-03-06|alaves|sevilla,2016|2017-03-06|alaves|sevilla,D,A,0.21391529436755877,0.25985648935972155,0.5262282162727197,0.5262282162727197,1.0179333456053627,0.2663717269129981,4.1,3.4,1.95,1.0508405989037266,0.23210222300017505,0.27988797479432875,0.4880098022054963,1.95,0.5262282162727197,0.026145021731803275,0.027521075507161343,1,0,-1.0,4.6000000000000005
2016,27,2017-03-10,espanol,las palmas,2016|2017-03-10|espanol|las palmas,2016|2017-03-10|espanol|laspalmas,H,H,0.3966594137852769,0.2869308922141855,0.31640969400053753,0.3966594137852769,1.0891172876443935,0.08024971978473938,2.2,3.4,3.3,1.0516934046345812,0.43220338983050843,0.2796610169491525,0.288135593220339,2.2,0.3966594137852769,-0.12734928967239073,0.0,1,1,1.2000000000000002,5.800000000000001
2016,27,2017-03-11,granada,ath madrid,2016|2017-03-11|granada|ath madrid,2016|2017-03-11|granada|athmadrid,A,A,0.13141405606773576,0.2251727210805443,0.6434132228517201,0.6434132228517201,0.8861238902527638,0.4182405017711758,7.5,4.0,1.5,1.0499999999999998,0.126984126984127,0.23809523809523814,0.634920634920635,1.5,0.6434132228517201,-0.034880165722419865,0.0,1,1,0.5,6.300000000000001
2016,27,2017-03-11,malaga,alaves,2016|2017-03-11|malaga|alaves,2016|2017-03-11|malaga|alaves,A,H,0.5764303710640265,0.235589634402065,0.18797999453390848,0.5764303710640265,0.9723327938825461,0.34084073666196146,2.0,3.3,4.0,1.053030303030303,0.47482014388489213,0.2877697841726619,0.23741007194244607,2.0,0.5764303710640265,0.152860742128053,0.152860742128053,1,0,-1.0,5.300000000000001
2016,27,2017-03-11,sevilla,leganes,2016|2017-03-11|sevilla|leganes,2016|2017-03-11|sevilla|leganes,D,H,0.7345910629865409,0.1635077700996127,0.10190116691384642,0.7345910629865409,0.7553905782435865,0.5710832928869282,1.36,4.75,8.0,1.0708204334365323,0.6866642573183954,0.19660281893747744,0.11673292374412723,1.36,0.7345910629865409,-0.0009561543383043714,0.0,1,0,-1.0,4.300000000000001
2016,27,2017-03-11,valencia,sp gijon,2016|2017-03-11|valencia|sp gijon,2016|2017-03-11|valencia|spgijon,D,H,0.7156057011661764,0.18593220857096307,0.09846209026286057,0.7156057011661764,0.780510962986831,0.5296734925952133,1.5,4.33,6.5,1.0514597027299106,0.6340391980175715,0.2196440639783735,0.14631673800405498,1.5,0.7156057011661764,0.07340855174926458,0.14681710349852917,1,0,-1.0,3.3000000000000007
2016,27,2017-03-12,celta,villarreal,2016|2017-03-12|celta|villarreal,2016|2017-03-12|celta|villarreal,A,A,0.2688687212300179,0.31730543379586396,0.41382584497411806,0.41382584497411806,1.0825222650586237,0.0965204111782541,2.75,3.2,2.75,1.0397727272727273,0.34972677595628415,0.3005464480874317,0.34972677595628415,2.75,0.41382584497411806,0.13802107367882477,0.07886918495932844,1,1,1.75,5.050000000000001
2016,27,2017-03-12,la coruna,barcelona,2016|2017-03-12|la coruna|barcelona,2016|2017-03-12|lacoruna|barcelona,H,A,0.11004095167548023,0.1428183729889007,0.7471406753356191,0.7471406753356191,0.7385930039634293,0.6043223023467184,13.0,6.5,1.22,1.0504413619167718,0.07322929171668667,0.14645858343337334,0.78031212484994,1.22,0.7471406753356191,-0.08848837609054469,0.0,1,0,-1.0,4.050000000000001
2016,27,2017-03-12,real madrid,betis,2016|2017-03-12|real madrid|betis,2016|2017-03-12|realmadrid|betis,H,H,0.8758142044466021,0.08518216900720817,0.0390036265461897,0.8758142044466021,0.45246634082618253,0.7906320354393939,1.13,9.0,21.0,1.0436859109425483,0.8479138627187078,0.10646029609690442,0.04562584118438761,1.13,0.8758142044466021,-0.010329948975339745,0.0,1,1,0.1299999999999999,4.180000000000001
2016,27,2017-03-12,sociedad,ath bilbao,2016|2017-03-12|sociedad|ath bilbao,2016|2017-03-12|sociedad|athbilbao,A,H,0.4425147080156805,0.2891254526360711,0.2683598393482484,0.4425147080156805,1.072555947899616,0.1533892553796094,2.1,3.3,3.5,1.064935064935065,0.4471544715447154,0.2845528455284553,0.26829268292682923,2.1,0.4425147080156805,-0.07071911316707091,0.0,1,0,-1.0,3.1800000000000006
2016,27,2017-03-13,osasuna,eibar,2016|2017-03-13|osasuna|eibar,2016|2017-03-13|osasuna|eibar,D,A,0.2716085176077729,0.22587017730345432,0.5025213050887729,0.5025213050887729,1.035854850677373,0.23091278748100003,3.6,3.4,2.1,1.0480859010270773,0.26503340757238314,0.28062360801781744,0.4543429844097996,2.1,0.5025213050887729,0.05529474068642315,0.050267946078566494,1,0,-1.0,2.1800000000000006
2016,28,2017-03-17,las palmas,villarreal,2016|2017-03-17|las palmas|villarreal,2016|2017-03-17|laspalmas|villarreal,H,H,0.3717022515669897,0.2702501431996953,0.358047605233315,0.3717022515669897,1.0892037789816675,0.013654646333674691,2.55,3.4,2.75,1.049910873440285,0.3735144312393889,0.28013582342954163,0.34634974533106966,2.55,0.3717022515669897,-0.05215925850417635,0.0,1,1,1.5499999999999998,3.7300000000000004
2016,28,2017-03-18,alaves,sociedad,2016|2017-03-18|alaves|sociedad,2016|2017-03-18|alaves|sociedad,H,A,0.33901902083618946,0.3151696418142028,0.3458113373496078,0.3458113373496078,1.097829259911805,0.006792316513418328,2.55,3.2,2.9,1.0494844489519948,0.37366619689953695,0.29776525065431847,0.3285685524461445,2.9,0.3458113373496078,0.0028528783138624947,0.001501514902032892,1,0,-1.0,2.7300000000000004
2016,28,2017-03-18,ath bilbao,real madrid,2016|2017-03-18|ath bilbao|real madrid,2016|2017-03-18|athbilbao|realmadrid,A,A,0.1560268854082024,0.20905439785987642,0.6349187167319211,0.6349187167319211,0.9054761870365882,0.4258643188720447,5.0,4.0,1.67,1.0488023952095809,0.19069369112189552,0.2383671139023694,0.5709391949757351,1.67,0.6349187167319211,0.06031425694230824,0.09002127901837052,1,1,0.6699999999999999,3.4000000000000004
2016,28,2017-03-18,betis,osasuna,2016|2017-03-18|betis|osasuna,2016|2017-03-18|betis|osasuna,H,H,0.7254772186115681,0.19828460002488438,0.07623818136354743,0.7254772186115681,0.7498879043767197,0.5271926185866838,1.44,4.33,8.0,1.0503913266615346,0.661129263749351,0.2198674687757657,0.11900326747488318,1.44,0.7254772186115681,0.044687194800658026,0.10156180636513189,1,1,0.43999999999999995,3.8400000000000003
2016,28,2017-03-18,eibar,espanol,2016|2017-03-18|eibar|espanol,2016|2017-03-18|eibar|espanol,D,H,0.5119132170173527,0.24855584458117838,0.23953093840146894,0.5119132170173527,1.0310958400193044,0.2633573724361743,1.91,3.5,4.2,1.0473697332336076,0.49988098071887643,0.2727921923351583,0.22732682694596523,1.91,0.5119132170173527,-0.022245755496856368,0.0,1,0,-1.0,2.8400000000000003
2016,28,2017-03-19,ath madrid,sevilla,2016|2017-03-19|ath madrid|sevilla,2016|2017-03-19|athmadrid|sevilla,H,H,0.5368814368696555,0.26100699069313826,0.20211157243720615,0.5368814368696555,1.007678488446604,0.27587444617651724,1.67,3.8,5.25,1.0524364804226134,0.5689677299756157,0.2500463444892837,0.1809859255351006,1.67,0.5368814368696555,-0.10340800042767534,0.0,1,1,0.6699999999999999,3.5100000000000002
2016,28,2017-03-19,barcelona,valencia,2016|2017-03-19|barcelona|valencia,2016|2017-03-19|barcelona|valencia,H,H,0.9038655627718043,0.06419833618153746,0.03193610104665826,0.9038655627718043,0.37762078129892246,0.8396672265902668,1.13,9.5,19.0,1.0428504890544947,0.8485931219294327,0.10093791871371147,0.05046895935685573,1.13,0.9038655627718043,0.021368085932138764,0.16436989178568293,1,1,0.1299999999999999,3.64
2016,28,2017-03-19,la coruna,celta,2016|2017-03-19|la coruna|celta,2016|2017-03-19|lacoruna|celta,A,H,0.49188774674679936,0.3107165144871545,0.19739573876604616,0.49188774674679936,1.032468659964696,0.18117123225964488,2.2,3.3,3.4,1.0516934046345812,0.43220338983050843,0.288135593220339,0.2796610169491525,2.2,0.49188774674679936,0.08215304284295866,0.06846086903579887,1,0,-1.0,2.64
2016,28,2017-03-19,leganes,malaga,2016|2017-03-19|leganes|malaga,2016|2017-03-19|leganes|malaga,D,D,0.349715668394178,0.36065810883815647,0.2896262227676656,0.36065810883815647,1.0941259691039247,0.010942440443978463,2.4,3.0,3.3,1.053030303030303,0.3956834532374101,0.31654676258992803,0.2877697841726619,3.0,0.36065810883815647,0.08197432651446934,0.04098716325723467,1,1,2.0,4.640000000000001
2016,28,2017-03-19,sp gijon,granada,2016|2017-03-19|sp gijon|granada,2016|2017-03-19|spgijon|granada,H,H,0.5554221723063244,0.24696752094571414,0.19761030674796143,0.5554221723063244,0.9924036865851167,0.30845465136061023,2.0,3.5,3.8,1.0488721804511278,0.4767025089605735,0.27240143369175623,0.25089605734767023,2.0,0.5554221723063244,0.1108443446126488,0.1108443446126488,1,1,1.0,5.640000000000001
2016,29,2017-03-31,espanol,betis,2016|2017-03-31|espanol|betis,2016|2017-03-31|espanol|betis,H,H,0.3884662133554977,0.33162936524080794,0.27990442140369437,0.3884662133554977,1.0897498551621732,0.05683684811468975,2.3,3.2,3.3,1.0503129117259553,0.41395531164249316,0.2975303802430419,0.2885143081144649,2.3,0.3884662133554977,-0.10652770928235533,0.0,1,1,1.2999999999999998,6.9399999999999995
2016,29,2017-04-01,malaga,ath madrid,2016|2017-04-01|malaga|ath madrid,2016|2017-04-01|malaga|athmadrid,A,A,0.17918432041343893,0.23851702381481513,0.582298655771746,0.582298655771746,0.964839447663374,0.3437816319569309,5.25,3.5,1.75,1.0476190476190474,0.18181818181818185,0.27272727272727276,0.5454545454545455,1.75,0.582298655771746,0.019022647600555498,0.025363530134073997,1,1,0.75,7.6899999999999995
2016,29,2017-04-01,osasuna,ath bilbao,2016|2017-04-01|osasuna|ath bilbao,2016|2017-04-01|osasuna|athbilbao,A,A,0.250133798507214,0.1740900885365109,0.5757761129562751,0.5757761129562751,0.9688158274434003,0.32564231444906105,6.0,4.0,1.57,1.0536093418259023,0.15818639798488665,0.23727959697732998,0.6045340050377834,1.57,0.5757761129562751,-0.09603150265864813,0.0,1,1,0.5700000000000001,8.26
2016,29,2017-04-01,sociedad,leganes,2016|2017-04-01|sociedad|leganes,2016|2017-04-01|sociedad|leganes,D,H,0.5668098176906421,0.27468246702481963,0.15850771528453836,0.5668098176906421,0.9686874338639585,0.29212735066582246,1.75,3.4,5.5,1.0473644003055769,0.5455871626549963,0.28081692195477753,0.1735959153902261,1.75,0.5668098176906421,-0.00808281904137631,0.0,1,0,-1.0,7.26
2016,29,2017-04-01,villarreal,eibar,2016|2017-04-01|villarreal|eibar,2016|2017-04-01|villarreal|eibar,A,H,0.5102544400882915,0.2522954158244189,0.23745014408728962,0.5102544400882915,1.0321775817880634,0.25795902426387257,1.85,3.6,4.33,1.0492652005354084,0.5151610291323099,0.2647355288596593,0.22010344200803078,1.85,0.5102544400882915,-0.056029285836660725,0.0,1,0,-1.0,6.26
2016,29,2017-04-02,granada,barcelona,2016|2017-04-02|granada|barcelona,2016|2017-04-02|granada|barcelona,A,A,0.147301215724032,0.12611840750525183,0.7265803767707162,0.7265803767707162,0.775329151905723,0.5792791610466842,13.0,7.5,1.2,1.0435897435897437,0.07371007371007371,0.12776412776412777,0.7985257985257985,1.2,0.7265803767707162,-0.1281035478751406,0.0,1,1,0.19999999999999996,6.46
2016,29,2017-04-02,real madrid,alaves,2016|2017-04-02|real madrid|alaves,2016|2017-04-02|realmadrid|alaves,H,H,0.9085435134840695,0.06354557893901842,0.027910907576912156,0.9085435134840695,0.36215797303757047,0.844997934545051,1.11,10.0,19.0,1.0535324798482693,0.8551239929789819,0.094918763220667,0.049957243800351055,1.11,0.9085435134840695,0.008483299967317212,0.07712090879379277,1,1,0.1100000000000001,6.57
2016,29,2017-04-02,sevilla,sp gijon,2016|2017-04-02|sevilla|sp gijon,2016|2017-04-02|sevilla|spgijon,D,H,0.7637536387282997,0.1640450118729964,0.07220134939870397,0.7637536387282997,0.6921359334593866,0.5997086268553034,1.33,5.5,8.5,1.0513449398898316,0.7151598592626587,0.17293865687624294,0.11190148386109836,1.33,0.7637536387282997,0.015792339508638675,0.047855574268602034,1,0,-1.0,5.57
2016,29,2017-04-02,valencia,la coruna,2016|2017-04-02|valencia|la coruna,2016|2017-04-02|valencia|lacoruna,H,H,0.5726896181972454,0.24721595493641385,0.18009442686634078,0.5726896181972454,0.9734374728839552,0.32547366326083155,1.85,3.4,4.75,1.0451845033888376,0.5171723641021535,0.28140260987911303,0.2014250260187335,1.85,0.5726896181972454,0.05947579366490402,0.0699715219587106,1,1,0.8500000000000001,6.42
2016,29,2017-04-03,celta,las palmas,2016|2017-04-03|celta|las palmas,2016|2017-04-03|celta|laspalmas,H,H,0.4977132944928082,0.2792881680064865,0.2229985375007053,0.4977132944928082,1.0381346032985377,0.21842512648632173,1.95,3.5,3.8,1.0616926932716406,0.4830216088614491,0.26911203922280735,0.24786635191574358,1.95,0.4977132944928082,-0.02945907573902401,0.0,1,1,0.95,7.37
2016,30,2017-04-04,ath bilbao,espanol,2016|2017-04-04|ath bilbao|espanol,2016|2017-04-04|athbilbao|espanol,H,H,0.7118173943527359,0.18379668102574537,0.10438592462151873,0.7118173943527359,0.7891854008974639,0.5280207133269905,1.5,4.2,7.0,1.0476190476190474,0.6363636363636365,0.2272727272727273,0.13636363636363638,1.5,0.7118173943527359,0.06772609152910392,0.13545218305820783,1,1,0.5,7.87
2016,30,2017-04-04,ath madrid,sociedad,2016|2017-04-04|ath madrid|sociedad,2016|2017-04-04|athmadrid|sociedad,H,H,0.7637322950110235,0.14421999628255222,0.09204770870642423,0.7637322950110235,0.7046997051739264,0.6195122987284712,1.36,4.75,9.5,1.0510835913312693,0.6995581737849779,0.20029455081001474,0.10014727540500737,1.36,0.7637322950110235,0.03867592121499197,0.10743311448608878,1,1,0.3600000000000001,8.23
2016,30,2017-04-04,betis,villarreal,2016|2017-04-04|betis|villarreal,2016|2017-04-04|betis|villarreal,A,A,0.3372713561512029,0.2742867936010922,0.38844185024770495,0.38844185024770495,1.088696651564816,0.05117049409650204,2.75,3.2,2.7,1.046506734006734,0.34747637241101953,0.2986125075407199,0.3539111200482606,2.7,0.38844185024770495,0.04879299566880346,0.02870176215811968,1,1,1.7000000000000002,9.93
2016,30,2017-04-05,alaves,osasuna,2016|2017-04-05|alaves|osasuna,2016|2017-04-05|alaves|osasuna,A,H,0.6902311352453636,0.2323089265243196,0.07745993823031684,0.6902311352453636,0.7931289900674993,0.45792220872104406,1.44,4.5,7.0,1.0595238095238095,0.6554307116104868,0.2097378277153558,0.1348314606741573,1.44,0.6902311352453636,-0.0060671652466764425,0.0,1,0,-1.0,8.93
2016,30,2017-04-05,barcelona,sevilla,2016|2017-04-05|barcelona|sevilla,2016|2017-04-05|barcelona|sevilla,H,H,0.8353369573531969,0.09446211913763629,0.07020092350916675,0.8353369573531969,0.5596638984958409,0.7408748382155607,1.22,7.0,11.0,1.0534383649137746,0.7780921584478578,0.13561034761519808,0.08629749393694423,1.22,0.8353369573531969,0.019111087970900192,0.08686858168590998,1,1,0.21999999999999997,9.15
2016,30,2017-04-05,la coruna,granada,2016|2017-04-05|la coruna|granada,2016|2017-04-05|lacoruna|granada,D,H,0.6883767129731846,0.1994026747892112,0.11222061223760435,0.6883767129731846,0.8240344953822694,0.4889740381839734,1.55,4.0,6.5,1.0490074441687345,0.6150206978119456,0.23832052040212892,0.1466587817859255,1.55,0.6883767129731846,0.06698390510843616,0.12178891837897482,1,0,-1.0,8.15
2016,30,2017-04-05,leganes,real madrid,2016|2017-04-05|leganes|real madrid,2016|2017-04-05|leganes|realmadrid,A,A,0.15183768432553793,0.14855542755523857,0.6996068881192236,0.6996068881192236,0.819395723408201,0.5477692037936857,8.0,5.25,1.33,1.0673558897243107,0.11711182858820077,0.17845611975344877,0.7044320516583504,1.33,0.6996068881192236,-0.06952283880143262,0.0,1,1,0.33000000000000007,8.48
2016,30,2017-04-05,sp gijon,malaga,2016|2017-04-05|sp gijon|malaga,2016|2017-04-05|spgijon|malaga,A,A,0.2953764211231223,0.30552544517004754,0.3990981337068301,0.3990981337068301,1.0890720203552409,0.09357268853678258,2.8,3.25,2.6,1.0494505494505495,0.3403141361256544,0.2931937172774869,0.3664921465968586,2.6,0.3990981337068301,0.037655147637758346,0.023534467273598966,1,1,1.6,10.08
2016,30,2017-04-06,eibar,las palmas,2016|2017-04-06|eibar|las palmas,2016|2017-04-06|eibar|laspalmas,H,H,0.5822490571619218,0.26990544026252183,0.14784550257555643,0.5822490571619218,0.9510238091202552,0.31234361689939993,1.85,3.75,4.2,1.0453024453024453,0.5171140113272592,0.2551095789214479,0.22777640975129276,1.85,0.5822490571619218,0.07716075574955533,0.0907773597053592,1,1,0.8500000000000001,10.93
2016,30,2017-04-06,valencia,celta,2016|2017-04-06|valencia|celta,2016|2017-04-06|valencia|celta,H,H,0.5365030089270788,0.2243385349637846,0.23915845610913655,0.5365030089270788,1.0115145338778486,0.29734455281794225,2.0,3.5,3.75,1.0523809523809524,0.4751131221719457,0.27149321266968324,0.25339366515837103,2.0,0.5365030089270788,0.07300601785415761,0.07300601785415761,1,1,1.0,11.93
2016,31,2017-04-07,villarreal,ath bilbao,2016|2017-04-07|villarreal|ath bilbao,2016|2017-04-07|villarreal|athbilbao,H,H,0.4440852437014171,0.27805462150341864,0.2778601347951642,0.4440852437014171,1.072211873917267,0.16603062219799847,2.15,3.2,3.6,1.055394056847545,0.4407039020657996,0.2960979342004591,0.26319816373374144,2.15,0.4440852437014171,-0.04521672604195326,0.0,1,1,1.15,13.08
2016,31,2017-04-08,espanol,alaves,2016|2017-04-08|espanol|alaves,2016|2017-04-08|espanol|alaves,H,H,0.4615438221459463,0.2920476934149003,0.24640848443915336,0.4615438221459463,1.0614793858456109,0.16949612873104603,2.1,3.1,3.8,1.0619290160886086,0.4484202512371526,0.30376855728968405,0.2478111914731633,2.1,0.4615438221459463,-0.030757973493512725,0.0,1,1,1.1,14.18
2016,31,2017-04-08,malaga,barcelona,2016|2017-04-08|malaga|barcelona,2016|2017-04-08|malaga|barcelona,H,A,0.14829216130632275,0.1378682470861693,0.713839591607508,0.713839591607508,0.7968392624231415,0.5655474303011853,8.0,5.25,1.36,1.0507703081232491,0.11896034655114963,0.18127290903032325,0.6997667444185273,1.36,0.713839591607508,-0.029178155413789097,0.0,1,0,-1.0,13.18
2016,31,2017-04-08,real madrid,ath madrid,2016|2017-04-08|real madrid|ath madrid,2016|2017-04-08|realmadrid|athmadrid,D,H,0.4549220454993986,0.28379979480738265,0.2612781596932187,0.4549220454993986,1.0664314513921545,0.17112225069201592,1.8,3.8,4.33,1.0496603325094878,0.5292717447246527,0.2507076685537828,0.22002058672156458,1.8,0.4549220454993986,-0.1811403181010826,0.0,1,0,-1.0,12.18
2016,31,2017-04-08,sevilla,la coruna,2016|2017-04-08|sevilla|la coruna,2016|2017-04-08|sevilla|lacoruna,H,H,0.7217627226506693,0.19676541764431588,0.08147185970501482,0.7217627226506693,0.7595176105366068,0.5249973050063534,1.5,4.33,6.5,1.0514597027299106,0.6340391980175715,0.2196440639783735,0.14631673800405498,1.5,0.7217627226506693,0.08264408397600398,0.16528816795200796,1,1,0.5,12.68
2016,31,2017-04-09,celta,eibar,2016|2017-04-09|celta|eibar,2016|2017-04-09|celta|eibar,A,H,0.46037779737231893,0.28413222624379286,0.25548997638388826,0.46037779737231893,1.0632811576770456,0.17624557112852607,2.25,3.4,3.25,1.0462543991955757,0.4247957712638154,0.2811148486304661,0.2940893801057184,2.25,0.46037779737231893,0.035850044087717525,0.02868003527017402,1,0,-1.0,11.68
2016,31,2017-04-09,granada,valencia,2016|2017-04-09|granada|valencia,2016|2017-04-09|granada|valencia,A,A,0.36671702542258844,0.23326102533878051,0.40002194923863105,0.40002194923863105,1.0739261463714367,0.03330492381604261,3.5,3.4,2.1,1.0560224089635852,0.27055702917771884,0.2785145888594165,0.4509283819628648,2.1,0.40002194923863105,-0.15995390659887482,0.0,1,1,1.1,12.780000000000001
2016,31,2017-04-09,las palmas,betis,2016|2017-04-09|las palmas|betis,2016|2017-04-09|laspalmas|betis,H,H,0.5052297912784737,0.22059424984421805,0.2741759588773083,0.5052297912784737,1.033134008948443,0.2310538324011654,2.1,3.5,3.5,1.0476190476190474,0.4545454545454546,0.27272727272727276,0.27272727272727276,2.1,0.5052297912784737,0.06098256168479477,0.05543869244072251,1,1,1.1,13.88
2016,31,2017-04-09,osasuna,leganes,2016|2017-04-09|osasuna|leganes,2016|2017-04-09|osasuna|leganes,H,A,0.35951316734955546,0.26936779395979144,0.37111903869065316,0.37111903869065316,1.088972491206918,0.011605871341097695,3.8,3.3,2.05,1.0539930758159257,0.24967706218859564,0.28750692009595863,0.46281601771544567,2.05,0.37111903869065316,-0.23920597068416116,0.0,1,0,-1.0,12.88
2016,31,2017-04-10,sociedad,sp gijon,2016|2017-04-10|sociedad|sp gijon,2016|2017-04-10|sociedad|spgijon,H,H,0.728379989481352,0.18672054252761958,0.08489946799102839,0.728379989481352,0.7535773361661614,0.5416594469537324,1.44,4.75,7.0,1.0478279030910609,0.6627466613514053,0.20091688259916285,0.13633645604943193,1.44,0.728379989481352,0.04886718485314678,0.1110617837571518,1,1,0.43999999999999995,13.32
2016,32,2017-04-14,ath bilbao,las palmas,2016|2017-04-14|ath bilbao|las palmas,2016|2017-04-14|athbilbao|laspalmas,H,H,0.7771340550677213,0.1392313017357114,0.08363464319656731,0.7771340550677213,0.6779819204919736,0.6379027533320099,1.44,4.5,7.5,1.05,0.6613756613756613,0.21164021164021163,0.12698412698412698,1.44,0.7771340550677213,0.11907303929751856,0.2706205438579968,1,1,0.43999999999999995,13.760000000000002
2016,32,2017-04-15,ath madrid,osasuna,2016|2017-04-15|ath madrid|osasuna,2016|2017-04-15|athmadrid|osasuna,H,H,0.918780304945184,0.054010991982351944,0.027208703072464105,0.918780304945184,0.3335291108157583,0.8647693129628321,1.14,8.0,15.0,1.068859649122807,0.8206811653672549,0.11694706606483381,0.062371768567911365,1.14,0.918780304945184,0.04740954763750971,0.3386396259822124,1,1,0.1399999999999999,13.9
2016,32,2017-04-15,barcelona,sociedad,2016|2017-04-15|barcelona|sociedad,2016|2017-04-15|barcelona|sociedad,H,H,0.879281385926103,0.08260843368060558,0.038110180393291344,0.879281385926103,0.4436322035044838,0.7966729522454975,1.17,6.5,17.0,1.0673705379587732,0.8007536504945832,0.14413565708902498,0.055110692416391896,1.17,0.879281385926103,0.02875922153354052,0.16917189137376784,1,1,0.16999999999999993,14.07
2016,32,2017-04-15,la coruna,malaga,2016|2017-04-15|la coruna|malaga,2016|2017-04-15|lacoruna|malaga,H,H,0.48867105360070734,0.241901862078332,0.26942708432096063,0.48867105360070734,1.046575476137973,0.2192439692797467,2.25,3.2,3.25,1.0646367521367521,0.41746111389864526,0.29352734570998495,0.28901154039136984,2.25,0.48867105360070734,0.09950987060159144,0.07960789648127316,1,1,1.25,15.32
2016,32,2017-04-15,sp gijon,real madrid,2016|2017-04-15|sp gijon|real madrid,2016|2017-04-15|spgijon|realmadrid,A,A,0.19776678919654544,0.14432469836406878,0.6579085124393858,0.6579085124393858,0.87534120968392,0.4601417232428403,6.5,5.0,1.4,1.0681318681318681,0.1440329218106996,0.18724279835390947,0.668724279835391,1.4,0.6579085124393858,-0.07892808258486,0.0,1,1,0.3999999999999999,15.72
2016,32,2017-04-16,betis,eibar,2016|2017-04-16|betis|eibar,2016|2017-04-16|betis|eibar,H,H,0.4577068524290608,0.21289440270930285,0.32939874486163634,0.4577068524290608,1.052841666304304,0.12830810756742445,2.7,3.2,2.63,1.0630985072524997,0.3483876309144347,0.2939520635840543,0.35766030550151096,2.7,0.4577068524290608,0.23580850155846422,0.1387108832696848,1,1,1.7000000000000002,17.42
2016,32,2017-04-16,granada,celta,2016|2017-04-16|granada|celta,2016|2017-04-16|granada|celta,A,A,0.34804405627672713,0.2509722292511452,0.40098371447212766,0.40098371447212766,1.0807148258328148,0.05293965819540053,2.8,3.3,2.45,1.0683364254792826,0.3342981186685962,0.28364688856729375,0.3820549927641099,2.45,0.40098371447212766,-0.017589899543287157,0.0,1,1,1.4500000000000002,18.87
2016,32,2017-04-16,leganes,espanol,2016|2017-04-16|leganes|espanol,2016|2017-04-16|leganes|espanol,A,H,0.5479219610326163,0.24324006650212288,0.20883797246526087,0.5479219610326163,1.0005934858312526,0.3046818945304934,2.0,3.2,4.0,1.0625,0.47058823529411764,0.29411764705882354,0.23529411764705882,2.0,0.5479219610326163,0.09584392206523251,0.09584392206523251,1,0,-1.0,17.87
2016,32,2017-04-16,valencia,sevilla,2016|2017-04-16|valencia|sevilla,2016|2017-04-16|valencia|sevilla,D,A,0.3784539787499681,0.2157697790980603,0.4057762421519716,0.4057762421519716,1.064612451523243,0.0273222634020035,2.55,3.2,2.75,1.0682932263814617,0.3670872875169465,0.2925226822400667,0.34039003024298675,2.75,0.4057762421519716,0.1158846659179219,0.06621980909595537,1,0,-1.0,16.87
2016,32,2017-04-17,alaves,villarreal,2016|2017-04-17|alaves|villarreal,2016|2017-04-17|alaves|villarreal,H,A,0.2756936640196194,0.3283094016414865,0.3959969343388942,0.3959969343388942,1.0877235329550794,0.06768753269740774,3.0,3.0,2.55,1.0588235294117647,0.31481481481481477,0.31481481481481477,0.3703703703703704,2.55,0.3959969343388942,0.00979218256418024,0.006317537138180801,1,0,-1.0,15.870000000000001
2016,33,2017-04-21,sevilla,granada,2016|2017-04-21|sevilla|granada,2016|2017-04-21|sevilla|granada,H,H,0.8831221917660577,0.08403229787512861,0.03284551035881379,0.8831221917660577,0.43007359111223886,0.799089893890929,1.17,8.0,15.0,1.0463675213675214,0.8168266285480907,0.11946089442515825,0.06371247702675106,1.17,0.8831221917660577,0.03325296436628741,0.19560567274286722,1,1,0.16999999999999993,16.04
2016,33,2017-04-22,espanol,ath madrid,2016|2017-04-22|espanol|ath madrid,2016|2017-04-22|espanol|athmadrid,A,A,0.1524800679809562,0.2535992920599921,0.5939206399590519,0.5939206399590519,0.9441490540657771,0.34032134789905977,5.0,3.6,1.75,1.0492063492063493,0.19062027231467474,0.264750378214826,0.5446293494704992,1.75,0.5939206399590519,0.03936111992834079,0.052481493237787724,1,1,0.75,16.79
2016,33,2017-04-22,malaga,valencia,2016|2017-04-22|malaga|valencia,2016|2017-04-22|malaga|valencia,H,H,0.5674163214205892,0.20963123971540198,0.2229524388640089,0.5674163214205892,0.9836685301776777,0.3444638825565803,2.2,3.4,3.3,1.0516934046345812,0.43220338983050843,0.2796610169491525,0.288135593220339,2.2,0.5674163214205892,0.24831590712529628,0.20692992260441354,1,1,1.2000000000000002,17.990000000000002
2016,33,2017-04-22,osasuna,sp gijon,2016|2017-04-22|osasuna|sp gijon,2016|2017-04-22|osasuna|spgijon,D,H,0.496906579310907,0.1996604444729019,0.30343297621619114,0.496906579310907,1.0310660895320103,0.19347360309471584,2.5,3.4,2.8,1.0512605042016807,0.38049560351718625,0.2797761790567546,0.33972821742605913,2.5,0.496906579310907,0.2422664482772675,0.16151096551817834,1,0,-1.0,16.990000000000002
2016,33,2017-04-22,villarreal,leganes,2016|2017-04-22|villarreal|leganes,2016|2017-04-22|villarreal|leganes,H,H,0.6380737489301014,0.23049460721424408,0.13143164385565453,0.6380737489301014,0.8916547599992374,0.4075791417158573,1.67,3.6,5.75,1.0504932164656196,0.5700202398490961,0.2644260557077751,0.16555370444312875,1.67,0.6380737489301014,0.06558316071326925,0.0978853144974168,1,1,0.6699999999999999,17.66
2016,33,2017-04-23,celta,betis,2016|2017-04-23|celta|betis,2016|2017-04-23|celta|betis,A,H,0.4355278202911611,0.32465935551862685,0.23981282419021208,0.4355278202911611,1.069672038161116,0.11086846477253426,2.05,3.4,3.75,1.0485891917742707,0.4652011310772599,0.2804889172671714,0.25430995165556874,2.05,0.4355278202911611,-0.10716796840311982,0.0,1,0,-1.0,16.66
2016,33,2017-04-23,las palmas,alaves,2016|2017-04-23|las palmas|alaves,2016|2017-04-23|laspalmas|alaves,D,H,0.6365017359947179,0.18573059932614422,0.1777676646791378,0.6365017359947179,0.9072750202386155,0.4507711366685737,2.0,3.5,3.8,1.0488721804511278,0.4767025089605735,0.27240143369175623,0.25089605734767023,2.0,0.6365017359947179,0.27300347198943586,0.27300347198943586,1,0,-1.0,15.66
2016,33,2017-04-23,real madrid,barcelona,2016|2017-04-23|real madrid|barcelona,2016|2017-04-23|realmadrid|barcelona,A,H,0.41173533156700015,0.25528159183385885,0.33298307659914095,0.41173533156700015,1.080091258765414,0.0787522549678592,2.05,4.0,3.2,1.0503048780487805,0.46444121915820036,0.23802612481857766,0.29753265602322204,2.05,0.41173533156700015,-0.15594257028764974,0.0,1,0,-1.0,14.66
2016,33,2017-04-23,sociedad,la coruna,2016|2017-04-23|sociedad|la coruna,2016|2017-04-23|sociedad|lacoruna,H,H,0.7428125149418894,0.16971443943268405,0.08747304562542652,0.7428125149418894,0.7349802397326133,0.5730980755092053,1.57,4.0,6.0,1.0536093418259023,0.6045340050377834,0.23727959697732998,0.15818639798488665,1.57,0.7428125149418894,0.16621564845876635,0.2916064008048532,1,1,0.5700000000000001,15.23
2016,33,2017-04-24,eibar,ath bilbao,2016|2017-04-24|eibar|ath bilbao,2016|2017-04-24|eibar|athbilbao,A,A,0.3329755198293086,0.2905841023299462,0.3764403778407452,0.3764403778407452,1.093071131710637,0.04346485801143657,2.6,3.3,2.75,1.051282051282051,0.3658536585365854,0.2882483370288249,0.34589800443458985,2.75,0.3764403778407452,0.035211039062049365,0.020120593749742493,1,1,1.75,16.98
2016,34,2017-04-25,ath madrid,villarreal,2016|2017-04-25|ath madrid|villarreal,2016|2017-04-25|athmadrid|villarreal,A,H,0.7245117390244512,0.16464145302157226,0.11084680795397647,0.7245117390244512,0.7743092681043107,0.5598702860028789,1.4,4.1,9.0,1.0692992644212156,0.6679942070963071,0.22809558291093412,0.10391020999275886,1.4,0.7245117390244512,0.0143164346342316,0.03579108658557901,1,0,-1.0,15.98
2016,34,2017-04-25,granada,malaga,2016|2017-04-25|granada|malaga,2016|2017-04-25|granada|malaga,A,A,0.3436035828430082,0.23157498360592732,0.42482143355106455,0.42482143355106455,1.0695039095730934,0.08121785070805637,3.9,3.5,1.95,1.0549450549450552,0.24305555555555552,0.27083333333333326,0.48611111111111105,1.95,0.42482143355106455,-0.17159820457542418,0.0,1,1,0.95,16.93
2016,34,2017-04-25,sp gijon,espanol,2016|2017-04-25|sp gijon|espanol,2016|2017-04-25|spgijon|espanol,D,H,0.5761459227254222,0.2035353346416495,0.2203187426329283,0.5761459227254222,0.9749664151383226,0.3558271800924939,2.05,3.4,3.6,1.059700302885382,0.4603234298608499,0.27754795035727714,0.26212861978187285,2.05,0.5761459227254222,0.18109914158711538,0.17247537294010992,1,0,-1.0,15.930000000000001
2016,34,2017-04-26,barcelona,osasuna,2016|2017-04-26|barcelona|osasuna,2016|2017-04-26|barcelona|osasuna,H,H,0.9502787117361297,0.037920770063808965,0.011800518200061305,0.9502787117361297,0.22494037185655427,0.9123579416723206,1.02,17.0,34.0,1.068627450980392,0.9174311926605506,0.05504587155963304,0.02752293577981652,1.02,0.9502787117361297,-0.030715714029147734,0.0,1,1,0.020000000000000018,15.950000000000001
2016,34,2017-04-26,la coruna,real madrid,2016|2017-04-26|la coruna|real madrid,2016|2017-04-26|lacoruna|realmadrid,A,A,0.1480298914624069,0.14984931332602477,0.7021207952115683,0.7021207952115683,0.8155252078123181,0.5522714818855435,8.0,4.75,1.4,1.0498120300751879,0.11906893464637423,0.20053715308863027,0.6803939122649956,1.4,0.7021207952115683,-0.01703088670380437,0.0,1,1,0.3999999999999999,16.35
2016,34,2017-04-26,leganes,las palmas,2016|2017-04-26|leganes|las palmas,2016|2017-04-26|leganes|laspalmas,H,H,0.6705717109590779,0.18911135268159007,0.14031693635933204,0.6705717109590779,0.8584883008236204,0.4814603582774878,1.73,3.6,4.75,1.0663387756481764,0.5420741468672235,0.26049674280008245,0.19742911033269403,1.73,0.6705717109590779,0.1600890599592047,0.21930008213589686,1,1,0.73,17.080000000000002
2016,34,2017-04-26,valencia,sociedad,2016|2017-04-26|valencia|sociedad,2016|2017-04-26|valencia|sociedad,A,A,0.38701290704483104,0.22454605546847994,0.388441037486689,0.388441037486689,1.0701042281870943,0.0014281304418579666,2.6,3.4,2.7,1.0491034020445786,0.36661341853035134,0.28035143769968046,0.353035143769968,2.7,0.388441037486689,0.04879080121406043,0.028700471302388484,1,1,1.7000000000000002,18.78
2016,34,2017-04-27,alaves,eibar,2016|2017-04-27|alaves|eibar,2016|2017-04-27|alaves|eibar,D,A,0.3392858864262307,0.2941557698810456,0.36655834369272366,0.36655834369272366,1.0945578005310779,0.027272457266492967,2.75,3.2,2.7,1.046506734006734,0.34747637241101953,0.2986125075407199,0.3539111200482606,2.7,0.36655834369272366,-0.010292472029646005,0.0,1,0,-1.0,17.78
2016,34,2017-04-27,ath bilbao,betis,2016|2017-04-27|ath bilbao|betis,2016|2017-04-27|athbilbao|betis,H,H,0.7837651359676184,0.14397154674032972,0.07226331729205192,0.7837651359676184,0.6598655296340166,0.6397935892272887,1.4,4.5,9.0,1.0476190476190477,0.6818181818181818,0.2121212121212121,0.10606060606060605,1.4,0.7837651359676184,0.09727119035466575,0.24317797588666443,1,1,0.3999999999999999,18.18
2016,34,2017-04-27,sevilla,celta,2016|2017-04-27|sevilla|celta,2016|2017-04-27|sevilla|celta,H,H,0.86621114673583,0.08614235851006484,0.04764649475410524,0.86621114673583,0.4806441871314676,0.7800687882257652,1.33,5.5,8.0,1.0586978810663021,0.7101928819304333,0.17173755144863206,0.11806956662093454,1.33,0.86621114673583,0.15206082515865393,0.4607903792686482,1,1,0.33000000000000007,18.51
2016,35,2017-04-28,villarreal,sp gijon,2016|2017-04-28|villarreal|sp gijon,2016|2017-04-28|villarreal|spgijon,H,H,0.7771908286836829,0.16780198504187,0.05500718627444719,0.7771908286836829,0.654964487171253,0.6093888436418129,1.4,4.75,8.0,1.0498120300751879,0.6803939122649956,0.20053715308863027,0.11906893464637423,1.4,0.7771908286836829,0.08806716015715604,0.22016790039289016,1,1,0.3999999999999999,18.91
2016,35,2017-04-29,espanol,barcelona,2016|2017-04-29|espanol|barcelona,2016|2017-04-29|espanol|barcelona,A,A,0.09440521863553315,0.09560153132011734,0.8099932500443495,0.8099932500443495,0.6179316289250198,0.7143917187242321,15.0,7.5,1.18,1.0474576271186442,0.06364617044228693,0.12729234088457386,0.8090614886731391,1.18,0.8099932500443495,-0.04420796494766763,0.0,1,1,0.17999999999999994,19.09
2016,35,2017-04-29,las palmas,ath madrid,2016|2017-04-29|las palmas|ath madrid,2016|2017-04-29|laspalmas|athmadrid,A,A,0.18801429602743663,0.20495145346233662,0.6070342505102267,0.6070342505102267,0.9420742188206904,0.40208279704789013,5.25,3.6,1.73,1.0462886503348932,0.1820493708072083,0.2654886657605121,0.5524619634322796,1.73,0.6070342505102267,0.050169253382692236,0.06872500463382498,1,1,0.73,19.82
2016,35,2017-04-29,real madrid,valencia,2016|2017-04-29|real madrid|valencia,2016|2017-04-29|realmadrid|valencia,H,H,0.9229573602378426,0.054851373148852196,0.02219126661330521,0.9229573602378426,0.3177417179375778,0.8681059870889903,1.17,9.0,13.0,1.0427350427350428,0.819672131147541,0.10655737704918032,0.07377049180327869,1.17,0.9229573602378426,0.07986011147827576,0.46976536163691646,1,1,0.16999999999999993,19.990000000000002
2016,35,2017-04-29,sociedad,granada,2016|2017-04-29|sociedad|granada,2016|2017-04-29|sociedad|granada,H,H,0.8671252490061967,0.09742408650454042,0.035450664489263,0.8671252490061967,0.4688888585408705,0.7697011625016563,1.17,7.5,17.0,1.0468577174459528,0.8164441456152147,0.12736528671597347,0.05619056766881183,1.17,0.8671252490061967,0.014536541337250075,0.08550906668970636,1,1,0.16999999999999993,20.16
2016,35,2017-04-30,betis,alaves,2016|2017-04-30|betis|alaves,2016|2017-04-30|betis|alaves,A,H,0.4700862872854762,0.26317264547310104,0.2667410672414228,0.4700862872854762,1.0586526319826308,0.20334522004405337,2.1,3.2,3.8,1.0518483709273183,0.4527177959791511,0.29709605361131797,0.2501861504095309,2.1,0.4700862872854762,-0.012818796700500013,0.0,1,0,-1.0,19.16
2016,35,2017-04-30,celta,ath bilbao,2016|2017-04-30|celta|ath bilbao,2016|2017-04-30|celta|athbilbao,A,A,0.2100412038341572,0.25491283916126906,0.5350459570045737,0.5350459570045737,1.0108017086977654,0.28013311784330464,4.5,3.7,1.8,1.048048048048048,0.21203438395415472,0.2578796561604584,0.5300859598853869,1.8,0.5350459570045737,-0.03691727739176731,0.0,1,1,0.8,19.96
2016,35,2017-04-30,eibar,leganes,2016|2017-04-30|eibar|leganes,2016|2017-04-30|eibar|leganes,H,H,0.4924310573438743,0.2407503329749864,0.26681860968113935,0.4924310573438743,1.0441828639079058,0.22561244766273497,2.1,3.3,3.75,1.0458874458874459,0.4552980132450331,0.2897350993377484,0.25496688741721857,2.1,0.4924310573438743,0.03410522042213615,0.03100474583830559,1,1,1.1,21.060000000000002
2016,35,2017-04-30,osasuna,la coruna,2016|2017-04-30|osasuna|la coruna,2016|2017-04-30|osasuna|lacoruna,D,A,0.21074247594448636,0.19623349410896854,0.5930240299465451,0.5930240299465451,0.957574551926264,0.38228155400205877,3.9,3.6,1.95,1.0470085470085473,0.24489795918367344,0.26530612244897955,0.48979591836734687,1.95,0.5930240299465451,0.156396858395763,0.16462827199554,1,0,-1.0,20.060000000000002
2016,35,2017-05-01,malaga,sevilla,2016|2017-05-01|malaga|sevilla,2016|2017-05-01|malaga|sevilla,H,A,0.2174712137846542,0.18524378653869553,0.5972849996766503,0.5972849996766503,0.9519470405266983,0.3798137858919961,4.0,3.6,1.91,1.0513379872018616,0.23779222575736617,0.2642135841748513,0.49799419006778256,1.91,0.5972849996766503,0.140814349382402,0.15474104327736485,1,0,-1.0,19.060000000000002
2016,36,2017-05-05,sevilla,sociedad,2016|2017-05-05|sevilla|sociedad,2016|2017-05-05|sevilla|sociedad,D,H,0.7218462033419684,0.1544238619043034,0.1237299347537282,0.7218462033419684,0.7823057320075826,0.5674223414376649,1.62,4.0,5.5,1.0491021324354657,0.5883926183471516,0.23829901043059643,0.17330837122225196,1.62,0.7218462033419684,0.1693908494139888,0.2732110474419174,1,0,-1.0,18.060000000000002
2016,36,2017-05-06,ath madrid,eibar,2016|2017-05-06|ath madrid|eibar,2016|2017-05-06|athmadrid|eibar,H,H,0.79638146315595,0.1371774469627474,0.06644108988130262,0.79638146315595,0.6339689793412632,0.6592040161932027,1.3,5.25,11.0,1.0506160506160505,0.7321711568938194,0.18129952456418386,0.08652931854199684,1.3,0.79638146315595,0.03529590210273509,0.11765300700911695,1,1,0.30000000000000004,18.36
2016,36,2017-05-06,barcelona,villarreal,2016|2017-05-06|barcelona|villarreal,2016|2017-05-06|barcelona|villarreal,H,H,0.8799052799130929,0.08388731279550832,0.0362074072913988,0.8799052799130929,0.4406262736710269,0.7960179671175845,1.14,8.5,17.0,1.0536635706914346,0.8325171400587659,0.11165523996082272,0.05582761998041136,1.14,0.8799052799130929,0.003092019100925783,0.022085850720898467,1,1,0.1399999999999999,18.5
2016,36,2017-05-06,granada,real madrid,2016|2017-05-06|granada|real madrid,2016|2017-05-06|granada|realmadrid,A,A,0.14275144580141044,0.06948728280478975,0.7877612713937998,0.7877612713937998,0.651111212910739,0.6450098255923894,21.0,9.0,1.13,1.043685910942548,0.04562584118438762,0.10646029609690444,0.8479138627187081,1.13,0.7877612713937998,-0.1098297633250063,0.0,1,1,0.1299999999999999,18.63
2016,36,2017-05-06,sp gijon,las palmas,2016|2017-05-06|sp gijon|las palmas,2016|2017-05-06|spgijon|laspalmas,H,H,0.7344441163588449,0.1542378238982993,0.1113180597428559,0.7344441163588449,0.7593740002650886,0.5802062924605456,1.5,4.75,5.5,1.059011164274322,0.6295180722891567,0.19879518072289157,0.17168674698795183,1.5,0.7344441163588449,0.10166617453826732,0.20333234907653464,1,1,0.5,19.13
2016,36,2017-05-07,alaves,ath bilbao,2016|2017-05-07|alaves|ath bilbao,2016|2017-05-07|alaves|athbilbao,H,A,0.1711877891890686,0.2680504366199582,0.5607617741909732,0.5607617741909732,0.9794330772041913,0.292711337571015,4.75,3.5,1.8,1.0517961570593148,0.20015885623510724,0.27164416203335984,0.5281969817315331,1.8,0.5607617741909732,0.00937119354375171,0.011713991929689638,1,0,-1.0,18.13
2016,36,2017-05-07,la coruna,espanol,2016|2017-05-07|la coruna|espanol,2016|2017-05-07|lacoruna|espanol,A,H,0.5369750965293525,0.21474215319020307,0.24828275028044441,0.5369750965293525,1.0101389022822556,0.28869234624890805,2.0,3.4,4.0,1.0441176470588236,0.4788732394366197,0.28169014084507044,0.23943661971830985,2.0,0.5369750965293525,0.07395019305870498,0.07395019305870498,1,0,-1.0,17.13
2016,36,2017-05-07,malaga,celta,2016|2017-05-07|malaga|celta,2016|2017-05-07|malaga|celta,H,H,0.7021858782348995,0.14877131213525438,0.1490428096298461,0.7021858782348995,0.8154297149755023,0.5531430686050535,1.4,4.5,7.5,1.0698412698412698,0.6676557863501484,0.20771513353115725,0.12462908011869436,1.4,0.7021858782348995,-0.016939770471140703,0.0,1,1,0.3999999999999999,17.53
2016,36,2017-05-07,valencia,osasuna,2016|2017-05-07|valencia|osasuna,2016|2017-05-07|valencia|osasuna,H,H,0.8727152018909325,0.09488037651257446,0.03240442159649289,0.8727152018909325,0.4534027850887401,0.7778348253783581,1.22,6.5,13.0,1.0504413619167718,0.78031212484994,0.14645858343337334,0.07322929171668667,1.22,0.8727152018909325,0.06471254630693768,0.29414793775880765,1,1,0.21999999999999997,17.75
2016,36,2017-05-08,leganes,betis,2016|2017-05-08|leganes|betis,2016|2017-05-08|leganes|betis,H,H,0.6564922275019819,0.2004042993047353,0.14310347319328273,0.6564922275019819,0.8766346214449964,0.4560879281972466,1.65,3.8,5.75,1.0431315442757092,0.5810011300937312,0.2522768064880675,0.16672206341820112,1.65,0.6564922275019819,0.08321217537827003,0.12801873135118466,1,1,0.6499999999999999,18.4
2016,37,2017-05-13,espanol,valencia,2016|2017-05-13|espanol|valencia,2016|2017-05-13|espanol|valencia,A,H,0.45364203333225844,0.23503592496774575,0.3113220416999959,0.45364203333225844,1.0622061357394694,0.14231999163226255,2.4,3.3,3.0,1.053030303030303,0.3956834532374101,0.2877697841726619,0.31654676258992803,2.4,0.45364203333225844,0.0887408799974202,0.06338634285530015,1,0,-1.0,17.4
2016,37,2017-05-13,osasuna,granada,2016|2017-05-13|osasuna|granada,2016|2017-05-13|osasuna|granada,H,H,0.6173850972532143,0.19654407674950497,0.1860708259972807,0.6173850972532143,0.9303948310220357,0.42084102050370936,1.8,3.8,4.33,1.0496603325094878,0.5292717447246527,0.2507076685537828,0.22002058672156458,1.8,0.6173850972532143,0.11129317505578584,0.1391164688197323,1,1,0.8,18.2
2016,37,2017-05-14,alaves,celta,2016|2017-05-14|alaves|celta,2016|2017-05-14|alaves|celta,H,H,0.5411984885741938,0.2770394822615876,0.1817620291642186,0.5411984885741938,0.997800369068985,0.26415900631260625,1.8,3.4,5.0,1.0496732026143791,0.5292652552926526,0.28019925280199254,0.19053549190535493,1.8,0.5411984885741938,-0.025842720566451094,0.0,1,1,0.8,19.0
2016,37,2017-05-14,ath bilbao,leganes,2016|2017-05-14|ath bilbao|leganes,2016|2017-05-14|athbilbao|leganes,D,H,0.7816836737741469,0.13203365754017812,0.08628266868567491,0.7816836737741469,0.671264490072392,0.6496500162339688,1.44,4.2,8.5,1.050186741363212,0.6612580573460769,0.22671704823294064,0.11202489442098243,1.44,0.7816836737741469,0.12562449023477157,0.2855102050790263,1,0,-1.0,18.0
2016,37,2017-05-14,betis,ath madrid,2016|2017-05-14|betis|ath madrid,2016|2017-05-14|betis|athmadrid,D,A,0.12485163691128787,0.16040026927781675,0.7147480938108953,0.7147480938108953,0.79334610666803,0.5543478245330786,7.0,3.75,1.57,1.0464664846830452,0.1365138252854907,0.25482580719958264,0.6086603675149267,1.57,0.7147480938108953,0.12215450728310573,0.21430615312825563,1,0,-1.0,17.0
2016,37,2017-05-14,eibar,sp gijon,2016|2017-05-14|eibar|sp gijon,2016|2017-05-14|eibar|spgijon,A,H,0.6049024466628601,0.22541100441785022,0.16968654891928972,0.6049024466628601,0.9408916966896024,0.37949144224500986,2.0,3.75,3.5,1.0523809523809522,0.4751131221719458,0.2533936651583711,0.2714932126696833,2.0,0.6049024466628601,0.20980489332572017,0.20980489332572017,1,0,-1.0,16.0
2016,37,2017-05-14,las palmas,barcelona,2016|2017-05-14|las palmas|barcelona,2016|2017-05-14|laspalmas|barcelona,A,A,0.10502491254621615,0.0699773936611802,0.8249976937926036,0.8249976937926036,0.5814990629243499,0.7199727812463874,26.0,11.0,1.08,1.0552965552965552,0.03644618971652964,0.08614553932997915,0.8774082709534912,1.08,0.8249976937926036,-0.10900249070398808,0.0,1,1,0.08000000000000007,16.080000000000002
2016,37,2017-05-14,real madrid,sevilla,2016|2017-05-14|real madrid|sevilla,2016|2017-05-14|realmadrid|sevilla,H,H,0.8966400660093731,0.07286859456315742,0.03049133942746947,0.8966400660093731,0.3950983763427308,0.8237714714462157,1.17,8.0,15.0,1.0463675213675214,0.8168266285480907,0.11946089442515825,0.06371247702675106,1.17,0.8966400660093731,0.04906887723096642,0.2886404542998026,1,1,0.16999999999999993,16.25
2016,37,2017-05-14,sociedad,malaga,2016|2017-05-14|sociedad|malaga,2016|2017-05-14|sociedad|malaga,D,H,0.6855618796184516,0.201217022303875,0.11322109807767343,0.6855618796184516,0.8280788019025357,0.4843448573145766,1.53,4.1,6.5,1.0513433641123742,0.6216758421199963,0.23199122888868154,0.1463329289913222,1.53,0.6855618796184516,0.04890967581623096,0.09228240720043576,1,0,-1.0,15.25
2016,37,2017-05-14,villarreal,la coruna,2016|2017-05-14|villarreal|la coruna,2016|2017-05-14|villarreal|lacoruna,D,H,0.6639992934675399,0.22546286487628794,0.11053784165617209,0.6639992934675399,0.8511882669423301,0.43853642859125197,1.5,4.33,6.5,1.0514597027299106,0.6340391980175715,0.2196440639783735,0.14631673800405498,1.5,0.6639992934675399,-0.0040010597986900875,0.0,1,0,-1.0,14.25
2016,38,2017-05-19,granada,espanol,2016|2017-05-19|granada|espanol,2016|2017-05-19|granada|espanol,A,A,0.2653342642148287,0.1499440315093088,0.5847217042758626,0.5847217042758626,0.9503268889929806,0.31938744006103387,4.5,4.0,1.73,1.050256904303147,0.21158844213423023,0.238036997401009,0.5503745604647607,1.73,0.5847217042758626,0.011568548397242251,0.015847326571564728,1,1,0.73,14.98
2016,38,2017-05-20,la coruna,las palmas,2016|2017-05-20|la coruna|las palmas,2016|2017-05-20|lacoruna|laspalmas,H,H,0.5588137035578672,0.23418073879565296,0.20700555764647985,0.5588137035578672,0.9911826049903416,0.32463296476221426,1.73,4.0,4.5,1.050256904303147,0.5503745604647607,0.238036997401009,0.21158844213423023,1.73,0.5588137035578672,-0.033252292844889786,0.0,1,1,0.73,15.71
2016,38,2017-05-20,leganes,alaves,2016|2017-05-20|leganes|alaves,2016|2017-05-20|leganes|alaves,D,H,0.45517483391482483,0.2937105891283775,0.2511145769567976,0.45517483391482483,1.0651003764475406,0.16146424478644733,2.1,3.25,3.75,1.0505494505494506,0.4532775453277545,0.2928870292887029,0.25383542538354253,2.1,0.45517483391482483,-0.044132848778867806,0.0,1,0,-1.0,14.71
2016,38,2017-05-20,sevilla,osasuna,2016|2017-05-20|sevilla|osasuna,2016|2017-05-20|sevilla|osasuna,H,H,0.9171293076623974,0.060910429595610105,0.021960262741992514,0.9171293076623974,0.3336423971392268,0.8562188780667873,1.14,9.0,17.0,1.0471276229790163,0.8377135348226018,0.10611038107752954,0.05617608409986859,1.14,0.9171293076623974,0.04552741073513297,0.32519579096523576,1,1,0.1399999999999999,14.85
2016,38,2017-05-20,sp gijon,betis,2016|2017-05-20|sp gijon|betis,2016|2017-05-20|spgijon|betis,D,H,0.372576414892102,0.26952017269950795,0.3579034124083901,0.372576414892102,1.0889636647924112,0.01467300248371195,2.5,3.4,2.8,1.0512605042016807,0.38049560351718625,0.2797761790567546,0.33972821742605913,2.5,0.372576414892102,-0.06855896276974494,0.0,1,0,-1.0,13.85
2016,38,2017-05-21,ath madrid,ath bilbao,2016|2017-05-21|ath madrid|ath bilbao,2016|2017-05-21|athmadrid|athbilbao,H,H,0.44262744508330204,0.3244365420754924,0.23293601284120555,0.44262744508330204,1.0653460006807403,0.11819090300780966,2.0,3.5,3.8,1.0488721804511278,0.4767025089605735,0.27240143369175623,0.25089605734767023,2.0,0.44262744508330204,-0.11474510983339586,0.0,1,1,1.0,14.85
2016,38,2017-05-21,barcelona,eibar,2016|2017-05-21|barcelona|eibar,2016|2017-05-21|barcelona|eibar,H,H,0.9020145687294792,0.0701094695158747,0.0278759617546462,0.9020145687294792,0.3791453333349419,0.8319050992136044,1.05,15.0,34.0,1.0484593837535012,0.9083622762489982,0.06358535933742988,0.028052364413572006,1.05,0.9020145687294792,-0.052884702834046844,0.0,1,1,0.050000000000000044,14.9
2016,38,2017-05-21,celta,sociedad,2016|2017-05-21|celta|sociedad,2016|2017-05-21|celta|sociedad,D,A,0.2598371368150283,0.23489311483392505,0.5052697483510467,0.5052697483510467,1.0353834196022336,0.24543261153601836,4.75,3.75,1.75,1.0486215538847117,0.20076481835564056,0.25430210325047803,0.5449330783938815,1.75,0.5052697483510467,-0.11577794038566835,0.0,1,0,-1.0,13.9
2016,38,2017-05-21,malaga,real madrid,2016|2017-05-21|malaga|real madrid,2016|2017-05-21|malaga|realmadrid,A,A,0.09738373079481684,0.08258897049090577,0.8200272987142774,0.8200272987142774,0.595490867732843,0.7226435679194605,11.0,7.0,1.22,1.0534383649137748,0.08629749393694422,0.13561034761519805,0.7780921584478576,1.22,0.8200272987142774,0.0004333044314183687,0.0019695655973562217,1,1,0.21999999999999997,14.120000000000001
2016,38,2017-05-21,valencia,villarreal,2016|2017-05-21|valencia|villarreal,2016|2017-05-21|valencia|villarreal,A,A,0.2747993050769588,0.2577693809510937,0.4674313139719475,0.4674313139719475,1.059900393428684,0.19263200889498866,3.1,3.4,2.3,1.0514809009157662,0.3067869752844252,0.27971753628874063,0.41349548842683403,2.3,0.4674313139719475,0.07509202213547916,0.0577630939503686,1,1,1.2999999999999998,15.42
