Season,Matchday,Date,HomeTeam_norm,AwayTeam_norm,pred_key,pred_key_match,y_true,y_pred,proba_H,proba_D,proba_A,conf_maxprob,entropy,margin_top12,B365H,B365D,B365A,overround,pH_mkt,pD_mkt,pA_mkt,odds_pick,p_pick,ev_pick,kelly_pick,bet_placed,correct,profit,cum_profit_season
2010,1,2010-08-28,hercules,ath bilbao,2010|2010-08-28|hercules|ath bilbao,2010|2010-08-28|hercules|athbilbao,A,A,0.2961742751108707,0.32114502313085624,0.38268070175827323,0.38268070175827323,1.092749178567849,0.06153567862741699,2.5,3.25,2.8,1.0648351648351648,0.3756449948400413,0.28895768833849333,0.33539731682146545,2.8,0.38268070175827323,0.07150596492316497,0.03972553606842499,1,1,1.7999999999999998,1.7999999999999998
2010,1,2010-08-28,levante,sevilla,2010|2010-08-28|levante|sevilla,2010|2010-08-28|levante|sevilla,A,A,0.24850687678873556,0.23100171520372964,0.5204914080075348,0.5204914080075348,1.024357581547866,0.27198453121879923,3.6,3.5,2.0,1.0634920634920635,0.2611940298507463,0.26865671641791045,0.4701492537313433,2.0,0.5204914080075348,0.04098281601506959,0.04098281601506959,1,1,1.0,2.8
2010,1,2010-08-28,malaga,valencia,2010|2010-08-28|malaga|valencia,2010|2010-08-28|malaga|valencia,A,A,0.35488367707732316,0.23408060080168486,0.41103572212099204,0.41103572212099204,1.0729948388079233,0.056152045043668886,2.88,3.3,2.4,1.066919191919192,0.32544378698224846,0.2840236686390532,0.3905325443786982,2.4,0.41103572212099204,-0.0135142669096191,0.0,1,1,1.4,4.199999999999999
2010,1,2010-08-29,espanol,getafe,2010|2010-08-29|espanol|getafe,2010|2010-08-29|espanol|getafe,H,H,0.4595291260422715,0.2763819368835587,0.2640889370741698,0.4595291260422715,1.0643538593345376,0.18314718915871275,2.1,3.3,3.5,1.064935064935065,0.4471544715447154,0.2845528455284553,0.26829268292682923,2.1,0.4595291260422715,-0.03498883531122987,0.0,1,1,1.1,5.3
2010,1,2010-08-29,la coruna,zaragoza,2010|2010-08-29|la coruna|zaragoza,2010|2010-08-29|lacoruna|zaragoza,D,H,0.4405645022168369,0.30833274518428977,0.2511027525988734,0.4405645022168369,1.0709040000125978,0.13223175703254714,2.1,3.3,3.5,1.064935064935065,0.4471544715447154,0.2845528455284553,0.26829268292682923,2.1,0.4405645022168369,-0.07481454534464238,0.0,1,0,-1.0,4.3
2010,1,2010-08-29,mallorca,real madrid,2010|2010-08-29|mallorca|real madrid,2010|2010-08-29|mallorca|realmadrid,D,A,0.07777510397418945,0.11485580088559803,0.8073690951402125,0.8073690951402125,0.6199456443500851,0.6925132942546145,8.0,4.75,1.36,1.0708204334365323,0.11673292374412723,0.19660281893747744,0.6866642573183954,1.36,0.8073690951402125,0.09802196939068908,0.2722832483074696,1,0,-1.0,3.3
2010,1,2010-08-29,osasuna,almeria,2010|2010-08-29|osasuna|almeria,2010|2010-08-29|osasuna|almeria,D,H,0.4832819867842705,0.2897804358827747,0.2269375773329549,0.4832819867842705,1.0469187988389665,0.1935015509014958,2.0,3.4,3.75,1.0607843137254902,0.47134935304990755,0.27726432532347506,0.2513863216266174,2.0,0.4832819867842705,-0.03343602643145904,0.0,1,0,-1.0,2.3
2010,1,2010-08-29,santander,barcelona,2010|2010-08-29|santander|barcelona,2010|2010-08-29|santander|barcelona,A,A,0.05502890850655378,0.11422334822199987,0.8307477432714465,0.8307477432714465,0.5614418676959745,0.7165243950494466,15.0,6.0,1.2,1.0666666666666667,0.0625,0.15625,0.78125,1.2,0.8307477432714465,-0.0031027080742642155,0.0,1,1,0.19999999999999996,2.5
2010,1,2010-08-29,sociedad,villarreal,2010|2010-08-29|sociedad|villarreal,2010|2010-08-29|sociedad|villarreal,H,A,0.2706321970195072,0.29666444698784533,0.4327033559926474,0.4327033559926474,1.0766845290413132,0.1360389090048021,3.0,3.25,2.38,1.0611937082525318,0.3141116751269035,0.2899492385786802,0.39593908629441626,2.38,0.4327033559926474,0.02983398726250086,0.021618831349638306,1,0,-1.0,1.4999999999999998
2010,1,2010-08-30,ath madrid,sp gijon,2010|2010-08-30|ath madrid|sp gijon,2010|2010-08-30|athmadrid|spgijon,H,H,0.6522921004855586,0.2462083831762255,0.10149951633821588,0.6522921004855586,0.8559807369747297,0.4060837173093331,1.53,4.0,6.0,1.0702614379084967,0.6106870229007634,0.233587786259542,0.15572519083969466,1.53,0.6522921004855586,-0.0019930862570952668,0.0,1,1,0.53,2.03
2010,2,2010-09-11,ath bilbao,ath madrid,2010|2010-09-11|ath bilbao|ath madrid,2010|2010-09-11|athbilbao|athmadrid,A,A,0.31548408977495973,0.26072578515787687,0.4237901250671634,0.4237901250671634,1.078278318482206,0.10830603529220367,3.0,3.25,2.38,1.0611937082525318,0.3141116751269035,0.2899492385786802,0.39593908629441626,2.38,0.4237901250671634,0.008620497659848847,0.006246737434673078,1,1,1.38,3.4099999999999997
2010,2,2010-09-11,barcelona,hercules,2010|2010-09-11|barcelona|hercules,2010|2010-09-11|barcelona|hercules,A,H,0.7960044353663916,0.18452512241178246,0.019470442221825902,0.7960044353663916,0.5701419872673961,0.6114793129546092,1.06,11.0,34.0,1.0637170820300674,0.8868864121413328,0.08546359971543753,0.02764998814322979,1.06,0.7960044353663916,-0.15623529851162482,0.0,1,0,-1.0,2.4099999999999997
2010,2,2010-09-11,real madrid,osasuna,2010|2010-09-11|real madrid|osasuna,2010|2010-09-11|realmadrid|osasuna,H,H,0.8472305256927821,0.13107006166711316,0.021699412640104814,0.8472305256927821,0.4899123229255157,0.7161604640256689,1.17,6.5,17.0,1.0673705379587732,0.8007536504945832,0.14413565708902498,0.055110692416391896,1.17,0.8472305256927821,-0.008740284939444981,0.0,1,1,0.16999999999999993,2.5799999999999996
2010,2,2010-09-11,valencia,santander,2010|2010-09-11|valencia|santander,2010|2010-09-11|valencia|santander,H,H,0.7000831008617765,0.21558519174099045,0.08433170739723297,0.7000831008617765,0.7889648144705037,0.48449790912078605,1.44,4.33,7.0,1.0682484695186774,0.6500776404176282,0.2161921021250311,0.13373025745734066,1.44,0.7000831008617765,0.00811966524095814,0.01845378463854123,1,1,0.43999999999999995,3.0199999999999996
2010,2,2010-09-12,getafe,levante,2010|2010-09-12|getafe|levante,2010|2010-09-12|getafe|levante,H,H,0.6737886801129328,0.19721233667239116,0.12899898321467598,0.6737886801129328,0.8503906005135828,0.47657634344054167,1.57,3.8,6.0,1.0667672365627445,0.5970774629445346,0.24668726758497875,0.15623526947048655,1.57,0.6737886801129328,0.05784822777730453,0.1014881189075518,1,1,0.5700000000000001,3.59
2010,2,2010-09-12,sevilla,la coruna,2010|2010-09-12|sevilla|la coruna,2010|2010-09-12|sevilla|lacoruna,D,H,0.7211579413454423,0.17268355106618816,0.10615850758836955,0.7211579413454423,0.7771222539730287,0.5484743902792542,1.5,4.0,7.0,1.0595238095238095,0.6292134831460674,0.23595505617977527,0.1348314606741573,1.5,0.7211579413454423,0.08173691201816347,0.16347382403632693,1,0,-1.0,2.59
2010,2,2010-09-12,sp gijon,mallorca,2010|2010-09-12|sp gijon|mallorca,2010|2010-09-12|spgijon|mallorca,H,H,0.3707054682237999,0.29392924625351585,0.33536528552268424,0.3707054682237999,1.0941586358094741,0.03534018270111566,2.4,3.3,2.9,1.0645245559038663,0.3914110429447853,0.2846625766871166,0.3239263803680982,2.4,0.3707054682237999,-0.11030687626288027,0.0,1,1,1.4,3.9899999999999993
2010,2,2010-09-12,villarreal,espanol,2010|2010-09-12|villarreal|espanol,2010|2010-09-12|villarreal|espanol,H,H,0.641428841574222,0.2070765911886505,0.1514945672371275,0.641428841574222,0.8968089476787504,0.43435225038557146,1.8,3.5,4.5,1.0634920634920635,0.5223880597014926,0.26865671641791045,0.208955223880597,1.8,0.641428841574222,0.15457191483359956,0.19321489354199944,1,1,0.8,4.789999999999999
2010,2,2010-09-12,zaragoza,malaga,2010|2010-09-12|zaragoza|malaga,2010|2010-09-12|zaragoza|malaga,A,H,0.4665522184485966,0.3133654829152998,0.22008229863610348,0.4665522184485966,1.0524675989428522,0.15318673553329681,1.91,3.4,4.0,1.0676778564829073,0.4903728275762602,0.2754741472560756,0.23415302516766426,1.91,0.4665522184485966,-0.1088852627631805,0.0,1,0,-1.0,3.7899999999999996
2010,2,2010-09-13,almeria,sociedad,2010|2010-09-13|almeria|sociedad,2010|2010-09-13|almeria|sociedad,D,H,0.42820343793379534,0.3014687614680935,0.2703278005981111,0.42820343793379534,1.0782927256262886,0.12673467646570186,2.2,3.25,3.3,1.0652680652680653,0.42669584245076586,0.2888402625820569,0.2844638949671772,2.2,0.42820343793379534,-0.05795243654565019,0.0,1,0,-1.0,2.7899999999999996
2010,3,2010-09-18,espanol,almeria,2010|2010-09-18|espanol|almeria,2010|2010-09-18|espanol|almeria,H,H,0.49265503967758445,0.2900500688371161,0.21729489148529946,0.49265503967758445,1.03946929685692,0.20260497084046836,2.0,3.3,3.75,1.0696969696969696,0.4674220963172805,0.28328611898017003,0.2492917847025496,2.0,0.49265503967758445,-0.014689920644831156,0.0,1,1,1.0,3.7899999999999996
2010,3,2010-09-18,mallorca,osasuna,2010|2010-09-18|mallorca|osasuna,2010|2010-09-18|mallorca|osasuna,H,H,0.47080057749528503,0.331279233949705,0.19792018855501003,0.47080057749528503,1.0412682193325666,0.13952134354558005,1.91,3.4,4.0,1.0676778564829073,0.4903728275762602,0.2754741472560756,0.23415302516766426,1.91,0.47080057749528503,-0.1007708969840056,0.0,1,1,0.9099999999999999,4.699999999999999
2010,3,2010-09-18,sociedad,real madrid,2010|2010-09-18|sociedad|real madrid,2010|2010-09-18|sociedad|realmadrid,A,A,0.07742483421276508,0.1673919344939451,0.7551832312932898,0.7551832312932898,0.7093382049912056,0.5877912967993447,8.5,4.6,1.36,1.0703324808184143,0.10991636798088411,0.20310633213859022,0.6869772998805257,1.36,0.7551832312932898,0.027049194558874168,0.07513665155242823,1,1,0.3600000000000001,5.06
2010,3,2010-09-18,sp gijon,ath bilbao,2010|2010-09-18|sp gijon|ath bilbao,2010|2010-09-18|spgijon|athbilbao,D,H,0.38894510685329664,0.29896812346928986,0.31208676967741356,0.38894510685329664,1.0916840251035518,0.07685833717588308,2.4,3.25,2.9,1.069186560565871,0.3897043622079801,0.28778168286127764,0.3225139549307422,2.4,0.38894510685329664,-0.06653174355208813,0.0,1,0,-1.0,4.06
2010,3,2010-09-19,ath madrid,barcelona,2010|2010-09-19|ath madrid|barcelona,2010|2010-09-19|athmadrid|barcelona,A,A,0.1604767427668526,0.1856012194097259,0.6539220378234215,0.6539220378234215,0.8839550484783181,0.4683208184136956,5.0,3.75,1.67,1.0654690618762475,0.18771075309104535,0.2502810041213938,0.562008242787561,1.67,0.6539220378234215,0.09204980316511385,0.13738776591808038,1,1,0.6699999999999999,4.7299999999999995
2010,3,2010-09-19,hercules,valencia,2010|2010-09-19|hercules|valencia,2010|2010-09-19|hercules|valencia,A,A,0.35099301259331717,0.18797404001724427,0.4610329473894385,0.4610329473894385,1.0386465348587977,0.11003993479612134,3.5,3.2,2.15,1.0633305647840532,0.2686975200156219,0.2938879125170865,0.4374145674672915,2.15,0.4610329473894385,-0.008779163112707211,0.0,1,1,1.15,5.879999999999999
2010,3,2010-09-19,levante,villarreal,2010|2010-09-19|levante|villarreal,2010|2010-09-19|levante|villarreal,A,A,0.22302244509983082,0.2979441043786328,0.47903345052153623,0.47903345052153623,1.0479681527345828,0.18108934614290345,3.75,3.3,2.0,1.0696969696969698,0.24929178470254953,0.28328611898017,0.4674220963172804,2.0,0.47903345052153623,-0.04193309895692754,0.0,1,1,1.0,6.879999999999999
2010,3,2010-09-19,malaga,sevilla,2010|2010-09-19|malaga|sevilla,2010|2010-09-19|malaga|sevilla,A,A,0.31664079877100343,0.2206878201904147,0.46267138103858185,0.46267138103858185,1.0541920682465535,0.14603058226757842,3.25,3.25,2.2,1.06993006993007,0.2875816993464052,0.2875816993464052,0.4248366013071895,2.2,0.46267138103858185,0.017877038284880187,0.01489753190406682,1,1,1.2000000000000002,8.08
2010,3,2010-09-19,santander,zaragoza,2010|2010-09-19|santander|zaragoza,2010|2010-09-19|santander|zaragoza,H,H,0.4697704962007299,0.27584921290164643,0.25438029089762365,0.4697704962007299,1.0584107495733845,0.19392128329908348,2.25,3.2,3.25,1.0646367521367521,0.41746111389864526,0.29352734570998495,0.28901154039136984,2.25,0.4697704962007299,0.056983616451642294,0.045586893161313834,1,1,1.25,9.33
2010,3,2010-09-20,la coruna,getafe,2010|2010-09-20|la coruna|getafe,2010|2010-09-20|lacoruna|getafe,D,H,0.42551437666743747,0.24885100102314037,0.3256346223094221,0.42551437666743747,1.0750659486534222,0.09987975435801538,2.25,3.2,3.25,1.0646367521367521,0.41746111389864526,0.29352734570998495,0.28901154039136984,2.25,0.42551437666743747,-0.042592652498265715,0.0,1,0,-1.0,8.33
2010,4,2010-09-21,ath bilbao,mallorca,2010|2010-09-21|ath bilbao|mallorca,2010|2010-09-21|athbilbao|mallorca,H,H,0.5390318586912061,0.27501403497041527,0.1859541063383786,0.5390318586912061,1.0009582614584274,0.2640178237207908,1.91,3.4,4.0,1.0676778564829073,0.4903728275762602,0.2754741472560756,0.23415302516766426,1.91,0.5390318586912061,0.02955085010020353,0.03247346164857531,1,1,0.9099999999999999,9.24
2010,4,2010-09-21,osasuna,sociedad,2010|2010-09-21|osasuna|sociedad,2010|2010-09-21|osasuna|sociedad,H,H,0.45983672874717224,0.3022390857558599,0.23792418549696784,0.45983672874717224,1.0604922273213746,0.15759764299131235,2.1,3.25,3.6,1.0616605616605617,0.4485336400230017,0.2898217366302473,0.26164462334675104,2.1,0.45983672874717224,-0.034342869630938244,0.0,1,1,1.1,10.34
2010,4,2010-09-21,real madrid,espanol,2010|2010-09-21|real madrid|espanol,2010|2010-09-21|realmadrid|espanol,H,H,0.8545302077704736,0.11604623624526998,0.02942355598425634,0.8545302077704736,0.4880178539002538,0.7384839715252036,1.17,7.0,15.0,1.0642246642246642,0.8031206975676917,0.13423588802202846,0.06264341441027994,1.17,0.8545302077704736,-0.00019965690854592544,0.0,1,1,0.16999999999999993,10.51
2010,4,2010-09-22,almeria,levante,2010|2010-09-22|almeria|levante,2010|2010-09-22|almeria|levante,A,H,0.5579522289451955,0.26034048254502756,0.1817072885097769,0.5579522289451955,0.9857881552808483,0.2976117464001679,1.75,3.5,4.75,1.0676691729323307,0.5352112676056339,0.26760563380281693,0.1971830985915493,1.75,0.5579522289451955,-0.023583599345907924,0.0,1,0,-1.0,9.51
2010,4,2010-09-22,barcelona,sp gijon,2010|2010-09-22|barcelona|sp gijon,2010|2010-09-22|barcelona|spgijon,H,H,0.8083071936449229,0.15717509472341054,0.03451771163166658,0.8083071936449229,0.5790507219947143,0.6511320989215124,1.14,7.0,21.0,1.0676691729323309,0.8215962441314554,0.13380281690140844,0.04460093896713615,1.14,0.8083071936449229,-0.078529799244788,0.0,1,1,0.1399999999999999,9.649999999999999
2010,4,2010-09-22,valencia,ath madrid,2010|2010-09-22|valencia|ath madrid,2010|2010-09-22|valencia|athmadrid,D,H,0.5114215565848564,0.26824871213747414,0.2203297312776694,0.5114215565848564,1.0291893345416734,0.2431728444473823,2.1,3.25,3.5,1.0695970695970696,0.4452054794520548,0.28767123287671237,0.2671232876712329,2.1,0.5114215565848564,0.07398526882819856,0.06725933529836232,1,0,-1.0,8.649999999999999
2010,4,2010-09-22,zaragoza,hercules,2010|2010-09-22|zaragoza|hercules,2010|2010-09-22|zaragoza|hercules,D,H,0.5021048450370363,0.31433925897489795,0.18355589598806568,0.5021048450370363,1.0208731627477752,0.1877655860621384,1.95,3.3,4.0,1.065850815850816,0.4811372334609076,0.2843083652268999,0.23455440131219243,1.95,0.5021048450370363,-0.020895552177779164,0.0,1,0,-1.0,7.6499999999999995
2010,4,2010-09-23,getafe,malaga,2010|2010-09-23|getafe|malaga,2010|2010-09-23|getafe|malaga,A,H,0.5674706520288165,0.2664233702451855,0.166105977725998,0.5674706520288165,0.9720812509041833,0.30104728178363105,1.8,3.4,4.75,1.0601995184038528,0.5240103828682673,0.2774172615184945,0.19857235561323813,1.8,0.5674706520288165,0.021447173651869766,0.026808967064837208,1,0,-1.0,6.6499999999999995
2010,4,2010-09-23,sevilla,santander,2010|2010-09-23|sevilla|santander,2010|2010-09-23|sevilla|santander,D,H,0.7334683572002971,0.1617218291419709,0.10480981365773188,0.7334683572002971,0.7584009955621613,0.5717465280583263,1.5,4.0,7.0,1.0595238095238095,0.6292134831460674,0.23595505617977527,0.1348314606741573,1.5,0.7334683572002971,0.10020253580044569,0.20040507160089138,1,0,-1.0,5.6499999999999995
2010,4,2010-09-23,villarreal,la coruna,2010|2010-09-23|villarreal|la coruna,2010|2010-09-23|villarreal|lacoruna,H,H,0.6205282276152889,0.239386680138878,0.14008509224583313,0.6205282276152889,0.9136894205472432,0.38114154747641094,1.67,3.75,5.0,1.0654690618762475,0.562008242787561,0.2502810041213938,0.18771075309104535,1.67,0.6205282276152889,0.036282140117532446,0.0541524479366156,1,1,0.6699999999999999,6.319999999999999
2010,5,2010-09-25,ath bilbao,barcelona,2010|2010-09-25|ath bilbao|barcelona,2010|2010-09-25|athbilbao|barcelona,A,A,0.1306048527693143,0.18794964558216545,0.6814455016485204,0.6814455016485204,0.8413905020966264,0.49349585606635493,6.0,3.8,1.57,1.0667672365627445,0.15623526947048655,0.24668726758497875,0.5970774629445346,1.57,0.6814455016485204,0.06986943758817699,0.12257796068101225,1,1,0.5700000000000001,6.89
2010,5,2010-09-25,levante,real madrid,2010|2010-09-25|levante|real madrid,2010|2010-09-25|levante|realmadrid,D,A,0.06240265736184554,0.18654469903006723,0.7510526436080872,0.7510526436080872,0.7013494631089845,0.56450794457802,12.0,5.5,1.25,1.0651515151515152,0.07823613086770981,0.17069701280227595,0.7510668563300142,1.25,0.7510526436080872,-0.061184195489890986,0.0,1,0,-1.0,5.89
2010,5,2010-09-25,sp gijon,valencia,2010|2010-09-25|sp gijon|valencia,2010|2010-09-25|spgijon|valencia,A,A,0.2804782551010445,0.259558051635745,0.4599636932632104,0.4599636932632104,1.0638572675062852,0.1794854381621659,3.25,3.3,2.2,1.0652680652680653,0.2888402625820569,0.2844638949671772,0.42669584245076586,2.2,0.4599636932632104,0.011920125179062935,0.00993343764921911,1,1,1.2000000000000002,7.09
2010,5,2010-09-26,ath madrid,zaragoza,2010|2010-09-26|ath madrid|zaragoza,2010|2010-09-26|athmadrid|zaragoza,H,H,0.6311634905560464,0.21062418364805469,0.15821232579589897,0.6311634905560464,0.9102550223310442,0.4205393069079917,1.53,4.0,6.0,1.0702614379084967,0.6106870229007634,0.233587786259542,0.15572519083969466,1.53,0.6311634905560464,-0.034319859449249035,0.0,1,1,0.53,7.619999999999999
2010,5,2010-09-26,espanol,osasuna,2010|2010-09-26|espanol|osasuna,2010|2010-09-26|espanol|osasuna,H,H,0.43403157112543855,0.31371631068492056,0.25225211818964094,0.43403157112543855,1.0733734069953658,0.12031526044051799,2.2,3.3,3.25,1.0652680652680653,0.42669584245076586,0.2844638949671772,0.2888402625820569,2.2,0.43403157112543855,-0.045130543524035116,0.0,1,1,1.2000000000000002,8.82
2010,5,2010-09-26,hercules,sevilla,2010|2010-09-26|hercules|sevilla,2010|2010-09-26|hercules|sevilla,H,A,0.2765453581749193,0.2126255634747572,0.5108290783503235,0.5108290783503235,1.0277919144456211,0.23428372017540422,3.5,3.3,2.1,1.064935064935065,0.26829268292682923,0.2845528455284553,0.4471544715447154,2.1,0.5108290783503235,0.07274106453567952,0.06612824048698138,1,0,-1.0,7.82
2010,5,2010-09-26,la coruna,almeria,2010|2010-09-26|la coruna|almeria,2010|2010-09-26|lacoruna|almeria,A,H,0.455621966068077,0.31995452126221474,0.2244235126697083,0.455621966068077,1.0581115088089694,0.13566744480586224,2.1,3.3,3.5,1.064935064935065,0.4471544715447154,0.2845528455284553,0.26829268292682923,2.1,0.455621966068077,-0.04319387125703833,0.0,1,0,-1.0,6.82
2010,5,2010-09-26,mallorca,sociedad,2010|2010-09-26|mallorca|sociedad,2010|2010-09-26|mallorca|sociedad,H,H,0.42440724175947325,0.3416340457592333,0.23395871248129343,0.42440724175947325,1.0705142921879085,0.08277319600023997,2.05,3.3,3.6,1.0686129588568614,0.4564841498559078,0.28357348703170027,0.25994236311239194,2.05,0.42440724175947325,-0.12996515439307987,0.0,1,1,1.0499999999999998,7.869999999999999
2010,5,2010-09-26,santander,getafe,2010|2010-09-26|santander|getafe,2010|2010-09-26|santander|getafe,A,H,0.4193302710915626,0.2581794292640941,0.3224902996443432,0.4193302710915626,1.0789958691161103,0.0968399714472194,2.4,3.3,2.9,1.0645245559038663,0.3914110429447853,0.2846625766871166,0.3239263803680982,2.4,0.4193302710915626,0.006392650619750251,0.004566179014107322,1,0,-1.0,6.869999999999999
2010,5,2010-09-27,malaga,villarreal,2010|2010-09-27|malaga|villarreal,2010|2010-09-27|malaga|villarreal,A,A,0.3437641685061243,0.2607786412534819,0.39545719024039394,0.39545719024039394,1.0844500804519213,0.05169302173426965,3.0,3.25,2.38,1.0611937082525318,0.3141116751269035,0.2899492385786802,0.39593908629441626,2.38,0.39545719024039394,-0.05881188722786246,0.0,1,1,1.38,8.25
2010,6,2010-10-02,sociedad,espanol,2010|2010-10-02|sociedad|espanol,2010|2010-10-02|sociedad|espanol,H,H,0.4325203436079622,0.2658498390113904,0.3016298173806474,0.4325203436079622,1.07623052255366,0.13089052622731479,2.2,3.25,3.25,1.06993006993007,0.4248366013071895,0.2875816993464052,0.2875816993464052,2.2,0.4325203436079622,-0.04845524406248303,0.0,1,1,1.2000000000000002,9.45
2010,6,2010-10-02,valencia,ath bilbao,2010|2010-10-02|valencia|ath bilbao,2010|2010-10-02|valencia|athbilbao,H,H,0.6105845062140709,0.22059295137729554,0.16882254240863348,0.6105845062140709,0.9349566745583706,0.3899915548367754,1.73,3.4,5.25,1.0626285196159388,0.5439668439257036,0.2767831294092551,0.17925002666504136,1.73,0.6105845062140709,0.05631119575034266,0.07713862431553789,1,1,0.73,10.18
2010,6,2010-10-02,zaragoza,sp gijon,2010|2010-10-02|zaragoza|sp gijon,2010|2010-10-02|zaragoza|spgijon,D,H,0.5079622267654332,0.254371814718692,0.2376659585158748,0.5079622267654332,1.0337913199883404,0.2535904120467412,2.05,3.3,3.6,1.0686129588568614,0.4564841498559078,0.28357348703170027,0.25994236311239194,2.05,0.5079622267654332,0.04132256486913799,0.039354823684893334,1,0,-1.0,9.18
2010,6,2010-10-03,almeria,malaga,2010|2010-10-03|almeria|malaga,2010|2010-10-03|almeria|malaga,D,H,0.4333071587238041,0.2963242931571824,0.2703685481190136,0.4333071587238041,1.0764316648607812,0.1369828655666217,2.2,3.25,3.25,1.06993006993007,0.4248366013071895,0.2875816993464052,0.2875816993464052,2.2,0.4333071587238041,-0.046724250807630874,0.0,1,0,-1.0,8.18
2010,6,2010-10-03,barcelona,mallorca,2010|2010-10-03|barcelona|mallorca,2010|2010-10-03|barcelona|mallorca,D,H,0.8223696384641355,0.13777347987441957,0.039856881661445014,0.8223696384641355,0.5623511130889361,0.6845961585897159,1.17,7.0,15.0,1.0642246642246642,0.8031206975676917,0.13423588802202846,0.06264341441027994,1.17,0.8223696384641355,-0.03782752299696157,0.0,1,0,-1.0,7.18
2010,6,2010-10-03,getafe,hercules,2010|2010-10-03|getafe|hercules,2010|2010-10-03|getafe|hercules,H,H,0.46878960857737084,0.3212367941866598,0.2099735972359694,0.46878960857737084,1.0476658312091294,0.14755281439071105,2.05,3.3,3.6,1.0686129588568614,0.4564841498559078,0.28357348703170027,0.25994236311239194,2.05,0.46878960857737084,-0.03898130241638986,0.0,1,1,1.0499999999999998,8.23
2010,6,2010-10-03,osasuna,levante,2010|2010-10-03|osasuna|levante,2010|2010-10-03|osasuna|levante,D,H,0.5534101348740248,0.25666757349000946,0.18992229163596575,0.5534101348740248,0.9919770426741754,0.29674256138401534,1.73,3.5,5.0,1.0637489677952106,0.5433938829374321,0.2685918335662164,0.18801428349635152,1.73,0.5534101348740248,-0.0426004666679371,0.0,1,0,-1.0,7.2299999999999995
2010,6,2010-10-03,real madrid,la coruna,2010|2010-10-03|real madrid|la coruna,2010|2010-10-03|realmadrid|lacoruna,H,H,0.8301429993251308,0.1286525743361431,0.04120442633872607,0.8301429993251308,0.5497668153223793,0.7014904249889877,1.17,7.0,15.0,1.0642246642246642,0.8031206975676917,0.13423588802202846,0.06264341441027994,1.17,0.8301429993251308,-0.028732690789597032,0.0,1,1,0.16999999999999993,7.3999999999999995
2010,6,2010-10-03,sevilla,ath madrid,2010|2010-10-03|sevilla|ath madrid,2010|2010-10-03|sevilla|athmadrid,H,H,0.5335864930428094,0.2496754365444606,0.21673807041273002,0.5335864930428094,1.013018622834256,0.2839110564983488,2.1,3.3,3.5,1.064935064935065,0.4471544715447154,0.2845528455284553,0.26829268292682923,2.1,0.5335864930428094,0.12053163538989975,0.10957421399081795,1,1,1.1,8.5
2010,6,2010-10-03,villarreal,santander,2010|2010-10-03|villarreal|santander,2010|2010-10-03|villarreal|santander,H,H,0.6362687748334801,0.20418221801070022,0.15954900715581963,0.6362687748334801,0.9049087440778921,0.43208655682277985,1.73,3.5,5.0,1.0637489677952106,0.5433938829374321,0.2685918335662164,0.18801428349635152,1.73,0.6362687748334801,0.10074498046192054,0.13800682255057609,1,1,0.73,9.23
2010,7,2010-10-16,ath madrid,getafe,2010|2010-10-16|ath madrid|getafe,2010|2010-10-16|athmadrid|getafe,H,H,0.5898750063869606,0.21659614348602185,0.1935288501270176,0.5898750063869606,0.9605319436316253,0.3732788629009387,1.8,3.5,4.5,1.0634920634920635,0.5223880597014926,0.26865671641791045,0.208955223880597,1.8,0.5898750063869606,0.06177501149652903,0.07721876437066129,1,1,0.8,10.03
2010,7,2010-10-16,barcelona,valencia,2010|2010-10-16|barcelona|valencia,2010|2010-10-16|barcelona|valencia,H,H,0.7990187460028098,0.11315171108108199,0.08782954291610828,0.7990187460028098,0.6394698632719502,0.6858670349217277,1.4,4.5,7.5,1.0698412698412698,0.6676557863501484,0.20771513353115725,0.12462908011869436,1.4,0.7990187460028098,0.1186262444039336,0.2965656110098341,1,1,0.3999999999999999,10.43
2010,7,2010-10-16,malaga,real madrid,2010|2010-10-16|malaga|real madrid,2010|2010-10-16|malaga|realmadrid,A,A,0.09021341135417167,0.15448203726554127,0.7553045513802871,0.7553045513802871,0.7175022539552419,0.6008225141147459,8.0,4.5,1.4,1.0615079365079365,0.11775700934579439,0.20934579439252335,0.6728971962616822,1.4,0.7553045513802871,0.057426371932401854,0.14356592983100466,1,1,0.3999999999999999,10.83
2010,7,2010-10-17,ath bilbao,zaragoza,2010|2010-10-17|ath bilbao|zaragoza,2010|2010-10-17|athbilbao|zaragoza,H,H,0.5563314721744388,0.24142348482411063,0.20224504300145063,0.5563314721744388,0.9925827113958992,0.31490798735032816,1.8,3.5,4.5,1.0634920634920635,0.5223880597014926,0.26865671641791045,0.208955223880597,1.8,0.5563314721744388,0.0013966499139898558,0.0017458123924873198,1,1,0.8,11.629999999999999
2010,7,2010-10-17,la coruna,osasuna,2010|2010-10-17|la coruna|osasuna,2010|2010-10-17|lacoruna|osasuna,D,H,0.4572745895131755,0.29191241920688715,0.25081299127993745,0.4572745895131755,1.0641227147145564,0.16536217030628836,2.3,3.2,3.2,1.0597826086956523,0.41025641025641024,0.2948717948717948,0.2948717948717948,2.3,0.4572745895131755,0.05173155588030365,0.039793504523310506,1,0,-1.0,10.629999999999999
2010,7,2010-10-17,levante,sociedad,2010|2010-10-17|levante|sociedad,2010|2010-10-17|levante|sociedad,H,H,0.3575971082527791,0.33740902439416653,0.3049938673530543,0.3575971082527791,1.0964846984503644,0.020188083858612538,2.4,3.2,3.0,1.0625,0.39215686274509803,0.29411764705882354,0.3137254901960784,2.4,0.3575971082527791,-0.14176694019333025,0.0,1,1,1.4,12.03
2010,7,2010-10-17,mallorca,espanol,2010|2010-10-17|mallorca|espanol,2010|2010-10-17|mallorca|espanol,A,H,0.5054923829172401,0.2873010596122235,0.20720655747053643,0.5054923829172401,1.0293383645698762,0.21819132330501656,1.91,3.4,4.0,1.0676778564829073,0.4903728275762602,0.2754741472560756,0.23415302516766426,1.91,0.5054923829172401,-0.034509548628071485,0.0,1,0,-1.0,11.03
2010,7,2010-10-17,santander,almeria,2010|2010-10-17|santander|almeria,2010|2010-10-17|santander|almeria,H,H,0.5156940322411536,0.2514922594074341,0.23281370835141224,0.5156940322411536,1.0279895270125823,0.26420177283371954,2.1,3.3,3.5,1.064935064935065,0.4471544715447154,0.2845528455284553,0.26829268292682923,2.1,0.5156940322411536,0.08295746770642265,0.0754158797331115,1,1,1.1,12.129999999999999
2010,7,2010-10-17,sp gijon,sevilla,2010|2010-10-17|sp gijon|sevilla,2010|2010-10-17|spgijon|sevilla,H,A,0.27039797447680824,0.25073899058271026,0.4788630349404814,0.4788630349404814,1.0531071012132345,0.20846506046367314,3.4,3.4,2.1,1.0644257703081232,0.27631578947368424,0.27631578947368424,0.4473684210526316,2.1,0.4788630349404814,0.0056123733750109706,0.005102157613646336,1,0,-1.0,11.129999999999999
2010,7,2010-10-18,hercules,villarreal,2010|2010-10-18|hercules|villarreal,2010|2010-10-18|hercules|villarreal,D,A,0.34655821143242943,0.16950831068619945,0.48393347788137103,0.48393347788137103,1.0193443809350717,0.1373752664489416,2.8,3.25,2.5,1.064835164835165,0.33539731682146534,0.2889576883384932,0.3756449948400412,2.5,0.48393347788137103,0.2098336947034276,0.13988912980228507,1,0,-1.0,10.129999999999999
2010,8,2010-10-23,real madrid,santander,2010|2010-10-23|real madrid|santander,2010|2010-10-23|realmadrid|santander,H,H,0.8247477785513398,0.14063115733473133,0.034621064113928804,0.8247477785513398,0.5512154048699882,0.6841166212166085,1.14,7.0,21.0,1.0676691729323309,0.8215962441314554,0.13380281690140844,0.04460093896713615,1.14,0.8247477785513398,-0.059787532451472655,0.0,1,1,0.1399999999999999,10.27
2010,8,2010-10-23,valencia,mallorca,2010|2010-10-23|valencia|mallorca,2010|2010-10-23|valencia|mallorca,A,H,0.6349887447098442,0.24486538842998942,0.12014586686016641,0.6349887447098442,0.8875108423005255,0.39012335627985484,1.57,3.75,6.0,1.070276008492569,0.595120015869867,0.249156913310851,0.15572307081928186,1.57,0.6349887447098442,-0.0030676708055445423,0.0,1,0,-1.0,9.27
2010,8,2010-10-23,zaragoza,barcelona,2010|2010-10-23|zaragoza|barcelona,2010|2010-10-23|zaragoza|barcelona,A,A,0.07140511085070955,0.2588761746307968,0.6697187145184936,0.6697187145184936,0.8068008513888367,0.4108425398876968,11.0,5.75,1.25,1.0648221343873518,0.08537490720118782,0.1633259094283593,0.7512991833704529,1.25,0.6697187145184936,-0.16285160685188296,0.0,1,1,0.25,9.52
2010,8,2010-10-24,almeria,hercules,2010|2010-10-24|almeria|hercules,2010|2010-10-24|almeria|hercules,D,H,0.44490505532474567,0.32001204057862614,0.2350829040966282,0.44490505532474567,1.065303787717409,0.12489301474611952,2.2,3.25,3.25,1.06993006993007,0.4248366013071895,0.2875816993464052,0.2875816993464052,2.2,0.44490505532474567,-0.021208878285559396,0.0,1,0,-1.0,8.52
2010,8,2010-10-24,espanol,levante,2010|2010-10-24|espanol|levante,2010|2010-10-24|espanol|levante,H,H,0.6310417607564214,0.23870486002692387,0.13025337921665478,0.6310417607564214,0.8979643286600776,0.3923369007294975,1.75,3.4,5.0,1.065546218487395,0.5362776025236593,0.27602523659305994,0.18769716088328076,1.75,0.6310417607564214,0.10432308132373741,0.1390974417649832,1,1,0.75,9.27
2010,8,2010-10-24,getafe,sp gijon,2010|2010-10-24|getafe|sp gijon,2010|2010-10-24|getafe|spgijon,H,H,0.5995389388826909,0.2552832699057272,0.1451777912115819,0.5995389388826909,0.9354433285700217,0.34425566897696375,1.73,3.5,5.0,1.0637489677952106,0.5433938829374321,0.2685918335662164,0.18801428349635152,1.73,0.5995389388826909,0.03720236426705531,0.05096214283158262,1,1,0.73,10.0
2010,8,2010-10-24,osasuna,malaga,2010|2010-10-24|osasuna|malaga,2010|2010-10-24|osasuna|malaga,H,H,0.45083724156663046,0.31033607247242834,0.23882668596094128,0.45083724156663046,1.0642869702379587,0.14050116909420213,2.1,3.25,3.5,1.0695970695970696,0.4452054794520548,0.28767123287671237,0.2671232876712329,2.1,0.45083724156663046,-0.053241792710076064,0.0,1,1,1.1,11.1
2010,8,2010-10-24,sevilla,ath bilbao,2010|2010-10-24|sevilla|ath bilbao,2010|2010-10-24|sevilla|athbilbao,H,H,0.6762501392697471,0.18426073876591206,0.1394891219643409,0.6762501392697471,0.8509643617009655,0.491989400503835,1.7,3.6,5.0,1.0660130718954248,0.5518087063151441,0.26057633353770693,0.187614960147149,1.7,0.6762501392697471,0.14962523675857003,0.21375033822652864,1,1,0.7,11.799999999999999
2010,8,2010-10-24,villarreal,ath madrid,2010|2010-10-24|villarreal|ath madrid,2010|2010-10-24|villarreal|athmadrid,H,H,0.5100525678784863,0.21516857629322406,0.27477885582828965,0.5100525678784863,1.0289154474339048,0.23527371205019665,2.3,3.25,3.1,1.0650555615492503,0.40822528363047,0.28889789303079416,0.3028768233387358,2.3,0.5100525678784863,0.17312090612051834,0.13316992778501413,1,1,1.2999999999999998,13.1
2010,8,2010-10-25,sociedad,la coruna,2010|2010-10-25|sociedad|la coruna,2010|2010-10-25|sociedad|lacoruna,H,H,0.41245368658024567,0.2898852994673063,0.297661013952448,0.41245368658024567,1.0849437832121767,0.11479267262779769,2.1,3.25,3.5,1.0695970695970696,0.4452054794520548,0.28767123287671237,0.2671232876712329,2.1,0.41245368658024567,-0.13384725818148402,0.0,1,1,1.1,14.2
2010,9,2010-10-30,barcelona,sevilla,2010|2010-10-30|barcelona|sevilla,2010|2010-10-30|barcelona|sevilla,H,H,0.8467145139819127,0.09530641269652816,0.057979073321559126,0.8467145139819127,0.5300245129575075,0.7514081012853845,1.29,5.0,11.0,1.0661028893587032,0.7271285034373347,0.18759915388683238,0.0852723426758329,1.29,0.8467145139819127,0.09226172303666735,0.31814387254023224,1,1,0.29000000000000004,14.489999999999998
2010,9,2010-10-30,hercules,real madrid,2010|2010-10-30|hercules|real madrid,2010|2010-10-30|hercules|realmadrid,A,A,0.06252570546245752,0.12115218432130924,0.8163221102162334,0.8163221102162334,0.594718734147123,0.6951699258949241,10.0,5.0,1.3,1.0692307692307692,0.09352517985611511,0.18705035971223022,0.7194244604316546,1.3,0.8163221102162334,0.06121874328110341,0.20406247760367802,1,1,0.30000000000000004,14.79
2010,9,2010-10-30,valencia,zaragoza,2010|2010-10-30|valencia|zaragoza,2010|2010-10-30|valencia|zaragoza,D,H,0.6657423706138171,0.20908052120677484,0.125177108179408,0.6657423706138171,0.8581987100343234,0.4566618494070423,1.4,4.33,7.5,1.0785659298361376,0.6622550319146767,0.21412402879458367,0.12362093929073965,1.4,0.6657423706138171,-0.06796068114065607,0.0,1,0,-1.0,13.79
2010,9,2010-10-31,ath bilbao,getafe,2010|2010-10-31|ath bilbao|getafe,2010|2010-10-31|athbilbao|getafe,H,H,0.5673826135342422,0.21792554853891105,0.21469183792684673,0.5673826135342422,0.9838940944930119,0.3494570649953312,2.0,3.5,3.6,1.0634920634920635,0.4701492537313433,0.26865671641791045,0.2611940298507463,2.0,0.5673826135342422,0.13476522706848448,0.13476522706848448,1,1,1.0,14.79
2010,9,2010-10-31,ath madrid,almeria,2010|2010-10-31|ath madrid|almeria,2010|2010-10-31|athmadrid|almeria,D,H,0.6069299716307299,0.2738812112196423,0.11918881714962772,0.6069299716307299,0.9112785014533548,0.3330487604110876,1.5,4.33,6.0,1.0642802155504234,0.6264014466546112,0.21699819168173598,0.1566003616636528,1.5,0.6069299716307299,-0.08960504255390511,0.0,1,0,-1.0,13.79
2010,9,2010-10-31,la coruna,espanol,2010|2010-10-31|la coruna|espanol,2010|2010-10-31|lacoruna|espanol,H,H,0.4565984667516126,0.22718737109890055,0.3162141621494869,0.4565984667516126,1.0587065726129894,0.1403843046021257,2.63,3.3,2.63,1.0634865767945616,0.35752979414951247,0.28494041170097506,0.35752979414951247,2.63,0.4565984667516126,0.200853967556741,0.12322329297959572,1,1,1.63,15.42
2010,9,2010-10-31,malaga,sociedad,2010|2010-10-31|malaga|sociedad,2010|2010-10-31|malaga|sociedad,A,H,0.49275819642906227,0.2834021306393439,0.22383967293159387,0.49275819642906227,1.0411303976977848,0.20935606578971838,2.1,3.25,3.6,1.0616605616605617,0.4485336400230017,0.2898217366302473,0.26164462334675104,2.1,0.49275819642906227,0.03479221250103082,0.0316292840918462,1,0,-1.0,14.42
2010,9,2010-10-31,santander,osasuna,2010|2010-10-31|santander|osasuna,2010|2010-10-31|santander|osasuna,H,H,0.4396636081830356,0.2818766562627424,0.278459735554222,0.4396636081830356,1.074233617601422,0.15778695192029324,2.5,3.3,2.75,1.0666666666666669,0.37499999999999994,0.28409090909090906,0.34090909090909083,2.5,0.4396636081830356,0.09915902045758906,0.0661060136383927,1,1,1.5,15.92
2010,9,2010-10-31,sp gijon,villarreal,2010|2010-10-31|sp gijon|villarreal,2010|2010-10-31|spgijon|villarreal,D,A,0.25824616425516006,0.22386476308472084,0.5178890726601192,0.5178890726601192,1.0254538521443668,0.2596429084049591,3.5,3.3,2.1,1.064935064935065,0.26829268292682923,0.2845528455284553,0.4471544715447154,2.1,0.5178890726601192,0.0875670525862503,0.07960641144204572,1,0,-1.0,14.92
2010,9,2010-11-01,mallorca,levante,2010|2010-11-01|mallorca|levante,2010|2010-11-01|mallorca|levante,H,H,0.562403034919043,0.33075276225202477,0.1068442028289322,0.562403034919043,0.9285677213422627,0.2316502726670182,1.62,3.8,5.5,1.062260027172308,0.5811043763554468,0.24773397097258518,0.17116165267196795,1.62,0.562403034919043,-0.08890708343115034,0.0,1,1,0.6200000000000001,15.54
2010,10,2010-11-06,espanol,malaga,2010|2010-11-06|espanol|malaga,2010|2010-11-06|espanol|malaga,H,H,0.5100294966996196,0.2693668889564872,0.22060361434389317,0.5100294966996196,1.0301371059907112,0.24066260774313242,1.91,3.4,4.0,1.0676778564829073,0.4903728275762602,0.2754741472560756,0.23415302516766426,1.91,0.5100294966996196,-0.02584366130372656,0.0,1,1,0.9099999999999999,16.45
2010,10,2010-11-06,sociedad,santander,2010|2010-11-06|sociedad|santander,2010|2010-11-06|sociedad|santander,H,H,0.4505751380270578,0.290967929749925,0.25845693222301713,0.4505751380270578,1.0681234076727184,0.15960720827713276,2.1,3.25,3.6,1.0616605616605617,0.4485336400230017,0.2898217366302473,0.26164462334675104,2.1,0.4505751380270578,-0.05379221014317864,0.0,1,1,1.1,17.55
2010,10,2010-11-07,almeria,sp gijon,2010|2010-11-07|almeria|sp gijon,2010|2010-11-07|almeria|spgijon,D,H,0.5249016992222472,0.26050003123703347,0.21459826954071934,0.5249016992222472,1.0189986570193448,0.2644016679852137,2.1,3.3,3.5,1.064935064935065,0.4471544715447154,0.2845528455284553,0.26829268292682923,2.1,0.5249016992222472,0.1022935683667191,0.09299415306065371,1,0,-1.0,16.55
2010,10,2010-11-07,getafe,barcelona,2010|2010-11-07|getafe|barcelona,2010|2010-11-07|getafe|barcelona,A,A,0.07507508065586974,0.16636117419368168,0.7585637451504486,0.7585637451504486,0.7023865579932667,0.5922025709567669,8.5,5.0,1.33,1.0695267580716497,0.10999917293854934,0.1869985939955339,0.7030022330659168,1.33,0.7585637451504486,0.008889781050096635,0.02693873045483828,1,1,0.33000000000000007,16.88
2010,10,2010-11-07,levante,la coruna,2010|2010-11-07|levante|la coruna,2010|2010-11-07|levante|lacoruna,A,A,0.32371157567194925,0.32460190169093,0.3516865226371208,0.3516865226371208,1.0978604635639555,0.027084620946190796,2.3,3.2,3.2,1.0597826086956523,0.41025641025641024,0.2948717948717948,0.2948717948717948,3.2,0.3516865226371208,0.12539687243878672,0.056998578381266686,1,1,2.2,19.08
2010,10,2010-11-07,osasuna,hercules,2010|2010-11-07|osasuna|hercules,2010|2010-11-07|osasuna|hercules,H,H,0.5337160954166161,0.27989554831952823,0.1863883562638556,0.5337160954166161,1.0046355756147003,0.2538205470970879,2.0,3.3,3.8,1.066188197767145,0.4689603590127151,0.2842183994016455,0.2468212415856395,2.0,0.5337160954166161,0.06743219083323226,0.06743219083323226,1,1,1.0,20.08
2010,10,2010-11-07,real madrid,ath madrid,2010|2010-11-07|real madrid|ath madrid,2010|2010-11-07|realmadrid|athmadrid,H,H,0.8329673238372519,0.11225990861968332,0.05477276754306487,0.8329673238372519,0.5568302501802603,0.7207074152175685,1.29,5.5,9.5,1.0622751381625308,0.7297486033519555,0.171159217877095,0.09909217877094974,1.29,0.8329673238372519,0.074527847750055,0.25699257844846546,1,1,0.29000000000000004,20.37
2010,10,2010-11-07,villarreal,ath bilbao,2010|2010-11-07|villarreal|ath bilbao,2010|2010-11-07|villarreal|athbilbao,H,H,0.6590252756217881,0.15899317896099047,0.18198154541722136,0.6590252756217881,0.877250038869597,0.4770437302045668,1.8,3.6,4.33,1.0642802155504234,0.5220012055455093,0.26100060277275466,0.21699819168173598,1.8,0.6590252756217881,0.1862454961192187,0.23280687014902338,1,1,0.8,21.169999999999998
2010,10,2010-11-07,zaragoza,mallorca,2010|2010-11-07|zaragoza|mallorca,2010|2010-11-07|zaragoza|mallorca,H,H,0.44496872840517065,0.2782384032600969,0.27679286833473254,0.44496872840517065,1.0717944892425957,0.16673032514507374,2.4,3.2,3.0,1.0625,0.39215686274509803,0.29411764705882354,0.3137254901960784,2.4,0.44496872840517065,0.06792494817240957,0.048517820123149695,1,1,1.4,22.57
2010,10,2010-11-08,sevilla,valencia,2010|2010-11-08|sevilla|valencia,2010|2010-11-08|sevilla|valencia,H,H,0.5249161625647036,0.24574313571871584,0.22934070171658055,0.5249161625647036,1.0209248521646725,0.27917302684598777,2.2,3.4,3.2,1.061163101604278,0.42834645669291344,0.2771653543307087,0.29448818897637796,2.2,0.5249161625647036,0.1548155576423481,0.12901296470195675,1,1,1.2000000000000002,23.77
2010,11,2010-11-13,ath bilbao,almeria,2010|2010-11-13|ath bilbao|almeria,2010|2010-11-13|athbilbao|almeria,H,H,0.6379189174012585,0.23170967394551478,0.1303714086532266,0.6379189174012585,0.891209332693097,0.4062092434557437,1.67,3.75,5.0,1.0654690618762475,0.562008242787561,0.2502810041213938,0.18771075309104535,1.67,0.6379189174012585,0.06532459206010166,0.0974993911344801,1,1,0.6699999999999999,24.44
2010,11,2010-11-13,ath madrid,osasuna,2010|2010-11-13|ath madrid|osasuna,2010|2010-11-13|athmadrid|osasuna,H,H,0.6344397802655203,0.2503208372698136,0.11523938246466613,0.6344397802655203,0.8843783825916927,0.3841189429957067,1.62,3.75,5.5,1.0657687991021325,0.5791912384161751,0.2502106149957877,0.17059814658803707,1.62,0.6344397802655203,0.027792444030142915,0.04482652262926276,1,1,0.6200000000000001,25.06
2010,11,2010-11-13,barcelona,villarreal,2010|2010-11-13|barcelona|villarreal,2010|2010-11-13|barcelona|villarreal,H,H,0.8703858874655429,0.08209199385881681,0.04752211867564021,0.8703858874655429,0.4708277409703091,0.7882938936067261,1.2,6.25,13.0,1.0702564102564103,0.7786296118830858,0.14949688548155246,0.07187350263536177,1.2,0.8703858874655429,0.04446306495865146,0.22231532479325736,1,1,0.19999999999999996,25.259999999999998
2010,11,2010-11-14,hercules,sociedad,2010|2010-11-14|hercules|sociedad,2010|2010-11-14|hercules|sociedad,H,H,0.49126918224887695,0.2863571352990325,0.2223736824520905,0.49126918224887695,1.0415857517530942,0.20491204694984444,2.1,3.3,3.5,1.064935064935065,0.4471544715447154,0.2845528455284553,0.26829268292682923,2.1,0.49126918224887695,0.031665282722641575,0.028786620656946885,1,1,1.1,26.36
2010,11,2010-11-14,malaga,levante,2010|2010-11-14|malaga|levante,2010|2010-11-14|malaga|levante,H,H,0.49641859747482714,0.3296037305528905,0.17397767197228223,0.49641859747482714,1.0177321430119994,0.16681486692193664,1.95,3.5,3.8,1.0616926932716406,0.4830216088614491,0.26911203922280735,0.24786635191574358,1.95,0.49641859747482714,-0.03198373492408707,0.0,1,1,0.95,27.31
2010,11,2010-11-14,mallorca,la coruna,2010|2010-11-14|mallorca|la coruna,2010|2010-11-14|mallorca|lacoruna,D,H,0.5392686460767893,0.2587947254396593,0.2019366284835514,0.5392686460767893,1.0058972461582651,0.28047392063712995,1.8,3.5,4.5,1.0634920634920635,0.5223880597014926,0.26865671641791045,0.208955223880597,1.8,0.5392686460767893,-0.029316437061779332,0.0,1,0,-1.0,26.31
2010,11,2010-11-14,santander,espanol,2010|2010-11-14|santander|espanol,2010|2010-11-14|santander|espanol,D,H,0.5250461050910927,0.22833559398323233,0.24661830092567494,0.5250461050910927,1.0207530227637744,0.2784278041654178,2.38,3.0,3.2,1.066001400560224,0.39415339136147154,0.31269502381343406,0.29315158482509446,2.38,0.5250461050910927,0.24960973011680065,0.18087661602666716,1,0,-1.0,25.31
2010,11,2010-11-14,sp gijon,real madrid,2010|2010-11-14|sp gijon|real madrid,2010|2010-11-14|spgijon|realmadrid,A,A,0.05346708981770779,0.15450938618885948,0.7920235239934327,0.7920235239934327,0.6298063410350567,0.6375141378045732,12.0,5.5,1.25,1.0651515151515152,0.07823613086770981,0.17069701280227595,0.7510668563300142,1.25,0.7920235239934327,-0.009970595008209154,0.0,1,1,0.25,25.56
2010,11,2010-11-14,valencia,getafe,2010|2010-11-14|valencia|getafe,2010|2010-11-14|valencia|getafe,H,H,0.6454026316668585,0.22863680174952777,0.1259605665836136,0.6454026316668585,0.880954049978616,0.41676582991733074,1.62,3.75,5.5,1.0657687991021325,0.5791912384161751,0.2502106149957877,0.17059814658803707,1.62,0.6454026316668585,0.04555226330031087,0.07347139241985623,1,1,0.6200000000000001,26.18
2010,11,2010-11-14,zaragoza,sevilla,2010|2010-11-14|zaragoza|sevilla,2010|2010-11-14|zaragoza|sevilla,A,A,0.3360796960582596,0.2961457207339255,0.3677745832078148,0.3677745832078148,1.0947238720591796,0.031694887149555206,3.0,3.25,2.38,1.0611937082525318,0.3141116751269035,0.2899492385786802,0.39593908629441626,2.38,0.3677745832078148,-0.12469649196540089,0.0,1,1,1.38,27.56
2010,12,2010-11-20,almeria,barcelona,2010|2010-11-20|almeria|barcelona,2010|2010-11-20|almeria|barcelona,A,A,0.06617176734567841,0.12967540819575182,0.8041528244585697,0.8041528244585697,0.619858113145053,0.6744774162628179,12.0,5.5,1.25,1.0651515151515152,0.07823613086770981,0.17069701280227595,0.7510668563300142,1.25,0.8041528244585697,0.0051910305732121576,0.02076412229284863,1,1,0.25,27.81
2010,12,2010-11-20,real madrid,ath bilbao,2010|2010-11-20|real madrid|ath bilbao,2010|2010-11-20|realmadrid|athbilbao,H,H,0.8669645755764726,0.09366583755119066,0.03936958687233678,0.8669645755764726,0.4729193731122395,0.7732987380252819,1.17,7.0,15.0,1.0642246642246642,0.8031206975676917,0.13423588802202846,0.06264341441027994,1.17,0.8669645755764726,0.014348553424472832,0.08440325543807552,1,1,0.16999999999999993,27.98
2010,12,2010-11-20,villarreal,valencia,2010|2010-11-20|villarreal|valencia,2010|2010-11-20|villarreal|valencia,D,H,0.5871488272131885,0.1966876749147394,0.21616349787207217,0.5871488272131885,0.9635865639773326,0.37098532934111633,2.0,3.5,3.6,1.0634920634920635,0.4701492537313433,0.26865671641791045,0.2611940298507463,2.0,0.5871488272131885,0.174297654426377,0.174297654426377,1,0,-1.0,26.98
2010,12,2010-11-21,espanol,hercules,2010|2010-11-21|espanol|hercules,2010|2010-11-21|espanol|hercules,H,H,0.5550804342672742,0.2540090685511857,0.19091049718154016,0.5550804342672742,0.9909724364150183,0.30107136571608845,1.91,3.3,4.2,1.064685750549625,0.4917509313464608,0.2846194784459819,0.22362959020755718,1.91,0.5550804342672742,0.06020362945049362,0.06615783456098201,1,1,0.9099999999999999,27.89
2010,12,2010-11-21,la coruna,malaga,2010|2010-11-21|la coruna|malaga,2010|2010-11-21|lacoruna|malaga,H,H,0.4442051123180352,0.25383067324914,0.3019642144328247,0.4442051123180352,1.070068845232538,0.14224089788521055,2.25,3.25,3.2,1.0646367521367521,0.41746111389864526,0.28901154039136984,0.29352734570998495,2.25,0.4442051123180352,-0.0005384972844206803,0.0,1,1,1.25,29.14
2010,12,2010-11-21,levante,santander,2010|2010-11-21|levante|santander,2010|2010-11-21|levante|santander,H,H,0.3494014399563368,0.33803140386106356,0.31256715618259967,0.3494014399563368,1.0975374177293458,0.011370036095273262,2.38,3.25,3.0,1.0611937082525318,0.39593908629441626,0.2899492385786802,0.3141116751269035,2.38,0.3494014399563368,-0.16842457290391843,0.0,1,1,1.38,30.52
2010,12,2010-11-21,osasuna,sp gijon,2010|2010-11-21|osasuna|sp gijon,2010|2010-11-21|osasuna|spgijon,H,H,0.5900943740527577,0.2510590213686011,0.15884660457864136,0.5900943740527577,0.9504877467124062,0.3390353526841566,1.83,3.4,4.5,1.0627879567127398,0.5141647343482205,0.27674160701683637,0.209093658634943,1.83,0.5900943740527577,0.07987270451654654,0.09623217411632112,1,1,0.8300000000000001,31.35
2010,12,2010-11-21,sevilla,mallorca,2010|2010-11-21|sevilla|mallorca,2010|2010-11-21|sevilla|mallorca,A,H,0.6603081369794236,0.20617228129682136,0.13351958172375508,0.6603081369794236,0.8684575768987298,0.45413585568260223,1.67,3.75,5.0,1.0654690618762475,0.562008242787561,0.2502810041213938,0.18771075309104535,1.67,0.6603081369794236,0.10271458875563733,0.1533053563516975,1,0,-1.0,30.35
2010,12,2010-11-21,sociedad,ath madrid,2010|2010-11-21|sociedad|ath madrid,2010|2010-11-21|sociedad|athmadrid,A,A,0.305744557060057,0.283064106118582,0.41119133682136105,0.41119133682136105,1.0849833593763099,0.10544677976130407,2.75,3.3,2.5,1.0666666666666669,0.34090909090909083,0.28409090909090906,0.37499999999999994,2.5,0.41119133682136105,0.02797834205340266,0.018652228035601775,1,1,1.5,31.85
2010,12,2010-11-22,getafe,zaragoza,2010|2010-11-22|getafe|zaragoza,2010|2010-11-22|getafe|zaragoza,D,H,0.5743308997650028,0.2583499835753059,0.16731911665969132,0.5743308997650028,0.9672980632617753,0.3159809161896969,1.8,3.5,4.5,1.0634920634920635,0.5223880597014926,0.26865671641791045,0.208955223880597,1.8,0.5743308997650028,0.033795619577005165,0.042244524471256456,1,0,-1.0,30.85
2010,13,2010-11-27,ath madrid,espanol,2010|2010-11-27|ath madrid|espanol,2010|2010-11-27|athmadrid|espanol,A,H,0.7132619368266009,0.1943029720496547,0.09243509112374437,0.7132619368266009,0.7794604895348335,0.5189589647769461,1.62,3.6,6.0,1.0617283950617284,0.5813953488372092,0.2616279069767442,0.15697674418604649,1.62,0.7132619368266009,0.15548433765909353,0.25078118977273145,1,0,-1.0,29.85
2010,13,2010-11-27,sevilla,getafe,2010|2010-11-27|sevilla|getafe,2010|2010-11-27|sevilla|getafe,A,H,0.6308909509811472,0.1944834073776644,0.1746256416411883,0.6308909509811472,0.9137922712079551,0.43640754360348283,1.67,3.75,5.0,1.0654690618762475,0.562008242787561,0.2502810041213938,0.18771075309104535,1.67,0.6308909509811472,0.05358788813851584,0.07998192259479976,1,0,-1.0,28.85
2010,13,2010-11-27,zaragoza,villarreal,2010|2010-11-27|zaragoza|villarreal,2010|2010-11-27|zaragoza|villarreal,A,A,0.30151059977573264,0.2900571366516235,0.4084322635726439,0.4084322635726439,1.0862154880498267,0.10692166379691126,3.25,3.25,2.2,1.06993006993007,0.2875816993464052,0.2875816993464052,0.4248366013071895,2.2,0.4084322635726439,-0.10144902014018342,0.0,1,1,1.2000000000000002,30.05
2010,13,2010-11-28,ath bilbao,osasuna,2010|2010-11-28|ath bilbao|osasuna,2010|2010-11-28|athbilbao|osasuna,H,H,0.6468219432230193,0.22080709791582118,0.1323709588611595,0.6468219432230193,0.8830052294591604,0.42601484530719813,1.73,3.6,4.75,1.0663387756481764,0.5420741468672235,0.26049674280008245,0.19742911033269403,1.73,0.6468219432230193,0.11900196177582345,0.1630163859942787,1,1,0.73,30.78
2010,13,2010-11-28,hercules,levante,2010|2010-11-28|hercules|levante,2010|2010-11-28|hercules|levante,H,H,0.556505621415246,0.2758605722219806,0.1676338063627733,0.556505621415246,0.9808149426531984,0.28064504919326533,1.83,3.5,4.33,1.0631092553630697,0.5140093406910212,0.2687534552755911,0.21723720403338773,1.83,0.556505621415246,0.018405287189900144,0.022175044807108604,1,1,0.8300000000000001,31.61
2010,13,2010-11-28,mallorca,malaga,2010|2010-11-28|mallorca|malaga,2010|2010-11-28|mallorca|malaga,H,H,0.5639072185974181,0.2684747211089399,0.1676180602936421,0.5639072185974181,0.9754640204758233,0.2954324974884782,1.73,3.75,4.5,1.0669235709698137,0.5417770286539851,0.24993980255237178,0.20828316879364314,1.73,0.5639072185974181,-0.02444051182646667,0.0,1,1,0.73,32.34
2010,13,2010-11-28,santander,la coruna,2010|2010-11-28|santander|la coruna,2010|2010-11-28|santander|lacoruna,H,H,0.5507782979696303,0.2648681137496842,0.1843535882806856,0.5507782979696303,0.9921036727947721,0.2859101842199461,2.2,3.2,3.4,1.0611631016042782,0.4283464566929133,0.2944881889763779,0.27716535433070866,2.2,0.5507782979696303,0.21171225553318673,0.1764268796109889,1,1,1.2000000000000002,33.54
2010,13,2010-11-28,sp gijon,sociedad,2010|2010-11-28|sp gijon|sociedad,2010|2010-11-28|spgijon|sociedad,A,H,0.5252434091728743,0.2774654098535078,0.19729118097361795,0.5252434091728743,1.0141461349133443,0.24777799931936645,2.1,3.25,3.6,1.0616605616605617,0.4485336400230017,0.2898217366302473,0.26164462334675104,2.1,0.5252434091728743,0.10301115926303606,0.09364650842094187,1,0,-1.0,32.54
2010,13,2010-11-28,valencia,almeria,2010|2010-11-28|valencia|almeria,2010|2010-11-28|valencia|almeria,H,H,0.687595125494002,0.2138741249882181,0.09853074951777988,0.687595125494002,0.815748625090458,0.4737210005057839,1.33,5.0,9.0,1.0629908103592314,0.7073247406475951,0.1881483810122603,0.10452687834014461,1.33,0.687595125494002,-0.08549848309297725,0.0,1,1,0.33000000000000007,32.87
2010,13,2010-11-29,barcelona,real madrid,2010|2010-11-29|barcelona|real madrid,2010|2010-11-29|barcelona|realmadrid,H,H,0.6012663414511644,0.10508122404384392,0.2936524345049917,0.6012663414511644,0.9024543306960509,0.30761390694617274,2.1,3.3,3.5,1.064935064935065,0.4471544715447154,0.2845528455284553,0.26829268292682923,2.1,0.6012663414511644,0.2626593170474454,0.23878119731585942,1,1,1.1,33.97
2010,14,2010-12-04,levante,ath madrid,2010|2010-12-04|levante|ath madrid,2010|2010-12-04|levante|athmadrid,H,A,0.1945281301799454,0.2598731693877132,0.5455987004323413,0.5455987004323413,0.9992351026837777,0.28572553104462806,4.2,3.5,1.83,1.0702576112412177,0.2224653537563822,0.26695842450765866,0.5105762217359592,1.83,0.5455987004323413,-0.0015543782088154323,0.0,1,0,-1.0,32.97
2010,14,2010-12-04,osasuna,barcelona,2010|2010-12-04|osasuna|barcelona,2010|2010-12-04|osasuna|barcelona,A,A,0.05598594955963899,0.14662428497891394,0.7973897654614471,0.7973897654614471,0.6234278094858606,0.6507654804825331,15.0,6.0,1.2,1.0666666666666667,0.0625,0.15625,0.78125,1.2,0.7973897654614471,-0.043132281446263465,0.0,1,1,0.19999999999999996,33.17
2010,14,2010-12-04,real madrid,valencia,2010|2010-12-04|real madrid|valencia,2010|2010-12-04|realmadrid|valencia,H,H,0.8013079849566107,0.11452341705280968,0.08416859799057962,0.8013079849566107,0.6339788196690725,0.686784567903801,1.4,4.5,7.5,1.0698412698412698,0.6676557863501484,0.20771513353115725,0.12462908011869436,1.4,0.8013079849566107,0.12183117893925494,0.3045779473481374,1,1,0.3999999999999999,33.57
2010,14,2010-12-05,almeria,zaragoza,2010|2010-12-05|almeria|zaragoza,2010|2010-12-05|almeria|zaragoza,D,H,0.4507815285656751,0.27023467464194145,0.27898379679238344,0.4507815285656751,1.0689139545186188,0.17179773177329166,2.2,3.2,3.4,1.0611631016042782,0.4283464566929133,0.2944881889763779,0.27716535433070866,2.2,0.4507815285656751,-0.008280637155514636,0.0,1,0,-1.0,32.57
2010,14,2010-12-05,espanol,sp gijon,2010|2010-12-05|espanol|sp gijon,2010|2010-12-05|espanol|spgijon,H,H,0.6040758491373976,0.2571073915173189,0.13881675934528345,0.6040758491373976,0.9278144518298383,0.3469684576200788,1.62,3.75,5.5,1.0657687991021325,0.5791912384161751,0.2502106149957877,0.17059814658803707,1.62,0.6040758491373976,-0.021397124397415757,0.0,1,1,0.6200000000000001,33.19
2010,14,2010-12-05,getafe,mallorca,2010|2010-12-05|getafe|mallorca,2010|2010-12-05|getafe|mallorca,H,H,0.5884785780210303,0.25409108929476115,0.15743033268420864,0.5884785780210303,0.9511935170246733,0.33438748872626917,2.0,3.4,3.75,1.0607843137254902,0.47134935304990755,0.27726432532347506,0.2513863216266174,2.0,0.5884785780210303,0.17695715604206064,0.17695715604206064,1,1,1.0,34.19
2010,14,2010-12-05,malaga,santander,2010|2010-12-05|malaga|santander,2010|2010-12-05|malaga|santander,H,H,0.5241979986108655,0.2813975916186913,0.19440440977044324,0.5241979986108655,1.0137788491617357,0.24280040699217414,2.0,3.4,3.75,1.0607843137254902,0.47134935304990755,0.27726432532347506,0.2513863216266174,2.0,0.5241979986108655,0.048395997221730935,0.048395997221730935,1,1,1.0,35.19
2010,14,2010-12-05,sociedad,ath bilbao,2010|2010-12-05|sociedad|ath bilbao,2010|2010-12-05|sociedad|athbilbao,H,H,0.442990397172167,0.2637814347915289,0.2932281680363042,0.442990397172167,1.0719437439073727,0.1497622291358628,2.3,3.3,3.1,1.0603935568872456,0.41002004008016035,0.28577154308617236,0.30420841683366734,2.3,0.442990397172167,0.01887791349598389,0.01452147191998761,1,1,1.2999999999999998,36.49
2010,14,2010-12-05,villarreal,sevilla,2010|2010-12-05|villarreal|sevilla,2010|2010-12-05|villarreal|sevilla,H,H,0.615070868496069,0.19972793422754348,0.18520119727638767,0.615070868496069,0.9329640634696864,0.4153429342685255,1.83,3.5,4.2,1.0702576112412177,0.5105762217359592,0.26695842450765866,0.2224653537563822,1.83,0.615070868496069,0.12557968934780628,0.15130083053952562,1,1,0.8300000000000001,37.32
2010,14,2010-12-06,la coruna,hercules,2010|2010-12-06|la coruna|hercules,2010|2010-12-06|lacoruna|hercules,H,H,0.4454414561293339,0.26192238683874,0.2926361570319262,0.4454414561293339,1.0707217680071903,0.1528052990974077,2.2,3.2,3.4,1.0611631016042782,0.4283464566929133,0.2944881889763779,0.27716535433070866,2.2,0.4454414561293339,-0.020028796515465408,0.0,1,1,1.2000000000000002,38.52
2010,15,2010-12-11,ath madrid,la coruna,2010|2010-12-11|ath madrid|la coruna,2010|2010-12-11|athmadrid|lacoruna,H,H,0.7775310254934107,0.15348889061283347,0.06898008389375586,0.7775310254934107,0.6677575959433668,0.6240421348805772,1.44,4.2,7.0,1.0753968253968254,0.6457564575645757,0.22140221402214022,0.13284132841328414,1.44,0.7775310254934107,0.11964467671051132,0.27191971979661667,1,1,0.43999999999999995,38.96
2010,15,2010-12-11,getafe,villarreal,2010|2010-12-11|getafe|villarreal,2010|2010-12-11|getafe|villarreal,H,H,0.4359484944507263,0.23269630093335034,0.3313552046159234,0.4359484944507263,1.0672172957399062,0.10459328983480293,2.5,3.3,2.75,1.0666666666666669,0.37499999999999994,0.28409090909090906,0.34090909090909083,2.5,0.4359484944507263,0.0898712361268158,0.0599141574178772,1,1,1.5,40.46
2010,15,2010-12-11,sevilla,almeria,2010|2010-12-11|sevilla|almeria,2010|2010-12-11|sevilla|almeria,A,H,0.6834613544847431,0.2173809177121376,0.09915772780311928,0.6834613544847431,0.8210189794942151,0.46608043677260547,1.4,4.5,7.5,1.0698412698412698,0.6676557863501484,0.20771513353115725,0.12462908011869436,1.4,0.6834613544847431,-0.04315410372135969,0.0,1,0,-1.0,39.46
2010,15,2010-12-12,ath bilbao,espanol,2010|2010-12-12|ath bilbao|espanol,2010|2010-12-12|athbilbao|espanol,H,H,0.6384729635304385,0.21421502774320236,0.14731200872635924,0.6384729635304385,0.8986569318873296,0.42425793578723614,1.95,3.4,3.9,1.0633484162895928,0.4822695035460994,0.2765957446808511,0.2411347517730497,1.95,0.6384729635304385,0.24502227888435502,0.25791818829932106,1,1,0.95,40.41
2010,15,2010-12-12,barcelona,sociedad,2010|2010-12-12|barcelona|sociedad,2010|2010-12-12|barcelona|sociedad,H,H,0.8933849468440369,0.06616897973766243,0.040446073418300615,0.8933849468440369,0.41014526146641606,0.8272159671063745,1.1,8.5,26.0,1.065199506375977,0.8534466113149256,0.1104460320525198,0.03610735663255455,1.1,0.8933849468440369,-0.017276558471559317,0.0,1,1,0.10000000000000009,40.51
2010,15,2010-12-12,hercules,malaga,2010|2010-12-12|hercules|malaga,2010|2010-12-12|hercules|malaga,H,H,0.4856946588032678,0.2797956345617053,0.234509706635027,0.4856946588032678,1.047230779842716,0.20589902424156248,2.1,3.4,3.4,1.0644257703081232,0.4473684210526316,0.27631578947368424,0.27631578947368424,2.1,0.4856946588032678,0.01995878348686242,0.01814434862442038,1,1,1.1,41.61
2010,15,2010-12-12,mallorca,santander,2010|2010-12-12|mallorca|santander,2010|2010-12-12|mallorca|santander,A,H,0.629586538887948,0.22728992666506137,0.14312353444699052,0.629586538887948,0.9062801171065367,0.40229661222288665,1.73,3.5,5.0,1.0637489677952106,0.5433938829374321,0.2685918335662164,0.18801428349635152,1.73,0.629586538887948,0.08918471227615005,0.12217083873445213,1,0,-1.0,40.61
2010,15,2010-12-12,sp gijon,levante,2010|2010-12-12|sp gijon|levante,2010|2010-12-12|spgijon|levante,D,H,0.5360316166068385,0.2853494369940777,0.17861894639908374,0.5360316166068385,0.9997600722932376,0.2506821796127608,1.91,3.5,3.9,1.0656847515486259,0.4912899510509646,0.26810394471638355,0.2406061042326519,1.91,0.5360316166068385,0.02382038771906153,0.02617625024072696,1,0,-1.0,39.61
2010,15,2010-12-12,zaragoza,real madrid,2010|2010-12-12|zaragoza|real madrid,2010|2010-12-12|zaragoza|realmadrid,A,A,0.06671184983963115,0.16397472867878174,0.7693134214815871,0.7693134214815871,0.6788448863981973,0.6053386928028054,12.0,5.5,1.25,1.0651515151515152,0.07823613086770981,0.17069701280227595,0.7510668563300142,1.25,0.7693134214815871,-0.038358223148016124,0.0,1,1,0.25,39.86
2010,15,2010-12-13,valencia,osasuna,2010|2010-12-13|valencia|osasuna,2010|2010-12-13|valencia|osasuna,D,H,0.6720332091942558,0.20977872024866656,0.11818807055707764,0.6720332091942558,0.8470978206490622,0.46225448894558924,1.4,4.5,7.5,1.0698412698412698,0.6676557863501484,0.20771513353115725,0.12462908011869436,1.4,0.6720332091942558,-0.05915350712804196,0.0,1,0,-1.0,38.86
2010,16,2010-12-18,espanol,barcelona,2010|2010-12-18|espanol|barcelona,2010|2010-12-18|espanol|barcelona,A,A,0.061105502738341984,0.12724316975548908,0.811651327506169,0.811651327506169,0.602509801620828,0.6844081577506799,12.0,5.5,1.25,1.0651515151515152,0.07823613086770981,0.17069701280227595,0.7510668563300142,1.25,0.811651327506169,0.014564159382711217,0.05825663753084487,1,1,0.25,39.11
2010,16,2010-12-18,la coruna,sp gijon,2010|2010-12-18|la coruna|sp gijon,2010|2010-12-18|lacoruna|spgijon,D,H,0.4101816585790312,0.3021516449242574,0.28766669649671145,0.4101816585790312,1.0855776354673774,0.10803001365477383,2.05,3.25,3.75,1.0621638524077548,0.45925577013659924,0.2896844088553933,0.25105982100800756,2.05,0.4101816585790312,-0.15912759991298608,0.0,1,0,-1.0,38.11
2010,16,2010-12-18,levante,ath bilbao,2010|2010-12-18|levante|ath bilbao,2010|2010-12-18|levante|athbilbao,A,A,0.3395957281511412,0.2443931304951252,0.41601114135373357,0.41601114135373357,1.0759672807869467,0.07641541320259237,2.8,3.25,2.5,1.064835164835165,0.33539731682146534,0.2889576883384932,0.3756449948400412,2.5,0.41601114135373357,0.0400278533843339,0.026685235589555933,1,1,1.5,39.61
2010,16,2010-12-18,sociedad,valencia,2010|2010-12-18|sociedad|valencia,2010|2010-12-18|sociedad|valencia,A,A,0.27863820619708657,0.31835350390143685,0.40300828990147664,0.40300828990147664,1.0866936857755316,0.08465478600003978,3.1,3.25,2.3,1.0650555615492503,0.3028768233387358,0.28889789303079416,0.40822528363047,2.3,0.40300828990147664,-0.0730809332266038,0.0,1,1,1.2999999999999998,40.91
2010,16,2010-12-18,villarreal,mallorca,2010|2010-12-18|villarreal|mallorca,2010|2010-12-18|villarreal|mallorca,H,H,0.7076437380616988,0.1712367268354438,0.12111953510285738,0.7076437380616988,0.8025769380047771,0.536407011226255,1.53,3.8,6.5,1.0705988198248262,0.6104945747546898,0.245804394572283,0.143701030673027,1.53,0.7076437380616988,0.08269491923439914,0.15602814949886631,1,1,0.53,41.44
2010,16,2010-12-19,almeria,getafe,2010|2010-12-19|almeria|getafe,2010|2010-12-19|almeria|getafe,A,H,0.5128503352781886,0.2747865693766515,0.21236309534515996,0.5128503352781886,1.026472801443173,0.23806376590153705,2.5,3.2,2.8,1.0696428571428571,0.3739565943238731,0.2921535893155259,0.333889816360601,2.5,0.5128503352781886,0.28212583819547143,0.1880838921303143,1,0,-1.0,40.44
2010,16,2010-12-19,malaga,ath madrid,2010|2010-12-19|malaga|ath madrid,2010|2010-12-19|malaga|athmadrid,A,A,0.3107923234592844,0.2331148408057291,0.45609283573498643,0.45609283573498643,1.060728527941817,0.145300512275702,3.25,3.5,2.1,1.0695970695970696,0.28767123287671237,0.2671232876712329,0.4452054794520548,2.1,0.45609283573498643,-0.04220504495652844,0.0,1,1,1.1,41.54
2010,16,2010-12-19,osasuna,zaragoza,2010|2010-12-19|osasuna|zaragoza,2010|2010-12-19|osasuna|zaragoza,D,H,0.43663909848955357,0.29995402209806504,0.26340687941238144,0.43663909848955357,1.0744020629671074,0.13668507639148852,2.0,3.4,3.75,1.0607843137254902,0.47134935304990755,0.27726432532347506,0.2513863216266174,2.0,0.43663909848955357,-0.1267218030208928,0.0,1,0,-1.0,40.54
2010,16,2010-12-19,real madrid,sevilla,2010|2010-12-19|real madrid|sevilla,2010|2010-12-19|realmadrid|sevilla,H,H,0.8428502482700052,0.09716465988498162,0.05998509184501322,0.8428502482700052,0.5394009801028613,0.7456855883850236,1.2,6.5,13.0,1.064102564102564,0.783132530120482,0.14457831325301207,0.07228915662650603,1.2,0.8428502482700052,0.0114202979240062,0.05710148962003102,1,1,0.19999999999999996,40.74
2010,16,2010-12-20,santander,hercules,2010|2010-12-20|santander|hercules,2010|2010-12-20|santander|hercules,D,H,0.5897862895456755,0.26880548480066485,0.1414082256536597,0.5897862895456755,0.9411613216634253,0.3209808047450106,1.91,3.4,4.0,1.0676778564829073,0.4903728275762602,0.2754741472560756,0.23415302516766426,1.91,0.5897862895456755,0.1264918130322401,0.13900199234312102,1,0,-1.0,39.74
2010,17,2011-01-02,ath bilbao,la coruna,2010|2011-01-02|ath bilbao|la coruna,2010|2011-01-02|athbilbao|lacoruna,A,H,0.6515418344287746,0.2353631162643682,0.11309504930685728,0.6515418344287746,0.8661054579788495,0.4161787181644063,1.67,3.5,5.5,1.0663348627420484,0.5615519253208868,0.26794049008168025,0.1705075845974329,1.67,0.6515418344287746,0.08807486349605348,0.1314550201433634,1,0,-1.0,38.74
2010,17,2011-01-02,barcelona,levante,2010|2011-01-02|barcelona|levante,2010|2011-01-02|barcelona|levante,H,H,0.8946443380561985,0.06062484949697831,0.04473081244682328,0.8946443380561985,0.4085171740850275,0.8340194885592201,1.06,11.0,29.0,1.068788075944875,0.8826784726065301,0.08505810736026563,0.032263420033204204,1.06,0.8946443380561985,-0.05167700166042957,0.0,1,1,0.06000000000000005,38.8
2010,17,2011-01-02,sevilla,osasuna,2010|2011-01-02|sevilla|osasuna,2010|2011-01-02|sevilla|osasuna,H,H,0.631614155749186,0.22654244437371093,0.141843399877103,0.631614155749186,0.9036119865224866,0.40507171137547504,1.62,3.75,5.5,1.0657687991021325,0.5791912384161751,0.2502106149957877,0.17059814658803707,1.62,0.631614155749186,0.02321493231368138,0.037443439215615125,1,1,0.6200000000000001,39.42
2010,17,2011-01-02,sp gijon,malaga,2010|2011-01-02|sp gijon|malaga,2010|2011-01-02|spgijon|malaga,A,H,0.3972974383489444,0.31887479311221467,0.28382776853884084,0.3972974383489444,1.0886426625131067,0.0784226452367297,2.2,3.3,3.25,1.0652680652680653,0.42669584245076586,0.2844638949671772,0.2888402625820569,2.2,0.3972974383489444,-0.1259456356323223,0.0,1,0,-1.0,38.42
2010,17,2011-01-02,valencia,espanol,2010|2011-01-02|valencia|espanol,2010|2011-01-02|valencia|espanol,H,H,0.6971933520440915,0.1829062372219016,0.11990041073400676,0.6971933520440915,0.8165101847425467,0.5142871148221899,1.62,3.75,5.5,1.0657687991021325,0.5791912384161751,0.2502106149957877,0.17059814658803707,1.62,0.6971933520440915,0.1294532303114283,0.2087955327603682,1,1,0.6200000000000001,39.04
2010,17,2011-01-03,ath madrid,santander,2010|2011-01-03|ath madrid|santander,2010|2011-01-03|athmadrid|santander,D,H,0.7647913803917258,0.15546287605135256,0.07974574355692163,0.7647913803917258,0.6961210049335651,0.6093285043403732,1.44,4.33,7.0,1.0682484695186774,0.6500776404176282,0.2161921021250311,0.13373025745734066,1.44,0.7647913803917258,0.1012995877640851,0.23022633582746616,1,0,-1.0,38.04
2010,17,2011-01-03,getafe,real madrid,2010|2011-01-03|getafe|real madrid,2010|2011-01-03|getafe|realmadrid,A,A,0.06878606765898947,0.12181085145874401,0.8094030808822664,0.8094030808822664,0.6117249970694267,0.6875922294235224,10.0,5.25,1.29,1.0656699889258028,0.09383768055699887,0.1787384391561883,0.7274238802868128,1.29,0.8094030808822664,0.04412997433812371,0.15217232530387484,1,1,0.29000000000000004,38.33
2010,17,2011-01-03,mallorca,hercules,2010|2011-01-03|mallorca|hercules,2010|2011-01-03|mallorca|hercules,H,H,0.6029297311982749,0.24588159156021377,0.15118867724151128,0.6029297311982749,0.9356333319807235,0.3570481396380611,1.83,3.4,4.5,1.0627879567127398,0.5141647343482205,0.27674160701683637,0.209093658634943,1.83,0.6029297311982749,0.103361408092843,0.1245318169793289,1,1,0.8300000000000001,39.160000000000004
2010,17,2011-01-03,villarreal,almeria,2010|2011-01-03|villarreal|almeria,2010|2011-01-03|villarreal|almeria,H,H,0.691947814776327,0.17057932494428382,0.1374728602793891,0.691947814776327,0.829276383546999,0.5213684898320432,1.44,4.33,7.0,1.0682484695186774,0.6500776404176282,0.2161921021250311,0.13373025745734066,1.44,0.691947814776327,-0.0035951467220891042,0.0,1,1,0.43999999999999995,39.6
2010,17,2011-01-03,zaragoza,sociedad,2010|2011-01-03|zaragoza|sociedad,2010|2011-01-03|zaragoza|sociedad,H,H,0.4518856148822776,0.29453972913159,0.25357465598613244,0.4518856148822776,1.0669017050161143,0.1573458857506876,2.2,3.4,3.2,1.061163101604278,0.42834645669291344,0.2771653543307087,0.29448818897637796,2.2,0.4518856148822776,-0.005851647258989234,0.0,1,1,1.2000000000000002,40.8
2010,18,2011-01-08,la coruna,barcelona,2010|2011-01-08|la coruna|barcelona,2010|2011-01-08|lacoruna|barcelona,A,A,0.05166806355745808,0.15445180179214585,0.793880134650396,0.793880134650396,0.6248301122823209,0.6394283328582502,13.0,6.5,1.2,1.064102564102564,0.07228915662650603,0.14457831325301207,0.783132530120482,1.2,0.793880134650396,-0.04734383841952486,0.0,1,1,0.19999999999999996,41.0
2010,18,2011-01-08,malaga,ath bilbao,2010|2011-01-08|malaga|ath bilbao,2010|2011-01-08|malaga|athbilbao,D,H,0.4997754695278307,0.25821183000828135,0.24201270046388804,0.4997754695278307,1.039613962799696,0.24156363951954934,2.25,3.4,3.1,1.0611427366645583,0.41883568448241604,0.27717067355454006,0.3039936419630439,2.25,0.4997754695278307,0.12449480643761901,0.0995958451500952,1,0,-1.0,40.0
2010,18,2011-01-08,sociedad,sevilla,2010|2011-01-08|sociedad|sevilla,2010|2011-01-08|sociedad|sevilla,A,A,0.2514083452179188,0.30731467005343704,0.44127698472864424,0.44127698472864424,1.0707100303045838,0.1339623146752072,2.8,3.25,2.5,1.064835164835165,0.33539731682146534,0.2889576883384932,0.3756449948400412,2.5,0.44127698472864424,0.10319246182161057,0.06879497454774038,1,1,1.5,41.5
2010,18,2011-01-09,espanol,zaragoza,2010|2011-01-09|espanol|zaragoza,2010|2011-01-09|espanol|zaragoza,H,H,0.5508806716285057,0.2780671776451507,0.17105215072634353,0.5508806716285057,0.9863932095939998,0.272813493983355,1.73,3.6,4.75,1.0663387756481764,0.5420741468672235,0.26049674280008245,0.19742911033269403,1.73,0.5508806716285057,-0.04697643808268509,0.0,1,1,0.73,42.230000000000004
2010,18,2011-01-09,levante,valencia,2010|2011-01-09|levante|valencia,2010|2011-01-09|levante|valencia,A,A,0.22298237864314516,0.2531394544467848,0.52387816691007,0.52387816691007,1.0210732202394714,0.27073871246328524,4.33,3.4,1.85,1.065605069816454,0.21672840037901628,0.2760099922473943,0.5072616073735894,1.85,0.52387816691007,-0.030825391216370346,0.0,1,1,0.8500000000000001,43.08
2010,18,2011-01-09,mallorca,almeria,2010|2011-01-09|mallorca|almeria,2010|2011-01-09|mallorca|almeria,H,H,0.5587674044597126,0.24155024797532787,0.1996823475649595,0.5587674044597126,0.9900737198970697,0.31721715648438475,1.73,3.4,4.5,1.0943745513619705,0.5281872475575656,0.26875409949252604,0.20305865294990852,1.73,0.5587674044597126,-0.033332390284697144,0.0,1,1,0.73,43.81
2010,18,2011-01-09,osasuna,getafe,2010|2011-01-09|osasuna|getafe,2010|2011-01-09|osasuna|getafe,D,H,0.46483464566986965,0.2507212864529038,0.28444406787722654,0.46483464566986965,1.060557085894423,0.18039057779264311,2.25,3.25,3.2,1.0646367521367521,0.41746111389864526,0.28901154039136984,0.29352734570998495,2.25,0.46483464566986965,0.04587795275720674,0.03670236220576539,1,0,-1.0,42.81
2010,18,2011-01-09,real madrid,villarreal,2010|2011-01-09|real madrid|villarreal,2010|2011-01-09|realmadrid|villarreal,H,H,0.8117043011356021,0.10321788411613081,0.08507781474826712,0.8117043011356021,0.6133837374592426,0.7084864170194713,1.29,5.5,10.0,1.0570119802677942,0.7333822254816987,0.17201146743116208,0.09460630708713914,1.29,0.8117043011356021,0.047098548464926754,0.16240878781009224,1,1,0.29000000000000004,43.1
2010,18,2011-01-09,santander,sp gijon,2010|2011-01-09|santander|sp gijon,2010|2011-01-09|santander|spgijon,D,H,0.43262486519144583,0.3312284775855322,0.23614665722302186,0.43262486519144583,1.069310448215433,0.10139638760591363,1.91,3.4,4.0,1.0676778564829073,0.4903728275762602,0.2754741472560756,0.23415302516766426,1.91,0.43262486519144583,-0.1736865074843385,0.0,1,0,-1.0,42.1
2010,18,2011-01-10,hercules,ath madrid,2010|2011-01-10|hercules|ath madrid,2010|2011-01-10|hercules|athmadrid,H,A,0.3747726324865414,0.24184670279602846,0.38338066471743015,0.38338066471743015,1.078662204222724,0.00860803223088874,2.9,3.25,2.4,1.069186560565871,0.3225139549307422,0.28778168286127764,0.3897043622079801,2.4,0.38338066471743015,-0.07988640467816766,0.0,1,0,-1.0,41.1
2010,19,2011-01-15,ath bilbao,santander,2010|2011-01-15|ath bilbao|santander,2010|2011-01-15|athbilbao|santander,H,H,0.6754923164370392,0.21551145966713267,0.10899622389582807,0.6754923164370392,0.8373428801441237,0.4599808567699065,1.67,3.6,5.25,1.067056363463549,0.5611722264285397,0.26032156059323924,0.17850621297822117,1.67,0.6754923164370392,0.12807216844985547,0.1911524902236649,1,1,0.6699999999999999,41.77
2010,19,2011-01-15,getafe,sociedad,2010|2011-01-15|getafe|sociedad,2010|2011-01-15|getafe|sociedad,A,H,0.6519139680058208,0.2063453813818881,0.14174065061229105,0.6519139680058208,0.8814983922592379,0.4455685866239327,1.8,3.25,5.0,1.0632478632478632,0.522508038585209,0.28938906752411575,0.18810289389067525,1.8,0.6519139680058208,0.17344514241047748,0.21680642801309685,1,0,-1.0,40.77
2010,19,2011-01-15,sevilla,espanol,2010|2011-01-15|sevilla|espanol,2010|2011-01-15|sevilla|espanol,A,H,0.6574848531191373,0.2273000785421332,0.11521506833872953,0.6574848531191373,0.8614214824155251,0.4301847745770041,1.73,3.5,5.0,1.0637489677952106,0.5433938829374321,0.2685918335662164,0.18801428349635152,1.73,0.6574848531191373,0.13744879589610748,0.1882860217754897,1,0,-1.0,39.77
2010,19,2011-01-15,sp gijon,hercules,2010|2011-01-15|sp gijon|hercules,2010|2011-01-15|spgijon|hercules,H,H,0.5204980117583647,0.2773841752048101,0.20211781303682505,0.5204980117583647,1.0187403623399656,0.24311383655355462,2.2,3.3,3.25,1.0652680652680653,0.42669584245076586,0.2844638949671772,0.2888402625820569,2.2,0.5204980117583647,0.14509562586840252,0.12091302155700208,1,1,1.2000000000000002,40.97
2010,19,2011-01-15,villarreal,osasuna,2010|2011-01-15|villarreal|osasuna,2010|2011-01-15|villarreal|osasuna,H,H,0.6810074125512166,0.16116363174614604,0.15782895570263736,0.6810074125512166,0.8471991474333636,0.5198437808050705,1.53,3.8,6.5,1.0705988198248262,0.6104945747546898,0.245804394572283,0.143701030673027,1.53,0.6810074125512166,0.04194134120336135,0.07913460604407802,1,1,0.53,41.5
2010,19,2011-01-15,zaragoza,levante,2010|2011-01-15|zaragoza|levante,2010|2011-01-15|zaragoza|levante,H,H,0.5630775852618529,0.2836910274104889,0.15323138732765823,0.5630775852618529,0.9682428438245407,0.279386557851364,1.91,3.4,4.0,1.0676778564829073,0.4903728275762602,0.2754741472560756,0.23415302516766426,1.91,0.5630775852618529,0.07547818785013904,0.08294306357158138,1,1,0.9099999999999999,42.410000000000004
2010,19,2011-01-16,almeria,real madrid,2010|2011-01-16|almeria|real madrid,2010|2011-01-16|almeria|realmadrid,D,A,0.09064976870259225,0.1915294258201693,0.7178208054772385,0.7178208054772385,0.7721538806243791,0.5262913796570692,10.0,6.0,1.25,1.0666666666666667,0.09375,0.15625,0.75,1.25,0.7178208054772385,-0.1027239931534519,0.0,1,0,-1.0,41.410000000000004
2010,19,2011-01-16,barcelona,malaga,2010|2011-01-16|barcelona|malaga,2010|2011-01-16|barcelona|malaga,H,H,0.890902519750335,0.06224080959455422,0.04685667065511084,0.890902519750335,0.41915653880670267,0.8286617101557807,1.08,10.0,23.0,1.069404186795491,0.8658334588164432,0.09351001355217589,0.040656527631380814,1.08,0.890902519750335,-0.03782527866963817,0.0,1,1,0.08000000000000007,41.49
2010,19,2011-01-16,valencia,la coruna,2010|2011-01-16|valencia|la coruna,2010|2011-01-16|valencia|lacoruna,H,H,0.7178328879123492,0.17291467933660581,0.10925243275104482,0.7178328879123492,0.7833278707885405,0.5449182085757434,1.44,4.2,7.5,1.0658730158730159,0.6515264333581534,0.22338049143708116,0.12509307520476545,1.44,0.7178328879123492,0.03367935859378285,0.07654399680405194,1,1,0.43999999999999995,41.93
2010,19,2011-01-17,ath madrid,mallorca,2010|2011-01-17|ath madrid|mallorca,2010|2011-01-17|athmadrid|mallorca,H,H,0.7027943507905293,0.1587918630325715,0.13841378617689915,0.7027943507905293,0.8137861220700449,0.5440024877579578,1.83,3.5,4.33,1.0631092553630697,0.5140093406910212,0.2687534552755911,0.21723720403338773,1.83,0.7027943507905293,0.28611366194666865,0.3447152553574321,1,1,0.8300000000000001,42.76
2010,20,2011-01-22,barcelona,santander,2010|2011-01-22|barcelona|santander,2010|2011-01-22|barcelona|santander,H,H,0.8824382943191987,0.06924177129587569,0.04831993438492561,0.8824382943191987,0.44165448042994326,0.813196523023323,1.07,11.0,23.0,1.0689667910309926,0.8742829497546478,0.08504388693067938,0.040673163314672744,1.07,0.8824382943191987,-0.0557910250784573,0.0,1,1,0.07000000000000006,42.83
2010,20,2011-01-22,sevilla,levante,2010|2011-01-22|sevilla|levante,2010|2011-01-22|sevilla|levante,H,H,0.7171953825665021,0.2143457416037913,0.06845887582970672,0.7171953825665021,0.7521025330835729,0.5028496409627108,1.4,4.5,7.5,1.0698412698412698,0.6676557863501484,0.20771513353115725,0.12462908011869436,1.4,0.7171953825665021,0.004073535593102806,0.010183838982757017,1,1,0.3999999999999999,43.230000000000004
2010,20,2011-01-22,valencia,malaga,2010|2011-01-22|valencia|malaga,2010|2011-01-22|valencia|malaga,H,H,0.7133900997745058,0.1667829043314972,0.11982699589399687,0.7133900997745058,0.7938872745779004,0.5466071954430086,1.44,4.33,7.0,1.0682484695186774,0.6500776404176282,0.2161921021250311,0.13373025745734066,1.44,0.7133900997745058,0.027281743675288406,0.062003962898382746,1,1,0.43999999999999995,43.67
2010,20,2011-01-23,almeria,osasuna,2010|2011-01-23|almeria|osasuna,2010|2011-01-23|almeria|osasuna,H,H,0.45085517988540214,0.28731819459719543,0.2618266255174023,0.45085517988540214,1.068355251586404,0.1635369852882067,2.2,3.2,3.4,1.0611631016042782,0.4283464566929133,0.2944881889763779,0.27716535433070866,2.2,0.45085517988540214,-0.008118604252115191,0.0,1,1,1.2000000000000002,44.870000000000005
2010,20,2011-01-23,getafe,espanol,2010|2011-01-23|getafe|espanol,2010|2011-01-23|getafe|espanol,A,H,0.6060307226963727,0.2002852752320645,0.19368400207156286,0.6060307226963727,0.9435139065427071,0.4057454474643082,2.1,3.3,3.5,1.064935064935065,0.4471544715447154,0.2845528455284553,0.26829268292682923,2.1,0.6060307226963727,0.27266451766238275,0.24787683423852977,1,0,-1.0,43.870000000000005
2010,20,2011-01-23,real madrid,mallorca,2010|2011-01-23|real madrid|mallorca,2010|2011-01-23|realmadrid|mallorca,H,H,0.8561380960495704,0.08754857496875125,0.056313328981678325,0.8561380960495704,0.508211917427021,0.7685895210808191,1.17,7.0,15.0,1.0642246642246642,0.8031206975676917,0.13423588802202846,0.06264341441027994,1.17,0.8561380960495704,0.0016815723779972647,0.009891602223513325,1,1,0.16999999999999993,44.04
2010,20,2011-01-23,sp gijon,ath madrid,2010|2011-01-23|sp gijon|ath madrid,2010|2011-01-23|spgijon|athmadrid,H,H,0.39728241596715574,0.23484366552713823,0.36787391850570605,0.39728241596715574,1.0748637466342128,0.02940849746144969,2.9,3.3,2.38,1.0680259564640904,0.3228644248951739,0.28372934308969827,0.39340623201512787,2.9,0.39728241596715574,0.15211900630475161,0.0800626348972377,1,1,1.9,45.94
2010,20,2011-01-23,villarreal,sociedad,2010|2011-01-23|villarreal|sociedad,2010|2011-01-23|villarreal|sociedad,H,H,0.7826402218336539,0.12175281626047887,0.09560696190586718,0.7826402218336539,0.6726319335214253,0.660887405573175,1.5,4.1,6.5,1.0644152595372107,0.6263219741480611,0.22914218566392483,0.1445358401880141,1.5,0.7826402218336539,0.17396033275048084,0.3479206655009617,1,1,0.5,46.44
2010,20,2011-01-23,zaragoza,la coruna,2010|2011-01-23|zaragoza|la coruna,2010|2011-01-23|zaragoza|lacoruna,H,H,0.5007353966085096,0.29524659292800615,0.20401801046348417,0.5007353966085096,1.0308280251031365,0.20548880368050348,2.0,3.4,3.75,1.0607843137254902,0.47134935304990755,0.27726432532347506,0.2513863216266174,2.0,0.5007353966085096,0.0014707932170192617,0.0014707932170192617,1,1,1.0,47.44
2010,20,2011-01-24,ath bilbao,hercules,2010|2011-01-24|ath bilbao|hercules,2010|2011-01-24|athbilbao|hercules,H,H,0.6547939840541925,0.21931087995119147,0.12589513599461594,0.6547939840541925,0.87090840973165,0.43548310410300106,1.73,3.6,4.75,1.0663387756481764,0.5420741468672235,0.26049674280008245,0.19742911033269403,1.73,0.6547939840541925,0.13279359241375305,0.1819090307037713,1,1,0.73,48.17
2010,21,2011-01-29,hercules,barcelona,2010|2011-01-29|hercules|barcelona,2010|2011-01-29|hercules|barcelona,A,A,0.055373318169562,0.18150885192039343,0.7631178299100446,0.7631178299100446,0.6762707824450536,0.5816089779896512,15.0,7.0,1.17,1.0642246642246642,0.06264341441027994,0.13423588802202846,0.8031206975676917,1.17,0.7631178299100446,-0.10715213900524784,0.0,1,1,0.16999999999999993,48.34
2010,21,2011-01-29,la coruna,sevilla,2010|2011-01-29|la coruna|sevilla,2010|2011-01-29|lacoruna|sevilla,D,A,0.21076475860196953,0.34315299640416275,0.4460822449938679,0.4460822449938679,1.0552933500848378,0.10292924858970515,3.5,3.3,2.1,1.064935064935065,0.26829268292682923,0.2845528455284553,0.4471544715447154,2.1,0.4460822449938679,-0.06322728551287732,0.0,1,0,-1.0,47.34
2010,21,2011-01-29,levante,getafe,2010|2011-01-29|levante|getafe,2010|2011-01-29|levante|getafe,H,A,0.2905227381005246,0.2976338187224798,0.4118434431769956,0.4118434431769956,1.0851585452121868,0.11420962445451582,2.8,3.25,2.5,1.064835164835165,0.33539731682146534,0.2889576883384932,0.3756449948400412,2.5,0.4118434431769956,0.029608607942488985,0.019739071961659322,1,0,-1.0,46.34
2010,21,2011-01-29,malaga,zaragoza,2010|2011-01-29|malaga|zaragoza,2010|2011-01-29|malaga|zaragoza,A,H,0.6031567102618692,0.26668215821753743,0.1301611315205934,0.6031567102618692,0.9228123312914049,0.3364745520443318,1.83,3.5,4.33,1.0631092553630697,0.5140093406910212,0.2687534552755911,0.21723720403338773,1.83,0.6031567102618692,0.10377677977922073,0.12503226479424184,1,0,-1.0,45.34
2010,21,2011-01-29,mallorca,sp gijon,2010|2011-01-29|mallorca|sp gijon,2010|2011-01-29|mallorca|spgijon,A,H,0.6585621119206999,0.21288994444371723,0.12854794363558295,0.6585621119206999,0.8681256309145325,0.4456721674769827,1.8,3.25,5.0,1.0632478632478632,0.522508038585209,0.28938906752411575,0.18810289389067525,1.8,0.6585621119206999,0.18541180145725988,0.23176475182157485,1,0,-1.0,44.34
2010,21,2011-01-29,sociedad,almeria,2010|2011-01-29|sociedad|almeria,2010|2011-01-29|sociedad|almeria,H,H,0.4407934926041908,0.3319675498553431,0.2272389575404661,0.4407934926041908,1.0638673271453662,0.10882594274884771,2.0,3.4,3.75,1.0607843137254902,0.47134935304990755,0.27726432532347506,0.2513863216266174,2.0,0.4407934926041908,-0.11841301479161842,0.0,1,1,1.0,45.34
2010,21,2011-01-30,ath madrid,ath bilbao,2010|2011-01-30|ath madrid|ath bilbao,2010|2011-01-30|athmadrid|athbilbao,A,H,0.60187481887674,0.18942696070804793,0.20869822041521205,0.60187481887674,0.9477369183164601,0.39317659846152797,1.83,3.5,4.33,1.0631092553630697,0.5140093406910212,0.2687534552755911,0.21723720403338773,1.83,0.60187481887674,0.1014309185444342,0.12220592595714963,1,0,-1.0,44.34
2010,21,2011-01-30,espanol,villarreal,2010|2011-01-30|espanol|villarreal,2010|2011-01-30|espanol|villarreal,A,H,0.4336403239729601,0.24071739881625406,0.3256422772107859,0.4336403239729601,1.070493276418025,0.10799804676217417,2.5,3.25,2.8,1.0648351648351648,0.3756449948400413,0.28895768833849333,0.33539731682146545,2.5,0.4336403239729601,0.08410080993240021,0.05606720662160014,1,0,-1.0,43.34
2010,21,2011-01-30,osasuna,real madrid,2010|2011-01-30|osasuna|real madrid,2010|2011-01-30|osasuna|realmadrid,H,A,0.08391636047266021,0.18125092062601814,0.7348327189013215,0.7348327189013215,0.7439038686431922,0.5535817982753034,9.0,5.0,1.33,1.0629908103592314,0.10452687834014461,0.1881483810122603,0.7073247406475951,1.33,0.7348327189013215,-0.02267248386124235,0.0,1,0,-1.0,42.34
2010,21,2011-01-31,santander,valencia,2010|2011-01-31|santander|valencia,2010|2011-01-31|santander|valencia,D,A,0.25805422613343576,0.27455015113843134,0.46739562272813295,0.46739562272813295,1.05993730452664,0.1928454715897016,3.5,3.3,2.1,1.064935064935065,0.26829268292682923,0.2845528455284553,0.4471544715447154,2.1,0.46739562272813295,-0.01846919227092081,0.0,1,0,-1.0,41.34
2010,22,2011-02-05,almeria,espanol,2010|2011-02-05|almeria|espanol,2010|2011-02-05|almeria|espanol,H,H,0.47805907639069084,0.28005025398232886,0.24189066962698033,0.47805907639069084,1.0525697560315543,0.19800882240836198,2.5,3.3,2.75,1.0666666666666669,0.37499999999999994,0.28409090909090906,0.34090909090909083,2.5,0.47805907639069084,0.19514769097672713,0.1300984606511514,1,1,1.5,42.84
2010,22,2011-02-05,ath bilbao,sp gijon,2010|2011-02-05|ath bilbao|sp gijon,2010|2011-02-05|athbilbao|spgijon,H,H,0.6775854389626135,0.1855655321182228,0.1368490289191638,0.6775854389626135,0.8484622101959935,0.4920199068443907,1.67,3.5,5.5,1.0663348627420484,0.5615519253208868,0.26794049008168025,0.1705075845974329,1.67,0.6775854389626135,0.13156768306756444,0.19636967622024545,1,1,0.6699999999999999,43.51
2010,22,2011-02-05,barcelona,ath madrid,2010|2011-02-05|barcelona|ath madrid,2010|2011-02-05|barcelona|athmadrid,H,H,0.8987800628927156,0.044025232654208234,0.05719470445307606,0.8987800628927156,0.3970563678116272,0.8415853584396396,1.14,7.5,17.0,1.0693498452012384,0.820304960432349,0.12468635398571704,0.05500868558193399,1.14,0.8987800628927156,0.024609271697695723,0.17578051212639814,1,1,0.1399999999999999,43.65
2010,22,2011-02-05,getafe,la coruna,2010|2011-02-05|getafe|la coruna,2010|2011-02-05|getafe|lacoruna,H,H,0.566221470407346,0.2546837531714126,0.17909477642124128,0.566221470407346,0.9784034570122684,0.31153771723593343,1.83,3.5,4.33,1.0631092553630697,0.5140093406910212,0.2687534552755911,0.21723720403338773,1.83,0.566221470407346,0.03618529084544331,0.043596735958365426,1,1,0.8300000000000001,44.480000000000004
2010,22,2011-02-05,osasuna,mallorca,2010|2011-02-05|osasuna|mallorca,2010|2011-02-05|osasuna|mallorca,D,H,0.5132735555658776,0.2809164271644192,0.20581001726970322,0.5132735555658776,1.0243498001302525,0.2323571284014584,2.1,3.3,3.5,1.064935064935065,0.4471544715447154,0.2845528455284553,0.26829268292682923,2.1,0.5132735555658776,0.07787446668834308,0.07079496971667552,1,0,-1.0,43.480000000000004
2010,22,2011-02-05,villarreal,levante,2010|2011-02-05|villarreal|levante,2010|2011-02-05|villarreal|levante,A,H,0.8330659777843733,0.0986787366211043,0.06825528559452233,0.8330659777843733,0.5639132242796437,0.734387241163269,1.25,5.25,13.0,1.0673992673992674,0.7494852436513384,0.17844886753603295,0.0720658888126287,1.25,0.8330659777843733,0.04133247223046663,0.1653298889218665,1,0,-1.0,42.480000000000004
2010,22,2011-02-05,zaragoza,santander,2010|2011-02-05|zaragoza|santander,2010|2011-02-05|zaragoza|santander,D,H,0.5041410891793244,0.30645143734887514,0.1894074734718004,0.5041410891793244,1.0228711702006072,0.1976896518304493,2.0,3.3,3.75,1.0696969696969696,0.4674220963172805,0.28328611898017003,0.2492917847025496,2.0,0.5041410891793244,0.008282178358648862,0.008282178358648862,1,0,-1.0,41.480000000000004
2010,22,2011-02-06,real madrid,sociedad,2010|2011-02-06|real madrid|sociedad,2010|2011-02-06|realmadrid|sociedad,H,H,0.8646291926539704,0.08926188034263928,0.04610892700339028,0.8646291926539704,0.48330266278924794,0.7753673123113312,1.17,6.5,19.0,1.0611785874943769,0.8054260279779569,0.14497668503603223,0.04959728698601102,1.17,0.8646291926539704,0.011616155405145323,0.06833032591261957,1,1,0.16999999999999993,41.65
2010,22,2011-02-06,sevilla,malaga,2010|2011-02-06|sevilla|malaga,2010|2011-02-06|sevilla|malaga,D,H,0.6566230978517278,0.2099360172841162,0.13344088486415603,0.6566230978517278,0.872668279106807,0.4466870805676116,1.53,4.0,6.0,1.0702614379084967,0.6106870229007634,0.233587786259542,0.15572519083969466,1.53,0.6566230978517278,0.004633339713143558,0.008742150402157657,1,0,-1.0,40.65
2010,22,2011-02-06,valencia,hercules,2010|2011-02-06|valencia|hercules,2010|2011-02-06|valencia|hercules,H,H,0.7271412609282077,0.1483130998260457,0.12454563924574652,0.7271412609282077,0.7741763367886889,0.5788281611021621,1.44,4.2,7.5,1.0658730158730159,0.6515264333581534,0.22338049143708116,0.12509307520476545,1.44,0.7271412609282077,0.047083415736619116,0.10700776303777074,1,1,0.43999999999999995,41.09
2010,23,2011-02-12,ath madrid,valencia,2010|2011-02-12|ath madrid|valencia,2010|2011-02-12|athmadrid|valencia,A,H,0.5435733419141149,0.20586568502307545,0.25056097306280967,0.5435733419141149,1.003524048741641,0.2930123688513052,2.1,3.4,3.4,1.0644257703081232,0.4473684210526316,0.27631578947368424,0.27631578947368424,2.1,0.5435733419141149,0.1415040180196413,0.12864001638149208,1,0,-1.0,40.09
2010,23,2011-02-12,santander,sevilla,2010|2011-02-12|santander|sevilla,2010|2011-02-12|santander|sevilla,H,A,0.3254856164992074,0.3225072727060028,0.3520071107947899,0.3520071107947899,1.0978278727848876,0.026521494295582537,3.0,3.4,2.3,1.0622335890878092,0.3138041733547351,0.2768860353130016,0.40930979133226325,2.3,0.3520071107947899,-0.1903836451719832,0.0,1,0,-1.0,39.09
2010,23,2011-02-12,sp gijon,barcelona,2010|2011-02-12|sp gijon|barcelona,2010|2011-02-12|spgijon|barcelona,D,A,0.06569161258307717,0.14040230812697846,0.7939060792899444,0.7939060792899444,0.6377336442841568,0.6535037711629659,15.0,8.0,1.14,1.068859649122807,0.062371768567911365,0.11694706606483381,0.8206811653672549,1.14,0.7939060792899444,-0.09494706960946347,0.0,1,0,-1.0,38.09
2010,23,2011-02-13,espanol,real madrid,2010|2011-02-13|espanol|real madrid,2010|2011-02-13|espanol|realmadrid,A,A,0.10630373944758077,0.16267835400504038,0.7310179065473789,0.7310179065473789,0.762736291416815,0.5683395525423385,7.0,4.33,1.44,1.0682484695186774,0.13373025745734066,0.2161921021250311,0.6500776404176282,1.44,0.7310179065473789,0.05266578542822553,0.11969496688233076,1,1,0.43999999999999995,38.53
2010,23,2011-02-13,hercules,zaragoza,2010|2011-02-13|hercules|zaragoza,2010|2011-02-13|hercules|zaragoza,H,H,0.5189141794866755,0.2885689615867936,0.19251685892653092,0.5189141794866755,1.016241321318867,0.23034521789988188,2.0,3.4,3.75,1.0607843137254902,0.47134935304990755,0.27726432532347506,0.2513863216266174,2.0,0.5189141794866755,0.03782835897335102,0.03782835897335102,1,1,1.0,39.53
2010,23,2011-02-13,la coruna,villarreal,2010|2011-02-13|la coruna|villarreal,2010|2011-02-13|lacoruna|villarreal,H,A,0.30175936493201927,0.2852216851856678,0.413018949882313,0.413018949882313,1.0845697771969938,0.11125958495029376,3.5,3.3,2.1,1.064935064935065,0.26829268292682923,0.2845528455284553,0.4471544715447154,2.1,0.413018949882313,-0.13266020524714262,0.0,1,0,-1.0,38.53
2010,23,2011-02-13,levante,almeria,2010|2011-02-13|levante|almeria,2010|2011-02-13|levante|almeria,H,D,0.3308103164300059,0.3894105758739363,0.2797791076960577,0.3894105758739363,1.089577031448544,0.05860025944393038,2.3,3.3,3.1,1.0603935568872456,0.41002004008016035,0.28577154308617236,0.30420841683366734,3.3,0.3894105758739363,0.28505490038398973,0.12393691321043032,1,0,-1.0,37.53
2010,23,2011-02-13,malaga,getafe,2010|2011-02-13|malaga|getafe,2010|2011-02-13|malaga|getafe,D,H,0.447319792111538,0.27435831846618075,0.2783218894222812,0.447319792111538,1.0706609723345795,0.1689979026892568,2.1,3.4,3.4,1.0644257703081232,0.4473684210526316,0.27631578947368424,0.27631578947368424,2.1,0.447319792111538,-0.060628436565770216,0.0,1,0,-1.0,36.53
2010,23,2011-02-13,sociedad,osasuna,2010|2011-02-13|sociedad|osasuna,2010|2011-02-13|sociedad|osasuna,H,H,0.4671084729575696,0.28569259211986536,0.24719893492256517,0.4671084729575696,1.0589626568516588,0.1814158808377042,2.1,3.25,3.6,1.0616605616605617,0.4485336400230017,0.2898217366302473,0.26164462334675104,2.1,0.4671084729575696,-0.01907220678910382,0.0,1,1,1.1,37.63
2010,23,2011-02-14,mallorca,ath bilbao,2010|2011-02-14|mallorca|ath bilbao,2010|2011-02-14|mallorca|athbilbao,H,H,0.5528585253316649,0.20095844812401098,0.24618302654432406,0.5528585253316649,0.9951925729577031,0.30667549878734085,2.1,3.4,3.4,1.0644257703081232,0.4473684210526316,0.27631578947368424,0.27631578947368424,2.1,0.5528585253316649,0.16100290319649635,0.1463662756331785,1,1,1.1,38.730000000000004
2010,24,2011-02-19,real madrid,levante,2010|2011-02-19|real madrid|levante,2010|2011-02-19|realmadrid|levante,H,H,0.880915270058334,0.07895304516016932,0.040131684781496764,0.880915270058334,0.4411956735241307,0.8019622248981647,1.14,7.5,17.0,1.0693498452012384,0.820304960432349,0.12468635398571704,0.05500868558193399,1.14,0.880915270058334,0.004243407866500709,0.0303100561892908,1,1,0.1399999999999999,38.87
2010,24,2011-02-19,valencia,sp gijon,2010|2011-02-19|valencia|sp gijon,2010|2011-02-19|valencia|spgijon,D,H,0.7423520590977448,0.15754957532774766,0.10009836557450753,0.7423520590977448,0.7427107781860832,0.5848024837699972,1.44,4.33,7.0,1.0682484695186774,0.6500776404176282,0.2161921021250311,0.13373025745734066,1.44,0.7423520590977448,0.06898696510075253,0.15678855704716485,1,0,-1.0,37.87
2010,24,2011-02-19,zaragoza,ath madrid,2010|2011-02-19|zaragoza|ath madrid,2010|2011-02-19|zaragoza|athmadrid,A,A,0.32019356752742845,0.2657469779204963,0.4140594545520754,0.4140594545520754,1.0819117689022284,0.09386588702464693,2.88,3.3,2.4,1.066919191919192,0.32544378698224846,0.2840236686390532,0.3905325443786982,2.4,0.4140594545520754,-0.006257309075019091,0.0,1,1,1.4,39.27
2010,24,2011-02-20,almeria,la coruna,2010|2011-02-20|almeria|la coruna,2010|2011-02-20|almeria|lacoruna,D,H,0.43559808690262664,0.33033310456658854,0.23406880853078493,0.43559808690262664,1.0677927875780013,0.1052649823360381,2.05,3.3,3.6,1.0686129588568614,0.4564841498559078,0.28357348703170027,0.25994236311239194,2.05,0.43559808690262664,-0.10702392184961551,0.0,1,0,-1.0,38.27
2010,24,2011-02-20,barcelona,ath bilbao,2010|2011-02-20|barcelona|ath bilbao,2010|2011-02-20|barcelona|athbilbao,H,H,0.8828371737813103,0.04583051348434891,0.07133231273434083,0.8828371737813103,0.4396471107060329,0.8115048610469695,1.13,7.5,21.0,1.0659081331647704,0.8302364197042776,0.12508895390211117,0.044674626393611125,1.13,0.8828371737813103,-0.002393993627119423,0.0,1,1,0.1299999999999999,38.4
2010,24,2011-02-20,getafe,santander,2010|2011-02-20|getafe|santander,2010|2011-02-20|getafe|santander,A,H,0.6342553183255059,0.2209350450729712,0.144809636601523,0.6342553183255059,0.9021864050969124,0.4133202732525346,1.8,3.5,4.5,1.0634920634920635,0.5223880597014926,0.26865671641791045,0.208955223880597,1.8,0.6342553183255059,0.1416595729859106,0.17707446623238823,1,0,-1.0,37.4
2010,24,2011-02-20,osasuna,espanol,2010|2011-02-20|osasuna|espanol,2010|2011-02-20|osasuna|espanol,H,H,0.49705766493467585,0.2793235967946893,0.22361873827063494,0.49705766493467585,1.038651711196346,0.21773406813998653,2.2,3.3,3.25,1.0652680652680653,0.42669584245076586,0.2844638949671772,0.2888402625820569,2.2,0.49705766493467585,0.09352686285628697,0.07793905238023914,1,1,1.2000000000000002,38.6
2010,24,2011-02-20,sevilla,hercules,2010|2011-02-20|sevilla|hercules,2010|2011-02-20|sevilla|hercules,H,H,0.6580306833446643,0.20653438254283657,0.13543493411249907,0.6580306833446643,0.8719227493465229,0.45149630080182773,1.57,3.8,6.0,1.0667672365627445,0.5970774629445346,0.24668726758497875,0.15623526947048655,1.57,0.6580306833446643,0.033108172851123,0.05808451377389999,1,1,0.5700000000000001,39.17
2010,24,2011-02-20,villarreal,malaga,2010|2011-02-20|villarreal|malaga,2010|2011-02-20|villarreal|malaga,D,H,0.6908724084956003,0.14879602309909545,0.16033156840530433,0.6908724084956003,0.8324564892211531,0.530540840090296,1.5,4.1,6.5,1.0644152595372107,0.6263219741480611,0.22914218566392483,0.1445358401880141,1.5,0.6908724084956003,0.036308612743400415,0.07261722548680083,1,0,-1.0,38.17
2010,24,2011-02-21,sociedad,mallorca,2010|2011-02-21|sociedad|mallorca,2010|2011-02-21|sociedad|mallorca,H,H,0.5229879123565765,0.23703672541598617,0.2399753622274373,0.5229879123565765,1.0227204515160824,0.2830125501291392,2.05,3.3,3.6,1.0686129588568614,0.4564841498559078,0.28357348703170027,0.25994236311239194,2.05,0.5229879123565765,0.07212522033098168,0.06869068602950637,1,1,1.0499999999999998,39.22
2010,25,2011-02-26,ath madrid,sevilla,2010|2011-02-26|ath madrid|sevilla,2010|2011-02-26|athmadrid|sevilla,D,H,0.5395750643098618,0.21842847960974626,0.24199645608039197,0.5395750643098618,1.0085503204100204,0.2975786082294698,2.1,3.4,3.4,1.0644257703081232,0.4473684210526316,0.27631578947368424,0.27631578947368424,2.1,0.5395750643098618,0.13310763505070977,0.1210069409551907,1,0,-1.0,38.22
2010,25,2011-02-26,espanol,sociedad,2010|2011-02-26|espanol|sociedad,2010|2011-02-26|espanol|sociedad,H,H,0.6131903763844557,0.23028334900095035,0.15652627461459395,0.6131903763844557,0.9283403138607931,0.38290702738350535,1.95,3.3,4.0,1.065850815850816,0.4811372334609076,0.2843083652268999,0.23455440131219243,1.95,0.6131903763844557,0.19572123394968866,0.20602235152598808,1,1,0.95,39.17
2010,25,2011-02-26,la coruna,real madrid,2010|2011-02-26|la coruna|real madrid,2010|2011-02-26|lacoruna|realmadrid,D,A,0.10411275174389407,0.22127028628914816,0.6746169619669576,0.6746169619669576,0.834825937280681,0.4533466756778095,7.5,4.5,1.4,1.0698412698412698,0.12462908011869436,0.20771513353115725,0.6676557863501484,1.4,0.6746169619669576,-0.05553625324625938,0.0,1,0,-1.0,38.17
2010,25,2011-02-26,mallorca,barcelona,2010|2011-02-26|mallorca|barcelona,2010|2011-02-26|mallorca|barcelona,A,A,0.1272723965499711,0.1953277591315732,0.6773998443184557,0.6773998443184557,0.8451906006191774,0.4820720851868825,8.5,5.0,1.33,1.0695267580716497,0.10999917293854934,0.1869985939955339,0.7030022330659168,1.33,0.6773998443184557,-0.0990582070564539,0.0,1,1,0.33000000000000007,38.5
2010,25,2011-02-26,sp gijon,zaragoza,2010|2011-02-26|sp gijon|zaragoza,2010|2011-02-26|spgijon|zaragoza,D,H,0.5177319217664978,0.2910128264880442,0.19125525174545785,0.5177319217664978,1.01640862939094,0.22671909527845363,1.91,3.4,4.0,1.0676778564829073,0.4903728275762602,0.2754741472560756,0.23415302516766426,1.91,0.5177319217664978,-0.011132029425989176,0.0,1,0,-1.0,37.5
2010,25,2011-02-27,ath bilbao,valencia,2010|2011-02-27|ath bilbao|valencia,2010|2011-02-27|athbilbao|valencia,A,H,0.43230498345804763,0.21325228724551668,0.3544427292964356,0.43230498345804763,1.0597066878524148,0.07786225416161202,2.3,3.3,3.1,1.0603935568872456,0.41002004008016035,0.28577154308617236,0.30420841683366734,2.3,0.43230498345804763,-0.005698538046490453,0.0,1,0,-1.0,36.5
2010,25,2011-02-27,hercules,getafe,2010|2011-02-27|hercules|getafe,2010|2011-02-27|hercules|getafe,D,H,0.3732219348011766,0.29606329446523677,0.3307147707335867,0.3732219348011766,1.0941393133968784,0.04250716406758992,2.3,3.3,3.1,1.0603935568872456,0.41002004008016035,0.28577154308617236,0.30420841683366734,2.3,0.3732219348011766,-0.1415895499572939,0.0,1,0,-1.0,35.5
2010,25,2011-02-27,levante,osasuna,2010|2011-02-27|levante|osasuna,2010|2011-02-27|levante|osasuna,H,H,0.3789098632542385,0.3343812789291027,0.28670885781665884,0.3789098632542385,1.0922034322804288,0.04452858432513579,2.4,3.2,3.0,1.0625,0.39215686274509803,0.29411764705882354,0.3137254901960784,2.4,0.3789098632542385,-0.09061632818982768,0.0,1,1,1.4,36.9
2010,25,2011-02-27,santander,villarreal,2010|2011-02-27|santander|villarreal,2010|2011-02-27|santander|villarreal,D,H,0.3920302362439085,0.33007267202941976,0.27789709172667176,0.3920302362439085,1.0888185123999752,0.061957564214488725,2.8,3.25,2.5,1.064835164835165,0.33539731682146534,0.2889576883384932,0.3756449948400412,2.8,0.3920302362439085,0.09768466148294375,0.0542692563794132,1,0,-1.0,35.9
2010,25,2011-02-28,malaga,almeria,2010|2011-02-28|malaga|almeria,2010|2011-02-28|malaga|almeria,H,H,0.5852802035362393,0.28336626725068,0.13135352921308066,0.5852802035362393,0.9374726312049493,0.30191393628555935,1.85,3.4,4.33,1.065605069816454,0.5072616073735894,0.2760099922473943,0.21672840037901628,1.85,0.5852802035362393,0.08276837654204283,0.09737456063769744,1,1,0.8500000000000001,36.75
2010,26,2011-03-01,espanol,mallorca,2010|2011-03-01|espanol|mallorca,2010|2011-03-01|espanol|mallorca,A,H,0.42834701676518105,0.2844278534775843,0.28722512975723447,0.42834701676518105,1.0790762522108903,0.1411218870079466,2.1,3.3,3.5,1.064935064935065,0.4471544715447154,0.2845528455284553,0.26829268292682923,2.1,0.42834701676518105,-0.10047126479311974,0.0,1,0,-1.0,35.75
2010,26,2011-03-01,sevilla,sp gijon,2010|2011-03-01|sevilla|sp gijon,2010|2011-03-01|sevilla|spgijon,H,H,0.7065021337389399,0.2059732551030331,0.08752461115802701,0.7065021337389399,0.7840944895639755,0.5005288786359068,1.57,4.0,5.5,1.0687608569774174,0.5959637003927942,0.23391575240417176,0.17012054720303402,1.57,0.7065021337389399,0.10920834997013568,0.1915935964388345,1,1,0.5700000000000001,36.32
2010,26,2011-03-02,getafe,ath madrid,2010|2011-03-02|getafe|ath madrid,2010|2011-03-02|getafe|athmadrid,D,A,0.32911082079403997,0.2374465136617087,0.4334426655442512,0.4334426655442512,1.0695207303914815,0.10433184475021123,2.7,3.25,2.6,1.0626780626780628,0.34852546916890076,0.28954423592493295,0.3619302949061662,2.6,0.4334426655442512,0.12695093041505312,0.0793443315094082,1,0,-1.0,35.32
2010,26,2011-03-02,osasuna,la coruna,2010|2011-03-02|osasuna|la coruna,2010|2011-03-02|osasuna|lacoruna,D,H,0.5707292642316446,0.2501670997470878,0.1791036360212675,0.5707292642316446,0.9747468320820779,0.3205621644845568,1.95,3.3,4.0,1.065850815850816,0.4811372334609076,0.2843083652268999,0.23455440131219243,1.95,0.5707292642316446,0.112922065251707,0.11886533184390212,1,0,-1.0,34.32
2010,26,2011-03-02,sociedad,levante,2010|2011-03-02|sociedad|levante,2010|2011-03-02|sociedad|levante,D,H,0.6118997366221702,0.21580230885973728,0.17229795451809254,0.6118997366221702,0.9344578683159301,0.39609742776243295,1.91,3.4,4.0,1.0676778564829073,0.4903728275762602,0.2754741472560756,0.23415302516766426,1.91,0.6118997366221702,0.16872849694834513,0.1854159307124672,1,0,-1.0,33.32
2010,26,2011-03-02,valencia,barcelona,2010|2011-03-02|valencia|barcelona,2010|2011-03-02|valencia|barcelona,A,A,0.12684293472529767,0.12586090961533064,0.7472961556593718,0.7472961556593718,0.7404452215087869,0.6204532209340741,5.5,4.0,1.57,1.0687608569774174,0.17012054720303402,0.23391575240417176,0.5959637003927942,1.57,0.7472961556593718,0.17325496438521376,0.303956077868796,1,1,0.5700000000000001,33.89
2010,26,2011-03-02,villarreal,hercules,2010|2011-03-02|villarreal|hercules,2010|2011-03-02|villarreal|hercules,H,H,0.6964524930885241,0.15058926299973097,0.15295824391174492,0.6964524930885241,0.8242340545637505,0.5434942491767791,1.5,4.0,7.0,1.0595238095238095,0.6292134831460674,0.23595505617977527,0.1348314606741573,1.5,0.6964524930885241,0.044678739632786124,0.08935747926557225,1,1,0.5,34.39
2010,26,2011-03-02,zaragoza,ath bilbao,2010|2011-03-02|zaragoza|ath bilbao,2010|2011-03-02|zaragoza|athbilbao,H,H,0.35859021635818084,0.3027093938340549,0.33870038980776423,0.35859021635818084,1.096183823507431,0.0198898265504166,2.6,3.25,2.7,1.0626780626780628,0.3619302949061662,0.28954423592493295,0.34852546916890076,2.6,0.35859021635818084,-0.06766543746872977,0.0,1,1,1.6,35.99
2010,26,2011-03-03,almeria,santander,2010|2011-03-03|almeria|santander,2010|2011-03-03|almeria|santander,D,H,0.47825885750232777,0.2964336305708439,0.2253075119268284,0.47825885750232777,1.048981682964997,0.1818252269314839,2.38,3.25,3.0,1.0611937082525318,0.39593908629441626,0.2899492385786802,0.3141116751269035,2.38,0.47825885750232777,0.1382560808555401,0.10018556583734789,1,0,-1.0,34.99
2010,26,2011-03-03,real madrid,malaga,2010|2011-03-03|real madrid|malaga,2010|2011-03-03|realmadrid|malaga,H,H,0.8883001960780922,0.07075112014031272,0.0409486837815951,0.8883001960780922,0.4234545645738717,0.8175490759377795,1.14,7.5,17.0,1.0693498452012384,0.820304960432349,0.12468635398571704,0.05500868558193399,1.14,0.8883001960780922,0.012662223529025005,0.0904444537787501,1,1,0.1399999999999999,35.13
2010,27,2011-03-05,ath madrid,villarreal,2010|2011-03-05|ath madrid|villarreal,2010|2011-03-05|athmadrid|villarreal,H,H,0.5992297036504262,0.17452780354329334,0.2262424928062805,0.5992297036504262,0.9477696526821993,0.37298721084414566,2.1,3.4,3.4,1.0644257703081232,0.4473684210526316,0.27631578947368424,0.27631578947368424,2.1,0.5992297036504262,0.258382377665895,0.23489307060535908,1,1,1.1,36.230000000000004
2010,27,2011-03-05,barcelona,zaragoza,2010|2011-03-05|barcelona|zaragoza,2010|2011-03-05|barcelona|zaragoza,H,H,0.872578257905636,0.056181341756532166,0.07124040033783183,0.872578257905636,0.46888606732354116,0.8013378575678042,1.1,9.0,21.0,1.0678210678210678,0.8513513513513513,0.10405405405405405,0.0445945945945946,1.1,0.872578257905636,-0.040163916303800284,0.0,1,1,0.10000000000000009,36.33
2010,27,2011-03-05,mallorca,valencia,2010|2011-03-05|mallorca|valencia,2010|2011-03-05|mallorca|valencia,A,H,0.4069865483524629,0.2797366788077188,0.3132767728398182,0.4069865483524629,1.085839573546612,0.0937097755126447,2.7,3.2,2.6,1.0674857549857548,0.3469557964970809,0.29274395329441205,0.3603002502085071,2.7,0.4069865483524629,0.09886368055164985,0.058155106206852845,1,0,-1.0,35.33
2010,27,2011-03-06,ath bilbao,sevilla,2010|2011-03-06|ath bilbao|sevilla,2010|2011-03-06|athbilbao|sevilla,H,H,0.45683520328456445,0.21227455410823787,0.3308902426071977,0.45683520328456445,1.0528527515643646,0.12594496067736677,2.4,3.3,2.9,1.0645245559038663,0.3914110429447853,0.2846625766871166,0.3239263803680982,2.4,0.45683520328456445,0.09640448788295464,0.06886034848782474,1,1,1.4,36.730000000000004
2010,27,2011-03-06,hercules,almeria,2010|2011-03-06|hercules|almeria,2010|2011-03-06|hercules|almeria,A,H,0.49468571037708675,0.32571767263885754,0.17959661698405566,0.49468571037708675,1.0219163107905644,0.16896803773822922,2.0,3.4,3.75,1.0607843137254902,0.47134935304990755,0.27726432532347506,0.2513863216266174,2.0,0.49468571037708675,-0.010628579245826497,0.0,1,0,-1.0,35.730000000000004
2010,27,2011-03-06,levante,espanol,2010|2011-03-06|levante|espanol,2010|2011-03-06|levante|espanol,H,A,0.3317347439175719,0.30541401246612393,0.3628512436163041,0.3628512436163041,1.0961351282779932,0.031116499698732203,2.38,3.2,3.0,1.066001400560224,0.39415339136147154,0.29315158482509446,0.31269502381343406,3.0,0.3628512436163041,0.08855373084891227,0.044276865424456135,1,0,-1.0,34.730000000000004
2010,27,2011-03-06,malaga,osasuna,2010|2011-03-06|malaga|osasuna,2010|2011-03-06|malaga|osasuna,A,H,0.5506735953192123,0.30436299486526025,0.14496340981552744,0.5506735953192123,0.9705532950035993,0.2463106004539521,2.0,3.3,3.75,1.0696969696969696,0.4674220963172805,0.28328611898017003,0.2492917847025496,2.0,0.5506735953192123,0.10134719063842468,0.10134719063842468,1,0,-1.0,33.730000000000004
2010,27,2011-03-06,santander,real madrid,2010|2011-03-06|santander|real madrid,2010|2011-03-06|santander|realmadrid,A,A,0.09874968305772235,0.1756059552287987,0.7256443617134791,0.7256443617134791,0.7668014981757043,0.5500384064846804,8.0,4.75,1.36,1.0708204334365323,0.11673292374412723,0.19660281893747744,0.6866642573183954,1.36,0.7256443617134791,-0.013123668069668304,0.0,1,1,0.3600000000000001,34.09
2010,27,2011-03-06,sp gijon,getafe,2010|2011-03-06|sp gijon|getafe,2010|2011-03-06|spgijon|getafe,H,H,0.38011332783420204,0.35654099790407706,0.2633456742617209,0.38011332783420204,1.086760035292188,0.02357232993012498,2.3,3.25,3.1,1.0650555615492503,0.40822528363047,0.28889789303079416,0.3028768233387358,2.3,0.38011332783420204,-0.12573934598133535,0.0,1,1,1.2999999999999998,35.39
2010,27,2011-03-07,la coruna,sociedad,2010|2011-03-07|la coruna|sociedad,2010|2011-03-07|lacoruna|sociedad,H,H,0.48355580689524935,0.2865563167255078,0.22988787637924285,0.48355580689524935,1.047462767031727,0.19699949016974155,2.2,3.25,3.25,1.06993006993007,0.4248366013071895,0.2875816993464052,0.2875816993464052,2.2,0.48355580689524935,0.0638227751695487,0.05318564597462391,1,1,1.2000000000000002,36.59
2010,28,2011-03-12,almeria,ath madrid,2010|2011-03-12|almeria|ath madrid,2010|2011-03-12|almeria|athmadrid,D,A,0.33989119154223135,0.2736139975834619,0.38649481087430665,0.38649481087430665,1.0888167432851408,0.0466036193320753,3.25,3.4,2.15,1.0669262338208987,0.2883913600946839,0.27566821185521256,0.4359404280501035,2.15,0.38649481087430665,-0.16903615662024069,0.0,1,0,-1.0,35.59
2010,28,2011-03-12,real madrid,hercules,2010|2011-03-12|real madrid|hercules,2010|2011-03-12|realmadrid|hercules,H,H,0.8967555027642613,0.05885726646190267,0.04438723077383604,0.8967555027642613,0.40270020957284824,0.8378982363023586,1.14,7.5,17.0,1.0693498452012384,0.820304960432349,0.12468635398571704,0.05500868558193399,1.14,0.8967555027642613,0.022301273151257794,0.15929480822327008,1,1,0.1399999999999999,35.730000000000004
2010,28,2011-03-12,zaragoza,valencia,2010|2011-03-12|zaragoza|valencia,2010|2011-03-12|zaragoza|valencia,H,H,0.4003017813489055,0.2985224741305284,0.30117574452056617,0.4003017813489055,1.088807099036149,0.09912603682833931,2.9,3.25,2.4,1.069186560565871,0.3225139549307422,0.28778168286127764,0.3897043622079801,2.9,0.4003017813489055,0.16087516591182582,0.08467113995359254,1,1,1.9,37.63
2010,28,2011-03-13,espanol,la coruna,2010|2011-03-13|espanol|la coruna,2010|2011-03-13|espanol|lacoruna,H,H,0.5330115952080245,0.2809961587723497,0.18599224601962566,0.5330115952080245,1.004926193973306,0.25201543643567487,2.0,3.3,3.8,1.066188197767145,0.4689603590127151,0.2842183994016455,0.2468212415856395,2.0,0.5330115952080245,0.0660231904160491,0.0660231904160491,1,1,1.0,38.63
2010,28,2011-03-13,levante,mallorca,2010|2011-03-13|levante|mallorca,2010|2011-03-13|levante|mallorca,D,H,0.43614249659523435,0.29533115532877,0.26852634807599557,0.43614249659523435,1.075168173607455,0.14081134126646433,2.25,3.2,3.25,1.0646367521367521,0.41746111389864526,0.29352734570998495,0.28901154039136984,2.25,0.43614249659523435,-0.018679382660722776,0.0,1,0,-1.0,37.63
2010,28,2011-03-13,osasuna,santander,2010|2011-03-13|osasuna|santander,2010|2011-03-13|osasuna|santander,H,H,0.553040964732124,0.2504709843932647,0.19648805087461127,0.553040964732124,0.9940503320960224,0.30256998033885935,2.0,3.3,3.8,1.066188197767145,0.4689603590127151,0.2842183994016455,0.2468212415856395,2.0,0.553040964732124,0.1060819294642481,0.1060819294642481,1,1,1.0,38.63
2010,28,2011-03-13,sevilla,barcelona,2010|2011-03-13|sevilla|barcelona,2010|2011-03-13|sevilla|barcelona,D,A,0.13127672493749143,0.13960922145737875,0.7291140536051299,0.7291140536051299,0.7717736879529801,0.5895048321477512,7.5,4.5,1.4,1.0698412698412698,0.12462908011869436,0.20771513353115725,0.6676557863501484,1.4,0.7291140536051299,0.020759675047181847,0.05189918761795463,1,0,-1.0,37.63
2010,28,2011-03-13,sociedad,malaga,2010|2011-03-13|sociedad|malaga,2010|2011-03-13|sociedad|malaga,A,H,0.4357187431120217,0.2936077450472639,0.27067351184071436,0.4357187431120217,1.0755238760700636,0.1421109980647578,2.0,3.4,3.75,1.0607843137254902,0.47134935304990755,0.27726432532347506,0.2513863216266174,2.0,0.4357187431120217,-0.12856251377595657,0.0,1,0,-1.0,36.63
2010,28,2011-03-13,villarreal,sp gijon,2010|2011-03-13|villarreal|sp gijon,2010|2011-03-13|villarreal|spgijon,D,H,0.689530273183229,0.17831242409097078,0.13215730272580015,0.689530273183229,0.8312336905446847,0.5112178490922582,1.6,3.8,5.75,1.0620709382151028,0.5884729329383249,0.2477780770266631,0.16374899003501214,1.6,0.689530273183229,0.1032484370931665,0.1720807284886108,1,0,-1.0,35.63
2010,28,2011-03-14,getafe,ath bilbao,2010|2011-03-14|getafe|ath bilbao,2010|2011-03-14|getafe|athbilbao,D,H,0.47231534583827667,0.24923882593500232,0.27844582822672115,0.47231534583827667,1.0565679389599678,0.19386951761155552,2.3,3.25,2.8,1.099617773530817,0.39539430805996095,0.279817510319357,0.3247881816206822,2.3,0.47231534583827667,0.08632529542803635,0.06640407340618182,1,0,-1.0,34.63
2010,29,2011-03-19,ath madrid,real madrid,2010|2011-03-19|ath madrid|real madrid,2010|2011-03-19|athmadrid|realmadrid,A,A,0.16589982451489704,0.123547790496184,0.7105523849889189,0.7105523849889189,0.7991765117978067,0.5446525604740219,5.25,4.0,1.62,1.0577601410934743,0.18007503126302626,0.236348478532722,0.5835764902042518,1.62,0.7105523849889189,0.15109486368204872,0.2437013930355624,1,1,0.6200000000000001,35.25
2010,29,2011-03-19,barcelona,getafe,2010|2011-03-19|barcelona|getafe,2010|2011-03-19|barcelona|getafe,H,H,0.8608585712911675,0.06477455325031356,0.07436687545851899,0.8608585712911675,0.49951644501269726,0.7864916958326486,1.13,8.5,17.0,1.0614263404476836,0.8337420304070623,0.1108386463952918,0.0554193231976459,1.13,0.8608585712911675,-0.027229814440980826,0.0,1,1,0.1299999999999999,35.38
2010,29,2011-03-19,mallorca,zaragoza,2010|2011-03-19|mallorca|zaragoza,2010|2011-03-19|mallorca|zaragoza,H,H,0.5745282661649509,0.23511122300260315,0.19036051083244593,0.5745282661649509,0.9745535051469774,0.3394170431623478,1.95,3.4,3.8,1.0700960546161784,0.47922848664688433,0.27485163204747776,0.245919881305638,1.95,0.5745282661649509,0.12033011902165425,0.12666328318068867,1,1,0.95,36.33
2010,29,2011-03-20,ath bilbao,villarreal,2010|2011-03-20|ath bilbao|villarreal,2010|2011-03-20|athbilbao|villarreal,A,H,0.48770130577910986,0.21320751279434866,0.2990911814265414,0.48770130577910986,1.040709994944394,0.18861012435256846,2.3,3.4,3.0,1.062233589087809,0.4093097913322633,0.27688603531300165,0.31380417335473515,2.3,0.48770130577910986,0.12171300329195256,0.09362538714765582,1,0,-1.0,35.33
2010,29,2011-03-20,hercules,osasuna,2010|2011-03-20|hercules|osasuna,2010|2011-03-20|hercules|osasuna,A,H,0.45799783545606104,0.269954892142427,0.2720472724015119,0.45799783545606104,1.0652978887866587,0.18595056305454916,2.15,3.25,3.4,1.0669262338208987,0.4359404280501035,0.2883913600946839,0.27566821185521256,2.15,0.45799783545606104,-0.015304653769468879,0.0,1,0,-1.0,34.33
2010,29,2011-03-20,la coruna,levante,2010|2011-03-20|la coruna|levante,2010|2011-03-20|lacoruna|levante,A,H,0.5140555297459769,0.2910702610254154,0.19487420922860768,0.5140555297459769,1.0199985359085812,0.2229852687205615,2.1,3.4,3.4,1.0644257703081232,0.4473684210526316,0.27631578947368424,0.27631578947368424,2.1,0.5140555297459769,0.0795166124665515,0.07228782951504682,1,0,-1.0,33.33
2010,29,2011-03-20,malaga,espanol,2010|2011-03-20|malaga|espanol,2010|2011-03-20|malaga|espanol,H,H,0.5475897185745543,0.29780002306015413,0.15461025836529152,0.5475897185745543,0.9791432261735363,0.24978969551440017,2.0,3.4,3.75,1.0607843137254902,0.47134935304990755,0.27726432532347506,0.2513863216266174,2.0,0.5475897185745543,0.09517943714910859,0.09517943714910859,1,1,1.0,34.33
2010,29,2011-03-20,santander,sociedad,2010|2011-03-20|santander|sociedad,2010|2011-03-20|santander|sociedad,H,H,0.5462984707796747,0.26915149011386635,0.18455003910645884,0.5462984707796747,0.9954017225214695,0.2771469806658084,2.0,3.5,3.6,1.0634920634920635,0.4701492537313433,0.26865671641791045,0.2611940298507463,2.0,0.5462984707796747,0.0925969415593495,0.0925969415593495,1,1,1.0,35.33
2010,29,2011-03-20,sp gijon,almeria,2010|2011-03-20|sp gijon|almeria,2010|2011-03-20|spgijon|almeria,H,H,0.48640480529466257,0.33079552280763813,0.18279967189769922,0.48640480529466257,1.0271461954909513,0.15560928248702444,1.91,3.4,4.0,1.0676778564829073,0.4903728275762602,0.2754741472560756,0.23415302516766426,1.91,0.48640480529466257,-0.07096682188719455,0.0,1,1,0.9099999999999999,36.24
2010,29,2011-03-20,valencia,sevilla,2010|2011-03-20|valencia|sevilla,2010|2011-03-20|valencia|sevilla,A,H,0.497396842000326,0.22957390027566493,0.27302925772400893,0.497396842000326,1.0396306544044471,0.2243675842763171,1.95,3.5,3.7,1.0688050688050688,0.4798073360503891,0.26732123008521674,0.2528714338643942,1.95,0.497396842000326,-0.030076158099364203,0.0,1,0,-1.0,35.24
2010,30,2011-04-02,getafe,valencia,2010|2011-04-02|getafe|valencia,2010|2011-04-02|getafe|valencia,A,H,0.38381733095249587,0.2718675526874369,0.3443151163600672,0.38381733095249587,1.0887384165137415,0.0395022145924287,2.8,3.25,2.5,1.064835164835165,0.33539731682146534,0.2889576883384932,0.3756449948400412,2.8,0.38381733095249587,0.07468852666698844,0.04149362592610469,1,0,-1.0,34.24
2010,30,2011-04-02,real madrid,sp gijon,2010|2011-04-02|real madrid|sp gijon,2010|2011-04-02|realmadrid|spgijon,A,H,0.9163914506478618,0.042265652481790816,0.0413428968703475,0.9163914506478618,0.34544336506423856,0.8741257981660709,1.14,7.5,17.0,1.0693498452012384,0.820304960432349,0.12468635398571704,0.05500868558193399,1.14,0.9163914506478618,0.044686253738562304,0.3191875267040167,1,0,-1.0,33.24
2010,30,2011-04-02,villarreal,barcelona,2010|2011-04-02|villarreal|barcelona,2010|2011-04-02|villarreal|barcelona,A,A,0.12873278294355656,0.1380554904610541,0.7332117265953894,0.7332117265953894,0.7647987700876744,0.5951562361343352,5.5,3.8,1.62,1.0622600271723077,0.171161652671968,0.24773397097258523,0.5811043763554469,1.62,0.7332117265953894,0.18780299708453085,0.3029080598137594,1,1,0.6200000000000001,33.86
2010,30,2011-04-03,espanol,santander,2010|2011-04-03|espanol|santander,2010|2011-04-03|espanol|santander,A,H,0.52884694376654,0.26546654834059574,0.20568650789286433,0.52884694376654,1.0142576799223098,0.2633803954259442,1.91,3.4,4.0,1.0676778564829073,0.4903728275762602,0.2754741472560756,0.23415302516766426,1.91,0.52884694376654,0.010097662594091283,0.011096332520979434,1,0,-1.0,32.86
2010,30,2011-04-03,la coruna,mallorca,2010|2011-04-03|la coruna|mallorca,2010|2011-04-03|lacoruna|mallorca,H,H,0.43663438799616694,0.32681975172875916,0.23654586027507396,0.43663438799616694,1.068326395528738,0.10981463626740778,2.3,3.2,3.1,1.0698632538569426,0.40639082343301924,0.29209340434248254,0.3015157722244981,2.3,0.43663438799616694,0.0042590923911839385,0.0032762249162953377,1,1,1.2999999999999998,34.160000000000004
2010,30,2011-04-03,levante,malaga,2010|2011-04-03|levante|malaga,2010|2011-04-03|levante|malaga,H,H,0.39969538845553904,0.2790618362416002,0.3212427753028607,0.39969538845553904,1.0875042507662573,0.07845261315267832,2.3,3.25,3.1,1.0650555615492503,0.40822528363047,0.28889789303079416,0.3028768233387358,2.3,0.39969538845553904,-0.0807006065522603,0.0,1,1,1.2999999999999998,35.46
2010,30,2011-04-03,osasuna,ath madrid,2010|2011-04-03|osasuna|ath madrid,2010|2011-04-03|osasuna|athmadrid,A,H,0.39218081390000137,0.23958666678161772,0.3682325193183809,0.39218081390000137,1.0773042032344469,0.023948294581620455,2.5,3.25,2.8,1.0648351648351648,0.3756449948400413,0.28895768833849333,0.33539731682146545,2.5,0.39218081390000137,-0.01954796524999658,0.0,1,0,-1.0,34.46
2010,30,2011-04-03,sevilla,zaragoza,2010|2011-04-03|sevilla|zaragoza,2010|2011-04-03|sevilla|zaragoza,H,H,0.7294233505269447,0.17425785496428348,0.09631879450877182,0.7294233505269447,0.7599952715900948,0.5551654955626613,1.53,4.0,6.0,1.0702614379084967,0.6106870229007634,0.233587786259542,0.15572519083969466,1.53,0.7294233505269447,0.11601772630622548,0.21890137038910465,1,1,0.53,34.99
2010,30,2011-04-03,sociedad,hercules,2010|2011-04-03|sociedad|hercules,2010|2011-04-03|sociedad|hercules,A,H,0.501877701661663,0.2657956333605445,0.2323266649777924,0.501877701661663,1.037286953734057,0.2360820683011185,1.83,3.5,4.33,1.0631092553630697,0.5140093406910212,0.2687534552755911,0.21723720403338773,1.83,0.501877701661663,-0.08156380595915663,0.0,1,0,-1.0,33.99
2010,30,2011-04-04,almeria,ath bilbao,2010|2011-04-04|almeria|ath bilbao,2010|2011-04-04|almeria|athbilbao,A,H,0.3938828743116993,0.27660981901183845,0.32950730667646216,0.3938828743116993,1.0882704783632355,0.06437556763523716,2.9,3.3,2.4,1.0645245559038663,0.3239263803680982,0.2846625766871166,0.3914110429447853,2.9,0.3938828743116993,0.14226033550392803,0.07487386079154107,1,0,-1.0,32.99
2010,31,2011-04-09,ath bilbao,real madrid,2010|2011-04-09|ath bilbao|real madrid,2010|2011-04-09|athbilbao|realmadrid,A,A,0.1499457140233729,0.13375876944981877,0.7162955165268082,0.7162955165268082,0.7926050487531902,0.5663498025034354,4.5,3.75,1.73,1.0669235709698137,0.20828316879364314,0.24993980255237178,0.5417770286539851,1.73,0.7162955165268082,0.23919124359137822,0.32765923779640854,1,1,0.73,33.72
2010,31,2011-04-09,barcelona,almeria,2010|2011-04-09|barcelona|almeria,2010|2011-04-09|barcelona|almeria,H,H,0.8335009486244154,0.05957161757319155,0.10692743380239311,0.8335009486244154,0.5588713262373474,0.7265735148220223,1.11,8.5,21.0,1.066167007343478,0.8449904139742952,0.11034580700134915,0.0446637790243556,1.11,0.8335009486244154,-0.07481394702689885,0.0,1,1,0.1100000000000001,33.83
2010,31,2011-04-09,mallorca,sevilla,2010|2011-04-09|mallorca|sevilla,2010|2011-04-09|mallorca|sevilla,D,H,0.4172968748734012,0.2290677566384518,0.35363536848814703,0.4172968748734012,1.0698854630595211,0.0636615063852542,2.6,3.2,2.75,1.0607517482517483,0.36258755665430564,0.2946023897816234,0.34281005356407085,2.6,0.4172968748734012,0.08497187467084322,0.05310742166927701,1,0,-1.0,32.83
2010,31,2011-04-10,ath madrid,sociedad,2010|2011-04-10|ath madrid|sociedad,2010|2011-04-10|athmadrid|sociedad,H,H,0.670965487400949,0.1538712675241155,0.17516324507493553,0.670965487400949,0.8608727390872988,0.49580224232601344,1.53,4.0,6.0,1.0702614379084967,0.6106870229007634,0.233587786259542,0.15572519083969466,1.53,0.670965487400949,0.026577195723451963,0.05014565230839993,1,1,0.53,33.36
2010,31,2011-04-10,hercules,espanol,2010|2011-04-10|hercules|espanol,2010|2011-04-10|hercules|espanol,D,H,0.5393738556162369,0.28764345049726714,0.172982693886496,0.5393738556162369,0.9949030345473489,0.2517304051189697,2.1,3.25,3.6,1.0616605616605617,0.4485336400230017,0.2898217366302473,0.26164462334675104,2.1,0.5393738556162369,0.13268509679409746,0.12062281526736131,1,0,-1.0,32.36
2010,31,2011-04-10,malaga,la coruna,2010|2011-04-10|malaga|la coruna,2010|2011-04-10|malaga|lacoruna,D,H,0.6202338165945658,0.26495327717910194,0.11481290622633229,0.6202338165945658,0.896678476335658,0.35528053941546384,1.75,3.5,4.75,1.0676691729323307,0.5352112676056339,0.26760563380281693,0.1971830985915493,1.75,0.6202338165945658,0.08540917904049011,0.11387890538732015,1,0,-1.0,31.36
2010,31,2011-04-10,santander,levante,2010|2011-04-10|santander|levante,2010|2011-04-10|santander|levante,D,H,0.537181735493893,0.2340635094837131,0.22875475502239384,0.537181735493893,1.011150391124034,0.3031182260101799,1.91,3.4,4.0,1.0676778564829073,0.4903728275762602,0.2754741472560756,0.23415302516766426,1.91,0.537181735493893,0.026017114793335627,0.02859023603663256,1,0,-1.0,30.36
2010,31,2011-04-10,sp gijon,osasuna,2010|2011-04-10|sp gijon|osasuna,2010|2011-04-10|spgijon|osasuna,H,H,0.41423076615245924,0.3743688132177064,0.21140042062983438,0.41423076615245924,1.0614139014708521,0.039861952934752864,2.0,3.4,3.75,1.0607843137254902,0.47134935304990755,0.27726432532347506,0.2513863216266174,2.0,0.41423076615245924,-0.17153846769508152,0.0,1,1,1.0,31.36
2010,31,2011-04-10,valencia,villarreal,2010|2011-04-10|valencia|villarreal,2010|2011-04-10|valencia|villarreal,H,H,0.5538961907381692,0.19120877072911396,0.2548950385327168,0.5538961907381692,0.9919803467668609,0.2990011522054524,1.91,3.4,4.0,1.0676778564829073,0.4903728275762602,0.2754741472560756,0.23415302516766426,1.91,0.5538961907381692,0.057941724309903186,0.06367222451637713,1,1,0.9099999999999999,32.27
2010,31,2011-04-11,zaragoza,getafe,2010|2011-04-11|zaragoza|getafe,2010|2011-04-11|zaragoza|getafe,H,H,0.3751645764667634,0.35495865029915635,0.2698767732340802,0.3751645764667634,1.0889394616107446,0.020205926167607025,2.1,3.3,3.5,1.064935064935065,0.4471544715447154,0.2845528455284553,0.26829268292682923,2.1,0.3751645764667634,-0.21215438941979686,0.0,1,1,1.1,33.37
2010,32,2011-04-16,almeria,valencia,2010|2011-04-16|almeria|valencia,2010|2011-04-16|almeria|valencia,A,A,0.3003013691751472,0.2767399305018676,0.42295870032298516,0.42295870032298516,1.0807224258803252,0.12265733114783794,3.8,3.4,2.0,1.0572755417956656,0.24890190336749632,0.2781844802342606,0.47291361639824303,2.0,0.42295870032298516,-0.15408259935402974,0.0,1,1,1.0,34.37
2010,32,2011-04-16,getafe,sevilla,2010|2011-04-16|getafe|sevilla,2010|2011-04-16|getafe|sevilla,H,H,0.3812108660784681,0.25441109515615934,0.3643780387653725,0.3812108660784681,1.0837423594750055,0.0168328273130956,2.88,3.3,2.4,1.066919191919192,0.32544378698224846,0.2840236686390532,0.3905325443786982,2.88,0.3812108660784681,0.09788729430598808,0.052067709737227706,1,1,1.88,36.25
2010,32,2011-04-16,malaga,mallorca,2010|2011-04-16|malaga|mallorca,2010|2011-04-16|malaga|mallorca,H,H,0.5683166842271276,0.30023041613245877,0.1314528996404136,0.5683166842271276,0.949113094257442,0.2680862680946688,1.91,3.4,4.0,1.0676778564829073,0.4903728275762602,0.2754741472560756,0.23415302516766426,1.91,0.5683166842271276,0.08548486687381363,0.09393941414704794,1,1,0.9099999999999999,37.16
2010,32,2011-04-16,real madrid,barcelona,2010|2011-04-16|real madrid|barcelona,2010|2011-04-16|realmadrid|barcelona,D,A,0.3009449187401942,0.05499243497578814,0.6440626462840177,0.6440626462840177,0.8042532689909101,0.34311772754382347,2.75,3.6,2.38,1.0615822086410323,0.3425418782233239,0.26166393475392796,0.39579418702274816,2.38,0.6440626462840177,0.532869098155962,0.38613702764924784,1,0,-1.0,36.16
2010,32,2011-04-17,espanol,ath madrid,2010|2011-04-17|espanol|ath madrid,2010|2011-04-17|espanol|athmadrid,D,A,0.31626230624474844,0.25160934726871953,0.432128346486532,0.432128346486532,1.0738357828059013,0.11586604024178354,2.7,3.25,2.6,1.0626780626780628,0.34852546916890076,0.28954423592493295,0.3619302949061662,2.6,0.432128346486532,0.12353370086498316,0.07720856304061448,1,0,-1.0,35.16
2010,32,2011-04-17,la coruna,santander,2010|2011-04-17|la coruna|santander,2010|2011-04-17|lacoruna|santander,H,H,0.49174221530122453,0.29673172138527437,0.2115260633135011,0.49174221530122453,1.038132358403598,0.19501049391595016,2.1,3.25,3.5,1.0695970695970696,0.4452054794520548,0.28767123287671237,0.2671232876712329,2.1,0.49174221530122453,0.032658652132571575,0.02968968375688325,1,1,1.1,36.26
2010,32,2011-04-17,levante,hercules,2010|2011-04-17|levante|hercules,2010|2011-04-17|levante|hercules,H,A,0.3606298648732888,0.2774862840783865,0.3618838510483247,0.3618838510483247,1.091370765800905,0.001253986175035915,2.1,3.25,3.5,1.0695970695970696,0.4452054794520548,0.28767123287671237,0.2671232876712329,3.5,0.3618838510483247,0.2665934786691364,0.10663739146765457,1,0,-1.0,35.26
2010,32,2011-04-17,osasuna,ath bilbao,2010|2011-04-17|osasuna|ath bilbao,2010|2011-04-17|osasuna|athbilbao,A,H,0.4417166352974264,0.22446364246746509,0.3338197222351085,0.4417166352974264,1.0625304976147718,0.10789691306231791,2.4,3.25,2.9,1.069186560565871,0.3897043622079801,0.28778168286127764,0.3225139549307422,2.4,0.4417166352974264,0.060119924713823325,0.04294280336701666,1,0,-1.0,34.26
2010,32,2011-04-17,sociedad,sp gijon,2010|2011-04-17|sociedad|sp gijon,2010|2011-04-17|sociedad|spgijon,H,H,0.5936799706696922,0.24437788215652362,0.1619421471737842,0.5936799706696922,0.9487099597362565,0.34930208851316863,2.1,3.25,3.5,1.0695970695970696,0.4452054794520548,0.28767123287671237,0.2671232876712329,2.1,0.5936799706696922,0.24672793840635376,0.22429812582395794,1,1,1.1,35.36
2010,32,2011-04-18,villarreal,zaragoza,2010|2011-04-18|villarreal|zaragoza,2010|2011-04-18|villarreal|zaragoza,H,H,0.6773698875933473,0.17783090982337837,0.14479920258327433,0.6773698875933473,0.8507723403871766,0.4995389777699689,1.57,4.0,5.5,1.0687608569774174,0.5959637003927942,0.23391575240417176,0.17012054720303402,1.57,0.6773698875933473,0.06347072352155525,0.11135214652904428,1,1,0.5700000000000001,35.93
2010,33,2011-04-23,ath bilbao,sociedad,2010|2011-04-23|ath bilbao|sociedad,2010|2011-04-23|athbilbao|sociedad,H,H,0.5928061080399549,0.22588476169347638,0.18130913026656878,0.5928061080399549,0.9556214813210042,0.36692134634647855,1.62,3.75,5.5,1.0657687991021325,0.5791912384161751,0.2502106149957877,0.17059814658803707,1.62,0.5928061080399549,-0.03965410497527294,0.0,1,1,0.6200000000000001,36.55
2010,33,2011-04-23,barcelona,osasuna,2010|2011-04-23|barcelona|osasuna,2010|2011-04-23|barcelona|osasuna,H,H,0.8215202448025799,0.058936468087221944,0.11954328711019824,0.8215202448025799,0.5822954667375573,0.7019769576923817,1.2,6.0,15.0,1.0666666666666667,0.78125,0.15625,0.0625,1.2,0.8215202448025799,-0.014175706236904145,0.0,1,1,0.19999999999999996,36.75
2010,33,2011-04-23,valencia,real madrid,2010|2011-04-23|valencia|real madrid,2010|2011-04-23|valencia|realmadrid,A,A,0.36576339530204155,0.18479470519042387,0.44944189950753455,0.44944189950753455,1.0393415792180838,0.083678504205493,2.38,3.5,2.8,1.0630252100840336,0.3952569169960474,0.26877470355731226,0.3359683794466403,2.8,0.44944189950753455,0.25843731862109665,0.1435762881228315,1,1,1.7999999999999998,38.55
2010,33,2011-04-24,ath madrid,levante,2010|2011-04-24|ath madrid|levante,2010|2011-04-24|athmadrid|levante,H,H,0.7610900507788873,0.13551011487945508,0.10339983434165774,0.7610900507788873,0.7132555384678978,0.6255799358994322,1.44,4.5,6.5,1.0705128205128205,0.6487025948103793,0.20758483033932135,0.14371257485029942,1.44,0.7610900507788873,0.0959696731215976,0.2181128934581764,1,1,0.43999999999999995,38.99
2010,33,2011-04-24,hercules,la coruna,2010|2011-04-24|hercules|la coruna,2010|2011-04-24|hercules|lacoruna,H,H,0.5741788907164197,0.24904385976532434,0.17677724951825596,0.5741788907164197,0.9710961288849096,0.32513503095109536,2.0,3.4,3.75,1.0607843137254902,0.47134935304990755,0.27726432532347506,0.2513863216266174,2.0,0.5741788907164197,0.1483577814328394,0.1483577814328394,1,1,1.0,39.99
2010,33,2011-04-24,mallorca,getafe,2010|2011-04-24|mallorca|getafe,2010|2011-04-24|mallorca|getafe,H,H,0.49797153420300483,0.25415999863834055,0.2478684671586546,0.49797153420300483,1.0410791423561976,0.24381153556466428,2.0,3.4,3.75,1.0607843137254902,0.47134935304990755,0.27726432532347506,0.2513863216266174,2.0,0.49797153420300483,-0.004056931593990287,0.0,1,1,1.0,40.99
2010,33,2011-04-24,santander,malaga,2010|2011-04-24|santander|malaga,2010|2011-04-24|santander|malaga,A,H,0.4777538845435791,0.2633501252853786,0.25889599017104237,0.4777538845435791,1.0541315024734512,0.2144037592582005,2.3,3.3,3.1,1.0603935568872456,0.41002004008016035,0.28577154308617236,0.30420841683366734,2.3,0.4777538845435791,0.09883393445023192,0.07602610342325533,1,0,-1.0,39.99
2010,33,2011-04-24,sevilla,villarreal,2010|2011-04-24|sevilla|villarreal,2010|2011-04-24|sevilla|villarreal,H,H,0.5183598589457373,0.21837936946367678,0.263260771590586,0.5183598589457373,1.0242262032542246,0.25509908735515135,1.95,3.5,3.75,1.0652014652014652,0.48143053645116923,0.2682255845942228,0.25034387895460797,1.95,0.5183598589457373,0.01080172494418774,0.011370236783355516,1,1,0.95,40.94
2010,33,2011-04-24,sp gijon,espanol,2010|2011-04-24|sp gijon|espanol,2010|2011-04-24|spgijon|espanol,H,H,0.5089144876616923,0.27748709269994404,0.2135984196383637,0.5089144876616923,1.0292151138236436,0.2314273949617483,2.0,3.4,3.75,1.0607843137254902,0.47134935304990755,0.27726432532347506,0.2513863216266174,2.0,0.5089144876616923,0.017828975323384677,0.017828975323384677,1,1,1.0,41.94
2010,33,2011-04-25,zaragoza,almeria,2010|2011-04-25|zaragoza|almeria,2010|2011-04-25|zaragoza|almeria,H,H,0.5709315557442026,0.24523846046065073,0.18382998379514656,0.5709315557442026,0.9760486339506022,0.3256930952835519,1.8,3.5,4.5,1.0634920634920635,0.5223880597014926,0.26865671641791045,0.208955223880597,1.8,0.5709315557442026,0.027676800339564767,0.03459600042445596,1,1,0.8,42.74
2010,34,2011-04-30,la coruna,ath madrid,2010|2011-04-30|la coruna|ath madrid,2010|2011-04-30|lacoruna|athmadrid,A,A,0.23652338397089367,0.27791416145569026,0.48556245457341624,0.48556245457341624,1.0476442540767206,0.20764829311772598,3.3,3.4,2.15,1.062264229158894,0.28526829268292686,0.27687804878048783,0.43785365853658537,2.15,0.48556245457341624,0.04395927733284488,0.0382254585502999,1,1,1.15,43.89
2010,34,2011-04-30,real madrid,zaragoza,2010|2011-04-30|real madrid|zaragoza,2010|2011-04-30|realmadrid|zaragoza,A,H,0.8195396502239954,0.05825746300197606,0.12220288677402849,0.8195396502239954,0.5855971300222793,0.697336763449967,1.3,5.5,9.0,1.0621600621600622,0.7242136064374541,0.1711777615215801,0.10460863204096561,1.3,0.8195396502239954,0.0654015452911941,0.218005150970647,1,0,-1.0,42.89
2010,34,2011-04-30,sociedad,barcelona,2010|2011-04-30|sociedad|barcelona,2010|2011-04-30|sociedad|barcelona,H,A,0.10083775841686062,0.26941883253761606,0.6297434090455233,0.6297434090455233,0.8759061816205069,0.3603245765079072,7.5,4.5,1.4,1.0698412698412698,0.12462908011869436,0.20771513353115725,0.6676557863501484,1.4,0.6297434090455233,-0.11835922733626747,0.0,1,0,-1.0,41.89
2010,34,2011-05-01,almeria,sevilla,2010|2011-05-01|almeria|sevilla,2010|2011-05-01|almeria|sevilla,A,A,0.2985795179096346,0.29120799842811096,0.4102124836622544,0.4102124836622544,1.0856992761490085,0.11163296575261977,4.0,3.8,1.8,1.0687134502923976,0.23392612859097128,0.24623803009575923,0.5198358413132695,1.8,0.4102124836622544,-0.2616175294079421,0.0,1,1,0.8,42.69
2010,34,2011-05-01,levante,sp gijon,2010|2011-05-01|levante|sp gijon,2010|2011-05-01|levante|spgijon,D,H,0.5446492836163466,0.22680157343120552,0.22854914295244794,0.5446492836163466,1.004776459256842,0.31610014066389863,2.1,3.1,3.75,1.0654377880184331,0.4469434832756632,0.3027681660899654,0.2502883506343714,2.1,0.5446492836163466,0.14376349559432788,0.13069408690393444,1,0,-1.0,41.69
2010,34,2011-05-01,malaga,hercules,2010|2011-05-01|malaga|hercules,2010|2011-05-01|malaga|hercules,H,H,0.621202430145287,0.23157556630889364,0.14722200354581946,0.621202430145287,0.9165634174289011,0.38962686383639333,1.73,3.75,4.5,1.0669235709698137,0.5417770286539851,0.24993980255237178,0.20828316879364314,1.73,0.621202430145287,0.07468020415134646,0.10230164952239242,1,1,0.73,42.42
2010,34,2011-05-01,osasuna,valencia,2010|2011-05-01|osasuna|valencia,2010|2011-05-01|osasuna|valencia,H,A,0.35676418207332394,0.2040276811057355,0.4392081368209405,0.4392081368209405,1.053384210348396,0.08244395474761657,2.9,3.3,2.4,1.0645245559038663,0.3239263803680982,0.2846625766871166,0.3914110429447853,2.4,0.4392081368209405,0.05409952837025722,0.038642520264469446,1,0,-1.0,41.42
2010,34,2011-05-01,santander,mallorca,2010|2011-05-01|santander|mallorca,2010|2011-05-01|santander|mallorca,H,H,0.527971708557333,0.2452601588791082,0.2267681325635588,0.527971708557333,1.0184042981983026,0.28271154967822476,2.2,3.25,3.3,1.0652680652680653,0.42669584245076586,0.2888402625820569,0.2844638949671772,2.2,0.527971708557333,0.16153775882613264,0.13461479902177717,1,1,1.2000000000000002,42.62
2010,34,2011-05-01,villarreal,getafe,2010|2011-05-01|villarreal|getafe,2010|2011-05-01|villarreal|getafe,H,H,0.5179545003085967,0.1885283903474721,0.2935171093439312,0.5179545003085967,1.0151054563664867,0.22443739096466547,1.8,3.5,4.75,1.0517961570593148,0.5281969817315331,0.27164416203335984,0.20015885623510724,1.8,0.5179545003085967,-0.06768189944452596,0.0,1,1,0.8,43.42
2010,34,2011-05-02,espanol,ath bilbao,2010|2011-05-02|espanol|ath bilbao,2010|2011-05-02|espanol|athbilbao,H,H,0.3907633331979378,0.23799378737137422,0.3712428794306879,0.3907633331979378,1.0766887545883366,0.019520453767249923,2.75,3.25,2.5,1.0713286713286714,0.3394255874673629,0.28720626631853785,0.3733681462140992,2.75,0.3907633331979378,0.07459916629432906,0.04262809502533089,1,1,1.75,45.17
2010,35,2011-05-07,ath bilbao,levante,2010|2011-05-07|ath bilbao|levante,2010|2011-05-07|athbilbao|levante,H,H,0.741083951696661,0.15031256969320664,0.10860347861013235,0.741083951696661,0.748012844235621,0.5907713820034544,1.53,4.0,6.0,1.0702614379084967,0.6106870229007634,0.233587786259542,0.15572519083969466,1.53,0.741083951696661,0.13385844609589131,0.25256310584130437,1,1,0.53,45.7
2010,35,2011-05-07,ath madrid,malaga,2010|2011-05-07|ath madrid|malaga,2010|2011-05-07|athmadrid|malaga,A,H,0.691967180928531,0.12744069967834099,0.18059211939312791,0.691967180928531,0.8264210081794181,0.5113750615354031,1.57,4.0,5.5,1.0687608569774174,0.5959637003927942,0.23391575240417176,0.17012054720303402,1.57,0.691967180928531,0.08638847405779376,0.15155872641718202,1,0,-1.0,44.7
2010,35,2011-05-07,getafe,almeria,2010|2011-05-07|getafe|almeria,2010|2011-05-07|getafe|almeria,H,H,0.7132239929658659,0.19678145484921658,0.0899945521849174,0.7132239929658659,0.7776484797808978,0.5164425381166493,1.44,4.33,7.0,1.0682484695186774,0.6500776404176282,0.2161921021250311,0.13373025745734066,1.44,0.7132239929658659,0.027042549870846866,0.06146034061556107,1,1,0.43999999999999995,45.14
2010,35,2011-05-07,hercules,santander,2010|2011-05-07|hercules|santander,2010|2011-05-07|hercules|santander,A,H,0.5872271161827795,0.23017417424008277,0.18259870957713786,0.5872271161827795,0.9612164248192478,0.35705294194269666,2.1,3.25,3.5,1.0695970695970696,0.4452054794520548,0.28767123287671237,0.2671232876712329,2.1,0.5872271161827795,0.23317694398383693,0.2119790399853063,1,0,-1.0,44.14
2010,35,2011-05-07,sevilla,real madrid,2010|2011-05-07|sevilla|real madrid,2010|2011-05-07|sevilla|realmadrid,A,A,0.3019143684799281,0.19520299553704254,0.5028826359830294,0.5028826359830294,1.026163089416149,0.20096826750310132,3.0,3.5,2.25,1.0634920634920635,0.3134328358208955,0.26865671641791045,0.417910447761194,2.25,0.5028826359830294,0.13148593096181616,0.10518874476945292,1,1,1.25,45.39
2010,35,2011-05-07,sp gijon,la coruna,2010|2011-05-07|sp gijon|la coruna,2010|2011-05-07|spgijon|lacoruna,D,H,0.533375842917219,0.23900680097063962,0.22761735611214137,0.533375842917219,1.0142178365868064,0.2943690419465793,2.05,3.3,3.6,1.0686129588568614,0.4564841498559078,0.28357348703170027,0.25994236311239194,2.05,0.533375842917219,0.09342047798029873,0.08897188379076071,1,0,-1.0,44.39
2010,35,2011-05-07,valencia,sociedad,2010|2011-05-07|valencia|sociedad,2010|2011-05-07|valencia|sociedad,H,H,0.729679658491909,0.13182702748895178,0.13849331401913917,0.729679658491909,0.7708667753810965,0.5911863444727699,1.44,4.33,7.0,1.0682484695186774,0.6500776404176282,0.2161921021250311,0.13373025745734066,1.44,0.729679658491909,0.05073870822834886,0.11531524597352015,1,1,0.43999999999999995,44.83
2010,35,2011-05-08,barcelona,espanol,2010|2011-05-08|barcelona|espanol,2010|2011-05-08|barcelona|espanol,H,H,0.8022336162779551,0.06370618753592458,0.13406019618612036,0.8022336162779551,0.6215792849365975,0.6681734200918348,1.17,7.0,15.0,1.0642246642246642,0.8031206975676917,0.13423588802202846,0.06264341441027994,1.17,0.8022336162779551,-0.06138666895479261,0.0,1,1,0.16999999999999993,45.0
2010,35,2011-05-08,mallorca,villarreal,2010|2011-05-08|mallorca|villarreal,2010|2011-05-08|mallorca|villarreal,D,H,0.46142258105398903,0.21138122136196175,0.3271961975840492,0.46142258105398903,1.0509310658147548,0.13422638346993981,2.6,3.25,2.7,1.0626780626780628,0.3619302949061662,0.28954423592493295,0.34852546916890076,2.6,0.46142258105398903,0.1996987107403715,0.12481169421273218,1,0,-1.0,44.0
2010,35,2011-05-08,zaragoza,osasuna,2010|2011-05-08|zaragoza|osasuna,2010|2011-05-08|zaragoza|osasuna,A,H,0.5609465777684789,0.25095440888002685,0.18809901335149426,0.5609465777684789,0.9855136232312558,0.30999216888845205,2.1,3.3,3.5,1.064935064935065,0.4471544715447154,0.2845528455284553,0.26829268292682923,2.1,0.5609465777684789,0.17798781331380575,0.16180710301255066,1,0,-1.0,43.0
2010,36,2011-05-10,la coruna,ath bilbao,2010|2011-05-10|la coruna|ath bilbao,2010|2011-05-10|lacoruna|athbilbao,H,H,0.5499351826697764,0.2584392384435113,0.19162557888671233,0.5499351826697764,0.9951352347981401,0.29149594422626507,2.25,3.4,3.1,1.0611427366645583,0.41883568448241604,0.27717067355454006,0.3039936419630439,2.25,0.5499351826697764,0.2373541610069968,0.18988332880559744,1,1,1.25,44.25
2010,36,2011-05-10,malaga,sp gijon,2010|2011-05-10|malaga|sp gijon,2010|2011-05-10|malaga|spgijon,H,H,0.6428598168296236,0.25737665563579354,0.09976352753458281,0.6428598168296236,0.8632994277399882,0.38548316119383,1.73,3.6,4.75,1.0663387756481764,0.5420741468672235,0.26049674280008245,0.19742911033269403,1.73,0.6428598168296236,0.11214748311524875,0.15362668919897088,1,1,0.73,44.98
2010,36,2011-05-10,real madrid,getafe,2010|2011-05-10|real madrid|getafe,2010|2011-05-10|realmadrid|getafe,H,H,0.8323168125961716,0.052984653087415956,0.1146985343164124,0.8323168125961716,0.556794735141538,0.7176182782797592,1.2,6.5,13.0,1.064102564102564,0.783132530120482,0.14457831325301207,0.07228915662650603,1.2,0.8323168125961716,-0.001219824884594073,0.0,1,1,0.19999999999999996,45.18
2010,36,2011-05-10,santander,ath madrid,2010|2011-05-10|santander|ath madrid,2010|2011-05-10|santander|athmadrid,H,A,0.27200615399097616,0.23625872971861145,0.49173511629041244,0.49173511629041244,1.0440547916056464,0.21972896229943628,3.2,3.3,2.25,1.0599747474747474,0.2948183442525313,0.2858844550327576,0.41929720071471116,2.25,0.49173511629041244,0.10640401165342794,0.08512320932274235,1,0,-1.0,44.18
2010,36,2011-05-11,almeria,villarreal,2010|2011-05-11|almeria|villarreal,2010|2011-05-11|almeria|villarreal,D,A,0.18722665544907446,0.3282526352768008,0.48452070927412466,0.48452070927412466,1.0304316468416732,0.15626807399732384,5.5,3.75,1.62,1.0657687991021323,0.1705981465880371,0.25021061499578773,0.5791912384161753,1.62,0.48452070927412466,-0.21507645097591804,0.0,1,0,-1.0,43.18
2010,36,2011-05-11,espanol,valencia,2010|2011-05-11|espanol|valencia,2010|2011-05-11|espanol|valencia,D,A,0.31849376036572896,0.23734570468429458,0.4441605349499765,0.4441605349499765,1.0662319164306489,0.12566677458424752,2.9,3.3,2.4,1.0645245559038663,0.3239263803680982,0.2846625766871166,0.3914110429447853,2.4,0.4441605349499765,0.06598528387994351,0.04713234562853108,1,0,-1.0,42.18
2010,36,2011-05-11,hercules,mallorca,2010|2011-05-11|hercules|mallorca,2010|2011-05-11|hercules|mallorca,D,H,0.5218346585527298,0.24457276832673253,0.23359257312053766,0.5218346585527298,1.023506249745871,0.2772618902259973,2.2,3.3,3.25,1.0652680652680653,0.42669584245076586,0.2844638949671772,0.2888402625820569,2.2,0.5218346585527298,0.14803624881600563,0.12336354068000467,1,0,-1.0,41.18
2010,36,2011-05-11,levante,barcelona,2010|2011-05-11|levante|barcelona,2010|2011-05-11|levante|barcelona,D,A,0.11069372749688988,0.27862026332449463,0.6106860091786156,0.6106860091786156,0.9008593941043654,0.33206574585412096,11.0,5.0,1.3,1.0601398601398602,0.08575197889182058,0.18865435356200527,0.725593667546174,1.3,0.6106860091786156,-0.2061081880677997,0.0,1,0,-1.0,40.18
2010,36,2011-05-11,osasuna,sevilla,2010|2011-05-11|osasuna|sevilla,2010|2011-05-11|osasuna|sevilla,H,H,0.5020615985706961,0.20113196262015495,0.296806438809149,0.5020615985706961,1.0290343676594897,0.20525515976154712,2.25,3.4,3.1,1.0611427366645583,0.41883568448241604,0.27717067355454006,0.3039936419630439,2.25,0.5020615985706961,0.1296385967840662,0.10371087742725296,1,1,1.25,41.43
2010,36,2011-05-11,sociedad,zaragoza,2010|2011-05-11|sociedad|zaragoza,2010|2011-05-11|sociedad|zaragoza,H,H,0.5615329729689862,0.23304047564475217,0.20542655138626165,0.5615329729689862,0.9886074037823722,0.328492497324234,2.1,3.4,3.4,1.0644257703081232,0.4473684210526316,0.27631578947368424,0.27631578947368424,2.1,0.5615329729689862,0.17921924323487104,0.16292658475897365,1,1,1.1,42.53
2010,37,2011-05-15,almeria,mallorca,2010|2011-05-15|almeria|mallorca,2010|2011-05-15|almeria|mallorca,H,H,0.394356033712653,0.36585130118103293,0.23979266510631403,0.394356033712653,1.0772418583744066,0.02850473253162006,2.75,3.5,2.4,1.066017316017316,0.3411167512690355,0.2680203045685279,0.39086294416243655,2.75,0.394356033712653,0.08447909270979581,0.048273767262740463,1,1,1.75,44.28
2010,37,2011-05-15,ath bilbao,malaga,2010|2011-05-15|ath bilbao|malaga,2010|2011-05-15|athbilbao|malaga,D,H,0.6192976565314738,0.17382914960905013,0.20687319385947595,0.6192976565314738,0.9268537891956867,0.4124244626719979,1.7,3.75,4.75,1.0654282765737875,0.5521115846571096,0.25029058504455637,0.19759783029833397,1.7,0.6192976565314738,0.05280601610350549,0.07543716586215071,1,0,-1.0,43.28
2010,37,2011-05-15,ath madrid,hercules,2010|2011-05-15|ath madrid|hercules,2010|2011-05-15|athmadrid|hercules,H,H,0.7939239979593607,0.11603737057546439,0.09003863146517495,0.7939239979593607,0.6499076536344167,0.6778866273838964,1.29,5.5,9.5,1.0622751381625308,0.7297486033519555,0.171159217877095,0.09909217877094974,1.29,0.7939239979593607,0.0241619573675754,0.08331709437094964,1,1,0.29000000000000004,43.57
2010,37,2011-05-15,barcelona,la coruna,2010|2011-05-15|barcelona|la coruna,2010|2011-05-15|barcelona|lacoruna,D,H,0.5607502237787776,0.060857718295027986,0.37839205792619435,0.5607502237787776,0.8624672080000745,0.18235816585258324,1.53,4.33,5.5,1.066359835277102,0.6129214075959531,0.21657500083644532,0.1705035915676015,1.53,0.5607502237787776,-0.1420521576184703,0.0,1,0,-1.0,42.57
2010,37,2011-05-15,getafe,osasuna,2010|2011-05-15|getafe|osasuna,2010|2011-05-15|getafe|osasuna,H,H,0.6946816789260473,0.1812436601912097,0.12407466088274316,0.6946816789260473,0.8215499219953346,0.5134380187348375,1.8,3.6,4.33,1.0642802155504234,0.5220012055455093,0.26100060277275466,0.21699819168173598,1.8,0.6946816789260473,0.25042702206688505,0.3130337775836063,1,1,0.8,43.37
2010,37,2011-05-15,sevilla,sociedad,2010|2011-05-15|sevilla|sociedad,2010|2011-05-15|sevilla|sociedad,H,H,0.7638569177880571,0.13814269697702272,0.0980003852349201,0.7638569177880571,0.7068465699141018,0.6257142208110343,1.53,4.33,5.5,1.066359835277102,0.6129214075959531,0.21657500083644532,0.1705035915676015,1.53,0.7638569177880571,0.16870108421572738,0.3183039324825045,1,1,0.53,43.9
2010,37,2011-05-15,sp gijon,santander,2010|2011-05-15|sp gijon|santander,2010|2011-05-15|spgijon|santander,H,H,0.7932128741006214,0.1441266383271821,0.06266048757219653,0.7932128741006214,0.636512027630017,0.6490862357734393,1.33,5.0,8.5,1.0695267580716497,0.7030022330659168,0.1869985939955339,0.10999917293854934,1.33,0.7932128741006214,0.05497312255382647,0.16658521986008018,1,1,0.33000000000000007,44.230000000000004
2010,37,2011-05-15,valencia,levante,2010|2011-05-15|valencia|levante,2010|2011-05-15|valencia|levante,D,H,0.7058008386503518,0.11323203465830904,0.18096712669133905,0.7058008386503518,0.8019242617952951,0.5248337119590127,1.65,3.4,6.0,1.0668449197860963,0.5680868838763575,0.2756892230576441,0.15622389306599832,1.65,0.7058008386503518,0.16457138377308045,0.25318674426627763,1,0,-1.0,43.230000000000004
2010,37,2011-05-15,villarreal,real madrid,2010|2011-05-15|villarreal|real madrid,2010|2011-05-15|villarreal|realmadrid,A,A,0.20669876002131302,0.19820922589716516,0.5950920140815219,0.5950920140815219,0.9555233915526176,0.38839325406020886,4.0,3.8,1.8,1.0687134502923976,0.23392612859097128,0.24623803009575923,0.5198358413132695,1.8,0.5950920140815219,0.07116562534673943,0.08895703168342428,1,1,0.8,44.03
2010,37,2011-05-15,zaragoza,espanol,2010|2011-05-15|zaragoza|espanol,2010|2011-05-15|zaragoza|espanol,H,H,0.7302193443630489,0.1778144272647045,0.09196622837224663,0.7302193443630489,0.7561387708547046,0.5524049170983444,1.6,3.8,5.5,1.069976076555024,0.5841252096143097,0.24594745667970933,0.169927333705981,1.6,0.7302193443630489,0.16835095098087832,0.2805849183014638,1,1,0.6000000000000001,44.63
2010,38,2011-05-21,espanol,sevilla,2010|2011-05-21|espanol|sevilla,2010|2011-05-21|espanol|sevilla,A,A,0.35624261782538647,0.25994980509488763,0.383807577079726,0.383807577079726,1.0854546338073197,0.02756495925433955,3.0,3.5,2.25,1.0634920634920635,0.3134328358208955,0.26865671641791045,0.417910447761194,2.25,0.383807577079726,-0.13643295157061647,0.0,1,1,1.25,45.88
2010,38,2011-05-21,hercules,sp gijon,2010|2011-05-21|hercules|sp gijon,2010|2011-05-21|hercules|spgijon,D,H,0.5556687876566514,0.2436241129705785,0.20070709937277018,0.5556687876566514,0.9928473440688896,0.3120446746860729,2.2,3.4,3.2,1.061163101604278,0.42834645669291344,0.2771653543307087,0.29448818897637796,2.2,0.5556687876566514,0.22247133284463316,0.18539277737052762,1,0,-1.0,44.88
2010,38,2011-05-21,la coruna,valencia,2010|2011-05-21|la coruna|valencia,2010|2011-05-21|lacoruna|valencia,A,H,0.7824080670574336,0.16106053731824788,0.05653139562431852,0.7824080670574336,0.6484912909475378,0.6213475297391857,1.44,4.2,6.0,1.0992063492063493,0.6317689530685919,0.21660649819494582,0.15162454873646208,1.44,0.7824080670574336,0.12666761656270437,0.2878809467334191,1,0,-1.0,43.88
2010,38,2011-05-21,levante,zaragoza,2010|2011-05-21|levante|zaragoza,2010|2011-05-21|levante|zaragoza,A,A,0.13386314134547614,0.24188563833333393,0.62425122032119,0.62425122032119,0.9066449827626509,0.38236558198785603,5.5,4.33,1.53,1.066359835277102,0.1705035915676015,0.21657500083644532,0.6129214075959531,1.53,0.62425122032119,-0.04489563290857934,0.0,1,1,0.53,44.410000000000004
2010,38,2011-05-21,malaga,barcelona,2010|2011-05-21|malaga|barcelona,2010|2011-05-21|malaga|barcelona,A,H,0.36189040465853367,0.3481679431792779,0.2899416521621885,0.36189040465853367,1.0941417652572112,0.013722461479255765,3.25,3.5,2.1,1.0695970695970696,0.28767123287671237,0.2671232876712329,0.4452054794520548,3.25,0.36189040465853367,0.17614381514023436,0.07828614006232638,1,0,-1.0,43.410000000000004
2010,38,2011-05-21,mallorca,ath madrid,2010|2011-05-21|mallorca|ath madrid,2010|2011-05-21|mallorca|athmadrid,A,H,0.5346619904828201,0.1916623952941646,0.2736756142230153,0.5346619904828201,1.0060250009816576,0.26098637625980486,2.5,2.75,3.3,1.0666666666666667,0.375,0.34090909090909094,0.2840909090909091,2.5,0.5346619904828201,0.3366549762070504,0.2244366508047003,1,0,-1.0,42.410000000000004
2010,38,2011-05-21,osasuna,villarreal,2010|2011-05-21|osasuna|villarreal,2010|2011-05-21|osasuna|villarreal,H,H,0.6737553202216647,0.19851910786621832,0.12772557191211692,0.6737553202216647,0.8498804277366128,0.47523621235544644,1.8,3.0,5.75,1.0628019323671496,0.5227272727272728,0.31363636363636366,0.16363636363636366,1.8,0.6737553202216647,0.21275957639899656,0.2659494704987457,1,1,0.8,43.21
2010,38,2011-05-21,real madrid,almeria,2010|2011-05-21|real madrid|almeria,2010|2011-05-21|realmadrid|almeria,H,H,0.7733661779667133,0.09255462619617885,0.13407919583710792,0.7733661779667133,0.6884417369996676,0.6392869821296053,1.13,8.5,17.0,1.0614263404476836,0.8337420304070623,0.1108386463952918,0.0554193231976459,1.13,0.7733661779667133,-0.1260962188976141,0.0,1,1,0.1299999999999999,43.34
2010,38,2011-05-21,santander,ath bilbao,2010|2011-05-21|santander|ath bilbao,2010|2011-05-21|santander|athbilbao,A,A,0.3569110162578266,0.2800744516170988,0.3630145321250746,0.3630145321250746,1.0920121114104473,0.0061035158672479994,3.0,3.5,2.25,1.0634920634920635,0.3134328358208955,0.26865671641791045,0.417910447761194,2.25,0.3630145321250746,-0.1832173027185821,0.0,1,1,1.25,44.59
2010,38,2011-05-21,sociedad,getafe,2010|2011-05-21|sociedad|getafe,2010|2011-05-21|sociedad|getafe,D,H,0.47901017619992753,0.2911099744110124,0.22987984938906003,0.47901017619992753,1.0497819924557878,0.18790020178891514,2.38,3.25,3.0,1.0611937082525318,0.39593908629441626,0.2899492385786802,0.3141116751269035,2.38,0.47901017619992753,0.14004421935582745,0.10148131837378802,1,0,-1.0,43.59
