Season,Matchday,Date,HomeTeam_norm,AwayTeam_norm,pred_key,pred_key_match,y_true,y_pred,proba_H,proba_D,proba_A,conf_maxprob,entropy,margin_top12,B365H,B365D,B365A,overround,pH_mkt,pD_mkt,pA_mkt,odds_pick,p_pick,ev_pick,kelly_pick,bet_placed,correct,profit,cum_profit_season
2011,1,2012-01-21,betis,sevilla,2011|2012-01-21|betis|sevilla,2011|2012-01-21|betis|sevilla,D,A,0.3627955252511729,0.2548212891977785,0.38238318555104855,0.38238318555104855,1.0838312022005727,0.01958766029987563,2.5,3.3,2.75,1.0666666666666669,0.37499999999999994,0.28409090909090906,0.34090909090909083,2.75,0.38238318555104855,0.0515537602653835,0.029459291580219142,1,0,-1.0,-1.0
2011,1,2012-01-21,espanol,granada,2011|2012-01-21|espanol|granada,2011|2012-01-21|espanol|granada,H,H,0.6106510620262394,0.2188886491534851,0.17046028882027542,0.6106510620262394,0.9353124412864864,0.3917624128727543,1.73,3.5,5.0,1.0637489677952106,0.5433938829374321,0.2685918335662164,0.18801428349635152,1.73,0.6106510620262394,0.0564263373053942,0.07729635247314275,1,1,0.73,-0.27
2011,1,2012-01-21,santander,getafe,2011|2012-01-21|santander|getafe,2011|2012-01-21|santander|getafe,A,H,0.4994785104804755,0.344137802012675,0.15638368750684956,0.4994785104804755,1.0039906255546616,0.15534070846780046,2.5,3.2,2.8,1.0696428571428571,0.3739565943238731,0.2921535893155259,0.333889816360601,2.5,0.4994785104804755,0.24869627620118873,0.16579751746745916,1,0,-1.0,-1.27
2011,1,2012-01-21,sociedad,ath madrid,2011|2012-01-21|sociedad|ath madrid,2011|2012-01-21|sociedad|athmadrid,A,H,0.45063398534850846,0.27851939171317913,0.27084662293831246,0.45063398534850846,1.0690031452776643,0.17211459363532933,2.9,3.3,2.4,1.0645245559038663,0.3239263803680982,0.2846625766871166,0.3914110429447853,2.9,0.45063398534850846,0.30683855751067446,0.16149397763719708,1,0,-1.0,-2.27
2011,1,2012-01-22,levante,zaragoza,2011|2012-01-22|levante|zaragoza,2011|2012-01-22|levante|zaragoza,D,H,0.5198351614961657,0.24476627611576968,0.2353985623880646,0.5198351614961657,1.0250936258965657,0.27506888538039603,1.83,3.4,4.5,1.0627879567127398,0.5141647343482205,0.27674160701683637,0.209093658634943,1.83,0.5198351614961657,-0.04870165446201674,0.0,1,0,-1.0,-3.27
2011,1,2012-01-22,malaga,barcelona,2011|2012-01-22|malaga|barcelona,2011|2012-01-22|malaga|barcelona,A,A,0.11415229074412703,0.24971492052914374,0.6361327887267293,0.6361327887267293,0.8819524603481932,0.38641786819758556,9.5,5.5,1.29,1.062275138162531,0.09909217877094971,0.17115921787709498,0.7297486033519552,1.29,0.6361327887267293,-0.17938870254251918,0.0,1,1,0.29000000000000004,-2.98
2011,1,2012-01-22,osasuna,valencia,2011|2012-01-22|osasuna|valencia,2011|2012-01-22|osasuna|valencia,D,D,0.2941636834473364,0.3529997133750508,0.3528366031776129,0.3529997133750508,1.0950862315961871,0.0001631101974379212,3.25,3.25,2.25,1.0598290598290598,0.2903225806451613,0.2903225806451613,0.4193548387096774,3.25,0.3529997133750508,0.14724906846891517,0.06544403043062896,1,1,2.25,-0.73
2011,1,2012-01-22,real madrid,ath bilbao,2011|2012-01-22|real madrid|ath bilbao,2011|2012-01-22|realmadrid|athbilbao,H,H,0.8474505219340945,0.0787167471759599,0.07383273088994549,0.8474505219340945,0.5327670875234133,0.7687337747581346,1.2,6.5,15.0,1.0538461538461539,0.7907542579075426,0.14598540145985403,0.0632603406326034,1.2,0.8474505219340945,0.016940626320913393,0.08470313160456698,1,1,0.19999999999999996,-0.53
2011,1,2012-01-22,vallecano,mallorca,2011|2012-01-22|vallecano|mallorca,2011|2012-01-22|vallecano|mallorca,A,H,0.5189921993438666,0.29499862026360657,0.18600918039252679,0.5189921993438666,1.0133791929732636,0.22399357908026007,2.0,3.4,3.75,1.0607843137254902,0.47134935304990755,0.27726432532347506,0.2513863216266174,2.0,0.5189921993438666,0.03798439868773329,0.03798439868773329,1,0,-1.0,-1.53
2011,1,2012-01-23,villarreal,sp gijon,2011|2012-01-23|villarreal|sp gijon,2011|2012-01-23|villarreal|spgijon,H,H,0.608344259057272,0.18909575277281332,0.20255998816991466,0.608344259057272,0.9407265531551939,0.4057842708873573,1.83,3.5,4.33,1.0631092553630697,0.5140093406910212,0.2687534552755911,0.21723720403338773,1.83,0.608344259057272,0.11326999407480776,0.13646987237928643,1,1,0.8300000000000001,-0.7
2011,2,2011-08-27,granada,betis,2011|2011-08-27|granada|betis,2011|2011-08-27|granada|betis,A,H,0.3854238592487872,0.32831779517185755,0.28625834557935526,0.3854238592487872,1.0912084405664457,0.05710606407692964,2.3,3.4,3.0,1.062233589087809,0.4093097913322633,0.27688603531300165,0.31380417335473515,2.3,0.3854238592487872,-0.11352512372778956,0.0,1,0,-1.0,-1.7
2011,2,2011-08-27,sp gijon,sociedad,2011|2011-08-27|sp gijon|sociedad,2011|2011-08-27|spgijon|sociedad,A,H,0.5192625768682422,0.22687665728336995,0.25386076584838785,0.5192625768682422,1.0248689765016001,0.26540181101985433,2.05,3.25,3.75,1.0621638524077548,0.45925577013659924,0.2896844088553933,0.25105982100800756,2.05,0.5192625768682422,0.06448828257989636,0.06141741198085369,1,0,-1.0,-2.7
2011,2,2011-08-27,valencia,santander,2011|2011-08-27|valencia|santander,2011|2011-08-27|valencia|santander,H,H,0.7554357457312499,0.17788170398475164,0.06668255028399843,0.7554357457312499,0.6995707814245684,0.5775540417464983,1.4,4.33,8.0,1.0702325965028043,0.6674116604369774,0.21579129898655158,0.11679704057647104,1.4,0.7554357457312499,0.05761004402374986,0.14402511005937468,1,1,0.3999999999999999,-2.3
2011,2,2011-08-28,ath bilbao,vallecano,2011|2011-08-28|ath bilbao|vallecano,2011|2011-08-28|athbilbao|vallecano,D,H,0.6235630185507957,0.2803809476291045,0.0960560338200998,0.6235630185507957,0.8760886661412888,0.3431820709216912,1.57,3.75,6.0,1.070276008492569,0.595120015869867,0.249156913310851,0.15572307081928186,1.57,0.6235630185507957,-0.02100606087525081,0.0,1,0,-1.0,-3.3
2011,2,2011-08-28,ath madrid,osasuna,2011|2011-08-28|ath madrid|osasuna,2011|2011-08-28|athmadrid|osasuna,D,H,0.7250151510853196,0.17167515115064905,0.10330969776403129,0.7250151510853196,0.7701709259723376,0.5533399999346705,1.53,3.8,6.5,1.0705988198248262,0.6104945747546898,0.245804394572283,0.143701030673027,1.53,0.7250151510853196,0.10927318116053891,0.20617581351045078,1,0,-1.0,-4.3
2011,2,2011-08-28,getafe,levante,2011|2011-08-28|getafe|levante,2011|2011-08-28|getafe|levante,D,H,0.5656980527309847,0.2624154406232076,0.17188650664580762,0.5656980527309847,0.9760200845907386,0.3032826121077771,1.8,3.5,4.5,1.0634920634920635,0.5223880597014926,0.26865671641791045,0.208955223880597,1.8,0.5656980527309847,0.018256494915772525,0.022820618644715657,1,0,-1.0,-5.3
2011,2,2011-08-28,mallorca,espanol,2011|2011-08-28|mallorca|espanol,2011|2011-08-28|mallorca|espanol,H,H,0.5760754899531176,0.17887212526749405,0.24505238477938826,0.5760754899531176,0.970182220464394,0.33102310517372935,2.0,3.4,3.75,1.0607843137254902,0.47134935304990755,0.27726432532347506,0.2513863216266174,2.0,0.5760754899531176,0.15215097990623527,0.15215097990623527,1,1,1.0,-4.3
2011,2,2011-08-28,sevilla,malaga,2011|2011-08-28|sevilla|malaga,2011|2011-08-28|sevilla|malaga,H,H,0.48509315958321997,0.24988387152148253,0.2650229688952976,0.48509315958321997,1.049386322499961,0.22007019068792238,2.1,3.4,3.4,1.0644257703081232,0.4473684210526316,0.27631578947368424,0.27631578947368424,2.1,0.48509315958321997,0.018695635124762022,0.016996031931601836,1,1,1.1,-3.2
2011,2,2011-08-28,zaragoza,real madrid,2011|2011-08-28|zaragoza|real madrid,2011|2011-08-28|zaragoza|realmadrid,A,A,0.06618409566845253,0.13599323019873916,0.7978226741328083,0.7978226741328083,0.6312409355067342,0.6618294439340691,8.5,5.0,1.33,1.0695267580716497,0.10999917293854934,0.1869985939955339,0.7030022330659168,1.33,0.7978226741328083,0.06110415659663504,0.185164110898894,1,1,0.33000000000000007,-2.87
2011,2,2011-08-29,barcelona,villarreal,2011|2011-08-29|barcelona|villarreal,2011|2011-08-29|barcelona|villarreal,H,H,0.8155560600319753,0.1454618303573302,0.038982109610694475,0.8155560600319753,0.5731905022160682,0.6700942296746452,1.25,5.75,11.0,1.0648221343873518,0.7512991833704529,0.1633259094283593,0.08537490720118782,1.25,0.8155560600319753,0.019445075039969173,0.07778030015987669,1,1,0.25,-2.62
2011,3,2011-09-10,real madrid,getafe,2011|2011-09-10|real madrid|getafe,2011|2011-09-10|realmadrid|getafe,H,H,0.9188108987741961,0.06144875330862971,0.019740347917174238,0.9188108987741961,0.326697394100211,0.8573621454655663,1.08,10.0,26.0,1.0643874643874645,0.8699143468950747,0.0939507494646681,0.03613490364025696,1.08,0.9188108987741961,-0.007684229323868169,0.0,1,1,0.08000000000000007,-2.54
2011,3,2011-09-10,sociedad,barcelona,2011|2011-09-10|sociedad|barcelona,2011|2011-09-10|sociedad|barcelona,D,A,0.03875467213828604,0.16692902470637064,0.7943163031553433,0.7943163031553433,0.6077163308567555,0.6273872784489727,15.0,7.0,1.17,1.0642246642246642,0.06264341441027994,0.13423588802202846,0.8031206975676917,1.17,0.7943163031553433,-0.0706499253082484,0.0,1,0,-1.0,-3.54
2011,3,2011-09-10,valencia,ath madrid,2011|2011-09-10|valencia|ath madrid,2011|2011-09-10|valencia|athmadrid,H,H,0.5678361067397389,0.19134066244824813,0.24082323081201285,0.5678361067397389,0.9806293570423762,0.3270128759277261,1.91,3.6,3.75,1.0680046538685282,0.49022277901846506,0.2600904188681301,0.24968680211340488,1.91,0.5678361067397389,0.0845669638729013,0.09293072953066078,1,1,0.9099999999999999,-2.63
2011,3,2011-09-10,villarreal,sevilla,2011|2011-09-10|villarreal|sevilla,2011|2011-09-10|villarreal|sevilla,D,H,0.5181822764860068,0.2581765921631892,0.22364113135080396,0.5181822764860068,1.0252176722927235,0.26000568432281757,2.1,3.4,3.4,1.0644257703081232,0.4473684210526316,0.27631578947368424,0.27631578947368424,2.1,0.5181822764860068,0.08818278062061435,0.0801661642005585,1,0,-1.0,-3.63
2011,3,2011-09-11,betis,mallorca,2011|2011-09-11|betis|mallorca,2011|2011-09-11|betis|mallorca,H,H,0.571389552479941,0.24399716512641575,0.1846132823936432,0.571389552479941,0.9758823743950925,0.32739238735352527,1.91,3.4,4.0,1.0676778564829073,0.4903728275762602,0.2754741472560756,0.23415302516766426,1.91,0.571389552479941,0.09135404523668733,0.10038906069965642,1,1,0.9099999999999999,-2.7199999999999998
2011,3,2011-09-11,espanol,ath bilbao,2011|2011-09-11|espanol|ath bilbao,2011|2011-09-11|espanol|athbilbao,H,H,0.44701271807742776,0.2351550390419079,0.31783224288066436,0.44701271807742776,1.064619119493918,0.1291804751967634,2.4,3.3,2.9,1.0645245559038663,0.3914110429447853,0.2846625766871166,0.3239263803680982,2.4,0.44701271807742776,0.07283052338582652,0.05202180241844752,1,1,1.4,-1.32
2011,3,2011-09-11,osasuna,sp gijon,2011|2011-09-11|osasuna|sp gijon,2011|2011-09-11|osasuna|spgijon,H,H,0.5381466284252698,0.24270025257449912,0.21915311900023093,0.5381466284252698,1.0097658585598879,0.2954463758507707,1.91,3.4,4.0,1.0676778564829073,0.4903728275762602,0.2754741472560756,0.23415302516766426,1.91,0.5381466284252698,0.027860060292265343,0.030615450870621258,1,1,0.9099999999999999,-0.41000000000000014
2011,3,2011-09-11,santander,levante,2011|2011-09-11|santander|levante,2011|2011-09-11|santander|levante,D,H,0.48920144501413027,0.28514273695070286,0.2256558180351669,0.48920144501413027,1.0435007667443028,0.2040587080634274,2.1,3.3,3.5,1.064935064935065,0.4471544715447154,0.2845528455284553,0.26829268292682923,2.1,0.48920144501413027,0.02732303452967355,0.024839122299703226,1,0,-1.0,-1.4100000000000001
2011,3,2011-09-11,vallecano,zaragoza,2011|2011-09-11|vallecano|zaragoza,2011|2011-09-11|vallecano|zaragoza,D,H,0.4579259589238558,0.14976333956943405,0.39231070150671016,0.4579259589238558,1.009103120512197,0.06561525741714563,2.2,3.2,3.4,1.0611631016042782,0.4283464566929133,0.2944881889763779,0.27716535433070866,2.2,0.4579259589238558,0.007437109632482786,0.0061975913604023205,1,0,-1.0,-2.41
2011,3,2011-09-12,malaga,granada,2011|2011-09-12|malaga|granada,2011|2011-09-12|malaga|granada,H,H,0.6900501762669006,0.24808289095599906,0.061866932777100446,0.6900501762669006,0.7739894432965471,0.4419672853109015,1.4,4.33,8.5,1.0628796553263338,0.6720287764529735,0.21728413095477203,0.11068709259225445,1.4,0.6900501762669006,-0.03392975322633929,0.0,1,1,0.3999999999999999,-2.0100000000000002
2011,4,2011-09-17,barcelona,osasuna,2011|2011-09-17|barcelona|osasuna,2011|2011-09-17|barcelona|osasuna,H,H,0.9156240508133333,0.06735651022454031,0.017019438962126276,0.9156240508133333,0.3317501104652434,0.848267540588793,1.08,10.0,26.0,1.0643874643874645,0.8699143468950747,0.0939507494646681,0.03613490364025696,1.08,0.9156240508133333,-0.011126025121599964,0.0,1,1,0.08000000000000007,-1.9300000000000002
2011,4,2011-09-17,granada,villarreal,2011|2011-09-17|granada|villarreal,2011|2011-09-17|granada|villarreal,H,A,0.24424190325818587,0.3614069568231339,0.3943511399186803,0.3943511399186803,1.079053687853261,0.03294418309554642,3.3,3.3,2.2,1.0606060606060606,0.28571428571428575,0.28571428571428575,0.4285714285714286,2.2,0.3943511399186803,-0.13242749217890326,0.0,1,0,-1.0,-2.93
2011,4,2011-09-17,mallorca,malaga,2011|2011-09-17|mallorca|malaga,2011|2011-09-17|mallorca|malaga,A,A,0.26512605315377047,0.2331552167149345,0.501718730131295,0.501718730131295,1.0374971648693319,0.2365926769775245,3.1,3.4,2.25,1.0611427366645583,0.3039936419630439,0.27717067355454006,0.41883568448241604,2.25,0.501718730131295,0.12886714279541367,0.10309371423633093,1,1,1.25,-1.6800000000000002
2011,4,2011-09-17,sevilla,sociedad,2011|2011-09-17|sevilla|sociedad,2011|2011-09-17|sevilla|sociedad,H,H,0.7728714484100806,0.1521721996614487,0.07495635192847078,0.7728714484100806,0.679826249292135,0.6206992487486319,1.53,4.0,6.0,1.0702614379084967,0.6106870229007634,0.233587786259542,0.15572519083969466,1.53,0.7728714484100806,0.18249331606742336,0.34432701144796857,1,1,0.53,-1.1500000000000001
2011,4,2011-09-17,sp gijon,valencia,2011|2011-09-17|sp gijon|valencia,2011|2011-09-17|spgijon|valencia,A,A,0.29257398632018156,0.26967944430928936,0.4377465693705291,0.4377465693705291,1.074634177132866,0.14517258305034753,3.3,3.3,2.2,1.0606060606060606,0.28571428571428575,0.28571428571428575,0.4285714285714286,2.2,0.4377465693705291,-0.03695754738483592,0.0,1,1,1.2000000000000002,0.050000000000000044
2011,4,2011-09-18,ath bilbao,betis,2011|2011-09-18|ath bilbao|betis,2011|2011-09-18|athbilbao|betis,A,H,0.6024648420559832,0.19503382040390438,0.20250133754011249,0.6024648420559832,0.9474798264705934,0.3999635045158707,2.0,3.4,3.75,1.0607843137254902,0.47134935304990755,0.27726432532347506,0.2513863216266174,2.0,0.6024648420559832,0.20492968411196633,0.20492968411196633,1,0,-1.0,-0.95
2011,4,2011-09-18,ath madrid,santander,2011|2011-09-18|ath madrid|santander,2011|2011-09-18|athmadrid|santander,H,H,0.7675573703854597,0.18064269969177313,0.05179992992276713,0.7675573703854597,0.6655199503649041,0.5869146706936865,1.44,4.2,7.5,1.0658730158730159,0.6515264333581534,0.22338049143708116,0.12509307520476545,1.44,0.7675573703854597,0.1052826133550619,0.23927866671604978,1,1,0.43999999999999995,-0.51
2011,4,2011-09-18,getafe,vallecano,2011|2011-09-18|getafe|vallecano,2011|2011-09-18|getafe|vallecano,A,H,0.5504015915320408,0.24324907259189255,0.20634933587606663,0.5504015915320408,0.9981798351475812,0.3071525189401483,1.95,3.5,3.8,1.0616926932716406,0.4830216088614491,0.26911203922280735,0.24786635191574358,1.95,0.5504015915320408,0.07328310348747957,0.07714010893418903,1,0,-1.0,-1.51
2011,4,2011-09-18,levante,real madrid,2011|2011-09-18|levante|real madrid,2011|2011-09-18|levante|realmadrid,H,A,0.046568078305678356,0.16189087806268762,0.791541043631634,0.791541043631634,0.6226344156619954,0.6296501655689464,13.0,6.5,1.2,1.064102564102564,0.07228915662650603,0.14457831325301207,0.783132530120482,1.2,0.791541043631634,-0.050150747642039195,0.0,1,0,-1.0,-2.51
2011,4,2011-09-18,zaragoza,espanol,2011|2011-09-18|zaragoza|espanol,2011|2011-09-18|zaragoza|espanol,H,H,0.5463179159833884,0.26513348863880826,0.18854859537780339,0.5463179159833884,0.9968236778282449,0.28118442734458016,2.1,3.2,3.6,1.066468253968254,0.44651162790697674,0.2930232558139535,0.26046511627906976,2.1,0.5463179159833884,0.1472676235651157,0.1338796577864688,1,1,1.1,-1.41
2011,5,2011-09-20,osasuna,sevilla,2011|2011-09-20|osasuna|sevilla,2011|2011-09-20|osasuna|sevilla,D,H,0.4134065175872926,0.2922574356313614,0.29433604678134606,0.4134065175872926,1.0846663710289433,0.11907047080594652,2.63,3.3,2.63,1.0634865767945616,0.35752979414951247,0.28494041170097506,0.35752979414951247,2.63,0.4134065175872926,0.08725914125457934,0.05353321549360696,1,0,-1.0,-2.41
2011,5,2011-09-20,sociedad,granada,2011|2011-09-20|sociedad|granada,2011|2011-09-20|sociedad|granada,H,H,0.4529615343543519,0.33302948966077195,0.21400897598487614,0.4529615343543519,1.0548416333010444,0.11993204469357993,2.0,3.4,3.75,1.0607843137254902,0.47134935304990755,0.27726432532347506,0.2513863216266174,2.0,0.4529615343543519,-0.0940769312912963,0.0,1,1,1.0,-1.41
2011,5,2011-09-20,villarreal,mallorca,2011|2011-09-20|villarreal|mallorca,2011|2011-09-20|villarreal|mallorca,H,H,0.691071775022975,0.21433508009160146,0.09459314488542352,0.691071775022975,0.8085478116890473,0.47673669493137355,1.62,3.75,5.5,1.0657687991021325,0.5791912384161751,0.2502106149957877,0.17059814658803707,1.62,0.691071775022975,0.11953627553721957,0.19280044441487024,1,1,0.6200000000000001,-0.7899999999999998
2011,5,2011-09-21,ath madrid,sp gijon,2011|2011-09-21|ath madrid|sp gijon,2011|2011-09-21|athmadrid|spgijon,H,H,0.7832638944994597,0.14413896781213353,0.07259713768840677,0.7832638944994597,0.6609439547578659,0.6391249266873261,1.4,4.5,7.5,1.0698412698412698,0.6676557863501484,0.20771513353115725,0.12462908011869436,1.4,0.7832638944994597,0.09656945229924346,0.24142363074810871,1,1,0.3999999999999999,-0.3899999999999999
2011,5,2011-09-21,malaga,ath bilbao,2011|2011-09-21|malaga|ath bilbao,2011|2011-09-21|malaga|athbilbao,H,H,0.6633243698301791,0.19589011555068123,0.14078551461913977,0.6633243698301791,0.8676416309477086,0.4674342542794978,1.62,3.75,5.5,1.0657687991021325,0.5791912384161751,0.2502106149957877,0.17059814658803707,1.62,0.6633243698301791,0.07458547912489016,0.12029915987885509,1,1,0.6200000000000001,0.2300000000000002
2011,5,2011-09-21,santander,real madrid,2011|2011-09-21|santander|real madrid,2011|2011-09-21|santander|realmadrid,D,A,0.07706519048917486,0.1490267437414037,0.7739080657694214,0.7739080657694214,0.6795721044027128,0.6248813220280177,13.0,6.5,1.2,1.064102564102564,0.07228915662650603,0.14457831325301207,0.783132530120482,1.2,0.7739080657694214,-0.07131032107669436,0.0,1,0,-1.0,-0.7699999999999998
2011,5,2011-09-21,valencia,barcelona,2011|2011-09-21|valencia|barcelona,2011|2011-09-21|valencia|barcelona,D,A,0.10249272774083246,0.17737315018394442,0.7201341220752231,0.7201341220752231,0.7766743265167901,0.5427609718912787,7.5,4.5,1.4,1.0698412698412698,0.12462908011869436,0.20771513353115725,0.6676557863501484,1.4,0.7201341220752231,0.008187770905312253,0.020469427263280635,1,0,-1.0,-1.7699999999999998
2011,5,2011-09-21,vallecano,levante,2011|2011-09-21|vallecano|levante,2011|2011-09-21|vallecano|levante,A,H,0.5367704839481791,0.24706098165163687,0.21616853440018405,0.5367704839481791,1.01049597125102,0.2897095022965422,2.1,3.25,3.5,1.0695970695970696,0.4452054794520548,0.28767123287671237,0.2671232876712329,2.1,0.5367704839481791,0.12721801629117602,0.11565274208288728,1,0,-1.0,-2.7699999999999996
2011,5,2011-09-22,betis,zaragoza,2011|2011-09-22|betis|zaragoza,2011|2011-09-22|betis|zaragoza,H,H,0.6310046498547422,0.2074715401402328,0.16152381000502494,0.6310046498547422,0.9113187384339392,0.4235331097145094,1.67,3.6,5.25,1.067056363463549,0.5611722264285397,0.26032156059323924,0.17850621297822117,1.67,0.6310046498547422,0.05377776525741951,0.08026532127973061,1,1,0.6699999999999999,-2.0999999999999996
2011,5,2011-09-22,espanol,getafe,2011|2011-09-22|espanol|getafe,2011|2011-09-22|espanol|getafe,H,H,0.4690989449054851,0.2572053820539331,0.2736956730405819,0.4690989449054851,1.05897263882028,0.1954032718649032,2.1,3.25,3.5,1.0695970695970696,0.4452054794520548,0.28767123287671237,0.2671232876712329,2.1,0.4690989449054851,-0.014892215698481315,0.0,1,1,1.1,-0.9999999999999998
2011,6,2011-09-24,ath bilbao,villarreal,2011|2011-09-24|ath bilbao|villarreal,2011|2011-09-24|athbilbao|villarreal,D,H,0.4581765244803019,0.23957225879112262,0.30225121672857563,0.4581765244803019,1.0615745698641432,0.15592530775172625,2.2,3.25,3.3,1.0652680652680653,0.42669584245076586,0.2888402625820569,0.2844638949671772,2.2,0.4581765244803019,0.007988353856664188,0.006656961547220156,1,0,-1.0,-1.9999999999999998
2011,6,2011-09-24,barcelona,ath madrid,2011|2011-09-24|barcelona|ath madrid,2011|2011-09-24|barcelona|athmadrid,H,H,0.866964642541878,0.08243982705146895,0.050595530406652975,0.866964642541878,0.4804809184192518,0.7845248154904091,1.2,6.5,13.0,1.064102564102564,0.783132530120482,0.14457831325301207,0.07228915662650603,1.2,0.866964642541878,0.04035757105025356,0.20178785525126786,1,1,0.19999999999999996,-1.7999999999999998
2011,6,2011-09-24,real madrid,vallecano,2011|2011-09-24|real madrid|vallecano,2011|2011-09-24|realmadrid|vallecano,H,H,0.9084326238330706,0.07295255615230549,0.018614820014623994,0.9084326238330706,0.35238444219248966,0.8354800676807651,1.1,9.0,21.0,1.0678210678210678,0.8513513513513513,0.10405405405405405,0.0445945945945946,1.1,0.9084326238330706,-0.0007241137836223183,0.0,1,1,0.10000000000000009,-1.6999999999999997
2011,6,2011-09-24,sevilla,valencia,2011|2011-09-24|sevilla|valencia,2011|2011-09-24|sevilla|valencia,H,H,0.4555910077059348,0.19874130568083168,0.3456676866132335,0.4555910077059348,1.046478820364813,0.10992332109270131,2.3,3.25,3.1,1.0650555615492503,0.40822528363047,0.28889789303079416,0.3028768233387358,2.3,0.4555910077059348,0.04785931772365004,0.03681485978742311,1,1,1.2999999999999998,-0.3999999999999999
2011,6,2011-09-25,granada,osasuna,2011|2011-09-25|granada|osasuna,2011|2011-09-25|granada|osasuna,D,H,0.4668577461501858,0.27575227775057715,0.2573899760992369,0.4668577461501858,1.0601785245920037,0.19110546839960868,2.25,3.25,3.2,1.0646367521367521,0.41746111389864526,0.28901154039136984,0.29352734570998495,2.25,0.4668577461501858,0.05042992883791808,0.04034394307033447,1,0,-1.0,-1.4
2011,6,2011-09-25,levante,espanol,2011|2011-09-25|levante|espanol,2011|2011-09-25|levante|espanol,H,H,0.45638817239451557,0.28259278931050263,0.2610190382949818,0.45638817239451557,1.0657131651736473,0.17379538308401293,2.2,3.25,3.3,1.0652680652680653,0.42669584245076586,0.2888402625820569,0.2844638949671772,2.2,0.45638817239451557,0.004053979267934382,0.0033783160566119848,1,1,1.2000000000000002,-0.19999999999999973
2011,6,2011-09-25,mallorca,sociedad,2011|2011-09-25|mallorca|sociedad,2011|2011-09-25|mallorca|sociedad,H,H,0.5764813519919831,0.22985737371376455,0.1936612742942524,0.5764813519919831,0.9734144482707701,0.34662397827821856,2.1,3.3,3.5,1.064935064935065,0.4471544715447154,0.2845528455284553,0.26829268292682923,2.1,0.5764813519919831,0.2106108391831646,0.19146439925742234,1,1,1.1,0.9000000000000004
2011,6,2011-09-25,sp gijon,santander,2011|2011-09-25|sp gijon|santander,2011|2011-09-25|spgijon|santander,D,H,0.5015384472209337,0.29895910293305616,0.19950244984601026,0.5015384472209337,1.0286606049060472,0.2025793442878775,2.05,3.3,3.6,1.0686129588568614,0.4564841498559078,0.28357348703170027,0.25994236311239194,2.05,0.5015384472209337,0.028153816802913956,0.026813158859918057,1,0,-1.0,-0.09999999999999964
2011,6,2011-09-25,zaragoza,malaga,2011|2011-09-25|zaragoza|malaga,2011|2011-09-25|zaragoza|malaga,D,A,0.3570150790454307,0.28573510859151563,0.35724981236305364,0.35724981236305364,1.0933793244141987,0.00023473331762291494,3.2,3.4,2.2,1.0611631016042782,0.2944881889763779,0.27716535433070866,0.4283464566929133,2.2,0.35724981236305364,-0.2140504128012819,0.0,1,0,-1.0,-1.0999999999999996
2011,6,2011-09-26,getafe,betis,2011|2011-09-26|getafe|betis,2011|2011-09-26|getafe|betis,H,H,0.4354476426559903,0.2727888172924477,0.291763540051562,0.4354476426559903,1.0757888017124688,0.14368410260442827,2.5,3.25,2.8,1.0648351648351648,0.3756449948400413,0.28895768833849333,0.33539731682146545,2.5,0.4354476426559903,0.08861910663997574,0.059079404426650495,1,1,1.5,0.40000000000000036
2011,7,2011-10-01,malaga,getafe,2011|2011-10-01|malaga|getafe,2011|2011-10-01|malaga|getafe,H,H,0.6772232000245705,0.21227656456823887,0.11050023540719063,0.6772232000245705,0.8363538108638541,0.46494663545633164,1.57,4.0,5.5,1.0687608569774174,0.5959637003927942,0.23391575240417176,0.17012054720303402,1.57,0.6772232000245705,0.06324042403857572,0.11094811234837844,1,1,0.5700000000000001,0.9700000000000004
2011,7,2011-10-01,osasuna,mallorca,2011|2011-10-01|osasuna|mallorca,2011|2011-10-01|osasuna|mallorca,D,H,0.6345058991041858,0.22772544618102908,0.13776865471478528,0.6345058991041858,0.8986703274317358,0.4067804529231567,1.83,3.5,4.33,1.0631092553630697,0.5140093406910212,0.2687534552755911,0.21723720403338773,1.83,0.6345058991041858,0.16114579536065998,0.19415156067549394,1,0,-1.0,-0.029999999999999583
2011,7,2011-10-01,santander,vallecano,2011|2011-10-01|santander|vallecano,2011|2011-10-01|santander|vallecano,D,H,0.44851185097533963,0.28514661271411046,0.2663415363105499,0.44851185097533963,1.069777489305994,0.16336523826122917,2.2,3.3,3.25,1.0652680652680653,0.42669584245076586,0.2844638949671772,0.2888402625820569,2.2,0.44851185097533963,-0.013273927854252743,0.0,1,0,-1.0,-1.0299999999999996
2011,7,2011-10-01,valencia,granada,2011|2011-10-01|valencia|granada,2011|2011-10-01|valencia|granada,H,H,0.777554950839038,0.1604338165413783,0.06201123261958377,0.777554950839038,0.6616257026141024,0.6171211342976597,1.33,4.5,11.0,1.0650110123794334,0.705983027882764,0.2086572060186836,0.08535976609855238,1.33,0.777554950839038,0.034148084615920615,0.10347904429066851,1,1,0.33000000000000007,-0.6999999999999995
2011,7,2011-10-01,villarreal,zaragoza,2011|2011-10-01|villarreal|zaragoza,2011|2011-10-01|villarreal|zaragoza,D,H,0.6821680225043892,0.20354832405331097,0.11428365344229983,0.6821680225043892,0.8328233528449396,0.47861969845107827,1.62,3.8,5.5,1.062260027172308,0.5811043763554468,0.24773397097258518,0.17116165267196795,1.62,0.6821680225043892,0.10511219645711062,0.16953580073727517,1,0,-1.0,-1.6999999999999995
2011,7,2011-10-02,ath madrid,sevilla,2011|2011-10-02|ath madrid|sevilla,2011|2011-10-02|athmadrid|sevilla,D,H,0.6043168921111025,0.21225827668695696,0.18342483120194053,0.6043168921111025,0.9444375983460804,0.39205861542414555,1.91,3.6,3.75,1.0680046538685282,0.49022277901846506,0.2600904188681301,0.24968680211340488,1.91,0.6043168921111025,0.15424526393220572,0.1695002900353909,1,0,-1.0,-2.6999999999999993
2011,7,2011-10-02,betis,levante,2011|2011-10-02|betis|levante,2011|2011-10-02|betis|levante,A,H,0.6693122929686763,0.21981916664835868,0.11086854038296498,0.6693122929686763,0.8455923552840507,0.4494931263203177,1.73,3.6,4.75,1.0663387756481764,0.5420741468672235,0.26049674280008245,0.19742911033269403,1.73,0.6693122929686763,0.15791026683581005,0.21631543402165762,1,0,-1.0,-3.6999999999999993
2011,7,2011-10-02,espanol,real madrid,2011|2011-10-02|espanol|real madrid,2011|2011-10-02|espanol|realmadrid,A,A,0.09121643406190685,0.18136829119328618,0.7274152747448069,0.7274152747448069,0.7595617227805513,0.5460469835515207,10.0,6.0,1.25,1.0666666666666667,0.09375,0.15625,0.75,1.25,0.7274152747448069,-0.09073090656899133,0.0,1,1,0.25,-3.4499999999999993
2011,7,2011-10-02,sociedad,ath bilbao,2011|2011-10-02|sociedad|ath bilbao,2011|2011-10-02|sociedad|athbilbao,A,H,0.3853769133072395,0.29854093670160803,0.3160821499911525,0.3853769133072395,1.0924090532649455,0.06929476331608703,2.4,3.2,3.0,1.0625,0.39215686274509803,0.29411764705882354,0.3137254901960784,2.4,0.3853769133072395,-0.07509540806262516,0.0,1,0,-1.0,-4.449999999999999
2011,7,2011-10-02,sp gijon,barcelona,2011|2011-10-02|sp gijon|barcelona,2011|2011-10-02|spgijon|barcelona,A,A,0.10404484682906799,0.31442491120124144,0.5815302419696905,0.5815302419696905,0.9144823735792822,0.26710533076844906,13.0,7.5,1.17,1.064957264957265,0.07223113964686999,0.12520064205457465,0.8025682182985554,1.17,0.5815302419696905,-0.3196096168954622,0.0,1,1,0.16999999999999993,-4.279999999999999
2011,8,2011-10-15,barcelona,santander,2011|2011-10-15|barcelona|santander,2011|2011-10-15|barcelona|santander,H,H,0.911820575145112,0.06767356596743845,0.020505858887449623,0.911820575145112,0.346128160450482,0.8441470091776735,1.06,12.0,26.0,1.0651910982099662,0.8856591347791528,0.0782332235721585,0.03610764164868854,1.06,0.911820575145112,-0.03347019034618129,0.0,1,1,0.06000000000000005,-4.22
2011,8,2011-10-15,getafe,villarreal,2011|2011-10-15|getafe|villarreal,2011|2011-10-15|getafe|villarreal,D,H,0.4504601924155767,0.306558933313188,0.24298087427123516,0.4504601924155767,1.0654566756875408,0.1439012591023887,2.25,3.5,3.0,1.0634920634920635,0.417910447761194,0.26865671641791045,0.3134328358208955,2.25,0.4504601924155767,0.013535432935047553,0.010828346348038042,1,0,-1.0,-5.22
2011,8,2011-10-15,granada,ath madrid,2011|2011-10-15|granada|ath madrid,2011|2011-10-15|granada|athmadrid,D,A,0.28459251908694516,0.291551503861358,0.423855977051697,0.423855977051697,1.0808166908749817,0.132304473190339,3.5,3.3,2.1,1.064935064935065,0.26829268292682923,0.2845528455284553,0.4471544715447154,2.1,0.423855977051697,-0.1099024481914363,0.0,1,0,-1.0,-6.22
2011,8,2011-10-15,mallorca,valencia,2011|2011-10-15|mallorca|valencia,2011|2011-10-15|mallorca|valencia,D,A,0.3353187024839082,0.24112421210207605,0.42355708541401577,0.42355708541401577,1.0732433490488784,0.08823838293010755,3.0,3.4,2.3,1.0622335890878092,0.3138041733547351,0.2768860353130016,0.40930979133226325,2.3,0.42355708541401577,-0.02581870354776372,0.0,1,0,-1.0,-7.22
2011,8,2011-10-15,real madrid,betis,2011|2011-10-15|real madrid|betis,2011|2011-10-15|realmadrid|betis,H,H,0.9163820503969883,0.05609869148110738,0.027519258121904335,0.9163820503969883,0.340493622935238,0.8602833589158809,1.14,8.0,16.0,1.0646929824561404,0.82389289392379,0.11740473738414005,0.058702368692070024,1.14,0.9163820503969883,0.044675537452566555,0.31911098180404707,1,1,0.1399999999999999,-7.08
2011,8,2011-10-16,levante,malaga,2011|2011-10-16|levante|malaga,2011|2011-10-16|levante|malaga,H,A,0.2620655204404511,0.35975023969153114,0.3781842398680177,0.3781842398680177,1.0864732526375072,0.018434000176486554,2.9,3.25,2.4,1.069186560565871,0.3225139549307422,0.28778168286127764,0.3897043622079801,2.4,0.3781842398680177,-0.09235782431675754,0.0,1,0,-1.0,-8.08
2011,8,2011-10-16,sevilla,sp gijon,2011|2011-10-16|sevilla|sp gijon,2011|2011-10-16|sevilla|spgijon,H,H,0.7713545544684377,0.1561556024520342,0.07248984307952812,0.7713545544684377,0.6804505907528129,0.6151989520164035,1.36,4.75,8.5,1.0634674922600618,0.6914119359534208,0.19796215429403205,0.11062590975254732,1.36,0.7713545544684377,0.04904219407707533,0.13622831688076475,1,1,0.3600000000000001,-7.72
2011,8,2011-10-16,vallecano,espanol,2011|2011-10-16|vallecano|espanol,2011|2011-10-16|vallecano|espanol,A,H,0.45004441284633334,0.2505547615102669,0.29940082564339965,0.45004441284633334,1.0671758159923364,0.1506435872029337,2.2,3.2,3.4,1.0611631016042782,0.4283464566929133,0.2944881889763779,0.27716535433070866,2.2,0.45004441284633334,-0.00990229173806656,0.0,1,0,-1.0,-8.719999999999999
2011,8,2011-10-16,zaragoza,sociedad,2011|2011-10-16|zaragoza|sociedad,2011|2011-10-16|zaragoza|sociedad,H,H,0.5503350782228925,0.23862327901793617,0.21104164275917126,0.5503350782228925,0.9989088840515215,0.31171179920495634,2.0,3.3,3.8,1.066188197767145,0.4689603590127151,0.2842183994016455,0.2468212415856395,2.0,0.5503350782228925,0.10067015644578503,0.10067015644578503,1,1,1.0,-7.72
2011,8,2011-10-17,ath bilbao,osasuna,2011|2011-10-17|ath bilbao|osasuna,2011|2011-10-17|athbilbao|osasuna,H,H,0.573374406598551,0.19875836141692438,0.22786723198452463,0.573374406598551,0.9770610886612703,0.34550717461402636,1.83,3.5,4.33,1.0631092553630697,0.5140093406910212,0.2687534552755911,0.21723720403338773,1.83,0.573374406598551,0.04927516407534838,0.05936766756066069,1,1,0.8300000000000001,-6.89
2011,9,2011-10-22,barcelona,sevilla,2011|2011-10-22|barcelona|sevilla,2011|2011-10-22|barcelona|sevilla,D,H,0.9005088088707539,0.06288607731711617,0.03660511381212997,0.9005088088707539,0.3894129596628555,0.8376227315536378,1.17,7.5,13.0,1.064957264957265,0.8025682182985554,0.12520064205457465,0.07223113964686999,1.17,0.9005088088707539,0.053595306378782015,0.31526650811048257,1,0,-1.0,-7.89
2011,9,2011-10-22,malaga,real madrid,2011|2011-10-22|malaga|real madrid,2011|2011-10-22|malaga|realmadrid,A,A,0.07868261448220981,0.15566799852514912,0.7656493869926411,0.7656493869926411,0.6940365912500369,0.609981388467492,7.5,4.5,1.4,1.0698412698412698,0.12462908011869436,0.20771513353115725,0.6676557863501484,1.4,0.7656493869926411,0.07190914178969743,0.1797728544742436,1,1,0.3999999999999999,-7.489999999999999
2011,9,2011-10-22,santander,espanol,2011|2011-10-22|santander|espanol,2011|2011-10-22|santander|espanol,A,H,0.43751288872499805,0.29948842585184776,0.26299868542315413,0.43751288872499805,1.074019386074622,0.1380244628731503,2.5,3.2,2.88,1.0597222222222222,0.3774574049803408,0.2948885976408912,0.327653997378768,2.5,0.43751288872499805,0.09378222181249518,0.06252148120833012,1,0,-1.0,-8.49
2011,9,2011-10-22,sp gijon,granada,2011|2011-10-22|sp gijon|granada,2011|2011-10-22|spgijon|granada,H,H,0.5068570788478926,0.33227568393946283,0.16086723721264465,0.5068570788478926,1.0044535232880096,0.17458139490842972,2.0,3.3,3.75,1.0696969696969696,0.4674220963172805,0.28328611898017003,0.2492917847025496,2.0,0.5068570788478926,0.0137141576957851,0.0137141576957851,1,1,1.0,-7.489999999999999
2011,9,2011-10-23,ath madrid,mallorca,2011|2011-10-23|ath madrid|mallorca,2011|2011-10-23|athmadrid|mallorca,D,H,0.7650010059831963,0.16933053455547264,0.06566845946133099,0.7650010059831963,0.68446576516156,0.5956704714277237,1.44,4.2,7.5,1.0658730158730159,0.6515264333581534,0.22338049143708116,0.12509307520476545,1.44,0.7650010059831963,0.10160144861580267,0.23091238321773336,1,0,-1.0,-8.49
2011,9,2011-10-23,betis,vallecano,2011|2011-10-23|betis|vallecano,2011|2011-10-23|betis|vallecano,A,H,0.6012665471185199,0.26324628103275405,0.13548717184872597,0.6012665471185199,0.9280425107564975,0.33802026608576585,1.73,3.6,4.75,1.0663387756481764,0.5420741468672235,0.26049674280008245,0.19742911033269403,1.73,0.6012665471185199,0.04019112651503942,0.05505633769183482,1,0,-1.0,-9.49
2011,9,2011-10-23,osasuna,zaragoza,2011|2011-10-23|osasuna|zaragoza,2011|2011-10-23|osasuna|zaragoza,H,H,0.5996275819254049,0.24733621414792237,0.15303620392667266,0.5996275819254049,0.9394690924385922,0.3522913677774825,1.91,3.4,4.0,1.0676778564829073,0.4903728275762602,0.2754741472560756,0.23415302516766426,1.91,0.5996275819254049,0.14528868147752327,0.15965789173354208,1,1,0.9099999999999999,-8.58
2011,9,2011-10-23,sociedad,getafe,2011|2011-10-23|sociedad|getafe,2011|2011-10-23|sociedad|getafe,D,H,0.47325095164890335,0.34460876749077707,0.18214028086031955,0.47325095164890335,1.0313613036455067,0.12864218415812628,2.3,3.2,3.2,1.0597826086956523,0.41025641025641024,0.2948717948717948,0.2948717948717948,2.3,0.47325095164890335,0.08847718879247768,0.0680593759942136,1,0,-1.0,-9.58
2011,9,2011-10-23,valencia,ath bilbao,2011|2011-10-23|valencia|ath bilbao,2011|2011-10-23|valencia|athbilbao,D,H,0.6708004574489821,0.18584243005317994,0.14335711249783803,0.6708004574489821,0.859044885846453,0.4849580273958022,1.67,3.75,5.0,1.0654690618762475,0.562008242787561,0.2502810041213938,0.18771075309104535,1.67,0.6708004574489821,0.12023676393980004,0.17945785662656724,1,0,-1.0,-10.58
2011,9,2011-10-23,villarreal,levante,2011|2011-10-23|villarreal|levante,2011|2011-10-23|villarreal|levante,A,H,0.5991264666658621,0.22130785763390176,0.17956567570023613,0.5991264666658621,0.9490514137636028,0.37781860903196035,1.91,3.3,4.2,1.064685750549625,0.4917509313464608,0.2846194784459819,0.22362959020755718,1.91,0.5991264666658621,0.14433155133179654,0.1586061003646116,1,0,-1.0,-11.58
2011,10,2011-10-25,granada,barcelona,2011|2011-10-25|granada|barcelona,2011|2011-10-25|granada|barcelona,A,A,0.09022772621759792,0.330193861045394,0.579578412737008,0.579578412737008,0.8990486633757655,0.24938455169161405,23.0,9.0,1.1,1.0636802810715853,0.040875309661436834,0.10445912469033856,0.8546655656482247,1.1,0.579578412737008,-0.3624637459892911,0.0,1,1,0.10000000000000009,-11.48
2011,10,2011-10-25,sevilla,santander,2011|2011-10-25|sevilla|santander,2011|2011-10-25|sevilla|santander,D,H,0.7114594592419561,0.21545068819023502,0.07308985256780895,0.7114594592419561,0.7641366801327556,0.49600877105172103,1.4,4.5,7.5,1.0698412698412698,0.6676557863501484,0.20771513353115725,0.12462908011869436,1.4,0.7114594592419561,-0.003956757061261529,0.0,1,0,-1.0,-12.48
2011,10,2011-10-26,getafe,osasuna,2011|2011-10-26|getafe|osasuna,2011|2011-10-26|getafe|osasuna,D,H,0.5149511521931981,0.2671363715388071,0.21791247626799476,0.5149511521931981,1.026408298214391,0.247814780654391,1.95,3.3,4.0,1.065850815850816,0.4811372334609076,0.2843083652268999,0.23455440131219243,1.95,0.5149511521931981,0.004154746776736273,0.004373417659722393,1,0,-1.0,-13.48
2011,10,2011-10-26,levante,sociedad,2011|2011-10-26|levante|sociedad,2011|2011-10-26|levante|sociedad,H,H,0.6081033467864632,0.27091304220346596,0.12098361101007078,0.6081033467864632,0.911807345522213,0.3371903045829972,1.73,3.5,5.0,1.0637489677952106,0.5433938829374321,0.2685918335662164,0.18801428349635152,1.73,0.6081033467864632,0.052018789940581234,0.0712586163569606,1,1,0.73,-12.75
2011,10,2011-10-26,mallorca,sp gijon,2011|2011-10-26|mallorca|sp gijon,2011|2011-10-26|mallorca|spgijon,A,H,0.4497111109143864,0.3183774831953887,0.2319114058902248,0.4497111109143864,1.0626904893905724,0.1313336277189977,2.0,3.3,3.8,1.066188197767145,0.4689603590127151,0.2842183994016455,0.2468212415856395,2.0,0.4497111109143864,-0.10057777817122715,0.0,1,0,-1.0,-13.75
2011,10,2011-10-26,real madrid,villarreal,2011|2011-10-26|real madrid|villarreal,2011|2011-10-26|realmadrid|villarreal,H,H,0.8771754725484155,0.09060658413988792,0.032217943311696515,0.8771754725484155,0.4431954917538069,0.7865688884085276,1.13,8.0,21.0,1.057574799831437,0.8367784031478807,0.11819494944463814,0.04502664740748119,1.13,0.8771754725484155,-0.008791716020290524,0.0,1,1,0.1299999999999999,-13.62
2011,10,2011-10-26,vallecano,malaga,2011|2011-10-26|vallecano|malaga,2011|2011-10-26|vallecano|malaga,H,H,0.37727551290706923,0.29078403065483294,0.3319404564380978,0.37727551290706923,1.0929932889440823,0.04533505646897146,2.9,3.3,2.4,1.0645245559038663,0.3239263803680982,0.2846625766871166,0.3914110429447853,2.9,0.37727551290706923,0.09409898743050082,0.04952578285815833,1,1,1.9,-11.719999999999999
2011,10,2011-10-26,zaragoza,valencia,2011|2011-10-26|zaragoza|valencia,2011|2011-10-26|zaragoza|valencia,A,A,0.28072125503332607,0.26682290415876997,0.45245584080790396,0.45245584080790396,1.0679717286591877,0.1717345857745779,3.3,3.3,2.2,1.0606060606060606,0.28571428571428575,0.28571428571428575,0.4285714285714286,2.2,0.45245584080790396,-0.0045971502226110905,0.0,1,1,1.2000000000000002,-10.52
2011,10,2011-10-27,ath bilbao,ath madrid,2011|2011-10-27|ath bilbao|ath madrid,2011|2011-10-27|athbilbao|athmadrid,H,H,0.41750139109650575,0.214758774990038,0.36773983391345616,0.41750139109650575,1.0629037778394856,0.04976155718304959,2.38,3.4,2.88,1.0615079365079365,0.3958218801539307,0.27707531610775155,0.32710280373831774,2.38,0.41750139109650575,-0.006346689190316335,0.0,1,1,1.38,-9.14
2011,10,2011-10-27,espanol,betis,2011|2011-10-27|espanol|betis,2011|2011-10-27|espanol|betis,H,H,0.4246080753996402,0.2713901170704412,0.3040018075299185,0.4246080753996402,1.0796424458172078,0.12060626786972167,2.2,3.3,3.3,1.0606060606060606,0.4285714285714286,0.28571428571428575,0.28571428571428575,2.2,0.4246080753996402,-0.06586223412079151,0.0,1,1,1.2000000000000002,-7.9399999999999995
2011,11,2011-10-29,barcelona,mallorca,2011|2011-10-29|barcelona|mallorca,2011|2011-10-29|barcelona|mallorca,H,H,0.9069760325609866,0.07338604729873227,0.019637920140281154,0.9069760325609866,0.3574251709722233,0.8335899852622544,1.06,11.0,34.0,1.0637170820300674,0.8868864121413328,0.08546359971543753,0.02764998814322979,1.06,0.9069760325609866,-0.038605405485354176,0.0,1,1,0.06000000000000005,-7.879999999999999
2011,11,2011-10-29,sociedad,real madrid,2011|2011-10-29|sociedad|real madrid,2011|2011-10-29|sociedad|realmadrid,A,A,0.09645732566204607,0.3211534235672488,0.5823892507707051,0.5823892507707051,0.9052071749457276,0.26123582720345634,15.0,7.0,1.17,1.0642246642246642,0.06264341441027994,0.13423588802202846,0.8031206975676917,1.17,0.5823892507707051,-0.318604576598275,0.0,1,1,0.16999999999999993,-7.709999999999999
2011,11,2011-10-29,valencia,getafe,2011|2011-10-29|valencia|getafe,2011|2011-10-29|valencia|getafe,H,H,0.7321114894281375,0.20603787194367496,0.061850638628187495,0.7321114894281375,0.7258982257231481,0.5260736174844626,1.44,4.33,7.0,1.0682484695186774,0.6500776404176282,0.2161921021250311,0.13373025745734066,1.44,0.7321114894281375,0.05424054477651802,0.12327396540117733,1,1,0.43999999999999995,-7.27
2011,11,2011-10-29,villarreal,vallecano,2011|2011-10-29|villarreal|vallecano,2011|2011-10-29|villarreal|vallecano,H,H,0.5443782900703666,0.2506565955401104,0.2049651143895229,0.5443782900703666,1.0027211174404946,0.29372169453025626,2.0,3.4,3.75,1.0607843137254902,0.47134935304990755,0.27726432532347506,0.2513863216266174,2.0,0.5443782900703666,0.08875658014073329,0.08875658014073329,1,1,1.0,-6.27
2011,11,2011-10-30,ath madrid,zaragoza,2011|2011-10-30|ath madrid|zaragoza,2011|2011-10-30|athmadrid|zaragoza,H,H,0.7767494517833329,0.16132775565786392,0.06192279255880307,0.7767494517833329,0.6628099653967106,0.6154216961254689,1.4,4.5,8.0,1.0615079365079365,0.6728971962616822,0.20934579439252335,0.11775700934579439,1.4,0.7767494517833329,0.08744923249666597,0.218623081241665,1,1,0.3999999999999999,-5.869999999999999
2011,11,2011-10-30,malaga,espanol,2011|2011-10-30|malaga|espanol,2011|2011-10-30|malaga|espanol,H,H,0.641787096060509,0.20389673631257837,0.15431616762691272,0.641787096060509,0.8972350063675567,0.4378903597479306,1.73,3.5,5.0,1.0637489677952106,0.5433938829374321,0.2685918335662164,0.18801428349635152,1.73,0.641787096060509,0.11029167618468055,0.15108448792421994,1,1,0.73,-5.14
2011,11,2011-10-30,osasuna,levante,2011|2011-10-30|osasuna|levante,2011|2011-10-30|osasuna|levante,H,H,0.4641451837793476,0.2505561434716537,0.28529867274899867,0.4641451837793476,1.060873023047001,0.17884651103034893,2.3,3.2,3.2,1.0597826086956523,0.41025641025641024,0.2948717948717948,0.2948717948717948,2.3,0.4641451837793476,0.06753392269249936,0.05194917130192259,1,1,1.2999999999999998,-3.84
2011,11,2011-10-30,santander,betis,2011|2011-10-30|santander|betis,2011|2011-10-30|santander|betis,H,A,0.32697828760399905,0.297694614359916,0.3753270980360849,0.3753270980360849,1.0940337230996235,0.04834881043208583,2.6,3.2,2.75,1.0607517482517483,0.36258755665430564,0.2946023897816234,0.34281005356407085,2.75,0.3753270980360849,0.0321495195992334,0.0183711540567048,1,0,-1.0,-4.84
2011,11,2011-10-30,sp gijon,ath bilbao,2011|2011-10-30|sp gijon|ath bilbao,2011|2011-10-30|spgijon|athbilbao,D,D,0.33935585870693413,0.3416273673795839,0.31901677391348204,0.3416273673795839,1.0981439216175535,0.002271508672649747,2.6,3.2,2.75,1.0607517482517483,0.36258755665430564,0.2946023897816234,0.34281005356407085,3.2,0.3416273673795839,0.09320757561466853,0.04236707982484933,1,1,2.2,-2.6399999999999997
2011,11,2011-10-31,sevilla,granada,2011|2011-10-31|sevilla|granada,2011|2011-10-31|sevilla|granada,A,H,0.7331725543815641,0.17853874184381655,0.08828870377461924,0.7331725543815641,0.7494604259757974,0.5546338125377476,1.4,4.5,8.0,1.0615079365079365,0.6728971962616822,0.20934579439252335,0.11775700934579439,1.4,0.7331725543815641,0.026441576134189737,0.06610394033547436,1,0,-1.0,-3.6399999999999997
2011,12,2011-11-05,betis,malaga,2011|2011-11-05|betis|malaga,2011|2011-11-05|betis|malaga,D,A,0.3351815065042361,0.28736835869874156,0.3774501347970224,0.3774501347970224,1.0924828331606793,0.04226862829278627,2.63,3.25,2.63,1.0681485814565663,0.3559693318729463,0.28806133625410735,0.3559693318729463,2.63,0.3774501347970224,-0.007306145483831128,0.0,1,0,-1.0,-4.64
2011,12,2011-11-05,levante,valencia,2011|2011-11-05|levante|valencia,2011|2011-11-05|levante|valencia,A,A,0.26252264467063857,0.26142252508176217,0.4760548302475992,0.4760548302475992,1.055169961738037,0.21353218557696063,3.0,3.25,2.38,1.0611937082525318,0.3141116751269035,0.2899492385786802,0.39593908629441626,2.38,0.4760548302475992,0.13301049598928605,0.09638441738354062,1,1,1.38,-3.26
2011,12,2011-11-05,mallorca,sevilla,2011|2011-11-05|mallorca|sevilla,2011|2011-11-05|mallorca|sevilla,D,A,0.3307831224108423,0.29341082883952124,0.37580604874963647,0.37580604874963647,1.093512417343678,0.04502292633879418,3.0,3.2,2.38,1.066001400560224,0.31269502381343406,0.29315158482509446,0.39415339136147154,2.38,0.37580604874963647,-0.10558160397586536,0.0,1,0,-1.0,-4.26
2011,12,2011-11-06,ath bilbao,barcelona,2011|2011-11-06|ath bilbao|barcelona,2011|2011-11-06|athbilbao|barcelona,D,A,0.07375364100659901,0.1807385941990285,0.7455077647943725,0.7455077647943725,0.7204157030837905,0.564769170595344,11.0,6.5,1.22,1.0644273759027858,0.08540656973613354,0.14453419493807215,0.7700592353257942,1.22,0.7455077647943725,-0.09048052695086553,0.0,1,0,-1.0,-5.26
2011,12,2011-11-06,espanol,villarreal,2011|2011-11-06|espanol|villarreal,2011|2011-11-06|espanol|villarreal,D,H,0.5534477378542699,0.26044952397029403,0.186102738175436,0.5534477378542699,0.9907314326103913,0.2929982138839759,1.85,3.4,4.33,1.065605069816454,0.5072616073735894,0.2760099922473943,0.21672840037901628,1.85,0.5534477378542699,0.02387831503039939,0.02809213532988163,1,0,-1.0,-6.26
2011,12,2011-11-06,getafe,ath madrid,2011|2011-11-06|getafe|ath madrid,2011|2011-11-06|getafe|athmadrid,H,A,0.2814993863326864,0.3070559949512,0.41144461871611365,0.41144461871611365,1.0847804872242173,0.10438862376491365,3.0,3.25,2.38,1.0611937082525318,0.3141116751269035,0.2899492385786802,0.39593908629441626,2.38,0.41144461871611365,-0.020761807455649595,0.0,1,0,-1.0,-7.26
2011,12,2011-11-06,granada,santander,2011|2011-11-06|granada|santander,2011|2011-11-06|granada|santander,D,H,0.5352151295474076,0.3516728274226917,0.11311204302990076,0.5352151295474076,0.9485865684639531,0.1835423021247159,2.1,3.25,3.5,1.0695970695970696,0.4452054794520548,0.28767123287671237,0.2671232876712329,2.1,0.5352151295474076,0.12395177204955599,0.11268342913595998,1,0,-1.0,-8.26
2011,12,2011-11-06,real madrid,osasuna,2011|2011-11-06|real madrid|osasuna,2011|2011-11-06|realmadrid|osasuna,H,H,0.903391134881071,0.06652240453893489,0.030086460579993955,0.903391134881071,0.377487687980292,0.8368687303421362,1.06,11.0,29.0,1.068788075944875,0.8826784726065301,0.08505810736026563,0.032263420033204204,1.06,0.903391134881071,-0.042405397026064655,0.0,1,1,0.06000000000000005,-8.2
2011,12,2011-11-06,vallecano,sociedad,2011|2011-11-06|vallecano|sociedad,2011|2011-11-06|vallecano|sociedad,H,H,0.49648982474659686,0.2597846604720656,0.24372551478133753,0.49648982474659686,1.0418730543592105,0.23670516427453125,1.91,3.4,4.0,1.0676778564829073,0.4903728275762602,0.2754741472560756,0.23415302516766426,1.91,0.49648982474659686,-0.05170443473400005,0.0,1,1,0.9099999999999999,-7.29
2011,12,2011-11-06,zaragoza,sp gijon,2011|2011-11-06|zaragoza|sp gijon,2011|2011-11-06|zaragoza|spgijon,D,H,0.515201263358899,0.27845932371882626,0.20633941292227467,0.515201263358899,1.023337494850173,0.23674193964007278,2.1,3.3,3.5,1.064935064935065,0.4471544715447154,0.2845528455284553,0.26829268292682923,2.1,0.515201263358899,0.08192265305368807,0.07447513913971641,1,0,-1.0,-8.29
2011,13,2011-11-19,barcelona,zaragoza,2011|2011-11-19|barcelona|zaragoza,2011|2011-11-19|barcelona|zaragoza,H,H,0.8929247830040667,0.08173890086661015,0.025336316129322984,0.8929247830040667,0.39894301607994276,0.8111858821374566,1.06,12.0,26.0,1.0651910982099662,0.8856591347791528,0.0782332235721585,0.03610764164868854,1.06,0.8929247830040667,-0.0534997300156892,0.0,1,1,0.06000000000000005,-8.23
2011,13,2011-11-19,valencia,real madrid,2011|2011-11-19|valencia|real madrid,2011|2011-11-19|valencia|realmadrid,A,A,0.12477292849308004,0.22786842372577804,0.6473586477811419,0.6473586477811419,0.8782063150548777,0.4194902240553639,6.0,4.0,1.53,1.0702614379084967,0.15572519083969466,0.233587786259542,0.6106870229007634,1.53,0.6473586477811419,-0.009541268894852795,0.0,1,1,0.53,-7.699999999999999
2011,13,2011-11-19,villarreal,betis,2011|2011-11-19|villarreal|betis,2011|2011-11-19|villarreal|betis,H,H,0.5183483849022339,0.255966971067156,0.2256846440306101,0.5183483849022339,1.0253765808362336,0.2623814138350779,2.0,3.3,3.8,1.066188197767145,0.4689603590127151,0.2842183994016455,0.2468212415856395,2.0,0.5183483849022339,0.03669676980446779,0.03669676980446779,1,1,1.0,-6.699999999999999
2011,13,2011-11-20,ath madrid,levante,2011|2011-11-20|ath madrid|levante,2011|2011-11-20|athmadrid|levante,H,H,0.7332389804464631,0.17932866927831853,0.08743235027521838,0.7332389804464631,0.7487576411253041,0.5539103111681445,1.57,4.0,5.5,1.0687608569774174,0.5959637003927942,0.23391575240417176,0.17012054720303402,1.57,0.7332389804464631,0.1511851993009471,0.2652371917560475,1,1,0.5700000000000001,-6.13
2011,13,2011-11-20,osasuna,vallecano,2011|2011-11-20|osasuna|vallecano,2011|2011-11-20|osasuna|vallecano,D,H,0.5564788301655735,0.24467111017143198,0.19885005966299452,0.5564788301655735,0.9918081154461582,0.3118077199941416,1.91,3.4,4.0,1.0676778564829073,0.4903728275762602,0.2754741472560756,0.23415302516766426,1.91,0.5564788301655735,0.06287456561624538,0.0690929292486213,1,0,-1.0,-7.13
2011,13,2011-11-20,sevilla,ath bilbao,2011|2011-11-20|sevilla|ath bilbao,2011|2011-11-20|sevilla|athbilbao,A,H,0.563265129179766,0.22685461451741062,0.20988025630282336,0.563265129179766,0.9875123239579657,0.3364105146623554,1.91,3.5,4.0,1.0592744951383695,0.4942630185348632,0.26972639011473964,0.23601059135039718,1.91,0.563265129179766,0.07583639673335307,0.0833366997069814,1,0,-1.0,-8.129999999999999
2011,13,2011-11-20,sociedad,espanol,2011|2011-11-20|sociedad|espanol,2011|2011-11-20|sociedad|espanol,D,H,0.4536537662778977,0.3070654575259232,0.2392807761961791,0.4536537662778977,1.0633275654278092,0.14658830875197454,2.25,3.25,3.2,1.0646367521367521,0.41746111389864526,0.28901154039136984,0.29352734570998495,2.25,0.4536537662778977,0.020720974125269853,0.016576779300215883,1,0,-1.0,-9.129999999999999
2011,13,2011-11-20,sp gijon,getafe,2011|2011-11-20|sp gijon|getafe,2011|2011-11-20|spgijon|getafe,H,H,0.4321702368709709,0.3518624725550106,0.2159672905740184,0.4321702368709709,1.0610862148072577,0.08030776431596032,2.2,3.2,3.4,1.0611631016042782,0.4283464566929133,0.2944881889763779,0.27716535433070866,2.2,0.4321702368709709,-0.04922547888386397,0.0,1,1,1.2000000000000002,-7.93
2011,13,2011-11-21,santander,malaga,2011|2011-11-21|santander|malaga,2011|2011-11-21|santander|malaga,A,A,0.25851780795210183,0.3147201519360017,0.4267620401118964,0.4267620401118964,1.0769595925858821,0.11204188817589467,3.2,3.2,2.25,1.0694444444444444,0.2922077922077922,0.2922077922077922,0.41558441558441556,2.25,0.4267620401118964,-0.03978540974823319,0.0,1,1,1.25,-6.68
2011,13,2011-12-07,granada,mallorca,2011|2011-12-07|granada|mallorca,2011|2011-12-07|granada|mallorca,D,H,0.4000979707018593,0.33690533142973506,0.2629966978684056,0.4000979707018593,1.084307367760559,0.06319263927212426,2.25,3.1,3.4,1.0611427366645583,0.41883568448241604,0.3039936419630439,0.27717067355454006,2.25,0.4000979707018593,-0.0997795659208166,0.0,1,0,-1.0,-7.68
2011,14,2011-11-26,getafe,barcelona,2011|2011-11-26|getafe|barcelona,2011|2011-11-26|getafe|barcelona,H,A,0.0872127037153988,0.2686314057054882,0.644155890579113,0.644155890579113,0.8491494107618349,0.37552448487362483,13.0,6.5,1.2,1.064102564102564,0.07228915662650603,0.14457831325301207,0.783132530120482,1.2,0.644155890579113,-0.22701293130506436,0.0,1,0,-1.0,-8.68
2011,14,2011-11-26,real madrid,ath madrid,2011|2011-11-26|real madrid|ath madrid,2011|2011-11-26|realmadrid|athmadrid,H,H,0.8788411689856881,0.06477027782198311,0.0563885531923289,0.8788411689856881,0.4529182884173246,0.814070891163705,1.17,6.5,17.0,1.0673705379587732,0.8007536504945832,0.14413565708902498,0.055110692416391896,1.17,0.8788411689856881,0.028244167713254997,0.1661421630191471,1,1,0.16999999999999993,-8.51
2011,14,2011-11-26,vallecano,valencia,2011|2011-11-26|vallecano|valencia,2011|2011-11-26|vallecano|valencia,A,A,0.26359988653042843,0.24930001492458653,0.48710009854498515,0.48710009854498515,1.0481300801726934,0.22350021201455672,3.4,3.4,2.1,1.0644257703081232,0.27631578947368424,0.27631578947368424,0.4473684210526316,2.1,0.48710009854498515,0.02291020694446888,0.020827460858608073,1,1,1.1,-7.409999999999999
2011,14,2011-11-27,ath bilbao,granada,2011|2011-11-27|ath bilbao|granada,2011|2011-11-27|athbilbao|granada,A,H,0.7495273141211883,0.16900535655410123,0.08146732932471043,0.7495273141211883,0.7208436967060399,0.5805219575670871,1.44,4.2,7.5,1.0658730158730159,0.6515264333581534,0.22338049143708116,0.12509307520476545,1.44,0.7495273141211883,0.07931933233451116,0.18027120985116174,1,0,-1.0,-8.41
2011,14,2011-11-27,betis,sociedad,2011|2011-11-27|betis|sociedad,2011|2011-11-27|betis|sociedad,A,H,0.48047813640791964,0.3285871088848977,0.19093475470718257,0.48047813640791964,1.0340341309038958,0.15189102752302192,2.0,3.4,3.75,1.0607843137254902,0.47134935304990755,0.27726432532347506,0.2513863216266174,2.0,0.48047813640791964,-0.03904372718416077,0.0,1,0,-1.0,-9.41
2011,14,2011-11-27,espanol,osasuna,2011|2011-11-27|espanol|osasuna,2011|2011-11-27|espanol|osasuna,A,H,0.5447532215293963,0.3179484737951556,0.13729830467544807,0.5447532215293963,0.9678410513526023,0.2268047477342407,1.83,3.5,4.33,1.0631092553630697,0.5140093406910212,0.2687534552755911,0.21723720403338773,1.83,0.5447532215293963,-0.0031016046012047327,0.0,1,0,-1.0,-10.41
2011,14,2011-11-27,levante,sp gijon,2011|2011-11-27|levante|sp gijon,2011|2011-11-27|levante|spgijon,H,H,0.5701200528269067,0.26696924096601976,0.16291070620707349,0.5701200528269067,0.9685307269724859,0.30315081186088694,1.83,3.5,4.33,1.0631092553630697,0.5140093406910212,0.2687534552755911,0.21723720403338773,1.83,0.5701200528269067,0.043319696673239316,0.05219240563040881,1,1,0.8300000000000001,-9.58
2011,14,2011-11-27,mallorca,santander,2011|2011-11-27|mallorca|santander,2011|2011-11-27|mallorca|santander,H,H,0.5446349633874081,0.3058165682816081,0.1495484683309837,0.5446349633874081,0.9774261930973083,0.23881839510580005,1.83,3.4,4.5,1.0627879567127398,0.5141647343482205,0.27674160701683637,0.209093658634943,1.83,0.5446349633874081,-0.003318017001043061,0.0,1,1,0.8300000000000001,-8.75
2011,14,2011-11-27,zaragoza,sevilla,2011|2011-11-27|zaragoza|sevilla,2011|2011-11-27|zaragoza|sevilla,A,A,0.34081230275458513,0.29567036079654885,0.3635173364488661,0.3635173364488661,1.0949891275577646,0.02270503369428095,2.9,3.25,2.4,1.069186560565871,0.3225139549307422,0.28778168286127764,0.3897043622079801,2.4,0.3635173364488661,-0.1275583925227214,0.0,1,1,1.4,-7.35
2011,14,2011-11-28,malaga,villarreal,2011|2011-11-28|malaga|villarreal,2011|2011-11-28|malaga|villarreal,H,H,0.6159848793389624,0.22207695742474393,0.1619381632362937,0.6159848793389624,0.9274460871304874,0.3939079219142185,1.73,3.5,5.0,1.0637489677952106,0.5433938829374321,0.2685918335662164,0.18801428349635152,1.73,0.6159848793389624,0.06565384125640494,0.08993676884439034,1,1,0.73,-6.619999999999999
2011,15,2011-12-03,barcelona,levante,2011|2011-12-03|barcelona|levante,2011|2011-12-03|barcelona|levante,H,H,0.9007875444740215,0.06532560899143242,0.033886846534546,0.9007875444740215,0.38704982793096954,0.8354619354825892,1.1,8.5,26.0,1.065199506375977,0.8534466113149256,0.1104460320525198,0.03610735663255455,1.1,0.9007875444740215,-0.009133701078576223,0.0,1,1,0.10000000000000009,-6.52
2011,15,2011-12-03,santander,villarreal,2011|2011-12-03|santander|villarreal,2011|2011-12-03|santander|villarreal,H,H,0.35356535667898414,0.33948917203638335,0.3069454712846325,0.35356535667898414,1.0968806642927345,0.014076184642600797,2.75,3.2,2.6,1.0607517482517483,0.34281005356407085,0.2946023897816234,0.36258755665430564,2.75,0.35356535667898414,-0.027695269132793632,0.0,1,1,1.75,-4.77
2011,15,2011-12-03,sp gijon,real madrid,2011|2011-12-03|sp gijon|real madrid,2011|2011-12-03|spgijon|realmadrid,A,A,0.10111278434282851,0.2841612916189384,0.614725924038233,0.614725924038233,0.8883499253856714,0.3305646324192946,13.0,6.0,1.22,1.0632618747372846,0.07234631350069183,0.15675034591816564,0.7709033405811425,1.22,0.614725924038233,-0.2500343726733557,0.0,1,1,0.21999999999999997,-4.549999999999999
2011,15,2011-12-03,valencia,espanol,2011|2011-12-03|valencia|espanol,2011|2011-12-03|valencia|espanol,H,H,0.7236392912412544,0.18938596740402616,0.0869747413547194,0.7236392912412544,0.7616064825842459,0.5342533238372282,1.5,4.0,7.0,1.0595238095238095,0.6292134831460674,0.23595505617977527,0.1348314606741573,1.5,0.7236392912412544,0.08545893686188155,0.1709178737237631,1,1,0.5,-4.049999999999999
2011,15,2011-12-04,ath madrid,vallecano,2011|2011-12-04|ath madrid|vallecano,2011|2011-12-04|athmadrid|vallecano,H,H,0.6971275056864784,0.19017616405985396,0.1126963302536676,0.6971275056864784,0.8131924239831754,0.5069513416266245,1.57,4.0,5.5,1.0687608569774174,0.5959637003927942,0.23391575240417176,0.17012054720303402,1.57,0.6971275056864784,0.09449018392777114,0.16577225250486163,1,1,0.5700000000000001,-3.4799999999999995
2011,15,2011-12-04,granada,zaragoza,2011|2011-12-04|granada|zaragoza,2011|2011-12-04|granada|zaragoza,H,H,0.44999014018342054,0.39631599438552323,0.15369386543105615,0.44999014018342054,1.013974835742702,0.05367414579789731,2.1,3.25,3.5,1.0695970695970696,0.4452054794520548,0.28767123287671237,0.2671232876712329,2.1,0.44999014018342054,-0.05502070561481681,0.0,1,1,1.1,-2.379999999999999
2011,15,2011-12-04,mallorca,ath bilbao,2011|2011-12-04|mallorca|ath bilbao,2011|2011-12-04|mallorca|athbilbao,D,H,0.3599630327670985,0.323477747331862,0.3165592199010394,0.3599630327670985,1.0969993476013644,0.03648528543523649,2.75,3.3,2.5,1.0666666666666669,0.34090909090909083,0.28409090909090906,0.37499999999999994,2.75,0.3599630327670985,-0.010101659890479064,0.0,1,0,-1.0,-3.379999999999999
2011,15,2011-12-04,osasuna,betis,2011|2011-12-04|osasuna|betis,2011|2011-12-04|osasuna|betis,H,H,0.47309932805933824,0.28335884740781286,0.24354182453284892,0.47309932805933824,1.0554130155761021,0.18974048065152538,2.1,3.25,3.6,1.0616605616605617,0.4485336400230017,0.2898217366302473,0.26164462334675104,2.1,0.47309932805933824,-0.0064914110753896415,0.0,1,1,1.1,-2.2799999999999994
2011,15,2011-12-04,sociedad,malaga,2011|2011-12-04|sociedad|malaga,2011|2011-12-04|sociedad|malaga,H,A,0.30710431596748583,0.32919154429483843,0.3637041397376758,0.3637041397376758,1.096182948944054,0.03451259544283736,3.0,3.2,2.4,1.0625,0.3137254901960784,0.29411764705882354,0.39215686274509803,2.4,0.3637041397376758,-0.12711006462957808,0.0,1,0,-1.0,-3.2799999999999994
2011,15,2011-12-05,sevilla,getafe,2011|2011-12-05|sevilla|getafe,2011|2011-12-05|sevilla|getafe,H,H,0.6379861679437485,0.21249241633705782,0.14952141571919372,0.6379861679437485,0.8999922067881564,0.4254937516066907,1.62,3.8,5.5,1.062260027172308,0.5811043763554468,0.24773397097258518,0.17116165267196795,1.62,0.6379861679437485,0.03353759206887269,0.05409289043366562,1,1,0.6200000000000001,-2.6599999999999993
2011,16,2011-12-10,betis,valencia,2011|2011-12-10|betis|valencia,2011|2011-12-10|betis|valencia,H,A,0.2610390924098341,0.3212552433770598,0.4177056642131062,0.4177056642131062,1.0800372108604455,0.09645042083604638,3.2,3.25,2.25,1.0646367521367521,0.29352734570998495,0.28901154039136984,0.41746111389864526,2.25,0.4177056642131062,-0.06016225552051113,0.0,1,0,-1.0,-3.6599999999999993
2011,16,2011-12-10,levante,sevilla,2011|2011-12-10|levante|sevilla,2011|2011-12-10|levante|sevilla,H,A,0.2884745827946378,0.2571895052542424,0.4543359119511197,0.4543359119511197,1.0662991294246593,0.16586132915648194,2.8,3.3,2.5,1.0601731601731603,0.3368721927317272,0.2858309514087382,0.3772968558595345,2.5,0.4543359119511197,0.13583977987779927,0.09055985325186618,1,0,-1.0,-4.659999999999999
2011,16,2011-12-10,real madrid,barcelona,2011|2011-12-10|real madrid|barcelona,2011|2011-12-10|realmadrid|barcelona,A,A,0.2445727379264611,0.10473859415793801,0.650688667915601,0.650688667915601,0.8603546499830205,0.4061159299891399,2.4,3.5,2.8,1.0595238095238095,0.39325842696629215,0.2696629213483146,0.33707865168539325,2.8,0.650688667915601,0.8219282701636825,0.4566268167576015,1,1,1.7999999999999998,-2.8599999999999994
2011,16,2011-12-11,ath bilbao,santander,2011|2011-12-11|ath bilbao|santander,2011|2011-12-11|athbilbao|santander,D,H,0.7857552958218565,0.15692195363484457,0.0573227505432989,0.7857552958218565,0.643962913690757,0.628833342187012,1.4,4.5,8.0,1.0615079365079365,0.6728971962616822,0.20934579439252335,0.11775700934579439,1.4,0.7857552958218565,0.1000574141505991,0.2501435353764978,1,0,-1.0,-3.8599999999999994
2011,16,2011-12-11,espanol,ath madrid,2011|2011-12-11|espanol|ath madrid,2011|2011-12-11|espanol|athmadrid,H,H,0.3570410420469874,0.2920962164379111,0.35086274151510155,0.3570410420469874,1.0946724964370547,0.006178300531885839,2.8,3.25,2.5,1.064835164835165,0.33539731682146534,0.2889576883384932,0.3756449948400412,2.8,0.3570410420469874,-0.0002850822684353771,0.0,1,1,1.7999999999999998,-2.0599999999999996
2011,16,2011-12-11,getafe,granada,2011|2011-12-11|getafe|granada,2011|2011-12-11|getafe|granada,H,H,0.6421072335081406,0.2600542037442962,0.09783856274756315,0.6421072335081406,0.8621309576967504,0.38205302976384437,1.73,3.5,5.0,1.0637489677952106,0.5433938829374321,0.2685918335662164,0.18801428349635152,1.73,0.6421072335081406,0.11084551396908321,0.15184316982066193,1,1,0.73,-1.3299999999999994
2011,16,2011-12-11,malaga,osasuna,2011|2011-12-11|malaga|osasuna,2011|2011-12-11|malaga|osasuna,D,H,0.6489647179309807,0.22786154940372164,0.12317373266529773,0.6489647179309807,0.8755539302771234,0.42110316852725904,1.62,3.75,5.5,1.0657687991021325,0.5791912384161751,0.2502106149957877,0.17059814658803707,1.62,0.6489647179309807,0.05132284304818874,0.08277877910998183,1,0,-1.0,-2.329999999999999
2011,16,2011-12-11,vallecano,sp gijon,2011|2011-12-11|vallecano|sp gijon,2011|2011-12-11|vallecano|spgijon,A,H,0.4979458313689212,0.26045906653707546,0.24159510209400337,0.4979458313689212,1.0407816961716736,0.23748676483184572,2.0,3.2,4.0,1.0625,0.47058823529411764,0.29411764705882354,0.23529411764705882,2.0,0.4979458313689212,-0.004108337262157702,0.0,1,0,-1.0,-3.329999999999999
2011,16,2011-12-11,villarreal,sociedad,2011|2011-12-11|villarreal|sociedad,2011|2011-12-11|villarreal|sociedad,D,H,0.6383764496890093,0.22309603890133156,0.1385275114096592,0.6383764496890093,0.8950242811558637,0.41528041078767775,1.8,3.5,4.5,1.0634920634920635,0.5223880597014926,0.26865671641791045,0.208955223880597,1.8,0.6383764496890093,0.14907760944021675,0.18634701180027094,1,0,-1.0,-4.329999999999999
2011,16,2011-12-11,zaragoza,mallorca,2011|2011-12-11|zaragoza|mallorca,2011|2011-12-11|zaragoza|mallorca,A,H,0.49013863482786935,0.34306576885822543,0.16679559631390517,0.49013863482786935,1.0152534118401737,0.14707286596964392,2.1,3.25,3.6,1.0616605616605617,0.4485336400230017,0.2898217366302473,0.26164462334675104,2.1,0.49013863482786935,0.029291133138525716,0.026628302853205194,1,0,-1.0,-5.329999999999999
2011,17,2011-11-29,barcelona,vallecano,2011|2011-11-29|barcelona|vallecano,2011|2011-11-29|barcelona|vallecano,H,H,0.8914160505877735,0.0769746595999818,0.031609289812244645,0.8914160505877735,0.4090355446490439,0.8144413909877917,1.06,11.0,29.0,1.068788075944875,0.8826784726065301,0.08505810736026563,0.032263420033204204,1.06,0.8914160505877735,-0.05509898637696003,0.0,1,1,0.06000000000000005,-5.27
2011,17,2011-12-17,ath bilbao,zaragoza,2011|2011-12-17|ath bilbao|zaragoza,2011|2011-12-17|athbilbao|zaragoza,H,H,0.7188049914081539,0.20129722204996817,0.07989778654187794,0.7188049914081539,0.7619006164888505,0.5175077693581858,1.4,4.33,8.5,1.0628796553263338,0.6720287764529735,0.21728413095477203,0.11068709259225445,1.4,0.7188049914081539,0.006326987971415399,0.0158174699285385,1,1,0.3999999999999999,-4.869999999999999
2011,17,2011-12-17,mallorca,getafe,2011|2011-12-17|mallorca|getafe,2011|2011-12-17|mallorca|getafe,A,H,0.49877020516027365,0.28278977711156544,0.21844001772816093,0.49877020516027365,1.0364280203779952,0.2159804280487082,2.1,3.4,3.4,1.0644257703081232,0.4473684210526316,0.27631578947368424,0.27631578947368424,2.1,0.49877020516027365,0.04741743083657468,0.043106755305976976,1,0,-1.0,-5.869999999999999
2011,17,2011-12-17,sevilla,real madrid,2011|2011-12-17|sevilla|real madrid,2011|2011-12-17|sevilla|realmadrid,A,A,0.09121347576631304,0.1462163656598837,0.7625701585738034,0.7625701585738034,0.706243815640199,0.6163537929139197,8.0,4.5,1.4,1.0615079365079365,0.11775700934579439,0.20934579439252335,0.6728971962616822,1.4,0.7625701585738034,0.06759822200332466,0.16899555500831168,1,1,0.3999999999999999,-5.47
2011,17,2011-12-17,sp gijon,espanol,2011|2011-12-17|sp gijon|espanol,2011|2011-12-17|spgijon|espanol,A,H,0.4866415955907813,0.27362537228009476,0.23973303212912409,0.4866415955907813,1.0475035606484278,0.21301622331068654,2.2,3.25,3.25,1.06993006993007,0.4248366013071895,0.2875816993464052,0.2875816993464052,2.2,0.4866415955907813,0.0706115102997189,0.05884292524976575,1,0,-1.0,-6.47
2011,17,2011-12-18,ath madrid,betis,2011|2011-12-18|ath madrid|betis,2011|2011-12-18|athmadrid|betis,A,H,0.7154493466170536,0.15989359132880165,0.12465706205414462,0.7154493466170536,0.7922482075095876,0.555555755288252,1.5,4.0,6.5,1.0705128205128205,0.6227544910179641,0.23353293413173654,0.14371257485029942,1.5,0.7154493466170536,0.07317401992558042,0.14634803985116085,1,0,-1.0,-7.47
2011,17,2011-12-18,granada,levante,2011|2011-12-18|granada|levante,2011|2011-12-18|granada|levante,H,H,0.36897143750698813,0.30384273717373667,0.32718582531927526,0.36897143750698813,1.0953698074657052,0.04178561218771287,2.5,3.25,2.8,1.0648351648351648,0.3756449948400413,0.28895768833849333,0.33539731682146545,2.5,0.36897143750698813,-0.07757140623252967,0.0,1,1,1.5,-5.97
2011,17,2011-12-18,osasuna,villarreal,2011|2011-12-18|osasuna|villarreal,2011|2011-12-18|osasuna|villarreal,H,H,0.5113791065256447,0.29373688028355227,0.19488401319080312,0.5113791065256447,1.0215055718816979,0.2176422262420924,2.1,3.4,3.4,1.0644257703081232,0.4473684210526316,0.27631578947368424,0.27631578947368424,2.1,0.5113791065256447,0.0738961237038539,0.06717829427623082,1,1,1.1,-4.869999999999999
2011,17,2011-12-18,santander,sociedad,2011|2011-12-18|santander|sociedad,2011|2011-12-18|santander|sociedad,D,H,0.5079199517158082,0.307155988637386,0.18492405964680578,0.5079199517158082,1.0187644077832734,0.20076396307842215,2.1,3.3,3.5,1.064935064935065,0.4471544715447154,0.2845528455284553,0.26829268292682923,2.1,0.5079199517158082,0.06663189860319718,0.060574453275633794,1,0,-1.0,-5.869999999999999
2011,17,2011-12-18,valencia,malaga,2011|2011-12-18|valencia|malaga,2011|2011-12-18|valencia|malaga,H,H,0.6475691331437221,0.20430983022904023,0.1481210366272377,0.6475691331437221,0.8887266094429143,0.44325930291468185,1.73,3.6,4.75,1.0663387756481764,0.5420741468672235,0.26049674280008245,0.19742911033269403,1.73,0.6475691331437221,0.12029460033863926,0.16478712375156063,1,1,0.73,-5.14
2011,18,2012-01-07,levante,mallorca,2011|2012-01-07|levante|mallorca,2011|2012-01-07|levante|mallorca,D,H,0.518992523877617,0.265807045107319,0.21520043101506406,0.518992523877617,1.0231674664831636,0.25318547877029796,1.91,3.4,4.0,1.0676778564829073,0.4903728275762602,0.2754741472560756,0.23415302516766426,1.91,0.518992523877617,-0.008724279393751644,0.0,1,0,-1.0,-6.14
2011,18,2012-01-07,malaga,ath madrid,2011|2012-01-07|malaga|ath madrid,2011|2012-01-07|malaga|athmadrid,D,A,0.38308397081151185,0.19278626930249454,0.4241297598859936,0.4241297598859936,1.0487118635995385,0.04104578907448175,2.2,3.25,3.25,1.06993006993007,0.4248366013071895,0.2875816993464052,0.2875816993464052,3.25,0.4241297598859936,0.37842171962947924,0.1681874309464352,1,0,-1.0,-7.14
2011,18,2012-01-07,real madrid,granada,2011|2012-01-07|real madrid|granada,2011|2012-01-07|realmadrid|granada,H,H,0.9019100383990691,0.06432612225077723,0.03376383935015372,0.9019100383990691,0.3840151879482989,0.8375839161482919,1.06,11.0,29.0,1.068788075944875,0.8826784726065301,0.08505810736026563,0.032263420033204204,1.06,0.9019100383990691,-0.04397535929698667,0.0,1,1,0.06000000000000005,-7.079999999999999
2011,18,2012-01-07,santander,zaragoza,2011|2012-01-07|santander|zaragoza,2011|2012-01-07|santander|zaragoza,H,H,0.49814946156330947,0.3070127046729296,0.19483783376376093,0.49814946156330947,1.0283532768243207,0.19113675689037984,2.0,3.3,3.8,1.066188197767145,0.4689603590127151,0.2842183994016455,0.2468212415856395,2.0,0.49814946156330947,-0.003701076873381004,0.0,1,1,1.0,-6.079999999999999
2011,18,2012-01-07,sociedad,osasuna,2011|2012-01-07|sociedad|osasuna,2011|2012-01-07|sociedad|osasuna,D,H,0.4574519220147945,0.308732502587752,0.2338155753974536,0.4574519220147945,1.06039883202411,0.14871941942704253,2.2,3.25,3.3,1.0652680652680653,0.42669584245076586,0.2888402625820569,0.2844638949671772,2.2,0.4574519220147945,0.00639422843254811,0.005328523693790091,1,0,-1.0,-7.079999999999999
2011,18,2012-01-08,betis,sp gijon,2011|2012-01-08|betis|sp gijon,2011|2012-01-08|betis|spgijon,H,H,0.6378322236171686,0.2528468523103418,0.10932092407248949,0.6378322236171686,0.8764558699794,0.3849853713068268,1.91,3.5,4.0,1.0592744951383695,0.4942630185348632,0.26972639011473964,0.23601059135039718,1.91,0.6378322236171686,0.21825954710879203,0.23984565616350775,1,1,0.9099999999999999,-6.17
2011,18,2012-01-08,espanol,barcelona,2011|2012-01-08|espanol|barcelona,2011|2012-01-08|espanol|barcelona,D,A,0.09437409884009995,0.19668105275006056,0.7089448484098394,0.7089448484098394,0.7864672917330171,0.5122637956597789,13.0,6.0,1.22,1.0632618747372846,0.07234631350069183,0.15675034591816564,0.7709033405811425,1.22,0.7089448484098394,-0.13508728493999594,0.0,1,0,-1.0,-7.17
2011,18,2012-01-08,getafe,ath bilbao,2011|2012-01-08|getafe|ath bilbao,2011|2012-01-08|getafe|athbilbao,D,H,0.4118243463709847,0.3330087164851848,0.2551669371438306,0.4118243463709847,1.0800418589804868,0.07881562988579988,2.5,3.3,2.75,1.0666666666666669,0.37499999999999994,0.28409090909090906,0.34090909090909083,2.5,0.4118243463709847,0.029560865927461766,0.01970724395164118,1,0,-1.0,-8.17
2011,18,2012-01-08,vallecano,sevilla,2011|2012-01-08|vallecano|sevilla,2011|2012-01-08|vallecano|sevilla,H,A,0.3214683644117013,0.2614503688866992,0.4170812667015996,0.4170812667015996,1.080285646364605,0.09561290228989833,3.0,3.25,2.38,1.0611937082525318,0.3141116751269035,0.2899492385786802,0.39593908629441626,2.38,0.4170812667015996,-0.0073465852501929385,0.0,1,0,-1.0,-9.17
2011,18,2012-01-08,villarreal,valencia,2011|2012-01-08|villarreal|valencia,2011|2012-01-08|villarreal|valencia,D,H,0.3555992360303223,0.2985639333838071,0.3458368305858706,0.3555992360303223,1.09577310559427,0.009762405444451672,3.0,3.4,2.3,1.0622335890878092,0.3138041733547351,0.2768860353130016,0.40930979133226325,3.0,0.3555992360303223,0.06679770809096686,0.03339885404548343,1,0,-1.0,-10.17
2011,19,2012-01-14,granada,vallecano,2011|2012-01-14|granada|vallecano,2011|2012-01-14|granada|vallecano,A,H,0.42284039727374756,0.2674449068340277,0.30971469589222467,0.42284039727374756,1.0796995509358713,0.11312570138152289,2.25,3.2,3.25,1.0646367521367521,0.41746111389864526,0.29352734570998495,0.28901154039136984,2.25,0.42284039727374756,-0.04860910613406799,0.0,1,0,-1.0,-11.17
2011,19,2012-01-14,mallorca,real madrid,2011|2012-01-14|mallorca|real madrid,2011|2012-01-14|mallorca|realmadrid,A,A,0.10277745192119445,0.19667734761179756,0.7005452004670081,0.7005452004670081,0.8029945431475065,0.5038678528552105,11.0,5.0,1.29,1.0661028893587032,0.0852723426758329,0.18759915388683238,0.7271285034373347,1.29,0.7005452004670081,-0.09629669139755956,0.0,1,1,0.29000000000000004,-10.879999999999999
2011,19,2012-01-14,sevilla,espanol,2011|2012-01-14|sevilla|espanol,2011|2012-01-14|sevilla|espanol,D,H,0.6032862569750715,0.2017735623691803,0.19494018065574806,0.6032862569750715,0.9465788419713685,0.40151269460589123,1.8,3.5,4.5,1.0634920634920635,0.5223880597014926,0.26865671641791045,0.208955223880597,1.8,0.6032862569750715,0.08591526255512882,0.10739407819391103,1,0,-1.0,-11.879999999999999
2011,19,2012-01-14,valencia,sociedad,2011|2012-01-14|valencia|sociedad,2011|2012-01-14|valencia|sociedad,A,H,0.7875489871097342,0.1513316356100198,0.06111937728024602,0.7875489871097342,0.6446709893685175,0.6362173514997144,1.4,4.5,8.0,1.0615079365079365,0.6728971962616822,0.20934579439252335,0.11775700934579439,1.4,0.7875489871097342,0.10256858195362784,0.25642145488406964,1,0,-1.0,-12.879999999999999
2011,19,2012-01-14,zaragoza,getafe,2011|2012-01-14|zaragoza|getafe,2011|2012-01-14|zaragoza|getafe,D,H,0.4192113699270708,0.3585840895898275,0.22220454048310165,0.4192113699270708,1.0664455032242048,0.060627280337243294,2.6,3.2,2.75,1.0607517482517483,0.36258755665430564,0.2946023897816234,0.34281005356407085,2.6,0.4192113699270708,0.08994956181038405,0.05621847613149003,1,0,-1.0,-13.879999999999999
2011,19,2012-01-15,ath bilbao,levante,2011|2012-01-15|ath bilbao|levante,2011|2012-01-15|athbilbao|levante,H,H,0.6770949209510037,0.2205772465923486,0.10232783245664777,0.6770949209510037,0.8306969176249623,0.4565176743586551,1.62,3.75,5.5,1.0657687991021325,0.5791912384161751,0.2502106149957877,0.17059814658803707,1.62,0.6770949209510037,0.09689377194062598,0.15628027732359026,1,1,0.6200000000000001,-13.26
2011,19,2012-01-15,ath madrid,villarreal,2011|2012-01-15|ath madrid|villarreal,2011|2012-01-15|athmadrid|villarreal,H,H,0.6275712369362916,0.21705780657304125,0.15537095649066715,0.6275712369362916,0.9132512765023333,0.41051343036325033,1.67,3.75,5.0,1.0654690618762475,0.562008242787561,0.2502810041213938,0.18771075309104535,1.67,0.6275712369362916,0.048043965683606915,0.07170741146807003,1,1,0.6699999999999999,-12.59
2011,19,2012-01-15,barcelona,betis,2011|2012-01-15|barcelona|betis,2011|2012-01-15|barcelona|betis,H,H,0.9051366614148278,0.05597014819034788,0.038893190394824154,0.9051366614148278,0.37785647696773805,0.84916651322448,1.07,11.0,26.0,1.063950068622966,0.8784053564298657,0.08544488467090512,0.03614975889922909,1.07,0.9051366614148278,-0.031503772286134143,0.0,1,1,0.07000000000000006,-12.52
2011,19,2012-01-15,osasuna,santander,2011|2012-01-15|osasuna|santander,2011|2012-01-15|osasuna|santander,A,H,0.6073680016015716,0.263232332152038,0.12939966624639046,0.6073680016015716,0.9187899172026789,0.34413566944953355,1.73,3.5,5.0,1.0637489677952106,0.5433938829374321,0.2685918335662164,0.18801428349635152,1.73,0.6073680016015716,0.050746642770718775,0.06951594900098462,1,0,-1.0,-13.52
2011,19,2012-01-15,sp gijon,malaga,2011|2012-01-15|sp gijon|malaga,2011|2012-01-15|spgijon|malaga,H,A,0.28566795004219075,0.28398528349470814,0.4303467664631011,0.4303467664631011,1.0782634523680656,0.14467881642091035,3.1,3.25,2.3,1.0650555615492503,0.3028768233387358,0.28889789303079416,0.40822528363047,2.3,0.4303467664631011,-0.01020243713486757,0.0,1,0,-1.0,-14.52
2011,20,2012-05-01,getafe,santander,2011|2012-05-01|getafe|santander,2011|2012-05-01|getafe|santander,D,H,0.7111964920307543,0.20745172390066807,0.08135178406857764,0.7111964920307543,0.7727816146455527,0.5037447681300862,1.4,4.5,8.0,1.0615079365079365,0.6728971962616822,0.20934579439252335,0.11775700934579439,1.4,0.7111964920307543,-0.004324911156944056,0.0,1,0,-1.0,-15.52
2011,20,2012-05-01,granada,espanol,2011|2012-05-01|granada|espanol,2011|2012-05-01|granada|espanol,H,H,0.6016704766591217,0.2259412468558373,0.17238827648504107,0.6016704766591217,0.9448186579226934,0.3757292298032844,1.83,3.5,3.75,1.0988290398126463,0.49730036942313155,0.26001705029838024,0.2426825802784882,1.83,0.6016704766591217,0.10105697228619265,0.12175538829661764,1,1,0.8300000000000001,-14.69
2011,20,2012-05-01,sp gijon,villarreal,2011|2012-05-01|sp gijon|villarreal,2011|2012-05-01|spgijon|villarreal,A,H,0.6736628073914899,0.1744821990769886,0.1518549935315216,0.6736628073914899,0.8569689184324851,0.4991806083145013,2.4,3.4,2.8,1.0679271708683473,0.39016393442622954,0.2754098360655738,0.3344262295081967,2.4,0.6736628073914899,0.6167907377395756,0.44056481267112546,1,0,-1.0,-15.69
2011,20,2012-05-02,ath bilbao,real madrid,2011|2012-05-02|ath bilbao|real madrid,2011|2012-05-02|athbilbao|realmadrid,A,A,0.09187855845075257,0.1386171471714657,0.7695042943777817,0.7695042943777817,0.6948703526935212,0.630887147206316,6.0,4.0,1.53,1.0702614379084967,0.15572519083969466,0.233587786259542,0.6106870229007634,1.53,0.7695042943777817,0.17734157039800597,0.3346067366000112,1,1,0.53,-15.16
2011,20,2012-05-02,ath madrid,sociedad,2011|2012-05-02|ath madrid|sociedad,2011|2012-05-02|athmadrid|sociedad,D,H,0.723093577016669,0.17469644954047564,0.10220997344285546,0.723093577016669,0.7723457494193362,0.5483971274761934,1.4,4.5,7.5,1.0698412698412698,0.6676557863501484,0.20771513353115725,0.12462908011869436,1.4,0.723093577016669,0.012331007823336515,0.030827519558341294,1,0,-1.0,-16.16
2011,20,2012-05-02,barcelona,malaga,2011|2012-05-02|barcelona|malaga,2011|2012-05-02|barcelona|malaga,H,H,0.7832144527461592,0.08732246964358634,0.12946307761025455,0.7832144527461592,0.6689515978911902,0.6537513751359046,1.2,6.0,15.0,1.0666666666666667,0.78125,0.15625,0.0625,1.2,0.7832144527461592,-0.060142656704609,0.0,1,1,0.19999999999999996,-15.959999999999999
2011,20,2012-05-02,mallorca,vallecano,2011|2012-05-02|mallorca|vallecano,2011|2012-05-02|mallorca|vallecano,H,H,0.4512802405976713,0.27977523317120784,0.26894452623112086,0.4512802405976713,1.0686290681139208,0.17150500742646346,1.85,3.5,4.2,1.0643500643500643,0.5078597339782346,0.26844014510278114,0.22370012091898428,1.85,0.4512802405976713,-0.16513155489430809,0.0,1,1,0.8500000000000001,-15.11
2011,20,2012-05-02,sevilla,betis,2011|2012-05-02|sevilla|betis,2011|2012-05-02|sevilla|betis,A,H,0.6093084883995828,0.2642814855322144,0.12641002606820276,0.6093084883995828,0.9150044536723676,0.3450270028673684,1.73,3.6,4.75,1.0663387756481764,0.5420741468672235,0.26049674280008245,0.19742911033269403,1.73,0.6093084883995828,0.05410368493127832,0.07411463689216208,1,0,-1.0,-16.11
2011,20,2012-05-02,valencia,osasuna,2011|2012-05-02|valencia|osasuna,2011|2012-05-02|valencia|osasuna,H,H,0.6524894025219463,0.2134182934792511,0.13409230399880265,0.6524894025219463,0.8776338003404911,0.4390711090426952,1.44,4.0,8.0,1.0694444444444444,0.6493506493506493,0.23376623376623376,0.11688311688311688,1.44,0.6524894025219463,-0.06041526036839734,0.0,1,1,0.43999999999999995,-15.67
2011,20,2012-05-02,zaragoza,levante,2011|2012-05-02|zaragoza|levante,2011|2012-05-02|zaragoza|levante,H,H,0.456627852318557,0.32410904216488945,0.21926310551655356,0.456627852318557,1.0558380809348173,0.13251881015366757,2.25,3.4,3.1,1.0611427366645583,0.41883568448241604,0.27717067355454006,0.3039936419630439,2.25,0.456627852318557,0.027412667716753214,0.02193013417340257,1,1,1.25,-14.42
2011,21,2012-01-28,espanol,mallorca,2011|2012-01-28|espanol|mallorca,2011|2012-01-28|espanol|mallorca,H,H,0.524742583881952,0.22923604352775698,0.24602137259029092,0.524742583881952,1.0210491503724266,0.27872121129166116,1.91,3.4,4.0,1.0676778564829073,0.4903728275762602,0.2754741472560756,0.23415302516766426,1.91,0.524742583881952,0.0022583352145283953,0.002481687048932303,1,1,0.9099999999999999,-13.51
2011,21,2012-01-28,real madrid,zaragoza,2011|2012-01-28|real madrid|zaragoza,2011|2012-01-28|realmadrid|zaragoza,H,H,0.8853568836631467,0.06813073004293506,0.04651238629391831,0.8853568836631467,0.4335281190970416,0.8172261536202117,1.07,11.0,26.0,1.063950068622966,0.8784053564298657,0.08544488467090512,0.03614975889922909,1.07,0.8853568836631467,-0.05266813448043299,0.0,1,1,0.07000000000000006,-13.44
2011,21,2012-01-28,vallecano,ath bilbao,2011|2012-01-28|vallecano|ath bilbao,2011|2012-01-28|vallecano|athbilbao,A,A,0.3158641456962437,0.30815291974803594,0.3759829345557203,0.3759829345557203,1.0945513088772296,0.06011878885947658,3.0,3.2,2.38,1.066001400560224,0.31269502381343406,0.29315158482509446,0.39415339136147154,2.38,0.3759829345557203,-0.10516061575738578,0.0,1,1,1.38,-12.059999999999999
2011,21,2012-01-28,villarreal,barcelona,2011|2012-01-28|villarreal|barcelona,2011|2012-01-28|villarreal|barcelona,D,A,0.11649084911507421,0.22501739512865337,0.6584917557562725,0.6584917557562725,0.8611995468998571,0.4334743606276191,12.0,6.0,1.22,1.069672131147541,0.07790549169859515,0.1558109833971903,0.7662835249042146,1.22,0.6584917557562725,-0.19664005797734757,0.0,1,0,-1.0,-13.059999999999999
2011,21,2012-01-29,betis,granada,2011|2012-01-29|betis|granada,2011|2012-01-29|betis|granada,A,H,0.6653139998241205,0.18373723370902226,0.15094876646685726,0.6653139998241205,0.8678256219709015,0.48157676611509825,1.62,3.75,5.5,1.0657687991021325,0.5791912384161751,0.2502106149957877,0.17059814658803707,1.62,0.6653139998241205,0.07780867971507532,0.12549787050818598,1,0,-1.0,-14.059999999999999
2011,21,2012-01-29,levante,getafe,2011|2012-01-29|levante|getafe,2011|2012-01-29|levante|getafe,A,H,0.41418608191382666,0.2995389837737299,0.28627493431244344,0.41418608191382666,1.0842510425790797,0.11464709814009677,2.4,3.3,2.88,1.066919191919192,0.3905325443786982,0.2840236686390532,0.32544378698224846,2.4,0.41418608191382666,-0.005953403406816049,0.0,1,0,-1.0,-15.059999999999999
2011,21,2012-01-29,malaga,sevilla,2011|2012-01-29|malaga|sevilla,2011|2012-01-29|malaga|sevilla,H,H,0.44097000233670197,0.24507969910325872,0.31395029856003925,0.44097000233670197,1.0693987767178088,0.12701970377666272,2.2,3.3,3.3,1.0606060606060606,0.4285714285714286,0.28571428571428575,0.28571428571428575,2.2,0.44097000233670197,-0.029865994859255562,0.0,1,1,1.2000000000000002,-13.86
2011,21,2012-01-29,santander,valencia,2011|2012-01-29|santander|valencia,2011|2012-01-29|santander|valencia,D,A,0.2854454369092087,0.34247090239956685,0.3720836606912245,0.3720836606912245,1.092700762936367,0.02961275829165766,3.25,3.3,2.2,1.0652680652680653,0.2888402625820569,0.2844638949671772,0.42669584245076586,2.2,0.3720836606912245,-0.18141594647930598,0.0,1,0,-1.0,-14.86
2011,21,2012-01-29,sociedad,sp gijon,2011|2012-01-29|sociedad|sp gijon,2011|2012-01-29|sociedad|spgijon,H,H,0.5381315234238438,0.24739664492040794,0.2144718316557481,0.5381315234238438,1.0092046241693704,0.29073487850343593,2.0,3.4,3.75,1.0607843137254902,0.47134935304990755,0.27726432532347506,0.2513863216266174,2.0,0.5381315234238438,0.0762630468476877,0.0762630468476877,1,1,1.0,-13.86
2011,21,2012-01-30,osasuna,ath madrid,2011|2012-01-30|osasuna|ath madrid,2011|2012-01-30|osasuna|athmadrid,A,A,0.2858636100805395,0.2647245421623526,0.4494118477571078,0.4494118477571078,1.0692528129387457,0.1635482376765683,3.1,3.3,2.3,1.0603935568872456,0.30420841683366734,0.28577154308617236,0.41002004008016035,2.3,0.4494118477571078,0.033647249841347926,0.025882499877959948,1,1,1.2999999999999998,-12.559999999999999
2011,22,2012-02-04,ath bilbao,espanol,2011|2012-02-04|ath bilbao|espanol,2011|2012-02-04|athbilbao|espanol,D,H,0.5945546579466564,0.2009544638964582,0.20449087815688535,0.5945546579466564,0.9561757533914201,0.390063779789771,1.73,3.5,5.0,1.0637489677952106,0.5433938829374321,0.2685918335662164,0.18801428349635152,1.73,0.5945546579466564,0.028579558247715575,0.0391500797913912,1,0,-1.0,-13.559999999999999
2011,22,2012-02-04,barcelona,sociedad,2011|2012-02-04|barcelona|sociedad,2011|2012-02-04|barcelona|sociedad,H,H,0.9080250668166002,0.05173033108032859,0.0402446021030713,0.9080250668166002,0.3701165682612291,0.8562947357362717,1.07,11.0,26.0,1.063950068622966,0.8784053564298657,0.08544488467090512,0.03614975889922909,1.07,0.9080250668166002,-0.028413178506237702,0.0,1,1,0.07000000000000006,-13.489999999999998
2011,22,2012-02-04,getafe,real madrid,2011|2012-02-04|getafe|real madrid,2011|2012-02-04|getafe|realmadrid,A,A,0.10616497502844255,0.20331818842445593,0.6905168365471016,0.6905168365471016,0.817693795101266,0.4871986481226457,9.0,5.0,1.33,1.0629908103592314,0.10452687834014461,0.1881483810122603,0.7073247406475951,1.33,0.6905168365471016,-0.08161260739235482,0.0,1,1,0.33000000000000007,-13.16
2011,22,2012-02-04,levante,santander,2011|2012-02-04|levante|santander,2011|2012-02-04|levante|santander,D,H,0.44676895268131944,0.2882400642549165,0.26499098306376395,0.44676895268131944,1.0704512226026779,0.15852888842640295,2.3,3.2,3.2,1.0597826086956523,0.41025641025641024,0.2948717948717948,0.2948717948717948,2.3,0.44676895268131944,0.027568591167034584,0.021206608590026606,1,0,-1.0,-14.16
2011,22,2012-02-04,mallorca,betis,2011|2012-02-04|mallorca|betis,2011|2012-02-04|mallorca|betis,H,H,0.4633027132226255,0.28288320325611827,0.2538140835212563,0.4633027132226255,1.0616739663529469,0.18041950996650724,2.2,3.2,3.4,1.0611631016042782,0.4283464566929133,0.2944881889763779,0.27716535433070866,2.2,0.4633027132226255,0.01926596908977618,0.016054974241480148,1,1,1.2000000000000002,-12.959999999999999
2011,22,2012-02-05,ath madrid,valencia,2011|2012-02-05|ath madrid|valencia,2011|2012-02-05|athmadrid|valencia,D,H,0.48773807666840163,0.25447786444942677,0.2577840588821717,0.48773807666840163,1.0479086794043937,0.22995401778622993,2.0,3.4,3.75,1.0607843137254902,0.47134935304990755,0.27726432532347506,0.2513863216266174,2.0,0.48773807666840163,-0.024523846663196736,0.0,1,0,-1.0,-13.959999999999999
2011,22,2012-02-05,sevilla,villarreal,2011|2012-02-05|sevilla|villarreal,2011|2012-02-05|sevilla|villarreal,A,H,0.5747432546221881,0.2837838457372679,0.14147289964054402,0.5747432546221881,0.9524199838164713,0.2909594088849202,1.83,3.5,4.33,1.0631092553630697,0.5140093406910212,0.2687534552755911,0.21723720403338773,1.83,0.5747432546221881,0.0517801559586043,0.06238573007060759,1,0,-1.0,-14.959999999999999
2011,22,2012-02-05,sp gijon,osasuna,2011|2012-02-05|sp gijon|osasuna,2011|2012-02-05|spgijon|osasuna,D,H,0.4806825364419067,0.27028328643597177,0.24903417712212153,0.4806825364419067,1.0519292513505747,0.21039925000593496,2.25,3.25,3.25,1.0598290598290598,0.4193548387096774,0.2903225806451613,0.2903225806451613,2.25,0.4806825364419067,0.08153570699429014,0.06522856559543211,1,0,-1.0,-15.959999999999999
2011,22,2012-02-05,zaragoza,vallecano,2011|2012-02-05|zaragoza|vallecano,2011|2012-02-05|zaragoza|vallecano,A,H,0.46059184123894725,0.3041749431348308,0.23523321562622196,0.46059184123894725,1.05950940210065,0.15641689810411646,2.38,3.2,3.0,1.066001400560224,0.39415339136147154,0.29315158482509446,0.31269502381343406,2.38,0.46059184123894725,0.09620858214869443,0.06971636387586554,1,0,-1.0,-16.96
2011,22,2012-02-06,granada,malaga,2011|2012-02-06|granada|malaga,2011|2012-02-06|granada|malaga,H,A,0.3333480374598002,0.2985575245943471,0.3680944379458527,0.3680944379458527,1.0949790663456203,0.03474640048605254,3.0,3.2,2.4,1.0625,0.3137254901960784,0.29411764705882354,0.39215686274509803,2.4,0.3680944379458527,-0.11657334892995352,0.0,1,0,-1.0,-17.96
2011,23,2012-02-11,betis,ath bilbao,2011|2012-02-11|betis|ath bilbao,2011|2012-02-11|betis|athbilbao,H,A,0.33358754875438273,0.3054433846401342,0.360969066605483,0.360969066605483,1.0962962512346288,0.027381517851100268,2.8,3.2,2.5,1.0696428571428571,0.333889816360601,0.2921535893155259,0.3739565943238731,2.5,0.360969066605483,-0.0975773334862925,0.0,1,0,-1.0,-18.96
2011,23,2012-02-11,osasuna,barcelona,2011|2012-02-11|osasuna|barcelona,2011|2012-02-11|osasuna|barcelona,H,A,0.12024841665388893,0.32021597191408424,0.5595356114320268,0.5595356114320268,0.9442519633815892,0.23931963951794255,9.5,5.0,1.33,1.0571428571428572,0.09957325746799431,0.1891891891891892,0.7112375533428165,1.33,0.5595356114320268,-0.25581763679540437,0.0,1,0,-1.0,-19.96
2011,23,2012-02-11,santander,ath madrid,2011|2012-02-11|santander|ath madrid,2011|2012-02-11|santander|athmadrid,D,A,0.2042507171799796,0.24363749205860818,0.5521117907614121,0.5521117907614121,0.9964244237244451,0.30847429870280396,3.75,3.4,2.0,1.0607843137254902,0.2513863216266174,0.27726432532347506,0.47134935304990755,2.0,0.5521117907614121,0.1042235815228243,0.1042235815228243,1,0,-1.0,-20.96
2011,23,2012-02-12,espanol,zaragoza,2011|2012-02-12|espanol|zaragoza,2011|2012-02-12|espanol|zaragoza,A,H,0.5918287290044992,0.22613660269823976,0.1820346682972611,0.5918287290044992,0.9567215906711194,0.36569212630625947,1.62,3.75,5.5,1.0657687991021325,0.5791912384161751,0.2502106149957877,0.17059814658803707,1.62,0.5918287290044992,-0.0412374590127112,0.0,1,0,-1.0,-21.96
2011,23,2012-02-12,malaga,mallorca,2011|2012-02-12|malaga|mallorca,2011|2012-02-12|malaga|mallorca,H,H,0.6427244463176649,0.20969057652741657,0.14758497715491847,0.6427244463176649,0.8940536015815157,0.4330338697902483,1.73,3.5,5.0,1.0637489677952106,0.5433938829374321,0.2685918335662164,0.18801428349635152,1.73,0.6427244463176649,0.11191329212956025,0.1533058796295346,1,1,0.73,-21.23
2011,23,2012-02-12,real madrid,levante,2011|2012-02-12|real madrid|levante,2011|2012-02-12|realmadrid|levante,H,H,0.8779662805909367,0.06808384042446247,0.05394987898460081,0.8779662805909367,0.4547245365766106,0.8098824401664743,1.08,10.0,26.0,1.0643874643874645,0.8699143468950747,0.0939507494646681,0.03613490364025696,1.08,0.8779662805909367,-0.05179641696178827,0.0,1,1,0.08000000000000007,-21.15
2011,23,2012-02-12,valencia,sp gijon,2011|2012-02-12|valencia|sp gijon,2011|2012-02-12|valencia|spgijon,H,H,0.7512787174157051,0.16852234039113048,0.08019894219316445,0.7512787174157051,0.7172967207304026,0.5827563770245746,1.36,4.5,9.0,1.0686274509803921,0.6880733944954128,0.20795107033639143,0.10397553516819572,1.36,0.7512787174157051,0.021739055685358943,0.060386265792663714,1,1,0.3600000000000001,-20.79
2011,23,2012-02-12,vallecano,getafe,2011|2012-02-12|vallecano|getafe,2011|2012-02-12|vallecano|getafe,H,H,0.40421588457713337,0.27299712628191936,0.3227869891409473,0.40421588457713337,1.0855672496724986,0.08142889543618609,2.5,3.2,2.8,1.0696428571428571,0.3739565943238731,0.2921535893155259,0.333889816360601,2.5,0.40421588457713337,0.010539711442833388,0.0070264742952222585,1,1,1.5,-19.29
2011,23,2012-02-12,villarreal,granada,2011|2012-02-12|villarreal|granada,2011|2012-02-12|villarreal|granada,H,H,0.7700897134511655,0.13239963181313366,0.09751065473570077,0.7700897134511655,0.6958721210355221,0.6376900816380319,1.57,3.75,6.0,1.070276008492569,0.595120015869867,0.249156913310851,0.15572307081928186,1.57,0.7700897134511655,0.2090408501183299,0.3667383335409296,1,1,0.5700000000000001,-18.72
2011,23,2012-02-13,sociedad,sevilla,2011|2012-02-13|sociedad|sevilla,2011|2012-02-13|sociedad|sevilla,H,A,0.2637606109534056,0.24822824877883873,0.4880111402677558,0.4880111402677558,1.0475076809370143,0.22425052931435024,2.8,3.25,2.5,1.064835164835165,0.33539731682146534,0.2889576883384932,0.3756449948400412,2.5,0.4880111402677558,0.22002785066938957,0.14668523377959305,1,0,-1.0,-19.72
2011,24,2012-02-18,getafe,espanol,2011|2012-02-18|getafe|espanol,2011|2012-02-18|getafe|espanol,D,H,0.5338925022033901,0.25195328611098927,0.21415421168562068,0.5338925022033901,1.0123947666537165,0.28193921609240086,2.0,3.3,3.75,1.0696969696969696,0.4674220963172805,0.28328611898017003,0.2492917847025496,2.0,0.5338925022033901,0.06778500440678026,0.06778500440678026,1,0,-1.0,-20.72
2011,24,2012-02-18,real madrid,santander,2011|2012-02-18|real madrid|santander,2011|2012-02-18|realmadrid|santander,H,H,0.8790991877819023,0.06761528007410868,0.05328553214398906,0.8790991877819023,0.4516668049187993,0.8114839077077937,1.08,9.5,26.0,1.0696506222822013,0.8656339805144738,0.09840891567954019,0.03595710380598584,1.08,0.8790991877819023,-0.05057287719554543,0.0,1,1,0.08000000000000007,-20.64
2011,24,2012-02-18,sevilla,osasuna,2011|2012-02-18|sevilla|osasuna,2011|2012-02-18|sevilla|osasuna,H,H,0.6661270694393339,0.23480398309741748,0.09906894746324861,0.6661270694393339,0.8399040134689092,0.4313230863419164,1.62,3.75,5.5,1.0657687991021325,0.5791912384161751,0.2502106149957877,0.17059814658803707,1.62,0.6661270694393339,0.07912585249172094,0.12762234272858214,1,1,0.6200000000000001,-20.02
2011,24,2012-02-19,ath bilbao,malaga,2011|2012-02-19|ath bilbao|malaga,2011|2012-02-19|athbilbao|malaga,H,H,0.5605730632861106,0.2450352513830378,0.1943916853308517,0.5605730632861106,0.9874536668867482,0.31553781190307273,1.83,3.6,4.2,1.0623211033047097,0.5143906919779547,0.2614819350887937,0.2241273729332517,1.83,0.5605730632861106,0.025848705813582395,0.031143019052508908,1,1,0.8300000000000001,-19.189999999999998
2011,24,2012-02-19,barcelona,valencia,2011|2012-02-19|barcelona|valencia,2011|2012-02-19|barcelona|valencia,H,H,0.8142640132067607,0.08630491378489522,0.09943107300834404,0.8142640132067607,0.6082588584806917,0.7148329401984166,1.25,5.75,11.0,1.0648221343873518,0.7512991833704529,0.1633259094283593,0.08537490720118782,1.25,0.8142640132067607,0.01783001650845084,0.07132006603380336,1,1,0.25,-18.939999999999998
2011,24,2012-02-19,granada,sociedad,2011|2012-02-19|granada|sociedad,2011|2012-02-19|granada|sociedad,H,H,0.4290532330761262,0.3037258245780029,0.26722094234587085,0.4290532330761262,1.0776285680332576,0.1253274084981233,2.3,3.2,3.2,1.0597826086956523,0.41025641025641024,0.2948717948717948,0.2948717948717948,2.3,0.4290532330761262,-0.013177563924909874,0.0,1,1,1.2999999999999998,-17.64
2011,24,2012-02-19,levante,vallecano,2011|2012-02-19|levante|vallecano,2011|2012-02-19|levante|vallecano,A,H,0.4689765461165569,0.26106392328061045,0.26995953060283256,0.4689765461165569,1.059223931775973,0.19901701551372436,2.3,3.2,3.2,1.0597826086956523,0.41025641025641024,0.2948717948717948,0.2948717948717948,2.3,0.4689765461165569,0.07864605606808084,0.06049696620621604,1,0,-1.0,-18.64
2011,24,2012-02-19,mallorca,villarreal,2011|2012-02-19|mallorca|villarreal,2011|2012-02-19|mallorca|villarreal,H,H,0.43671426125659035,0.35073307136802395,0.21255266737538572,0.43671426125659035,1.0584325769856633,0.0859811898885664,2.25,3.25,3.2,1.0646367521367521,0.41746111389864526,0.28901154039136984,0.29352734570998495,2.25,0.43671426125659035,-0.017392912172671693,0.0,1,1,1.25,-17.39
2011,24,2012-02-19,sp gijon,ath madrid,2011|2012-02-19|sp gijon|ath madrid,2011|2012-02-19|spgijon|athmadrid,D,A,0.2264609607386071,0.26687610003225487,0.506662939229138,0.506662939229138,1.0333562807667742,0.2397868391968831,4.0,3.4,1.91,1.0676778564829075,0.2341530251676642,0.27547414725607555,0.4903728275762601,1.91,0.506662939229138,-0.032273786072346544,0.0,1,0,-1.0,-18.39
2011,24,2012-02-20,zaragoza,betis,2011|2012-02-20|zaragoza|betis,2011|2012-02-20|zaragoza|betis,A,H,0.5266934717440226,0.2449008703592915,0.22840565789668588,0.5266934717440226,1.019505009911552,0.28179260138473106,2.6,3.2,2.75,1.0607517482517483,0.36258755665430564,0.2946023897816234,0.34281005356407085,2.6,0.5266934717440226,0.3694030265344588,0.23087689158403674,1,0,-1.0,-19.39
2011,25,2012-02-25,betis,getafe,2011|2012-02-25|betis|getafe,2011|2012-02-25|betis|getafe,D,H,0.5177529329925176,0.281639621131754,0.2006074458757284,0.5177529329925176,1.0199445710665305,0.23611331186076356,2.0,3.4,3.75,1.0607843137254902,0.47134935304990755,0.27726432532347506,0.2513863216266174,2.0,0.5177529329925176,0.035505865985035134,0.035505865985035134,1,0,-1.0,-20.39
2011,25,2012-02-25,espanol,levante,2011|2012-02-25|espanol|levante,2011|2012-02-25|espanol|levante,A,H,0.5908356894322709,0.21068690619737512,0.19847740437035394,0.5908356894322709,0.9599818357572355,0.3801487832348958,1.73,3.5,5.0,1.0637489677952106,0.5433938829374321,0.2685918335662164,0.18801428349635152,1.73,0.5908356894322709,0.02214574271782871,0.03033663386003933,1,0,-1.0,-21.39
2011,25,2012-02-25,malaga,zaragoza,2011|2012-02-25|malaga|zaragoza,2011|2012-02-25|malaga|zaragoza,H,H,0.744667675120026,0.17375124536145234,0.08158107951852168,0.744667675120026,0.7280833080080445,0.5709164297585736,1.44,4.2,7.5,1.0658730158730159,0.6515264333581534,0.22338049143708116,0.12509307520476545,1.44,0.744667675120026,0.07232145217283736,0.16436693675644856,1,1,0.43999999999999995,-20.95
2011,25,2012-02-25,santander,sp gijon,2011|2012-02-25|santander|sp gijon,2011|2012-02-25|santander|spgijon,D,H,0.48476633950959536,0.2769493273768876,0.23828433311351707,0.48476633950959536,1.0483635938476619,0.20781701213270776,2.05,3.25,3.75,1.0621638524077548,0.45925577013659924,0.2896844088553933,0.25105982100800756,2.05,0.48476633950959536,-0.0062290040053295526,0.0,1,0,-1.0,-21.95
2011,25,2012-02-26,ath madrid,barcelona,2011|2012-02-26|ath madrid|barcelona,2011|2012-02-26|athmadrid|barcelona,A,A,0.11305738998052725,0.15164593325836115,0.7352966767611117,0.7352966767611117,0.7585747683473898,0.5836507435027505,7.0,4.33,1.44,1.0682484695186774,0.13373025745734066,0.2161921021250311,0.6500776404176282,1.44,0.7352966767611117,0.05882721453600076,0.1336982148545472,1,1,0.43999999999999995,-21.509999999999998
2011,25,2012-02-26,osasuna,granada,2011|2012-02-26|osasuna|granada,2011|2012-02-26|osasuna|granada,H,H,0.5686738199081808,0.23291189142371832,0.19841428866810093,0.5686738199081808,0.9812765985504811,0.33576192848446246,1.91,3.3,4.2,1.064685750549625,0.4917509313464608,0.2846194784459819,0.22362959020755718,1.91,0.5686738199081808,0.08616699602462519,0.09468900662046725,1,1,0.9099999999999999,-20.599999999999998
2011,25,2012-02-26,sociedad,mallorca,2011|2012-02-26|sociedad|mallorca,2011|2012-02-26|sociedad|mallorca,H,H,0.4831358920886006,0.284892741040605,0.23197136687079453,0.4831358920886006,1.0481271294688481,0.19824315104799556,2.1,3.25,3.5,1.0695970695970696,0.4452054794520548,0.28767123287671237,0.2671232876712329,2.1,0.4831358920886006,0.014585373386061362,0.013259430350964874,1,1,1.1,-19.5
2011,25,2012-02-26,valencia,sevilla,2011|2012-02-26|valencia|sevilla,2011|2012-02-26|valencia|sevilla,A,H,0.5858492040733384,0.21367452496059156,0.20047627096607004,0.5858492040733384,0.9651908352792553,0.3721746791127468,1.75,3.5,4.75,1.0676691729323307,0.5352112676056339,0.26760563380281693,0.1971830985915493,1.75,0.5858492040733384,0.025236107128342233,0.03364814283778964,1,0,-1.0,-20.5
2011,25,2012-02-26,vallecano,real madrid,2011|2012-02-26|vallecano|real madrid,2011|2012-02-26|vallecano|realmadrid,A,A,0.11099551638367185,0.15943183832453112,0.729572645291797,0.729572645291797,0.7667681747071776,0.5701408069672659,8.0,4.75,1.36,1.0708204334365323,0.11673292374412723,0.19660281893747744,0.6866642573183954,1.36,0.729572645291797,-0.007781202403155996,0.0,1,1,0.3600000000000001,-20.14
2011,25,2012-02-26,villarreal,ath bilbao,2011|2012-02-26|villarreal|ath bilbao,2011|2012-02-26|villarreal|athbilbao,D,H,0.46738548703201516,0.22381394030404977,0.3088005726639351,0.46738548703201516,1.0533889887271133,0.15858491436808003,2.25,3.25,3.2,1.0646367521367521,0.41746111389864526,0.28901154039136984,0.29352734570998495,2.25,0.46738548703201516,0.05161734582203403,0.041293876657627224,1,0,-1.0,-21.14
2011,26,2012-03-03,barcelona,sp gijon,2011|2012-03-03|barcelona|sp gijon,2011|2012-03-03|barcelona|spgijon,H,H,0.89250632571154,0.047865997245830405,0.059627677042629695,0.89250632571154,0.415107141464388,0.8328786486689103,1.08,11.0,26.0,1.0552965552965552,0.8774082709534912,0.08614553932997915,0.03644618971652964,1.08,0.89250632571154,-0.03609316823153676,0.0,1,1,0.08000000000000007,-21.06
2011,26,2012-03-03,getafe,malaga,2011|2012-03-03|getafe|malaga,2011|2012-03-03|getafe|malaga,A,H,0.41274911392974295,0.2676477832221914,0.3196031028480656,0.41274911392974295,1.0825935083406653,0.09314601108167736,2.4,3.2,3.0,1.0625,0.39215686274509803,0.29411764705882354,0.3137254901960784,2.4,0.41274911392974295,-0.009402126568616942,0.0,1,0,-1.0,-22.06
2011,26,2012-03-03,mallorca,osasuna,2011|2012-03-03|mallorca|osasuna,2011|2012-03-03|mallorca|osasuna,D,H,0.5496227693217286,0.2586737558393937,0.1917034748388777,0.5496227693217286,0.9953942396181831,0.2909490134823349,1.91,3.3,4.2,1.064685750549625,0.4917509313464608,0.2846194784459819,0.22362959020755718,1.91,0.5496227693217286,0.04977948940450161,0.05470273560934243,1,0,-1.0,-23.06
2011,26,2012-03-03,sevilla,ath madrid,2011|2012-03-03|sevilla|ath madrid,2011|2012-03-03|sevilla|athmadrid,D,H,0.5157604145671213,0.2276347065302653,0.25660487890261346,0.5157604145671213,1.027432516193603,0.25915553566450783,2.38,3.25,3.0,1.0611937082525318,0.39593908629441626,0.2899492385786802,0.3141116751269035,2.38,0.5157604145671213,0.22750978666974864,0.16486216425344105,1,0,-1.0,-24.06
2011,26,2012-03-03,vallecano,santander,2011|2012-03-03|vallecano|santander,2011|2012-03-03|vallecano|santander,H,H,0.5305661206043709,0.21318063683154595,0.25625324256408316,0.5305661206043709,1.0146853776897575,0.27431287804028776,1.83,3.4,4.5,1.0627879567127398,0.5141647343482205,0.27674160701683637,0.209093658634943,1.83,0.5305661206043709,-0.029063999294001164,0.0,1,1,0.8300000000000001,-23.229999999999997
2011,26,2012-03-04,ath bilbao,sociedad,2011|2012-03-04|ath bilbao|sociedad,2011|2012-03-04|athbilbao|sociedad,H,H,0.6654650690066014,0.18593548012227057,0.14859945087112808,0.6654650690066014,0.8671379447693202,0.47952958888433084,1.62,3.6,6.0,1.0617283950617284,0.5813953488372092,0.2616279069767442,0.15697674418604649,1.62,0.6654650690066014,0.07805341179069436,0.12589259966241023,1,1,0.6200000000000001,-22.61
2011,26,2012-03-04,granada,valencia,2011|2012-03-04|granada|valencia,2011|2012-03-04|granada|valencia,A,A,0.2602794961785975,0.3288594389661327,0.41086106485526974,0.41086106485526974,1.081529744791553,0.08200162588913706,3.5,3.3,2.1,1.064935064935065,0.26829268292682923,0.2845528455284553,0.4471544715447154,2.1,0.41086106485526974,-0.1371917638039335,0.0,1,1,1.1,-21.509999999999998
2011,26,2012-03-04,real madrid,espanol,2011|2012-03-04|real madrid|espanol,2011|2012-03-04|realmadrid|espanol,H,H,0.8722923619716393,0.06209114175020005,0.06561649627816071,0.8722923619716393,0.4704771967439546,0.8066758656934786,1.13,8.0,21.0,1.057574799831437,0.8367784031478807,0.11819494944463814,0.04502664740748119,1.13,0.8722923619716393,-0.014309630972047696,0.0,1,1,0.1299999999999999,-21.38
2011,26,2012-03-04,zaragoza,villarreal,2011|2012-03-04|zaragoza|villarreal,2011|2012-03-04|zaragoza|villarreal,H,D,0.33137754000263653,0.3706810870325805,0.2979413729647829,0.3706810870325805,1.0946391398896356,0.039303547029943986,3.1,3.25,2.3,1.0650555615492503,0.3028768233387358,0.28889789303079416,0.40822528363047,3.25,0.3706810870325805,0.20471353285588667,0.09098379238039407,1,0,-1.0,-22.38
2011,26,2012-03-05,levante,betis,2011|2012-03-05|levante|betis,2011|2012-03-05|levante|betis,H,H,0.4804967700250984,0.23072024444150374,0.28878298553339793,0.4804967700250984,1.049226928464133,0.19171378449170046,2.5,3.2,2.88,1.0597222222222222,0.3774574049803408,0.2948885976408912,0.327653997378768,2.5,0.4804967700250984,0.20124192506274596,0.13416128337516398,1,1,1.5,-20.88
2011,27,2012-03-10,betis,real madrid,2011|2012-03-10|betis|real madrid,2011|2012-03-10|betis|realmadrid,A,A,0.14357920813939218,0.2580618840421061,0.5983589078185017,0.5983589078185017,0.935523497245633,0.34029702377639554,7.0,4.33,1.44,1.0682484695186774,0.13373025745734066,0.2161921021250311,0.6500776404176282,1.44,0.5983589078185017,-0.13836317274135768,0.0,1,1,0.43999999999999995,-20.439999999999998
2011,27,2012-03-10,malaga,levante,2011|2012-03-10|malaga|levante,2011|2012-03-10|malaga|levante,H,H,0.7191220307137256,0.14377089791607567,0.13710707137019873,0.7191220307137256,0.7883913306410425,0.5753511327976499,1.53,3.8,6.5,1.0705988198248262,0.6104945747546898,0.245804394572283,0.143701030673027,1.53,0.7191220307137256,0.10025670699200018,0.18916359809811353,1,1,0.53,-19.91
2011,27,2012-03-10,sociedad,zaragoza,2011|2012-03-10|sociedad|zaragoza,2011|2012-03-10|sociedad|zaragoza,H,H,0.5938526400604638,0.24044005619364853,0.16570730374588763,0.5938526400604638,0.9500306098677663,0.3534125838668153,1.73,3.6,4.75,1.0663387756481764,0.5420741468672235,0.26049674280008245,0.19742911033269403,1.73,0.5938526400604638,0.027365067304602364,0.037486393567948445,1,1,0.73,-19.18
2011,27,2012-03-10,sp gijon,sevilla,2011|2012-03-10|sp gijon|sevilla,2011|2012-03-10|spgijon|sevilla,H,A,0.3125604422328181,0.32688017610019904,0.3605593816669828,0.3605593816669828,1.096805473189872,0.033679205566783776,3.25,3.3,2.2,1.0652680652680653,0.2888402625820569,0.2844638949671772,0.42669584245076586,2.2,0.3605593816669828,-0.20676936033263782,0.0,1,0,-1.0,-20.18
2011,27,2012-03-11,ath madrid,granada,2011|2012-03-11|ath madrid|granada,2011|2012-03-11|athmadrid|granada,H,H,0.8357936754437585,0.08750002534885476,0.07670629920738672,0.8357936754437585,0.5600437072914943,0.7482936500949038,1.33,4.75,10.0,1.062406015037594,0.7077140835102618,0.1981599433828733,0.09412597310686482,1.33,0.8357936754437585,0.11160558834019885,0.338198752546057,1,1,0.33000000000000007,-19.849999999999998
2011,27,2012-03-11,espanol,vallecano,2011|2012-03-11|espanol|vallecano,2011|2012-03-11|espanol|vallecano,H,H,0.49173169623803087,0.23879537802167058,0.2694729257402987,0.49173169623803087,1.0443888211174208,0.22225877049773218,2.1,3.4,3.4,1.0644257703081232,0.4473684210526316,0.27631578947368424,0.27631578947368424,2.1,0.49173169623803087,0.032636562099864874,0.029669601908968064,1,1,1.1,-18.75
2011,27,2012-03-11,osasuna,ath bilbao,2011|2012-03-11|osasuna|ath bilbao,2011|2012-03-11|osasuna|athbilbao,H,A,0.31537597456123284,0.28290231153180995,0.4017217139069572,0.4017217139069572,1.0875167519101185,0.08634573934572437,2.8,3.25,2.5,1.064835164835165,0.33539731682146534,0.2889576883384932,0.3756449948400412,2.5,0.4017217139069572,0.004304284767392974,0.0028695231782619826,1,0,-1.0,-19.75
2011,27,2012-03-11,santander,barcelona,2011|2012-03-11|santander|barcelona,2011|2012-03-11|santander|barcelona,A,A,0.11650879210126773,0.24911783089655637,0.634373377002176,0.634373377002176,0.8854149942335211,0.38525554610561963,13.0,6.0,1.22,1.0632618747372846,0.07234631350069183,0.15675034591816564,0.7709033405811425,1.22,0.634373377002176,-0.2260644800573453,0.0,1,1,0.21999999999999997,-19.529999999999998
2011,27,2012-03-11,valencia,mallorca,2011|2012-03-11|valencia|mallorca,2011|2012-03-11|valencia|mallorca,D,H,0.726564974275999,0.15635985377305373,0.11707517195094719,0.726564974275999,0.773344434126804,0.5702051205029453,1.5,4.0,7.0,1.0595238095238095,0.6292134831460674,0.23595505617977527,0.1348314606741573,1.5,0.726564974275999,0.08984746141399846,0.17969492282799693,1,0,-1.0,-20.529999999999998
2011,27,2012-03-12,villarreal,getafe,2011|2012-03-12|villarreal|getafe,2011|2012-03-12|villarreal|getafe,A,H,0.5823598668141823,0.20165778665053036,0.21598234653528733,0.5823598668141823,0.9687592363899584,0.3663775202788949,1.91,3.4,4.0,1.0676778564829073,0.4903728275762602,0.2754741472560756,0.23415302516766426,1.91,0.5823598668141823,0.11230734561508815,0.12341466551108589,1,0,-1.0,-21.529999999999998
2011,28,2012-03-17,getafe,sociedad,2011|2012-03-17|getafe|sociedad,2011|2012-03-17|getafe|sociedad,H,H,0.5555419562501253,0.2383154813170742,0.20614256243280055,0.5555419562501253,0.9938739834936587,0.31722647493305106,1.95,3.3,4.0,1.065850815850816,0.4811372334609076,0.2843083652268999,0.23455440131219243,1.95,0.5555419562501253,0.08330681468774426,0.08769138388183606,1,1,0.95,-20.58
2011,28,2012-03-17,granada,sp gijon,2011|2012-03-17|granada|sp gijon,2011|2012-03-17|granada|spgijon,H,H,0.5137484189542303,0.25002582452221306,0.23622575652355657,0.5137484189542303,1.0296171545225872,0.26372259443201723,2.0,3.3,3.8,1.066188197767145,0.4689603590127151,0.2842183994016455,0.2468212415856395,2.0,0.5137484189542303,0.02749683790846058,0.02749683790846058,1,1,1.0,-19.58
2011,28,2012-03-17,sevilla,barcelona,2011|2012-03-17|sevilla|barcelona,2011|2012-03-17|sevilla|barcelona,A,A,0.1199703065479774,0.2380029909361175,0.6420267025159052,0.6420267025159052,0.8805433234697382,0.4040237115797877,8.5,4.75,1.36,1.0634674922600618,0.11062590975254732,0.19796215429403205,0.6914119359534208,1.36,0.6420267025159052,-0.12684368457836884,0.0,1,1,0.3600000000000001,-19.22
2011,28,2012-03-17,vallecano,betis,2011|2012-03-17|vallecano|betis,2011|2012-03-17|vallecano|betis,H,H,0.4534272526741827,0.17854197092129365,0.3680307764045237,0.4534272526741827,1.034119889156311,0.08539647626965902,2.2,3.3,3.3,1.0606060606060606,0.4285714285714286,0.28571428571428575,0.28571428571428575,2.2,0.4534272526741827,-0.0024600441167978992,0.0,1,1,1.2000000000000002,-18.02
2011,28,2012-03-17,zaragoza,osasuna,2011|2012-03-17|zaragoza|osasuna,2011|2012-03-17|zaragoza|osasuna,D,H,0.44978950898882825,0.29343771510194466,0.2567727759092271,0.44978950898882825,1.0682507901085938,0.15635179388688358,2.5,3.2,2.88,1.0597222222222222,0.3774574049803408,0.2948885976408912,0.327653997378768,2.5,0.44978950898882825,0.12447377247207059,0.08298251498138039,1,0,-1.0,-19.02
2011,28,2012-03-18,ath bilbao,valencia,2011|2012-03-18|ath bilbao|valencia,2011|2012-03-18|athbilbao|valencia,A,H,0.42466955537890455,0.26074501192438054,0.3145854326967149,0.42466955537890455,1.0780202438191329,0.11008412268218964,2.25,3.4,3.1,1.0611427366645583,0.41883568448241604,0.27717067355454006,0.3039936419630439,2.25,0.42466955537890455,-0.04449350039746469,0.0,1,0,-1.0,-20.02
2011,28,2012-03-18,levante,villarreal,2011|2012-03-18|levante|villarreal,2011|2012-03-18|levante|villarreal,H,H,0.40015097186136767,0.24337500966276257,0.35647401847586985,0.40015097186136767,1.0781302366927177,0.04367695338549782,2.4,3.2,3.0,1.0625,0.39215686274509803,0.29411764705882354,0.3137254901960784,2.4,0.40015097186136767,-0.03963766753271769,0.0,1,1,1.4,-18.619999999999997
2011,28,2012-03-18,mallorca,ath madrid,2011|2012-03-18|mallorca|ath madrid,2011|2012-03-18|mallorca|athmadrid,H,A,0.3069559976675332,0.27499898660234096,0.41804501573012587,0.41804501573012587,1.082155719317822,0.11108901806259269,3.0,3.25,2.38,1.0611937082525318,0.3141116751269035,0.2899492385786802,0.39593908629441626,2.38,0.41804501573012587,-0.005052862562300531,0.0,1,0,-1.0,-19.619999999999997
2011,28,2012-03-18,real madrid,malaga,2011|2012-03-18|real madrid|malaga,2011|2012-03-18|realmadrid|malaga,D,H,0.8319036019541589,0.059405825044128724,0.1086905730017124,0.8319036019541589,0.5620382493324467,0.7232130289524465,1.17,7.5,14.0,1.0594627594627595,0.8067304367869079,0.12584994813875763,0.06741961507433444,1.17,0.8319036019541589,-0.02667278571363413,0.0,1,0,-1.0,-20.619999999999997
2011,28,2012-03-19,espanol,santander,2011|2012-03-19|espanol|santander,2011|2012-03-19|espanol|santander,H,H,0.6204190409092111,0.22445608936301578,0.1551248697277731,0.6204190409092111,0.9205966571698571,0.3959629515461953,1.67,3.75,5.0,1.0654690618762475,0.562008242787561,0.2502810041213938,0.18771075309104535,1.67,0.6204190409092111,0.03609979831838245,0.05388029599758575,1,1,0.6699999999999999,-19.95
2011,29,2012-03-20,barcelona,granada,2011|2012-03-20|barcelona|granada,2011|2012-03-20|barcelona|granada,H,H,0.9078280582033117,0.046956502012283574,0.04521543978440472,0.9078280582033117,0.3714065873064173,0.8608715561910281,1.05,13.0,34.0,1.0587157940099114,0.8995624300396867,0.07265696550320547,0.027780604457107973,1.05,0.9078280582033117,-0.04678053888652268,0.0,1,1,0.050000000000000044,-19.9
2011,29,2012-03-20,osasuna,getafe,2011|2012-03-20|osasuna|getafe,2011|2012-03-20|osasuna|getafe,D,H,0.46131764719941765,0.2850464192027665,0.25363593359781583,0.46131764719941765,1.0626214033435648,0.17627122799665113,2.2,3.2,3.4,1.0611631016042782,0.4283464566929133,0.2944881889763779,0.27716535433070866,2.2,0.46131764719941765,0.014898823838718878,0.01241568653226573,1,0,-1.0,-20.9
2011,29,2012-03-21,ath madrid,ath bilbao,2011|2012-03-21|ath madrid|ath bilbao,2011|2012-03-21|athmadrid|athbilbao,H,H,0.5946628547425628,0.18929224063862898,0.21604490461880824,0.5946628547425628,0.9551912416075578,0.37861795012375454,1.8,3.5,4.5,1.0634920634920635,0.5223880597014926,0.26865671641791045,0.208955223880597,1.8,0.5946628547425628,0.070393138536613,0.08799142317076625,1,1,0.8,-20.099999999999998
2011,29,2012-03-21,sociedad,levante,2011|2012-03-21|sociedad|levante,2011|2012-03-21|sociedad|levante,A,H,0.5160133971691432,0.28322387668548543,0.2007627261453714,0.5160133971691432,1.0210489721449112,0.23278952048365775,2.0,3.4,3.75,1.0607843137254902,0.47134935304990755,0.27726432532347506,0.2513863216266174,2.0,0.5160133971691432,0.03202679433828637,0.03202679433828637,1,0,-1.0,-21.099999999999998
2011,29,2012-03-21,sp gijon,mallorca,2011|2012-03-21|sp gijon|mallorca,2011|2012-03-21|spgijon|mallorca,A,H,0.4763230471385402,0.29624075156188884,0.22743620129957093,0.4763230471385402,1.0504776478402258,0.18008229557665134,2.38,3.25,3.0,1.0611937082525318,0.39593908629441626,0.2899492385786802,0.3141116751269035,2.38,0.4763230471385402,0.13364885218972566,0.09684699434038092,1,0,-1.0,-22.099999999999998
2011,29,2012-03-21,valencia,zaragoza,2011|2012-03-21|valencia|zaragoza,2011|2012-03-21|valencia|zaragoza,A,H,0.8099007975545607,0.1188063255148168,0.07129287693062258,0.8099007975545607,0.6121323202815959,0.6910944720397438,1.29,5.0,11.0,1.0661028893587032,0.7271285034373347,0.18759915388683238,0.0852723426758329,1.29,0.8099007975545607,0.04477202884538331,0.1543863063633907,1,0,-1.0,-23.099999999999998
2011,29,2012-03-21,villarreal,real madrid,2011|2012-03-21|villarreal|real madrid,2011|2012-03-21|villarreal|realmadrid,D,A,0.12384697827890204,0.19781795652985293,0.678335065191245,0.678335065191245,0.8424973335266369,0.4805171086613921,8.5,4.75,1.36,1.0634674922600618,0.11062590975254732,0.19796215429403205,0.6914119359534208,1.36,0.678335065191245,-0.07746431133990675,0.0,1,0,-1.0,-24.099999999999998
2011,29,2012-03-22,betis,espanol,2011|2012-03-22|betis|espanol,2011|2012-03-22|betis|espanol,D,H,0.5583502360723155,0.2449954599863408,0.19665430394134367,0.5583502360723155,0.9897995082532239,0.3133547760859747,1.91,3.4,4.0,1.0676778564829073,0.4903728275762602,0.2754741472560756,0.23415302516766426,1.91,0.5583502360723155,0.06644895089812253,0.07302082516277202,1,0,-1.0,-25.099999999999998
2011,29,2012-03-22,malaga,vallecano,2011|2012-03-22|malaga|vallecano,2011|2012-03-22|malaga|vallecano,H,H,0.6534570842140816,0.17406312171234972,0.17247979407356878,0.6534570842140816,0.8854818891968937,0.47939396250173183,1.67,3.75,5.0,1.0654690618762475,0.562008242787561,0.2502810041213938,0.18771075309104535,1.67,0.6534570842140816,0.09127333063751614,0.13622885169778529,1,1,0.6699999999999999,-24.43
2011,29,2012-03-22,santander,sevilla,2011|2012-03-22|santander|sevilla,2011|2012-03-22|santander|sevilla,A,A,0.32193112756186415,0.28983619906438957,0.3882326733737462,0.3882326733737462,1.091153490514637,0.06630154581188202,3.2,3.25,2.25,1.0646367521367521,0.29352734570998495,0.28901154039136984,0.41746111389864526,2.25,0.3882326733737462,-0.12647648490907104,0.0,1,1,1.25,-23.18
2011,30,2012-03-24,getafe,valencia,2011|2012-03-24|getafe|valencia,2011|2012-03-24|getafe|valencia,H,A,0.3262194521641249,0.24854306405783108,0.42523748377804405,0.42523748377804405,1.0750564073259896,0.09901803161391914,2.8,3.25,2.5,1.064835164835165,0.33539731682146534,0.2889576883384932,0.3756449948400412,2.5,0.42523748377804405,0.06309370944511017,0.04206247296340678,1,0,-1.0,-24.18
2011,30,2012-03-24,mallorca,barcelona,2011|2012-03-24|mallorca|barcelona,2011|2012-03-24|mallorca|barcelona,A,A,0.08866081917213206,0.194905060611039,0.7164341202168288,0.7164341202168288,0.7724452340785223,0.5215290596057899,13.0,6.0,1.22,1.0632618747372846,0.07234631350069183,0.15675034591816564,0.7709033405811425,1.22,0.7164341202168288,-0.12595037333546882,0.0,1,1,0.21999999999999997,-23.959999999999997
2011,30,2012-03-24,real madrid,sociedad,2011|2012-03-24|real madrid|sociedad,2011|2012-03-24|realmadrid|sociedad,H,H,0.8542840691411696,0.0666263997527872,0.07908953110604325,0.8542840691411696,0.5156743376723799,0.7751945380351264,1.13,8.0,21.0,1.057574799831437,0.8367784031478807,0.11819494944463814,0.04502664740748119,1.13,0.8542840691411696,-0.034659001870478434,0.0,1,1,0.1299999999999999,-23.83
2011,30,2012-03-25,ath bilbao,sp gijon,2011|2012-03-25|ath bilbao|sp gijon,2011|2012-03-25|athbilbao|spgijon,D,H,0.788089451126991,0.13532819562301013,0.07658235324999889,0.788089451126991,0.6551118255900237,0.6527612555039809,1.36,4.5,9.0,1.0686274509803921,0.6880733944954128,0.20795107033639143,0.10397553516819572,1.36,0.788089451126991,0.0718016535327079,0.19944903759085522,1,0,-1.0,-24.83
2011,30,2012-03-25,betis,santander,2011|2012-03-25|betis|santander,2011|2012-03-25|betis|santander,D,H,0.6183518037094122,0.2345135057848149,0.14713469050577288,0.6183518037094122,0.9193115908785301,0.38383829792459734,1.67,3.75,5.0,1.0654690618762475,0.562008242787561,0.2502810041213938,0.18771075309104535,1.67,0.6183518037094122,0.0326475121947184,0.04872763014137075,1,0,-1.0,-25.83
2011,30,2012-03-25,espanol,malaga,2011|2012-03-25|espanol|malaga,2011|2012-03-25|espanol|malaga,A,H,0.3912191828401154,0.2282746085059473,0.3805062086539372,0.3912191828401154,1.0720280309862156,0.010712974186178226,2.38,3.25,3.0,1.0611937082525318,0.39593908629441626,0.2899492385786802,0.3141116751269035,2.38,0.3912191828401154,-0.06889834484052526,0.0,1,0,-1.0,-26.83
2011,30,2012-03-25,levante,osasuna,2011|2012-03-25|levante|osasuna,2011|2012-03-25|levante|osasuna,A,H,0.4769277945219038,0.20871116922658173,0.3143610362515145,0.4769277945219038,1.0439048636971302,0.1625667582703893,2.1,3.3,3.5,1.064935064935065,0.4471544715447154,0.2845528455284553,0.26829268292682923,2.1,0.4769277945219038,0.0015483684959980426,0.001407607723634584,1,0,-1.0,-27.83
2011,30,2012-03-25,vallecano,villarreal,2011|2012-03-25|vallecano|villarreal,2011|2012-03-25|vallecano|villarreal,A,H,0.46756235894817966,0.17834219161164933,0.35409544944017113,0.46756235894817966,1.030540429189878,0.11346690950800853,2.1,3.4,3.4,1.0644257703081232,0.4473684210526316,0.27631578947368424,0.27631578947368424,2.1,0.46756235894817966,-0.018119046208822653,0.0,1,0,-1.0,-28.83
2011,30,2012-03-25,zaragoza,ath madrid,2011|2012-03-25|zaragoza|ath madrid,2011|2012-03-25|zaragoza|athmadrid,H,A,0.3361150628031674,0.24136565435527804,0.4225192828415546,0.4225192828415546,1.07356306888387,0.08640422003838721,4.5,3.5,1.8,1.0634920634920635,0.208955223880597,0.26865671641791045,0.5223880597014926,1.8,0.4225192828415546,-0.2394652908852017,0.0,1,0,-1.0,-29.83
2011,30,2012-03-26,granada,sevilla,2011|2012-03-26|granada|sevilla,2011|2012-03-26|granada|sevilla,A,A,0.34549550785195926,0.2575105029321701,0.3969939892158707,0.3969939892158707,1.0833039618433087,0.05149848136391144,3.0,3.25,2.38,1.0611937082525318,0.3141116751269035,0.2899492385786802,0.39593908629441626,2.38,0.3969939892158707,-0.05515430566622781,0.0,1,1,1.38,-28.45
2011,31,2012-03-31,barcelona,ath bilbao,2011|2012-03-31|barcelona|ath bilbao,2011|2012-03-31|barcelona|athbilbao,H,H,0.8598720541155361,0.06987767246496221,0.0702502734195017,0.8598720541155361,0.5023244712121884,0.7896217806960344,1.11,9.0,21.0,1.0596310596310596,0.8502024291497975,0.10485829959514169,0.044939271255060725,1.11,0.8598720541155361,-0.045542019931754815,0.0,1,1,0.1100000000000001,-28.34
2011,31,2012-03-31,malaga,betis,2011|2012-03-31|malaga|betis,2011|2012-03-31|malaga|betis,A,H,0.583201517223979,0.16482194466100505,0.25197653811501597,0.583201517223979,0.9589604563488867,0.331224979108963,1.67,3.8,5.0,1.0619602899464229,0.5638651471984806,0.24780389363722696,0.18833095916429252,1.67,0.583201517223979,-0.02605346623595517,0.0,1,0,-1.0,-29.34
2011,31,2012-03-31,osasuna,real madrid,2011|2012-03-31|osasuna|real madrid,2011|2012-03-31|osasuna|realmadrid,A,A,0.1114713999075683,0.17704402065369437,0.7114845794387372,0.7114845794387372,0.7932836522087732,0.5344405587850428,8.0,4.5,1.4,1.0615079365079365,0.11775700934579439,0.20934579439252335,0.6728971962616822,1.4,0.7114845794387372,-0.003921588785767982,0.0,1,1,0.3999999999999999,-28.939999999999998
2011,31,2012-03-31,santander,granada,2011|2012-03-31|santander|granada,2011|2012-03-31|santander|granada,A,H,0.4884236921076232,0.24638245434807088,0.26519385354430586,0.4884236921076232,1.0471308711239495,0.22322983856331735,2.1,3.3,3.5,1.064935064935065,0.4471544715447154,0.2845528455284553,0.26829268292682923,2.1,0.4884236921076232,0.025689753426008877,0.023354321296371706,1,0,-1.0,-29.939999999999998
2011,31,2012-03-31,sp gijon,zaragoza,2011|2012-03-31|sp gijon|zaragoza,2011|2012-03-31|spgijon|zaragoza,A,H,0.5372043643670326,0.2753050490473427,0.1874905865856248,0.5372043643670326,1.0027797516461319,0.26189931531968985,2.1,3.3,3.5,1.064935064935065,0.4471544715447154,0.2845528455284553,0.26829268292682923,2.1,0.5372043643670326,0.12812916517076844,0.11648105924615312,1,0,-1.0,-30.939999999999998
2011,31,2012-04-01,ath madrid,getafe,2011|2012-04-01|ath madrid|getafe,2011|2012-04-01|athmadrid|getafe,H,H,0.6821827257329839,0.18876643943905025,0.12905083482796584,0.6821827257329839,0.8398638142783859,0.49341628629393364,1.62,3.8,5.5,1.062260027172308,0.5811043763554468,0.24773397097258518,0.17116165267196795,1.62,0.6821827257329839,0.10513601568743397,0.16957421885069993,1,1,0.6200000000000001,-30.32
2011,31,2012-04-01,sociedad,vallecano,2011|2012-04-01|sociedad|vallecano,2011|2012-04-01|sociedad|vallecano,H,H,0.4948210980181419,0.271081742928923,0.23409715905293516,0.4948210980181419,1.0419018204771886,0.22373935508921888,2.1,3.3,3.5,1.064935064935065,0.4471544715447154,0.2845528455284553,0.26829268292682923,2.1,0.4948210980181419,0.039124305838098006,0.03556755076190728,1,1,1.1,-29.22
2011,31,2012-04-01,valencia,levante,2011|2012-04-01|valencia|levante,2011|2012-04-01|valencia|levante,D,H,0.6767097970425398,0.18569018300360354,0.1376000199538567,0.6767097970425398,0.8498223125389928,0.49101961403893624,1.62,3.8,5.5,1.062260027172308,0.5811043763554468,0.24773397097258518,0.17116165267196795,1.62,0.6767097970425398,0.09626987120891445,0.15527398582082974,1,0,-1.0,-30.22
2011,31,2012-04-01,villarreal,espanol,2011|2012-04-01|villarreal|espanol,2011|2012-04-01|villarreal|espanol,D,H,0.5304939692596795,0.26909268158639643,0.2004133491539241,0.5304939692596795,1.0116817680155727,0.2614012876732831,2.0,3.4,3.75,1.0607843137254902,0.47134935304990755,0.27726432532347506,0.2513863216266174,2.0,0.5304939692596795,0.06098793851935902,0.06098793851935902,1,0,-1.0,-31.22
2011,31,2012-04-02,sevilla,mallorca,2011|2012-04-02|sevilla|mallorca,2011|2012-04-02|sevilla|mallorca,H,H,0.6016454038989278,0.23156998514508423,0.16678461095598798,0.6016454038989278,0.9431656619381366,0.37007541875384364,1.73,3.6,4.75,1.0663387756481764,0.5420741468672235,0.26049674280008245,0.19742911033269403,1.73,0.6016454038989278,0.04084654874514515,0.05595417636321254,1,1,0.73,-30.49
2011,32,2012-04-07,betis,villarreal,2011|2012-04-07|betis|villarreal,2011|2012-04-07|betis|villarreal,H,H,0.6466954967274084,0.19891153555719973,0.1543929677153918,0.6466954967274084,0.8915480333990073,0.4477839611702087,2.1,3.3,3.5,1.064935064935065,0.4471544715447154,0.2845528455284553,0.26829268292682923,2.1,0.6466954967274084,0.35806054312755775,0.3255095846614161,1,1,1.1,-29.389999999999997
2011,32,2012-04-07,espanol,sociedad,2011|2012-04-07|espanol|sociedad,2011|2012-04-07|espanol|sociedad,D,H,0.5323768205045655,0.21107782624647764,0.2565453532489569,0.5323768205045655,1.0129669589303856,0.2758314672556086,1.91,3.4,4.0,1.0676778564829073,0.4903728275762602,0.2754741472560756,0.23415302516766426,1.91,0.5323768205045655,0.01683972716372001,0.018505194685406606,1,0,-1.0,-30.389999999999997
2011,32,2012-04-07,getafe,sp gijon,2011|2012-04-07|getafe|sp gijon,2011|2012-04-07|getafe|spgijon,H,H,0.595494095286898,0.22430221047650115,0.18020369423660082,0.595494095286898,0.9527699802352452,0.3711918848103969,1.73,3.5,5.0,1.0637489677952106,0.5433938829374321,0.2685918335662164,0.18801428349635152,1.73,0.595494095286898,0.030204784846333543,0.04137641759771719,1,1,0.73,-29.659999999999997
2011,32,2012-04-07,vallecano,osasuna,2011|2012-04-07|vallecano|osasuna,2011|2012-04-07|vallecano|osasuna,H,H,0.542266159856085,0.21750872086552905,0.24022511927838602,0.542266159856085,1.006283061541582,0.3020410405776989,2.05,3.4,3.6,1.059700302885382,0.4603234298608499,0.27754795035727714,0.26212861978187285,2.05,0.542266159856085,0.1116456277049741,0.10632916924283249,1,1,1.0499999999999998,-28.61
2011,32,2012-04-07,zaragoza,barcelona,2011|2012-04-07|zaragoza|barcelona,2011|2012-04-07|zaragoza|barcelona,A,A,0.10138754027139427,0.2701421623869178,0.628470297341688,0.628470297341688,0.8775236576820512,0.3583281349547702,19.0,7.5,1.14,1.063157894736842,0.0495049504950495,0.1254125412541254,0.8250825082508252,1.14,0.628470297341688,-0.2835438610304757,0.0,1,1,0.1399999999999999,-28.47
2011,32,2012-04-08,ath bilbao,sevilla,2011|2012-04-08|ath bilbao|sevilla,2011|2012-04-08|athbilbao|sevilla,H,H,0.41052319360469675,0.21379748592019293,0.37567932047511027,0.41052319360469675,1.0631264606323163,0.03484387312958648,2.25,3.25,3.2,1.0646367521367521,0.41746111389864526,0.28901154039136984,0.29352734570998495,2.25,0.41052319360469675,-0.07632281438943234,0.0,1,1,1.25,-27.22
2011,32,2012-04-08,levante,ath madrid,2011|2012-04-08|levante|ath madrid,2011|2012-04-08|levante|athmadrid,H,A,0.30991892553420886,0.22820533738437293,0.46187573708141816,0.46187573708141816,1.057008629035486,0.1519568115472093,3.0,3.4,2.3,1.0622335890878092,0.3138041733547351,0.2768860353130016,0.40930979133226325,2.3,0.46187573708141816,0.062314195287261676,0.04793399637481668,1,0,-1.0,-28.22
2011,32,2012-04-08,mallorca,granada,2011|2012-04-08|mallorca|granada,2011|2012-04-08|mallorca|granada,D,H,0.5234992070695588,0.24641743339613364,0.23008335953430756,0.5234992070695588,1.0220475148219312,0.2770817736734251,1.83,3.5,4.33,1.0631092553630697,0.5140093406910212,0.2687534552755911,0.21723720403338773,1.83,0.5234992070695588,-0.04199645106270744,0.0,1,0,-1.0,-29.22
2011,32,2012-04-08,real madrid,valencia,2011|2012-04-08|real madrid|valencia,2011|2012-04-08|realmadrid|valencia,D,H,0.8264725854969843,0.07181943727084608,0.10170797723216947,0.8264725854969843,0.5791286669286385,0.7247646082648148,1.2,6.5,13.0,1.064102564102564,0.783132530120482,0.14457831325301207,0.07228915662650603,1.2,0.8264725854969843,-0.00823289740361885,0.0,1,0,-1.0,-30.22
2011,32,2012-04-09,malaga,santander,2011|2012-04-09|malaga|santander,2011|2012-04-09|malaga|santander,H,H,0.7127231118014503,0.1673223839451429,0.11995450425340667,0.7127231118014503,0.7948975404018399,0.5454007278563074,1.4,4.5,8.0,1.0615079365079365,0.6728971962616822,0.20934579439252335,0.11775700934579439,1.4,0.7127231118014503,-0.002187643477969625,0.0,1,1,0.3999999999999999,-29.82
2011,33,2012-04-10,barcelona,getafe,2011|2012-04-10|barcelona|getafe,2011|2012-04-10|barcelona|getafe,H,H,0.8903663276186853,0.07341341818932373,0.036220254191991,0.8903663276186853,0.4153051889078564,0.8169529094293615,1.06,13.0,26.0,1.0587808417997098,0.8910212474297463,0.0726525017135024,0.0363262508567512,1.06,0.8903663276186853,-0.05621169272419355,0.0,1,1,0.06000000000000005,-29.759999999999998
2011,33,2012-04-10,osasuna,espanol,2011|2012-04-10|osasuna|espanol,2011|2012-04-10|osasuna|espanol,H,A,0.3546124133293612,0.27552701859721557,0.3698605680734232,0.3698605680734232,1.0906849000398586,0.015248154744061992,2.5,3.25,2.8,1.0648351648351648,0.3756449948400413,0.28895768833849333,0.33539731682146545,2.8,0.3698605680734232,0.035609590605584995,0.019783105891991667,1,0,-1.0,-30.759999999999998
2011,33,2012-04-10,sociedad,betis,2011|2012-04-10|sociedad|betis,2011|2012-04-10|sociedad|betis,D,H,0.4741878394083612,0.24399570452788688,0.28181645606375183,0.4741878394083612,1.0549179037529877,0.19237138334460935,2.25,3.4,3.1,1.0611427366645583,0.41883568448241604,0.27717067355454006,0.3039936419630439,2.25,0.4741878394083612,0.06692263866881265,0.05353811093505012,1,0,-1.0,-31.759999999999998
2011,33,2012-04-11,ath madrid,real madrid,2011|2012-04-11|ath madrid|real madrid,2011|2012-04-11|athmadrid|realmadrid,A,A,0.1260619809997289,0.12558222223191048,0.7483557967683606,0.7483557967683606,0.7385603005568135,0.6222938157686317,5.5,4.0,1.57,1.0687608569774174,0.17012054720303402,0.23391575240417176,0.5959637003927942,1.57,0.7483557967683606,0.17491860092632622,0.30687473846723895,1,1,0.5700000000000001,-31.189999999999998
2011,33,2012-04-11,granada,ath bilbao,2011|2012-04-11|granada|ath bilbao,2011|2012-04-11|granada|athbilbao,D,A,0.3142745080709094,0.28307694112502857,0.4026485508040621,0.4026485508040621,1.087308390821745,0.08837404273315269,2.63,3.4,2.6,1.0589611685563374,0.3590576766856215,0.27774167343623074,0.3632006498781478,2.6,0.4026485508040621,0.04688623209056142,0.029303895056600887,1,0,-1.0,-32.19
2011,33,2012-04-11,sp gijon,levante,2011|2012-04-11|sp gijon|levante,2011|2012-04-11|spgijon|levante,H,H,0.44554532414443654,0.303978944542904,0.2504757313126595,0.44554532414443654,1.0689380012861458,0.14156637960153257,2.6,3.2,2.75,1.0607517482517483,0.36258755665430564,0.2946023897816234,0.34281005356407085,2.6,0.44554532414443654,0.15841784277553494,0.09901115173470934,1,1,1.6,-30.59
2011,33,2012-04-11,valencia,vallecano,2011|2012-04-11|valencia|vallecano,2011|2012-04-11|valencia|vallecano,H,H,0.7157232285336174,0.16318404320763016,0.12109272825875254,0.7157232285336174,0.7908653794717675,0.5525391853259872,1.5,4.2,6.5,1.0586080586080584,0.6297577854671281,0.2249134948096886,0.14532871972318342,1.5,0.7157232285336174,0.07358484280042604,0.14716968560085208,1,1,0.5,-30.09
2011,33,2012-04-12,santander,mallorca,2011|2012-04-12|santander|mallorca,2011|2012-04-12|santander|mallorca,A,H,0.40087708303829966,0.33353018111947313,0.26559273584222715,0.40087708303829966,1.0847858766835234,0.06734690191882653,2.7,3.2,2.63,1.0630985072524997,0.3483876309144347,0.2939520635840543,0.35766030550151096,2.7,0.40087708303829966,0.08236812420340922,0.0484518377667113,1,0,-1.0,-31.09
2011,33,2012-04-12,sevilla,zaragoza,2011|2012-04-12|sevilla|zaragoza,2011|2012-04-12|sevilla|zaragoza,H,H,0.7275041770862883,0.19979082604404014,0.07270499686967155,0.7275041770862883,0.7437898194325203,0.5277133510422483,1.44,4.33,7.0,1.0682484695186774,0.6500776404176282,0.2161921021250311,0.13373025745734066,1.44,0.7275041770862883,0.04760601500425515,0.10819548864603445,1,1,0.43999999999999995,-30.65
2011,33,2012-04-12,villarreal,malaga,2011|2012-04-12|villarreal|malaga,2011|2012-04-12|villarreal|malaga,H,H,0.3943251019634535,0.2509559999832492,0.35471889805329726,0.3943251019634535,1.081533128813069,0.039606203910156235,2.5,3.3,2.8,1.0601731601731603,0.3772968558595345,0.2858309514087382,0.3368721927317272,2.5,0.3943251019634535,-0.014187245091366263,0.0,1,1,1.5,-29.15
2011,34,2012-04-14,levante,barcelona,2011|2012-04-14|levante|barcelona,2011|2012-04-14|levante|barcelona,A,A,0.07905925707898719,0.1427835573476056,0.7781571855734071,0.7781571855734071,0.6737175878811942,0.6353736282258015,15.0,6.0,1.2,1.0666666666666667,0.0625,0.15625,0.78125,1.2,0.7781571855734071,-0.06621137731191154,0.0,1,1,0.19999999999999996,-28.95
2011,34,2012-04-14,real madrid,sp gijon,2011|2012-04-14|real madrid|sp gijon,2011|2012-04-14|realmadrid|spgijon,H,H,0.880513260549419,0.06895181296861737,0.050534926481963616,0.880513260549419,0.447298001400275,0.8115614475808016,1.06,11.0,29.0,1.068788075944875,0.8826784726065301,0.08505810736026563,0.032263420033204204,1.06,0.880513260549419,-0.06665594381761578,0.0,1,1,0.06000000000000005,-28.889999999999997
2011,34,2012-04-15,ath bilbao,mallorca,2011|2012-04-15|ath bilbao|mallorca,2011|2012-04-15|athbilbao|mallorca,H,H,0.6226284144604144,0.25785770138351266,0.11951388415607296,0.6226284144604144,0.8983775181912464,0.36477071307690173,1.67,3.8,5.0,1.0619602899464229,0.5638651471984806,0.24780389363722696,0.18833095916429252,1.67,0.6226284144604144,0.03978945214889201,0.05938724201327167,1,1,0.6699999999999999,-28.22
2011,34,2012-04-15,betis,osasuna,2011|2012-04-15|betis|osasuna,2011|2012-04-15|betis|osasuna,H,H,0.5307753169653406,0.19973610177163253,0.2694885812630268,0.5307753169653406,1.0112897241092416,0.2612867357023138,1.91,3.5,4.0,1.0592744951383695,0.4942630185348632,0.26972639011473964,0.23601059135039718,1.91,0.5307753169653406,0.013780855403800585,0.015143797147033611,1,1,0.9099999999999999,-27.31
2011,34,2012-04-15,espanol,valencia,2011|2012-04-15|espanol|valencia,2011|2012-04-15|espanol|valencia,H,A,0.3626752777062631,0.180682647246355,0.4566420750473819,0.4566420750473819,1.0349341923553443,0.09396679734111879,2.88,3.4,2.38,1.0615079365079365,0.32710280373831774,0.27707531610775155,0.3958218801539307,2.38,0.4566420750473819,0.08680813861276881,0.06290444827012233,1,0,-1.0,-28.31
2011,34,2012-04-15,malaga,sociedad,2011|2012-04-15|malaga|sociedad,2011|2012-04-15|malaga|sociedad,D,H,0.7241253905620851,0.1633900049097047,0.11248460452821013,0.7241253905620851,0.7755127664248159,0.5607353856523805,1.5,4.2,6.5,1.0586080586080584,0.6297577854671281,0.2249134948096886,0.14532871972318342,1.5,0.7241253905620851,0.0861880858431277,0.1723761716862554,1,0,-1.0,-29.31
2011,34,2012-04-15,vallecano,ath madrid,2011|2012-04-15|vallecano|ath madrid,2011|2012-04-15|vallecano|athmadrid,A,A,0.3872893547038425,0.20192962887050367,0.4107810164256538,0.4107810164256538,1.0559002816285998,0.023491661721811274,2.8,3.4,2.4,1.0679271708683473,0.3344262295081967,0.2754098360655738,0.39016393442622954,2.4,0.4107810164256538,-0.014125560578430951,0.0,1,1,1.4,-27.91
2011,34,2012-04-15,villarreal,santander,2011|2012-04-15|villarreal|santander,2011|2012-04-15|villarreal|santander,D,H,0.6430159151957526,0.25488858164531175,0.10209550315893554,0.6430159151957526,0.8653275100834391,0.3881273335504409,1.5,4.0,7.0,1.0595238095238095,0.6292134831460674,0.23595505617977527,0.1348314606741573,1.5,0.6430159151957526,-0.035476127206371055,0.0,1,0,-1.0,-28.91
2011,34,2012-04-15,zaragoza,granada,2011|2012-04-15|zaragoza|granada,2011|2012-04-15|zaragoza|granada,H,H,0.551064935847269,0.2661542040145139,0.182780860138217,0.551064935847269,0.9913139859395095,0.2849107318327551,2.1,3.4,3.4,1.0644257703081232,0.4473684210526316,0.27631578947368424,0.27631578947368424,2.1,0.551064935847269,0.157236365279265,0.14294215025387724,1,1,1.1,-27.81
2011,34,2012-04-16,getafe,sevilla,2011|2012-04-16|getafe|sevilla,2011|2012-04-16|getafe|sevilla,H,A,0.3146559516877686,0.24018492500356375,0.4451591233086677,0.4451591233086677,1.0666935229362506,0.13050317162089908,2.6,3.3,2.63,1.0678738245278168,0.36016931568245014,0.2837697638710213,0.3560609204465287,2.63,0.4451591233086677,0.17076849430179597,0.10476594742441471,1,0,-1.0,-28.81
2011,35,2012-04-21,barcelona,real madrid,2011|2012-04-21|barcelona|real madrid,2011|2012-04-21|barcelona|realmadrid,A,A,0.4679577159378832,0.05953552959742135,0.47250675446469537,0.47250675446469537,0.8775568927785531,0.004549038526812155,1.62,4.0,5.0,1.067283950617284,0.578368999421631,0.23423944476576056,0.18739155581260844,5.0,0.47250675446469537,1.3625337723234767,0.3406334430808692,1,1,4.0,-24.81
2011,35,2012-04-21,mallorca,zaragoza,2011|2012-04-21|mallorca|zaragoza,2011|2012-04-21|mallorca|zaragoza,H,H,0.593793123231182,0.2740425880186126,0.1321642887502054,0.593793123231182,0.9317019223413118,0.31975053521256946,1.8,3.6,4.33,1.0642802155504234,0.5220012055455093,0.26100060277275466,0.21699819168173598,1.8,0.593793123231182,0.06882762181612773,0.08603452727015966,1,1,0.8,-24.009999999999998
2011,35,2012-04-21,sevilla,levante,2011|2012-04-21|sevilla|levante,2011|2012-04-21|sevilla|levante,D,H,0.6389712117816763,0.22881428665667894,0.1322145015616448,0.6389712117816763,0.8911716050589291,0.41015692512499735,1.57,3.8,6.0,1.0667672365627445,0.5970774629445346,0.24668726758497875,0.15623526947048655,1.57,0.6389712117816763,0.003184802497231798,0.005587372802161049,1,0,-1.0,-25.009999999999998
2011,35,2012-04-21,sp gijon,vallecano,2011|2012-04-21|sp gijon|vallecano,2011|2012-04-21|spgijon|vallecano,H,H,0.4010528062792572,0.3000609200483019,0.2988862736724408,0.4010528062792572,1.0885936415069881,0.10099188623095529,2.3,3.4,3.0,1.062233589087809,0.4093097913322633,0.27688603531300165,0.31380417335473515,2.3,0.4010528062792572,-0.07757854555770849,0.0,1,1,1.2999999999999998,-23.709999999999997
2011,35,2012-04-22,ath madrid,espanol,2011|2012-04-22|ath madrid|espanol,2011|2012-04-22|athmadrid|espanol,H,H,0.6666506473498452,0.20181445075254434,0.13153490189761038,0.6666506473498452,0.8601210865263197,0.4648361965973009,1.57,3.75,6.0,1.070276008492569,0.595120015869867,0.249156913310851,0.15572307081928186,1.57,0.6666506473498452,0.04664151633925706,0.0818272216478194,1,1,0.5700000000000001,-23.14
2011,35,2012-04-22,granada,getafe,2011|2012-04-22|granada|getafe,2011|2012-04-22|granada|getafe,H,H,0.49044070396611456,0.324335563759269,0.18522373227461641,0.49044070396611456,1.0269317343857158,0.16610514020684558,2.25,3.25,3.2,1.0646367521367521,0.41746111389864526,0.28901154039136984,0.29352734570998495,2.25,0.49044070396611456,0.10349158392375768,0.08279326713900614,1,1,1.25,-21.89
2011,35,2012-04-22,santander,ath bilbao,2011|2012-04-22|santander|ath bilbao,2011|2012-04-22|santander|athbilbao,A,A,0.3054316207020575,0.3359790298961602,0.3585893494017823,0.3585893494017823,1.0964665293301556,0.02261031950562209,3.6,3.5,2.0,1.0634920634920635,0.2611940298507463,0.26865671641791045,0.4701492537313433,2.0,0.3585893494017823,-0.2828213011964355,0.0,1,1,1.0,-20.89
2011,35,2012-04-22,sociedad,villarreal,2011|2012-04-22|sociedad|villarreal,2011|2012-04-22|sociedad|villarreal,D,H,0.47329738441494945,0.299429677517113,0.22727293806793744,0.47329738441494945,1.0518446649444757,0.17386770689783643,2.25,3.25,3.2,1.0646367521367521,0.41746111389864526,0.28901154039136984,0.29352734570998495,2.25,0.47329738441494945,0.06491911493363633,0.051935291946909067,1,0,-1.0,-21.89
2011,35,2012-04-22,valencia,betis,2011|2012-04-22|valencia|betis,2011|2012-04-22|valencia|betis,H,H,0.6273154633925727,0.22853187428214325,0.1441526623252841,0.6273154633925727,0.9090587839219312,0.39878358911042944,1.62,3.75,5.5,1.0657687991021325,0.5791912384161751,0.2502106149957877,0.17059814658803707,1.62,0.6273154633925727,0.016251050695967884,0.026211372090270777,1,1,0.6200000000000001,-21.27
2011,35,2012-04-23,osasuna,malaga,2011|2012-04-23|osasuna|malaga,2011|2012-04-23|osasuna|malaga,D,A,0.30870370529382357,0.2850602281590041,0.4062360665471723,0.4062360665471723,1.0865542287649825,0.09753236125334874,3.1,3.3,2.3,1.0603935568872456,0.30420841683366734,0.28577154308617236,0.41002004008016035,2.3,0.4062360665471723,-0.06565704694150376,0.0,1,0,-1.0,-22.27
2011,36,2012-04-28,espanol,sp gijon,2011|2012-04-28|espanol|sp gijon,2011|2012-04-28|espanol|spgijon,A,H,0.6901495499688793,0.1933192661676258,0.11653118386349502,0.6901495499688793,0.824138122192521,0.49683028380125355,1.67,3.75,5.0,1.0654690618762475,0.562008242787561,0.2502810041213938,0.18771075309104535,1.67,0.6901495499688793,0.15254974844802843,0.2276861917134753,1,0,-1.0,-23.27
2011,36,2012-04-28,getafe,mallorca,2011|2012-04-28|getafe|mallorca,2011|2012-04-28|getafe|mallorca,A,H,0.5161935368389964,0.27493450779961487,0.20887195536138878,0.5161935368389964,1.0234472543508788,0.2412590290393815,1.91,3.4,4.0,1.0676778564829073,0.4903728275762602,0.2754741472560756,0.23415302516766426,1.91,0.5161935368389964,-0.01407034463751694,0.0,1,0,-1.0,-24.27
2011,36,2012-04-28,levante,granada,2011|2012-04-28|levante|granada,2011|2012-04-28|levante|granada,H,H,0.6439835805314429,0.18898895264789856,0.1670274668206586,0.6439835805314429,0.8971856726428287,0.45499462788354433,1.83,3.5,4.33,1.0631092553630697,0.5140093406910212,0.2687534552755911,0.21723720403338773,1.83,0.6439835805314429,0.1784899523725405,0.215048135388603,1,1,0.8300000000000001,-23.439999999999998
2011,36,2012-04-28,sociedad,santander,2011|2012-04-28|sociedad|santander,2011|2012-04-28|sociedad|santander,H,H,0.6475627847827511,0.2522724905518981,0.10016472466535091,0.6475627847827511,0.8593057099217525,0.395290294230853,1.5,4.0,6.5,1.0705128205128205,0.6227544910179641,0.23353293413173654,0.14371257485029942,1.5,0.6475627847827511,-0.028655822825873367,0.0,1,1,0.5,-22.939999999999998
2011,36,2012-04-28,villarreal,osasuna,2011|2012-04-28|villarreal|osasuna,2011|2012-04-28|villarreal|osasuna,D,H,0.5655389706362607,0.24595194470946288,0.18850908465427643,0.5655389706362607,0.9818685487613432,0.3195870259267978,1.8,3.5,4.5,1.0634920634920635,0.5223880597014926,0.26865671641791045,0.208955223880597,1.8,0.5655389706362607,0.017970147145269233,0.02246268393158654,1,0,-1.0,-23.939999999999998
2011,36,2012-04-29,betis,ath madrid,2011|2012-04-29|betis|ath madrid,2011|2012-04-29|betis|athmadrid,D,A,0.2640339729416624,0.24354156686198575,0.49242446019635183,0.49242446019635183,1.0444431693019756,0.2283904872546894,3.2,3.3,2.25,1.0599747474747474,0.2948183442525313,0.2858844550327576,0.41929720071471116,2.25,0.49242446019635183,0.10795503544179164,0.0863640283534333,1,0,-1.0,-24.939999999999998
2011,36,2012-04-29,malaga,valencia,2011|2012-04-29|malaga|valencia,2011|2012-04-29|malaga|valencia,H,H,0.4793212489025994,0.21621912324068676,0.30445962785671377,0.4793212489025994,1.0456853637795387,0.17486162104588565,2.2,3.4,3.2,1.061163101604278,0.42834645669291344,0.2771653543307087,0.29448818897637796,2.2,0.4793212489025994,0.05450674758571883,0.045422289654765684,1,1,1.2000000000000002,-23.74
2011,36,2012-04-29,real madrid,sevilla,2011|2012-04-29|real madrid|sevilla,2011|2012-04-29|realmadrid|sevilla,H,H,0.8885789425554711,0.04746230774166342,0.0639587497028654,0.8885789425554711,0.4254816257916695,0.8246201928526057,1.22,6.0,13.0,1.0632618747372846,0.7709033405811425,0.15675034591816564,0.07234631350069183,1.22,0.8885789425554711,0.08406630991767472,0.38211959053488515,1,1,0.21999999999999997,-23.52
2011,36,2012-04-29,vallecano,barcelona,2011|2012-04-29|vallecano|barcelona,2011|2012-04-29|vallecano|barcelona,A,A,0.11100223915056394,0.20206331347460682,0.6869344473748292,0.6869344473748292,0.8250952613753598,0.4848711339002224,9.0,5.0,1.33,1.0629908103592314,0.10452687834014461,0.1881483810122603,0.7073247406475951,1.33,0.6869344473748292,-0.08637718499147709,0.0,1,1,0.33000000000000007,-23.189999999999998
2011,36,2012-04-29,zaragoza,ath bilbao,2011|2012-04-29|zaragoza|ath bilbao,2011|2012-04-29|zaragoza|athbilbao,H,D,0.29902806479284283,0.361014638651534,0.3399572965556233,0.361014638651534,1.0955989223515603,0.021057342095910703,3.2,3.4,2.2,1.0611631016042782,0.2944881889763779,0.27716535433070866,0.4283464566929133,3.4,0.361014638651534,0.2274497714152156,0.09477073808967318,1,0,-1.0,-24.189999999999998
2011,37,2012-05-05,ath bilbao,getafe,2011|2012-05-05|ath bilbao|getafe,2011|2012-05-05|athbilbao|getafe,D,H,0.4934055045647281,0.32930667487892024,0.17728782055635164,0.4934055045647281,1.021040567635863,0.16409882968580786,1.8,3.5,4.5,1.0634920634920635,0.5223880597014926,0.26865671641791045,0.208955223880597,1.8,0.4934055045647281,-0.11187009178348939,0.0,1,0,-1.0,-25.189999999999998
2011,37,2012-05-05,ath madrid,malaga,2011|2012-05-05|ath madrid|malaga,2011|2012-05-05|athmadrid|malaga,H,H,0.5010545984239492,0.21719335121194497,0.28175205036410594,0.5010545984239492,1.0347991867243826,0.21930254805984323,2.0,3.5,3.6,1.0634920634920635,0.4701492537313433,0.26865671641791045,0.2611940298507463,2.0,0.5010545984239492,0.0021091968478983425,0.0021091968478983425,1,1,1.0,-24.189999999999998
2011,37,2012-05-05,barcelona,espanol,2011|2012-05-05|barcelona|espanol,2011|2012-05-05|barcelona|espanol,H,H,0.8150948512354047,0.09313578735794423,0.09176936140665112,0.8150948512354047,0.6069118943706275,0.7219590638774604,1.13,8.0,19.0,1.0625873311597578,0.8328310777491644,0.11763738973206948,0.049531532518766096,1.13,0.8150948512354047,-0.07894281810399277,0.0,1,1,0.1299999999999999,-24.06
2011,37,2012-05-05,granada,real madrid,2011|2012-05-05|granada|real madrid,2011|2012-05-05|granada|realmadrid,A,A,0.1162623316076579,0.1118687912335212,0.7718688771588209,0.7718688771588209,0.6950944113867882,0.655606545551163,7.5,5.0,1.36,1.0686274509803921,0.12477064220183487,0.1871559633027523,0.6880733944954128,1.36,0.7718688771588209,0.04974167293599652,0.1381713137111014,1,1,0.3600000000000001,-23.7
2011,37,2012-05-05,mallorca,levante,2011|2012-05-05|mallorca|levante,2011|2012-05-05|mallorca|levante,H,H,0.4764238301732309,0.28535014820061977,0.23822602162614928,0.4764238301732309,1.052826882180018,0.19107368197261115,1.91,3.4,4.0,1.0676778564829073,0.4903728275762602,0.2754741472560756,0.23415302516766426,1.91,0.4764238301732309,-0.09003048436912903,0.0,1,1,0.9099999999999999,-22.79
2011,37,2012-05-05,osasuna,sociedad,2011|2012-05-05|osasuna|sociedad,2011|2012-05-05|osasuna|sociedad,H,H,0.5789283466558934,0.27106044773176347,0.15001120561234313,0.5789283466558934,0.9548526642839681,0.30786789892412997,1.8,3.5,4.5,1.0634920634920635,0.5223880597014926,0.26865671641791045,0.208955223880597,1.8,0.5789283466558934,0.04207102398060819,0.05258877997576024,1,1,0.8,-21.99
2011,37,2012-05-05,sevilla,vallecano,2011|2012-05-05|sevilla|vallecano,2011|2012-05-05|sevilla|vallecano,H,H,0.5789327365943563,0.2492849365299087,0.17178232687573503,0.5789327365943563,0.9653222487572278,0.3296478000644476,1.7,3.6,5.0,1.0660130718954248,0.5518087063151441,0.26057633353770693,0.187614960147149,1.7,0.5789327365943563,-0.01581434778959434,0.0,1,1,0.7,-21.29
2011,37,2012-05-05,sp gijon,betis,2011|2012-05-05|sp gijon|betis,2011|2012-05-05|spgijon|betis,H,H,0.5010399782838223,0.2761359004115139,0.22282412130466378,0.5010399782838223,1.0361442362248754,0.22490407787230837,2.3,3.25,3.1,1.0650555615492503,0.40822528363047,0.28889789303079416,0.3028768233387358,2.3,0.5010399782838223,0.15239195005279116,0.11722457696368552,1,1,1.2999999999999998,-19.99
2011,37,2012-05-05,valencia,villarreal,2011|2012-05-05|valencia|villarreal,2011|2012-05-05|valencia|villarreal,H,H,0.6457202946488256,0.19712980643800743,0.1571498989131669,0.6457202946488256,0.8933630963215441,0.4485904882108182,1.57,4.2,4.5,1.097260135476696,0.5804846586197364,0.21699069381737768,0.20252464756288582,1.57,0.6457202946488256,0.013780862598656296,0.024176951927467185,1,1,0.5700000000000001,-19.419999999999998
2011,37,2012-05-05,zaragoza,santander,2011|2012-05-05|zaragoza|santander,2011|2012-05-05|zaragoza|santander,H,H,0.7557797521317453,0.1906078705406819,0.05361237732757286,0.7557797521317453,0.6844304096527463,0.5651718815910634,1.33,5.0,9.0,1.0629908103592314,0.7073247406475951,0.1881483810122603,0.10452687834014461,1.33,0.7557797521317453,0.005187070335221311,0.01571839495521609,1,1,0.33000000000000007,-19.09
2011,38,2012-05-12,betis,barcelona,2011|2012-05-12|betis|barcelona,2011|2012-05-12|betis|barcelona,D,A,0.10169458956946373,0.14257820088179857,0.7557272095487377,0.7557272095487377,0.7218347647300026,0.6131490086669391,7.5,5.5,1.33,1.0670312143996354,0.12495729415784079,0.17039631021523746,0.7046463956269218,1.33,0.7557272095487377,0.005117188699821251,0.015506632423700758,1,0,-1.0,-20.09
2011,38,2012-05-12,sociedad,valencia,2011|2012-05-12|sociedad|valencia,2011|2012-05-12|sociedad|valencia,H,A,0.32659113020571223,0.2807621973605463,0.3926466724337414,0.3926466724337414,1.0891718153552703,0.06605554222802917,2.7,3.4,2.5,1.064488017429194,0.34793286942284074,0.2762996316004912,0.375767498976668,2.5,0.3926466724337414,-0.018383318915646485,0.0,1,0,-1.0,-21.09
2011,38,2012-05-13,espanol,sevilla,2011|2012-05-13|espanol|sevilla,2011|2012-05-13|espanol|sevilla,D,H,0.38007561067079476,0.25788445999177084,0.36203992933743445,0.38007561067079476,1.0850085889721017,0.01803568133336031,2.8,3.5,2.38,1.0630252100840336,0.3359683794466403,0.26877470355731226,0.3952569169960474,2.8,0.38007561067079476,0.06421170987822522,0.03567317215456957,1,0,-1.0,-22.09
2011,38,2012-05-13,getafe,zaragoza,2011|2012-05-13|getafe|zaragoza,2011|2012-05-13|getafe|zaragoza,A,A,0.20348703994191275,0.2721396979421424,0.5243732621159449,0.5243732621159449,1.016665867871761,0.25223356417380255,5.5,4.0,1.57,1.0687608569774174,0.17012054720303402,0.23391575240417176,0.5959637003927942,1.57,0.5243732621159449,-0.17673397847796646,0.0,1,1,0.5700000000000001,-21.52
2011,38,2012-05-13,levante,ath bilbao,2011|2012-05-13|levante|ath bilbao,2011|2012-05-13|levante|athbilbao,H,H,0.7158944792431219,0.16737599192094338,0.1167295288359347,0.7158944792431219,0.7891775849129837,0.5485184873221784,1.57,4.0,5.5,1.0687608569774174,0.5959637003927942,0.23391575240417176,0.17012054720303402,1.57,0.7158944792431219,0.1239543324117014,0.21746374107316033,1,1,0.5700000000000001,-20.95
2011,38,2012-05-13,malaga,sp gijon,2011|2012-05-13|malaga|sp gijon,2011|2012-05-13|malaga|spgijon,H,H,0.8482333114531696,0.11575979095719358,0.03600689758963678,0.8482333114531696,0.5089130206709024,0.732473520495976,1.3,5.5,9.0,1.0621600621600622,0.7242136064374541,0.1711777615215801,0.10460863204096561,1.3,0.8482333114531696,0.1027033048891205,0.3423443496304016,1,1,0.30000000000000004,-20.65
2011,38,2012-05-13,real madrid,mallorca,2011|2012-05-13|real madrid|mallorca,2011|2012-05-13|realmadrid|mallorca,H,H,0.7631424434661656,0.12013754059325937,0.116720015940575,0.7631424434661656,0.7115830385424663,0.6430049028729061,1.2,7.0,11.0,1.067099567099567,0.7809330628803246,0.13387423935091278,0.08519269776876268,1.2,0.7631424434661656,-0.08422906784060136,0.0,1,1,0.19999999999999996,-20.45
2011,38,2012-05-13,santander,osasuna,2011|2012-05-13|santander|osasuna,2011|2012-05-13|santander|osasuna,A,A,0.20127809544810404,0.37641072812365467,0.42231117642824123,0.42231117642824123,1.054481363641793,0.04590044830458656,6.0,4.0,1.53,1.0702614379084967,0.15572519083969466,0.233587786259542,0.6106870229007634,1.53,0.42231117642824123,-0.3538639000647909,0.0,1,1,0.53,-19.919999999999998
2011,38,2012-05-13,vallecano,granada,2011|2012-05-13|vallecano|granada,2011|2012-05-13|vallecano|granada,H,H,0.6520979323802053,0.22525019435614269,0.12265187326365196,0.6520979323802053,0.8719298849681221,0.4268477380240626,1.83,3.5,4.33,1.0631092553630697,0.5140093406910212,0.2687534552755911,0.21723720403338773,1.83,0.6520979323802053,0.19333921625577577,0.23293881476599487,1,1,0.8300000000000001,-19.09
2011,38,2012-05-13,villarreal,ath madrid,2011|2012-05-13|villarreal|ath madrid,2011|2012-05-13|villarreal|athmadrid,A,H,0.4825174696186819,0.2370999452473057,0.28038258513401243,0.4825174696186819,1.049415121925008,0.20213488448466949,2.3,3.4,3.0,1.062233589087809,0.4093097913322633,0.27688603531300165,0.31380417335473515,2.3,0.4825174696186819,0.10979018012296837,0.08445398470997569,1,0,-1.0,-20.09
