Season,Matchday,Date,HomeTeam_norm,AwayTeam_norm,pred_key,pred_key_match,y_true,y_pred,proba_H,proba_D,proba_A,conf_maxprob,entropy,margin_top12,B365H,B365D,B365A,overround,pH_mkt,pD_mkt,pA_mkt,odds_pick,p_pick,ev_pick,kelly_pick,bet_placed,correct,profit,cum_profit_season
2025,1,2025-08-15,girona,vallecano,2025|2025-08-15|girona|vallecano,2025|2025-08-15|girona|vallecano,A,A,0.32489083982886247,0.2699106022098302,0.40519855796130727,0.40519855796130727,1.0848035521385493,0.0803077181324448,2.25,3.25,3.3,1.0551670551670551,0.4212076583210604,0.2916053019145803,0.2871870397643594,3.3,0.40519855796130727,0.337155241272314,0.14658923533578871,1,1,2.3,2.3
2025,1,2025-08-15,villarreal,real oviedo,2025|2025-08-15|villarreal|real oviedo,2025|2025-08-15|villarreal|realoviedo,H,H,0.8103167168891835,0.16518680284769427,0.024496480263122185,0.8103167168891835,0.5587452654103243,0.6451299140414892,1.4,4.75,8.0,1.0498120300751879,0.6803939122649956,0.20053715308863027,0.11906893464637423,1.4,0.8103167168891835,0.13444340364485685,0.3361085091121422,1,1,0.3999999999999999,2.6999999999999997
2025,1,2025-08-16,alaves,levante,2025|2025-08-16|alaves|levante,2025|2025-08-16|alaves|levante,H,H,0.3516850134657709,0.3172342320456768,0.33108075448855223,0.3516850134657709,1.0977133216787365,0.02060425897721868,2.15,3.0,3.8,1.061607507139943,0.43812451960030746,0.31398923904688697,0.24788624135280551,2.15,0.3516850134657709,-0.2438772210485925,0.0,1,1,1.15,3.8499999999999996
2025,1,2025-08-16,mallorca,barcelona,2025|2025-08-16|mallorca|barcelona,2025|2025-08-16|mallorca|barcelona,A,A,0.05565027638740515,0.12469324614554238,0.8196564774670526,0.8196564774670526,0.5833589267627532,0.6949632313215103,7.0,5.0,1.4,1.0571428571428572,0.13513513513513511,0.1891891891891892,0.6756756756756757,1.4,0.8196564774670526,0.14751906845387358,0.36879767113468404,1,1,0.3999999999999999,4.25
2025,1,2025-08-16,valencia,sociedad,2025|2025-08-16|valencia|sociedad,2025|2025-08-16|valencia|sociedad,D,D,0.3629572300514871,0.42747223543735857,0.20957053451115432,0.42747223543735857,1.0586352654535407,0.06451500538587146,2.6,2.9,3.1,1.0520236159835714,0.36559577063847093,0.3277755185034567,0.3066287108580724,2.9,0.42747223543735857,0.23966948276833977,0.1261418330359683,1,1,1.9,6.1499999999999995
2025,1,2025-08-17,ath bilbao,sevilla,2025|2025-08-17|ath bilbao|sevilla,2025|2025-08-17|athbilbao|sevilla,H,H,0.6681357621008615,0.21276333534091213,0.11910090255822642,0.6681357621008615,0.8521232307628096,0.4553724267599493,1.57,3.9,6.0,1.0600195982361589,0.6008782066096602,0.2418919959941453,0.15722979739619442,1.57,0.6681357621008615,0.04897314649835255,0.0859178008743027,1,1,0.5700000000000001,6.72
2025,1,2025-08-17,celta,getafe,2025|2025-08-17|celta|getafe,2025|2025-08-17|celta|getafe,A,H,0.6232022667929306,0.26367515632723615,0.11312257687983325,0.6232022667929306,0.8927174600546944,0.3595271104656944,1.73,3.5,5.25,1.054225158271401,0.5483028720626633,0.2710182767624021,0.1806788511749347,1.73,0.6232022667929306,0.07813992155176985,0.107040988427082,1,0,-1.0,5.72
2025,1,2025-08-17,espanol,ath madrid,2025|2025-08-17|espanol|ath madrid,2025|2025-08-17|espanol|athmadrid,H,A,0.12137981359592705,0.310990263185836,0.5676299232182368,0.5676299232182368,0.9406447979468427,0.2566396600324008,6.0,3.9,1.57,1.0600195982361589,0.15722979739619442,0.2418919959941453,0.6008782066096602,1.57,0.5676299232182368,-0.1088210205473682,0.0,1,0,-1.0,4.72
2025,1,2025-08-18,elche,betis,2025|2025-08-18|elche|betis,2025|2025-08-18|elche|betis,D,A,0.18903776507197376,0.30373011270890693,0.5072321222191194,0.5072321222191194,1.0211326387196553,0.20350200951021247,3.4,3.3,2.2,1.0516934046345812,0.2796610169491525,0.288135593220339,0.43220338983050843,2.2,0.5072321222191194,0.1159106688820628,0.09659222406838566,1,0,-1.0,3.7199999999999998
2025,1,2025-08-19,real madrid,osasuna,2025|2025-08-19|real madrid|osasuna,2025|2025-08-19|realmadrid|osasuna,H,H,0.8445136868031357,0.10031684550064382,0.05516946769622058,0.8445136868031357,0.533233770231855,0.7441968413024919,1.22,6.25,13.0,1.056595208070618,0.7757674129947009,0.1514297990165656,0.07280278798873346,1.22,0.8445136868031357,0.030306697899825485,0.1377577177264795,1,1,0.21999999999999997,3.9399999999999995
2025,2,2025-08-22,betis,alaves,2025|2025-08-22|betis|alaves,2025|2025-08-22|betis|alaves,H,H,0.5178998282849028,0.3001645759490427,0.1819355957660546,0.5178998282849028,1.0120266032196288,0.21773525233586005,1.91,3.4,4.2,1.0557730945781454,0.4959022086400889,0.2785803583831088,0.22551743297680232,1.91,0.5178998282849028,-0.010811327975835727,0.0,1,1,0.9099999999999999,4.85
2025,2,2025-08-23,ath madrid,elche,2025|2025-08-23|ath madrid|elche,2025|2025-08-23|athmadrid|elche,D,H,0.8212622047157941,0.10243088678885298,0.07630690849535282,0.8212622047157941,0.5914497664037606,0.7188313179269412,1.25,5.25,15.0,1.0571428571428572,0.7567567567567568,0.18018018018018017,0.06306306306306306,1.25,0.8212622047157941,0.026577755894742677,0.10631102357897071,1,0,-1.0,3.8499999999999996
2025,2,2025-08-23,levante,barcelona,2025|2025-08-23|levante|barcelona,2025|2025-08-23|levante|barcelona,A,A,0.043312689083079815,0.09982134282639468,0.8568659680905256,0.8568659680905256,0.49836089148871027,0.757044625264131,11.0,6.0,1.25,1.0575757575757576,0.08595988538681948,0.15759312320916904,0.7564469914040115,1.25,0.8568659680905256,0.07108246011315703,0.2843298404526281,1,1,0.25,4.1
2025,2,2025-08-23,mallorca,celta,2025|2025-08-23|mallorca|celta,2025|2025-08-23|mallorca|celta,D,A,0.2255158411111214,0.3007085496547737,0.4737756092341049,0.4737756092341049,1.051131453217329,0.17306705957933116,3.15,3.05,2.45,1.0534924352254562,0.3013408609738885,0.31122088920254065,0.3874382498235709,2.45,0.4737756092341049,0.16075024262355708,0.11086223629210831,1,0,-1.0,3.0999999999999996
2025,2,2025-08-24,osasuna,valencia,2025|2025-08-24|osasuna|valencia,2025|2025-08-24|osasuna|valencia,H,H,0.39883923132630583,0.3573570965297009,0.2438036721439933,0.39883923132630583,1.0784418282249753,0.04148213479660495,2.4,3.2,3.1,1.051747311827957,0.39616613418530355,0.2971246006389776,0.30670926517571884,2.4,0.39883923132630583,-0.04278584481686609,0.0,1,1,1.4,4.499999999999999
2025,2,2025-08-24,real oviedo,real madrid,2025|2025-08-24|real oviedo|real madrid,2025|2025-08-24|realoviedo|realmadrid,A,A,0.03784774268954526,0.07347709483714121,0.8886751624733135,0.8886751624733135,0.42063767432063925,0.8151980676361723,9.5,5.5,1.3,1.0563121089436878,0.09965156794425088,0.1721254355400697,0.7282229965156795,1.3,0.8886751624733135,0.15527771121530753,0.5175923707176917,1,1,0.30000000000000004,4.799999999999999
2025,2,2025-08-24,sociedad,espanol,2025|2025-08-24|sociedad|espanol,2025|2025-08-24|sociedad|espanol,D,H,0.6035896764076734,0.25147787602416427,0.1449324475681624,0.6035896764076734,0.9318040198417932,0.3521118003835091,1.8,3.4,5.0,1.0496732026143791,0.5292652552926526,0.28019925280199254,0.19053549190535493,1.8,0.6035896764076734,0.08646141753381209,0.10807677191726511,1,0,-1.0,3.7999999999999994
2025,2,2025-08-24,villarreal,girona,2025|2025-08-24|villarreal|girona,2025|2025-08-24|villarreal|girona,H,H,0.6996733778267771,0.21937955633939513,0.08094706583382781,0.6996733778267771,0.7861684201180625,0.480293821487382,1.53,4.33,6.0,1.0512083201255868,0.6217557060086298,0.21969658895916944,0.15854770503220061,1.53,0.6996733778267771,0.07050026807496895,0.1330193737263565,1,1,0.53,4.329999999999999
2025,2,2025-08-25,ath bilbao,vallecano,2025|2025-08-25|ath bilbao|vallecano,2025|2025-08-25|athbilbao|vallecano,H,H,0.5980236568436341,0.24501271778936257,0.15696362536700323,0.5980236568436341,0.9427118531500799,0.35301093905427156,1.7,3.5,5.5,1.0557677616501147,0.557163531114327,0.27062228654124454,0.17221418234442837,1.7,0.5980236568436341,0.016640216634177973,0.023771738048825677,1,1,0.7,5.029999999999999
2025,2,2025-08-25,sevilla,getafe,2025|2025-08-25|sevilla|getafe,2025|2025-08-25|sevilla|getafe,A,H,0.42768609837405236,0.3566587413902501,0.21565516023569758,0.42768609837405236,1.0617995937140112,0.07102735698380225,2.25,3.0,3.6,1.0555555555555554,0.4210526315789474,0.31578947368421056,0.26315789473684215,2.25,0.42768609837405236,-0.037706278658382164,0.0,1,0,-1.0,4.029999999999999
2025,3,2025-08-29,elche,levante,2025|2025-08-29|elche|levante,2025|2025-08-29|elche|levante,H,H,0.43240181860291943,0.30119423936090584,0.26640394203617473,0.43240181860291943,1.0763423003971786,0.1312075792420136,2.15,3.25,3.5,1.058522872476361,0.43940125543215836,0.2906808305166586,0.269917914051183,2.15,0.43240181860291943,-0.0703360900037232,0.0,1,1,1.15,5.18
2025,3,2025-08-29,valencia,getafe,2025|2025-08-29|valencia|getafe,2025|2025-08-29|valencia|getafe,H,H,0.44727236379253904,0.3349433729467068,0.21778426326075417,0.44727236379253904,1.05818649529343,0.11232899084583226,2.25,3.0,3.55,1.0594679186228482,0.4194977843426883,0.3146233382570162,0.2658788774002954,2.25,0.44727236379253904,0.006362818533212855,0.005090254826570284,1,1,1.25,6.43
2025,3,2025-08-30,alaves,ath madrid,2025|2025-08-30|alaves|ath madrid,2025|2025-08-30|alaves|athmadrid,D,A,0.16829642573150216,0.29587119310778975,0.535832381160708,0.535832381160708,0.9945541280482402,0.23996118805291822,4.75,3.5,1.8,1.0517961570593148,0.20015885623510724,0.27164416203335984,0.5281969817315331,1.8,0.535832381160708,-0.03550171391072565,0.0,1,0,-1.0,5.43
2025,3,2025-08-30,girona,sevilla,2025|2025-08-30|girona|sevilla,2025|2025-08-30|girona|sevilla,A,H,0.3846209882995014,0.3068480045687556,0.308531007131743,0.3846209882995014,1.0928270016080315,0.07608998116775845,2.4,3.3,3.0,1.053030303030303,0.3956834532374101,0.2877697841726619,0.31654676258992803,2.4,0.3846209882995014,-0.07690962808119661,0.0,1,0,-1.0,4.43
2025,3,2025-08-30,real madrid,mallorca,2025|2025-08-30|real madrid|mallorca,2025|2025-08-30|realmadrid|mallorca,H,H,0.8805350636069785,0.09442843527160105,0.025036501121420314,0.8805350636069785,0.42718954131619985,0.7861066283353775,1.18,7.0,15.0,1.0569814366424537,0.8017715332926084,0.13515577275503968,0.06307269395235185,1.18,0.8805350636069785,0.03903137505623461,0.21684097253463677,1,1,0.17999999999999994,4.609999999999999
2025,3,2025-08-30,real oviedo,sociedad,2025|2025-08-30|real oviedo|sociedad,2025|2025-08-30|realoviedo|sociedad,H,A,0.2248936421266058,0.30621690007882596,0.4688894577945683,0.4688894577945683,1.053097333919417,0.16267255771574235,3.5,3.1,2.25,1.0527393753200205,0.2714007782101167,0.306420233463035,0.42217898832684825,2.25,0.4688894577945683,0.05500128003777871,0.04400102403022297,1,0,-1.0,3.6099999999999994
2025,3,2025-08-31,betis,ath bilbao,2025|2025-08-31|betis|ath bilbao,2025|2025-08-31|betis|athbilbao,A,A,0.30525530987530936,0.3240960636667699,0.37064862645792074,0.37064862645792074,1.0952510606292911,0.04655256279115083,3.25,3.2,2.3,1.0549749163879598,0.2916584109371904,0.29621557360808404,0.41212601545472566,2.3,0.37064862645792074,-0.1475081591467824,0.0,1,1,1.2999999999999998,4.909999999999999
2025,3,2025-08-31,celta,villarreal,2025|2025-08-31|celta|villarreal,2025|2025-08-31|celta|villarreal,D,H,0.39155462175011163,0.28853507934934775,0.3199102989005407,0.39155462175011163,1.0903713000850885,0.07164432284957095,2.75,3.5,2.5,1.0493506493506493,0.34653465346534656,0.2722772277227723,0.38118811881188125,2.75,0.39155462175011163,0.07677520981280694,0.04387154846446111,1,0,-1.0,3.9099999999999993
2025,3,2025-08-31,espanol,osasuna,2025|2025-08-31|espanol|osasuna,2025|2025-08-31|espanol|osasuna,H,H,0.3995294791359819,0.3037674613305172,0.29670305953350085,0.3995294791359819,1.0889933179585252,0.09576201780546473,2.3,3.25,3.1,1.0650555615492503,0.40822528363047,0.28889789303079416,0.3028768233387358,2.3,0.3995294791359819,-0.0810821979872417,0.0,1,1,1.2999999999999998,5.209999999999999
2025,3,2025-08-31,vallecano,barcelona,2025|2025-08-31|vallecano|barcelona,2025|2025-08-31|vallecano|barcelona,D,A,0.08938444005440078,0.1480185425374671,0.7625970174081321,0.7625970174081321,0.7053068378169152,0.6145784748706651,6.25,5.5,1.4,1.0561038961038962,0.15150024594195768,0.17215937038858828,0.6763403836694539,1.4,0.7625970174081321,0.06763582437138493,0.16908956092846236,1,0,-1.0,4.209999999999999
2025,4,2025-09-12,sevilla,elche,2025|2025-09-12|sevilla|elche,2025|2025-09-12|sevilla|elche,D,H,0.563316941017069,0.25931369283752637,0.17736936614540458,0.563316941017069,0.9800589057532572,0.3040032481795426,1.85,3.4,4.5,1.056880409821586,0.5114491057997661,0.2782884840381081,0.21026241016212607,1.85,0.563316941017069,0.04213634088157764,0.04957216574303251,1,0,-1.0,3.209999999999999
2025,4,2025-09-13,ath bilbao,alaves,2025|2025-09-13|ath bilbao|alaves,2025|2025-09-13|athbilbao|alaves,A,H,0.6836718923720594,0.19990233013266448,0.11642577749527605,0.6836718923720594,0.8321866318543749,0.48376956223939493,1.6,3.9,5.75,1.0553232998885171,0.5922355737488446,0.24296844051234656,0.16479598573880894,1.6,0.6836718923720594,0.09387502779529505,0.15645837965882506,1,0,-1.0,2.209999999999999
2025,4,2025-09-13,ath madrid,villarreal,2025|2025-09-13|ath madrid|villarreal,2025|2025-09-13|athmadrid|villarreal,H,H,0.5527609152206725,0.2772787685956125,0.16996031618371507,0.5527609152206725,0.9845694386718494,0.27548214662506,1.8,3.7,4.33,1.056772708042916,0.5257095980311731,0.2557506152584085,0.21853978671041838,1.8,0.5527609152206725,-0.005030352602789501,0.0,1,1,0.8,3.009999999999999
2025,4,2025-09-13,getafe,real oviedo,2025|2025-09-13|getafe|real oviedo,2025|2025-09-13|getafe|realoviedo,H,H,0.5794596916977218,0.32332523004119335,0.09721507826108487,0.5794596916977218,0.9078446698415091,0.2561344616565285,1.95,3.1,4.5,1.0576233802040256,0.48488008342022937,0.30500521376433776,0.21011470281543268,1.95,0.5794596916977218,0.12994639881055758,0.13678568295848167,1,1,0.95,3.959999999999999
2025,4,2025-09-13,sociedad,real madrid,2025|2025-09-13|sociedad|real madrid,2025|2025-09-13|sociedad|realmadrid,A,A,0.13199333540057873,0.19306198533345295,0.6749446792659684,0.6749446792659684,0.8501618710158145,0.48188269393251537,5.0,4.33,1.6,1.05594688221709,0.1894034665646017,0.2187107004210181,0.5918858330143802,1.6,0.6749446792659684,0.07991148682554944,0.1331858113759157,1,1,0.6000000000000001,4.559999999999999
2025,4,2025-09-14,barcelona,valencia,2025|2025-09-14|barcelona|valencia,2025|2025-09-14|barcelona|valencia,H,H,0.8574265147829648,0.09799264787730855,0.04458083733972664,0.8574265147829648,0.49817917203048945,0.7594338669056563,1.22,7.0,11.0,1.0534383649137746,0.7780921584478578,0.13561034761519808,0.08629749393694423,1.22,0.8574265147829648,0.04606034803521708,0.20936521834189584,1,1,0.21999999999999997,4.779999999999999
2025,4,2025-09-14,celta,girona,2025|2025-09-14|celta|girona,2025|2025-09-14|celta|girona,D,H,0.698706091077174,0.2187263983980512,0.08256751052477485,0.698706091077174,0.788888130861686,0.47997969267912277,1.73,3.9,4.75,1.044971254280655,0.5531584526493378,0.2453754161752191,0.20146613117544301,1.73,0.698706091077174,0.2087615375635109,0.2859747089911108,1,0,-1.0,3.779999999999999
2025,4,2025-09-14,levante,betis,2025|2025-09-14|levante|betis,2025|2025-09-14|levante|betis,D,A,0.2158613188417146,0.38372442411991875,0.4004142570383667,0.4004142570383667,1.0649655230480892,0.016689832918447944,3.25,3.25,2.3,1.0501672240802677,0.2929936305732484,0.2929936305732484,0.41401273885350315,2.3,0.4004142570383667,-0.07904720881175675,0.0,1,0,-1.0,2.779999999999999
2025,4,2025-09-14,osasuna,vallecano,2025|2025-09-14|osasuna|vallecano,2025|2025-09-14|osasuna|vallecano,H,A,0.3341996425164092,0.32790487155200254,0.33789548593158825,0.33789548593158825,1.0985356412935925,0.0036958434151790343,2.55,3.2,2.9,1.0494844489519948,0.37366619689953695,0.29776525065431847,0.3285685524461445,2.9,0.33789548593158825,-0.02010309079839412,0.0,1,0,-1.0,1.779999999999999
2025,4,2025-09-15,espanol,mallorca,2025|2025-09-15|espanol|mallorca,2025|2025-09-15|espanol|mallorca,H,H,0.48178655139197546,0.35825636203790573,0.1599570865701187,0.48178655139197546,1.0127563729157711,0.12353018935406973,2.1,3.4,3.5,1.0560224089635852,0.4509283819628648,0.2785145888594165,0.27055702917771884,2.1,0.48178655139197546,0.011751757923148531,0.010683416293771392,1,1,1.1,2.879999999999999
2025,5,2025-09-19,betis,sociedad,2025|2025-09-19|betis|sociedad,2025|2025-09-19|betis|sociedad,H,H,0.45741036470980767,0.3085739807949977,0.23401565449519468,0.45741036470980767,1.0604706545358962,0.14883638391480997,2.05,3.1,4.0,1.060385523210071,0.46002596920793914,0.30421072157299195,0.2357633092190688,2.05,0.45741036470980767,-0.06230875234489436,0.0,1,1,1.0499999999999998,3.929999999999999
2025,5,2025-09-20,alaves,sevilla,2025|2025-09-20|alaves|sevilla,2025|2025-09-20|alaves|sevilla,A,D,0.29225336762498116,0.4325208568119053,0.2752257755631137,0.4325208568119053,1.077103530232702,0.1402674891869241,2.4,3.1,3.0,1.0725806451612903,0.3884711779448622,0.3007518796992481,0.3107769423558897,3.1,0.4325208568119053,0.3408146561169063,0.162292693389003,1,0,-1.0,2.929999999999999
2025,5,2025-09-20,girona,levante,2025|2025-09-20|girona|levante,2025|2025-09-20|girona|levante,A,H,0.5101636479569794,0.27067282205429705,0.21916352998872352,0.5101636479569794,1.0297559810147616,0.2394908259026824,1.9,3.5,3.9,1.0684403315982263,0.4926019487549621,0.2674124864669794,0.23998556477805852,1.9,0.5101636479569794,-0.030689068881739112,0.0,1,0,-1.0,1.9299999999999988
2025,5,2025-09-20,real madrid,espanol,2025|2025-09-20|real madrid|espanol,2025|2025-09-20|realmadrid|espanol,H,H,0.8565948581241863,0.101679243528378,0.041725898347435585,0.8565948581241863,0.49757222668453926,0.7549156145958084,1.22,7.0,11.0,1.0534383649137746,0.7780921584478578,0.13561034761519808,0.08629749393694423,1.22,0.8565948581241863,0.04504572691150732,0.20475330414321513,1,1,0.21999999999999997,2.1499999999999986
2025,5,2025-09-20,valencia,ath bilbao,2025|2025-09-20|valencia|ath bilbao,2025|2025-09-20|valencia|athbilbao,H,A,0.27640455719031654,0.35207373690045707,0.3715217059092264,0.3715217059092264,1.0908221731402412,0.019447969008769328,3.2,3.0,2.45,1.0539965986394557,0.2964905203711174,0.3162565550625252,0.3872529245663574,2.45,0.3715217059092264,-0.0897718205223953,0.0,1,0,-1.0,1.1499999999999988
2025,5,2025-09-20,villarreal,osasuna,2025|2025-09-20|villarreal|osasuna,2025|2025-09-20|villarreal|osasuna,H,H,0.6709291365146524,0.1972376733050748,0.1318331901802728,0.6709291365146524,0.8550700041139996,0.47369146320957756,1.53,4.1,5.75,1.0714102537444812,0.6100322159112963,0.2276461683766545,0.16232161571204926,1.53,0.6709291365146524,0.026521578867418127,0.050040714844185145,1,1,0.53,1.6799999999999988
2025,5,2025-09-21,barcelona,getafe,2025|2025-09-21|barcelona|getafe,2025|2025-09-21|barcelona|getafe,H,H,0.8449511759766617,0.10566435476798251,0.0493844692553558,0.8449511759766617,0.5283880698756813,0.7392868212086792,1.25,6.25,9.5,1.065263157894737,0.7509881422924901,0.15019762845849802,0.09881422924901184,1.25,0.8449511759766617,0.05618896997082712,0.22475587988330847,1,1,0.25,1.9299999999999988
2025,5,2025-09-21,elche,real oviedo,2025|2025-09-21|elche|real oviedo,2025|2025-09-21|elche|realoviedo,H,H,0.5324758151549344,0.3616039763634739,0.10592020848159164,0.5324758151549344,0.9411995456941716,0.17087183879146045,2.05,3.0,4.1,1.0650406504065042,0.4580152671755725,0.3129770992366412,0.22900763358778625,2.05,0.5324758151549344,0.09157542106761529,0.0872146867310622,1,1,1.0499999999999998,2.9799999999999986
2025,5,2025-09-21,mallorca,ath madrid,2025|2025-09-21|mallorca|ath madrid,2025|2025-09-21|mallorca|athmadrid,D,A,0.1799824725956102,0.3303306690603199,0.48968685834406994,0.48968685834406994,1.0241767265582395,0.15935618928375006,5.0,3.5,1.75,1.0571428571428572,0.1891891891891892,0.27027027027027023,0.5405405405405405,1.75,0.48968685834406994,-0.14304799789787764,0.0,1,0,-1.0,1.9799999999999986
2025,5,2025-09-21,vallecano,celta,2025|2025-09-21|vallecano|celta,2025|2025-09-21|vallecano|celta,D,D,0.30924087945866685,0.375063435961491,0.3156956845798421,0.375063435961491,1.0947353160966156,0.0593677513816489,2.3,3.3,3.1,1.0603935568872456,0.41002004008016035,0.28577154308617236,0.30420841683366734,3.3,0.375063435961491,0.23770933867292032,0.10335188637953058,1,1,2.3,4.2799999999999985
2025,6,2025-08-27,celta,betis,2025|2025-08-27|celta|betis,2025|2025-08-27|celta|betis,D,H,0.3790860897452952,0.307989893126812,0.31292401712789286,0.3790860897452952,1.0939800717292383,0.06616207261740231,2.2,3.4,3.25,1.056355409296586,0.43029595015576316,0.27842679127725856,0.29127725856697817,2.2,0.3790860897452952,-0.1660106025603505,0.0,1,0,-1.0,3.2799999999999985
2025,6,2025-09-23,ath bilbao,girona,2025|2025-09-23|ath bilbao|girona,2025|2025-09-23|athbilbao|girona,D,H,0.7573415171312415,0.1802362936377011,0.062422189231057267,0.7573415171312415,0.6924775293677132,0.5771052234935404,1.45,4.33,7.0,1.063459197488026,0.6485017704889973,0.2171657199097104,0.13433250960129228,1.45,0.7573415171312415,0.09814519984030018,0.21810044408955598,1,0,-1.0,2.2799999999999985
2025,6,2025-09-23,espanol,valencia,2025|2025-09-23|espanol|valencia,2025|2025-09-23|espanol|valencia,D,H,0.4485371598774981,0.33128708618100833,0.22017575394149352,0.4485371598774981,1.0588152425703845,0.11725007369648976,2.25,3.1,3.4,1.0611427366645583,0.41883568448241604,0.3039936419630439,0.27717067355454006,2.25,0.4485371598774981,0.009208609724370653,0.007366887779496523,1,0,-1.0,1.2799999999999985
2025,6,2025-09-23,levante,real madrid,2025|2025-09-23|levante|real madrid,2025|2025-09-23|levante|realmadrid,A,A,0.06718713424431877,0.15571474791735207,0.777098117838329,0.777098117838329,0.6669862784175572,0.621383369920977,7.5,5.75,1.33,1.0591260760597145,0.12588995431910777,0.16420428824231448,0.7099057574385776,1.33,0.777098117838329,0.033540496724977664,0.10163786886356865,1,1,0.33000000000000007,1.6099999999999985
2025,6,2025-09-23,sevilla,villarreal,2025|2025-09-23|sevilla|villarreal,2025|2025-09-23|sevilla|villarreal,A,A,0.31697828177681564,0.3386170264720301,0.3444046917511543,0.3444046917511543,1.0979808124501107,0.005787665279124166,3.1,3.4,2.3,1.0514809009157662,0.3067869752844252,0.27971753628874063,0.41349548842683403,2.3,0.3444046917511543,-0.20786920897234518,0.0,1,1,1.2999999999999998,2.9099999999999984
2025,6,2025-09-24,ath madrid,vallecano,2025|2025-09-24|ath madrid|vallecano,2025|2025-09-24|athmadrid|vallecano,H,H,0.5763019715442649,0.2091959810481256,0.21450204740760956,0.5763019715442649,0.9751094468415578,0.3617999241366553,1.5,4.5,6.0,1.0555555555555556,0.631578947368421,0.21052631578947367,0.15789473684210525,1.5,0.5763019715442649,-0.13554704268360268,0.0,1,1,0.5,3.4099999999999984
2025,6,2025-09-24,getafe,alaves,2025|2025-09-24|getafe|alaves,2025|2025-09-24|getafe|alaves,D,D,0.3612137559935645,0.372582082177481,0.2662041618289545,0.372582082177481,1.0879872049307007,0.011368326183916533,2.3,2.9,3.6,1.0573879726803266,0.4111855061047657,0.32611264277274515,0.26270185112248917,2.9,0.372582082177481,0.08048803831469487,0.04236212542878677,1,1,1.9,5.309999999999999
2025,6,2025-09-24,sociedad,mallorca,2025|2025-09-24|sociedad|mallorca,2025|2025-09-24|sociedad|mallorca,H,H,0.5959417601009139,0.3063821980168359,0.09767604188225013,0.5959417601009139,0.8980971713589431,0.289559562084078,1.8,3.4,4.75,1.0601995184038528,0.5240103828682673,0.2774172615184945,0.19857235561323813,1.8,0.5959417601009139,0.07269516818164512,0.0908689602270564,1,1,0.8,6.1099999999999985
2025,6,2025-09-25,osasuna,elche,2025|2025-09-25|osasuna|elche,2025|2025-09-25|osasuna|elche,D,H,0.4932697616153857,0.32714456368380024,0.1795856747008139,0.4932697616153857,1.0224963602376524,0.16612519793158548,1.95,3.25,4.33,1.0514597027299106,0.4877224600135166,0.29263347600810996,0.2196440639783735,1.95,0.4932697616153857,-0.03812396484999786,0.0,1,0,-1.0,5.1099999999999985
2025,6,2025-09-25,real oviedo,barcelona,2025|2025-09-25|real oviedo|barcelona,2025|2025-09-25|realoviedo|barcelona,A,A,0.05367994344473459,0.10569001721904947,0.8406300393362159,0.8406300393362159,0.5404463453249099,0.7349400221171665,10.0,5.75,1.25,1.0739130434782609,0.0931174089068826,0.16194331983805668,0.7449392712550608,1.25,0.8406300393362159,0.050787549170269924,0.2031501966810797,1,1,0.25,5.3599999999999985
2025,7,2025-09-26,girona,espanol,2025|2025-09-26|girona|espanol,2025|2025-09-26|girona|espanol,D,D,0.3255005683290029,0.34713737273619644,0.32736205893480064,0.34713737273619644,1.0981837630859923,0.0197753138013958,2.55,3.3,2.75,1.058823529411765,0.37037037037037035,0.2861952861952861,0.34343434343434337,3.3,0.34713737273619644,0.14555333002944815,0.06328405653454268,1,1,2.3,7.659999999999998
2025,7,2025-09-27,ath madrid,real madrid,2025|2025-09-27|ath madrid|real madrid,2025|2025-09-27|athmadrid|realmadrid,H,A,0.22772999136003244,0.3130233302128858,0.45924667842708183,0.45924667842708183,1.0578886090587434,0.14622334821419603,3.0,3.6,2.25,1.0555555555555556,0.3157894736842105,0.2631578947368421,0.42105263157894735,2.25,0.45924667842708183,0.03330502646093414,0.02664402116874731,1,0,-1.0,6.659999999999998
2025,7,2025-09-27,getafe,levante,2025|2025-09-27|getafe|levante,2025|2025-09-27|getafe|levante,D,H,0.5165653495700046,0.3017984499016279,0.18163620052836754,0.5165653495700046,1.0125981892260105,0.21476689966837664,2.05,3.1,4.1,1.0542879622344612,0.4626865671641791,0.3059701492537313,0.23134328358208955,2.05,0.5165653495700046,0.05895896661850919,0.05615139677953257,1,0,-1.0,5.659999999999998
2025,7,2025-09-27,mallorca,alaves,2025|2025-09-27|mallorca|alaves,2025|2025-09-27|mallorca|alaves,H,D,0.3685098512554402,0.40615326810033314,0.22533688064422658,0.40615326810033314,1.0696207451820334,0.03764341684489292,2.35,3.0,3.4,1.0529828952857738,0.4041204437400951,0.3165610142630745,0.2793185419968304,3.0,0.40615326810033314,0.21845980430099943,0.10922990215049971,1,0,-1.0,4.659999999999998
2025,7,2025-09-27,villarreal,ath bilbao,2025|2025-09-27|villarreal|ath bilbao,2025|2025-09-27|villarreal|athbilbao,H,H,0.4227952273583691,0.339968557647119,0.23723621499451186,0.4227952273583691,1.0720748894499759,0.08282666971125013,2.1,3.25,3.7,1.0541530541530542,0.45172802404207363,0.291885800150263,0.2563861758076634,2.1,0.4227952273583691,-0.11213002254742488,0.0,1,1,1.1,5.759999999999998
2025,7,2025-09-28,barcelona,sociedad,2025|2025-09-28|barcelona|sociedad,2025|2025-09-28|barcelona|sociedad,H,H,0.7551783216980038,0.13944737230227197,0.10537430599972425,0.7551783216980038,0.7238930184243852,0.6157309493957318,1.3,5.5,9.5,1.056312108943688,0.7282229965156793,0.17212543554006968,0.09965156794425085,1.3,0.7551783216980038,-0.018268181792595012,0.0,1,1,0.30000000000000004,6.059999999999999
2025,7,2025-09-28,betis,osasuna,2025|2025-09-28|betis|osasuna,2025|2025-09-28|betis|osasuna,H,H,0.5932739798493771,0.27101821236515306,0.13570780778546987,0.5932739798493771,0.93462335453178,0.3222557674842241,1.75,3.8,4.5,1.0568086883876355,0.540711462450593,0.24901185770750991,0.21027667984189727,1.75,0.5932739798493771,0.03822946473640998,0.05097261964854664,1,1,0.75,6.809999999999999
2025,7,2025-09-28,elche,celta,2025|2025-09-28|elche|celta,2025|2025-09-28|elche|celta,H,A,0.24110536858446993,0.3440523678713259,0.4148422635442041,0.4148422635442041,1.0750699370098256,0.07078989567287819,2.87,3.1,2.6,1.0556280855258038,0.3300708464720095,0.3055817191531185,0.364347434374872,2.6,0.4148422635442041,0.07858988521493082,0.04911867825933176,1,0,-1.0,5.809999999999999
2025,7,2025-09-28,vallecano,sevilla,2025|2025-09-28|vallecano|sevilla,2025|2025-09-28|vallecano|sevilla,A,H,0.5164124642123024,0.30842650323834003,0.17516103254935764,0.5164124642123024,1.0092034750895384,0.20798596097396232,2.0,3.3,4.0,1.053030303030303,0.47482014388489213,0.2877697841726619,0.23741007194244607,2.0,0.5164124642123024,0.032824928424604716,0.032824928424604716,1,0,-1.0,4.809999999999999
2025,7,2025-09-30,valencia,real oviedo,2025|2025-09-30|valencia|real oviedo,2025|2025-09-30|valencia|realoviedo,A,H,0.6517853285726488,0.2656922064969507,0.08252246493040045,0.6517853285726488,0.8370106418183709,0.3860931220756981,1.7,3.5,5.5,1.0557677616501147,0.557163531114327,0.27062228654124454,0.17221418234442837,1.7,0.6517853285726488,0.10803505857350293,0.15433579796214705,1,0,-1.0,3.8099999999999987
2025,8,2025-10-03,osasuna,getafe,2025|2025-10-03|osasuna|getafe,2025|2025-10-03|osasuna|getafe,H,H,0.466059703379681,0.34179017000527034,0.1921501266150486,0.466059703379681,1.0396884627651417,0.12426953337441066,2.2,2.9,3.8,1.0625309354891932,0.4277950310559006,0.32453416149068326,0.24767080745341613,2.2,0.466059703379681,0.02533134743529819,0.021109456196081823,1,1,1.2000000000000002,5.009999999999999
2025,8,2025-10-04,ath bilbao,mallorca,2025|2025-10-04|ath bilbao|mallorca,2025|2025-10-04|athbilbao|mallorca,H,H,0.6962287245627009,0.1998116209025688,0.10395965453473033,0.6962287245627009,0.809200044535633,0.49641710366013214,1.5,4.0,7.0,1.0595238095238095,0.6292134831460674,0.23595505617977527,0.1348314606741573,1.5,0.6962287245627009,0.04434308684405136,0.08868617368810272,1,1,0.5,5.509999999999999
2025,8,2025-10-04,girona,valencia,2025|2025-10-04|girona|valencia,2025|2025-10-04|girona|valencia,H,H,0.45838610125131934,0.30395740250421166,0.23765649624446894,0.45838610125131934,1.061029622137747,0.15442869874710768,2.35,3.5,2.87,1.0596782563570317,0.4015670910871694,0.26962361830138515,0.3288092906114453,2.35,0.45838610125131934,0.07720733794060042,0.057190620696741044,1,1,1.35,6.8599999999999985
2025,8,2025-10-04,real madrid,villarreal,2025|2025-10-04|real madrid|villarreal,2025|2025-10-04|realmadrid|villarreal,H,H,0.7758114935964115,0.13707682643217103,0.08711167997141732,0.7758114935964115,0.6819390273621224,0.6387346671642405,1.4,5.5,6.0,1.0627705627705628,0.6720977596741344,0.1710794297352342,0.15682281059063136,1.4,0.7758114935964115,0.0861360910349761,0.2153402275874403,1,1,0.3999999999999999,7.259999999999999
2025,8,2025-10-04,real oviedo,levante,2025|2025-10-04|real oviedo|levante,2025|2025-10-04|realoviedo|levante,A,D,0.3202720625263615,0.3901315436120742,0.2895963938615643,0.3901315436120742,1.090763691884029,0.06985948108571272,2.4,3.5,2.8,1.0595238095238095,0.39325842696629215,0.2696629213483146,0.33707865168539325,3.5,0.3901315436120742,0.36546040264225976,0.1461841610569039,1,0,-1.0,6.259999999999999
2025,8,2025-10-05,alaves,elche,2025|2025-10-05|alaves|elche,2025|2025-10-05|alaves|elche,H,H,0.4559043305775195,0.3180176345039197,0.2260780349185608,0.4559043305775195,1.0585864177141349,0.13788669607359982,2.35,3.1,3.25,1.0558048677472152,0.403040304030403,0.30553055305530546,0.2914291429142914,2.35,0.4559043305775195,0.07137517685717076,0.05287050137568204,1,1,1.35,7.6099999999999985
2025,8,2025-10-05,celta,ath madrid,2025|2025-10-05|celta|ath madrid,2025|2025-10-05|celta|athmadrid,D,A,0.2398322250847093,0.32855283944198665,0.431614935473304,0.431614935473304,1.070786566494439,0.10306209603131733,4.1,4.0,1.75,1.0653310104529616,0.22894521668029438,0.23466884709730174,0.5363859362224039,1.75,0.431614935473304,-0.244673862921718,0.0,1,0,-1.0,6.6099999999999985
2025,8,2025-10-05,espanol,betis,2025|2025-10-05|espanol|betis,2025|2025-10-05|espanol|betis,A,A,0.3380268539610979,0.29237011842598115,0.3696030276129209,0.3696030276129209,1.0940471497673023,0.031576173651823025,2.55,3.3,2.7,1.0655575361457714,0.36802973977695175,0.2843866171003718,0.3475836431226766,2.7,0.3696030276129209,-0.0020718254451134177,0.0,1,1,1.7000000000000002,8.309999999999999
2025,8,2025-10-05,sevilla,barcelona,2025|2025-10-05|sevilla|barcelona,2025|2025-10-05|sevilla|barcelona,H,A,0.11032775358749049,0.15091659587243714,0.7387556505400723,0.7387556505400723,0.7522693320905327,0.5878390546676352,5.5,5.25,1.45,1.0619495447081655,0.17121169524880517,0.17936463311779588,0.6494236716333989,1.45,0.7387556505400723,0.07119569328310482,0.15821265174023294,1,0,-1.0,7.309999999999999
2025,8,2025-10-05,sociedad,vallecano,2025|2025-10-05|sociedad|vallecano,2025|2025-10-05|sociedad|vallecano,A,H,0.538419560088507,0.2990975087410663,0.1624829311704267,0.538419560088507,0.9896123038794304,0.23932205134744072,2.0,3.6,3.5,1.0634920634920635,0.4701492537313433,0.2611940298507463,0.26865671641791045,2.0,0.538419560088507,0.076839120177014,0.076839120177014,1,0,-1.0,6.309999999999999
2025,9,2025-10-17,real oviedo,espanol,2025|2025-10-17|real oviedo|espanol,2025|2025-10-17|realoviedo|espanol,A,A,0.25350450738096725,0.3166558098482719,0.42983968277076084,0.42983968277076084,1.0749701674608065,0.11318387292248894,3.0,3.25,2.4,1.0576923076923077,0.3151515151515151,0.2909090909090909,0.393939393939394,2.4,0.42983968277076084,0.03161523864982607,0.022582313321304337,1,1,1.4,7.709999999999999
2025,9,2025-10-18,ath madrid,osasuna,2025|2025-10-18|ath madrid|osasuna,2025|2025-10-18|athmadrid|osasuna,H,H,0.7489611442083254,0.13537860352862358,0.11566025226305113,0.7489611442083254,0.7367052371564256,0.6135825406797017,1.4,4.33,8.0,1.0702325965028043,0.6674116604369774,0.21579129898655158,0.11679704057647104,1.4,0.7489611442083254,0.048545601891655465,0.12136400472913869,1,1,0.3999999999999999,8.11
2025,9,2025-10-18,barcelona,girona,2025|2025-10-18|barcelona|girona,2025|2025-10-18|barcelona|girona,H,H,0.8495026800033959,0.11228948106521884,0.03820783893138529,0.8495026800033959,0.5088357404389744,0.737213198938177,1.2,7.0,15.0,1.042857142857143,0.7990867579908676,0.136986301369863,0.0639269406392694,1.2,0.8495026800033959,0.019403216004075047,0.09701608002037526,1,1,0.19999999999999996,8.309999999999999
2025,9,2025-10-18,sevilla,mallorca,2025|2025-10-18|sevilla|mallorca,2025|2025-10-18|sevilla|mallorca,A,H,0.4344585039199965,0.316138950948785,0.24940254513121843,0.4344585039199965,1.072587738235357,0.1183195529712115,1.85,3.3,4.65,1.0586246070117038,0.5106064387322186,0.2862490641377589,0.20314449713002244,1.85,0.4344585039199965,-0.1962517677480064,0.0,1,0,-1.0,7.309999999999999
2025,9,2025-10-18,villarreal,betis,2025|2025-10-18|villarreal|betis,2025|2025-10-18|villarreal|betis,D,H,0.5103915402705129,0.24293849743685425,0.24666996229263294,0.5103915402705129,1.0322877007416755,0.26372157797788,1.9,3.6,4.2,1.0421888053467,0.5050100200400801,0.2665330661322645,0.2284569138276553,1.9,0.5103915402705129,-0.030256073486025492,0.0,1,0,-1.0,6.309999999999999
2025,9,2025-10-19,celta,sociedad,2025|2025-10-19|celta|sociedad,2025|2025-10-19|celta|sociedad,D,H,0.4873195729020164,0.30069453367719495,0.21198589342078863,0.4873195729020164,1.0404752023404331,0.18662503922482143,2.15,3.4,3.4,1.0533515731874146,0.44155844155844154,0.2792207792207792,0.2792207792207792,2.15,0.4873195729020164,0.04773708173933511,0.041510505860291404,1,0,-1.0,5.309999999999999
2025,9,2025-10-19,elche,ath bilbao,2025|2025-10-19|elche|ath bilbao,2025|2025-10-19|elche|athbilbao,D,A,0.19781763548997655,0.273188349141941,0.5289940153680824,0.5289940153680824,1.0118849599503448,0.2558056662261414,3.4,3.1,2.3,1.0514809009157662,0.27971753628874063,0.3067869752844252,0.41349548842683403,2.3,0.5289940153680824,0.21668623534658948,0.16668171949737656,1,0,-1.0,4.309999999999999
2025,9,2025-10-19,getafe,real madrid,2025|2025-10-19|getafe|real madrid,2025|2025-10-19|getafe|realmadrid,A,A,0.0986761055375581,0.18370745023154667,0.7176164442308953,0.7176164442308953,0.7779206232342207,0.5339089939993487,8.5,4.5,1.4,1.054154995331466,0.11160318866253321,0.21080602302922938,0.6775907883082374,1.4,0.7176164442308953,0.004663021923253408,0.01165755480813352,1,1,0.3999999999999999,4.709999999999999
2025,9,2025-10-19,levante,vallecano,2025|2025-10-19|levante|vallecano,2025|2025-10-19|levante|vallecano,A,A,0.25210505206722716,0.29195473290076485,0.4559402150320081,0.4559402150320081,1.0649124134645933,0.16398548213124325,2.87,3.1,2.6,1.0556280855258038,0.3300708464720095,0.3055817191531185,0.364347434374872,2.6,0.4559402150320081,0.1854445590832211,0.11590284942701319,1,1,1.6,6.309999999999999
2025,9,2025-10-20,alaves,valencia,2025|2025-10-20|alaves|valencia,2025|2025-10-20|alaves|valencia,D,D,0.3621670525728757,0.4027700749451285,0.23506287248199584,0.4027700749451285,1.074457765263704,0.04060302237225283,2.35,3.0,3.3,1.0618955512572534,0.4007285974499089,0.31390406800242865,0.2853673345476624,3.0,0.4027700749451285,0.20831022483538553,0.10415511241769276,1,1,2.0,8.309999999999999
2025,10,2025-10-24,sociedad,sevilla,2025|2025-10-24|sociedad|sevilla,2025|2025-10-24|sociedad|sevilla,H,H,0.5341877421068626,0.2969104472245324,0.16890181066860496,0.5341877421068626,0.9958669939938034,0.23727729488233018,2.05,3.3,3.7,1.0611054513493539,0.45971385542168675,0.2855798192771084,0.25470632530120474,2.05,0.5341877421068626,0.09508487131906818,0.09055702030387447,1,1,1.0499999999999998,9.36
2025,10,2025-10-25,ath bilbao,getafe,2025|2025-10-25|ath bilbao|getafe,2025|2025-10-25|athbilbao|getafe,A,H,0.6362988609327792,0.2675876392141369,0.09611349985308384,0.6362988609327792,0.8655448451317788,0.3687112217186423,1.65,3.4,6.25,1.0601782531194295,0.571659156634609,0.2774228260138544,0.15091801735153676,1.65,0.6362988609327792,0.04989312053908562,0.07675864698320867,1,0,-1.0,8.36
2025,10,2025-10-25,espanol,elche,2025|2025-10-25|espanol|elche,2025|2025-10-25|espanol|elche,H,H,0.5139959561285176,0.27378580842143974,0.21221823545004276,0.5139959561285176,1.0257174636140627,0.24021014770707783,2.05,3.25,3.9,1.0519074421513446,0.46373365041617126,0.2925089179548157,0.24375743162901312,2.05,0.5139959561285176,0.05369171006346096,0.051134961965200926,1,1,1.0499999999999998,9.409999999999998
2025,10,2025-10-25,girona,real oviedo,2025|2025-10-25|girona|real oviedo,2025|2025-10-25|girona|realoviedo,D,H,0.618453755934706,0.25250389697151426,0.1290423470937798,0.618453755934706,0.908944686328877,0.3659498589631917,1.8,3.5,4.5,1.0634920634920635,0.5223880597014926,0.26865671641791045,0.208955223880597,1.8,0.618453755934706,0.11321676068247077,0.14152095085308847,1,0,-1.0,8.409999999999998
2025,10,2025-10-25,valencia,villarreal,2025|2025-10-25|valencia|villarreal,2025|2025-10-25|valencia|villarreal,A,A,0.2807054934810005,0.2756010412909362,0.44369346522806336,0.44369346522806336,1.0723717458026745,0.16298797174706287,3.0,3.5,2.25,1.0634920634920635,0.3134328358208955,0.26865671641791045,0.417910447761194,2.25,0.44369346522806336,-0.001689703236857465,0.0,1,1,1.25,9.659999999999998
2025,10,2025-10-26,mallorca,levante,2025|2025-10-26|mallorca|levante,2025|2025-10-26|mallorca|levante,D,D,0.3111227707035515,0.38983529368542125,0.2990419356110272,0.38983529368542125,1.0914886966809112,0.07871252298186976,2.1,3.25,3.6,1.0616605616605617,0.4485336400230017,0.2898217366302473,0.26164462334675104,3.25,0.38983529368542125,0.2669647044776191,0.11865097976783072,1,1,2.25,11.909999999999998
2025,10,2025-10-26,osasuna,celta,2025|2025-10-26|osasuna|celta,2025|2025-10-26|osasuna|celta,A,A,0.3243763183664556,0.33187556528002493,0.34374811635351943,0.34374811635351943,1.0983266285349447,0.011872551073494497,2.4,3.2,3.1,1.051747311827957,0.39616613418530355,0.2971246006389776,0.30670926517571884,3.1,0.34374811635351943,0.06561916069591023,0.03124721937900487,1,1,2.1,14.009999999999998
2025,10,2025-10-26,real madrid,barcelona,2025|2025-10-26|real madrid|barcelona,2025|2025-10-26|realmadrid|barcelona,H,H,0.4929045835201525,0.25930097562229737,0.24779444085755017,0.4929045835201525,1.0444076865520548,0.23360360789785511,2.0,3.8,3.4,1.0572755417956656,0.47291361639824303,0.24890190336749632,0.2781844802342606,2.0,0.4929045835201525,-0.014190832959695088,0.0,1,1,1.0,15.009999999999998
2025,10,2025-10-26,vallecano,alaves,2025|2025-10-26|vallecano|alaves,2025|2025-10-26|vallecano|alaves,H,H,0.5034362504782777,0.2927608444120438,0.20380290510967847,0.5034362504782777,1.0293038720989796,0.21067540606623386,2.0,3.3,3.9,1.0594405594405594,0.471947194719472,0.28602860286028603,0.24202420242024206,2.0,0.5034362504782777,0.0068725009565553385,0.0068725009565553385,1,1,1.0,16.009999999999998
2025,10,2025-10-27,betis,ath madrid,2025|2025-10-27|betis|ath madrid,2025|2025-10-27|betis|athmadrid,A,D,0.31425639753835743,0.4323455900425031,0.25339801241913945,0.4323455900425031,1.0741642554807407,0.11808919250414568,3.25,3.4,2.2,1.056355409296586,0.29127725856697817,0.27842679127725856,0.43029595015576316,3.4,0.4323455900425031,0.4699750061445105,0.1958229192268794,1,0,-1.0,15.009999999999998
2025,11,2025-10-31,getafe,girona,2025|2025-10-31|getafe|girona,2025|2025-10-31|getafe|girona,H,D,0.31358205714956594,0.45972296543014957,0.22669497742028444,0.45972296543014957,1.0573736871794726,0.14614090828058363,2.15,3.1,3.7,1.057967194501328,0.43963204292832503,0.3049060942889996,0.2554618627826753,3.1,0.45972296543014957,0.42514119283346374,0.20244818706355416,1,0,-1.0,14.009999999999998
2025,11,2025-11-01,ath madrid,sevilla,2025|2025-11-01|ath madrid|sevilla,2025|2025-11-01|athmadrid|sevilla,H,H,0.7778423767602047,0.11541024352549022,0.10674737971430505,0.7778423767602047,0.6834442463108207,0.6624321332347145,1.36,5.0,8.5,1.0529411764705883,0.6983240223463686,0.18994413407821228,0.11173184357541899,1.36,0.7778423767602047,0.05786563239387854,0.16073786776077367,1,1,0.3600000000000001,14.37
2025,11,2025-11-01,real madrid,valencia,2025|2025-11-01|real madrid|valencia,2025|2025-11-01|realmadrid|valencia,H,H,0.8448686497670458,0.08950821115624125,0.06562313907671309,0.8448686497670458,0.5371903980433983,0.7553604386108046,1.2,7.5,10.0,1.0666666666666667,0.78125,0.125,0.09375,1.2,0.8448686497670458,0.013842379720454906,0.06921189860227454,1,1,0.19999999999999996,14.569999999999999
2025,11,2025-11-01,sociedad,ath bilbao,2025|2025-11-01|sociedad|ath bilbao,2025|2025-11-01|sociedad|athbilbao,H,A,0.323106576157437,0.30916054048851466,0.3677328833540484,0.3677328833540484,1.0958384004329838,0.044626307196611426,2.7,3.0,2.75,1.0673400673400675,0.34700315457413244,0.3123028391167192,0.34069400630914826,2.75,0.3677328833540484,0.011265429223633161,0.006437388127790378,1,0,-1.0,13.569999999999999
2025,11,2025-11-01,villarreal,vallecano,2025|2025-11-01|villarreal|vallecano,2025|2025-11-01|villarreal|vallecano,H,H,0.5660063454581217,0.21833634241189395,0.21565731212998435,0.5660063454581217,0.9852212269899481,0.34767000304622775,1.72,3.75,4.75,1.0585883312933497,0.5492176057966546,0.2519078085253989,0.19887458567794647,1.72,0.5660063454581217,-0.026469085812030724,0.0,1,1,0.72,14.29
2025,11,2025-11-02,alaves,espanol,2025|2025-11-02|alaves|espanol,2025|2025-11-02|alaves|espanol,H,H,0.4119023766375529,0.3383172687659654,0.24978035459648174,0.4119023766375529,1.0784917454406546,0.07358510787158751,2.3,3.1,3.25,1.0650555615492503,0.40822528363047,0.3028768233387358,0.28889789303079416,2.3,0.4119023766375529,-0.05262453373362841,0.0,1,1,1.2999999999999998,15.589999999999998
2025,11,2025-11-02,barcelona,elche,2025|2025-11-02|barcelona|elche,2025|2025-11-02|barcelona|elche,H,H,0.8050242102083933,0.12319359223916493,0.07178219755244174,0.8050242102083933,0.6216460071016612,0.6818306179692284,1.22,6.5,12.0,1.0568516183270282,0.7755791985681615,0.14557024957740877,0.07885055185442974,1.22,0.8050242102083933,-0.017870463545760162,0.0,1,1,0.21999999999999997,15.809999999999999
2025,11,2025-11-02,betis,mallorca,2025|2025-11-02|betis|mallorca,2025|2025-11-02|betis|mallorca,H,H,0.6430434036144218,0.23201724728881593,0.12493934909676228,0.6430434036144218,0.8827601631698325,0.4110261563256059,1.57,4.0,5.5,1.0687608569774174,0.5959637003927942,0.23391575240417176,0.17012054720303402,1.57,0.6430434036144218,0.00957814367464227,0.016803760832705735,1,1,0.5700000000000001,16.38
2025,11,2025-11-02,levante,celta,2025|2025-11-02|levante|celta,2025|2025-11-02|levante|celta,A,A,0.31751803826083924,0.2665635617839944,0.4159183999551664,0.4159183999551664,1.0815694302114716,0.09840036169432714,2.7,3.6,2.37,1.0700890764181903,0.34611171960569553,0.25958378970427165,0.3943044906900328,2.37,0.4159183999551664,-0.014273392106255667,0.0,1,1,1.37,17.75
2025,11,2025-11-03,real oviedo,osasuna,2025|2025-11-03|real oviedo|osasuna,2025|2025-11-03|realoviedo|osasuna,D,A,0.28115656731529426,0.3552833348363507,0.3635600978483551,0.3635600978483551,1.0922589843333093,0.008276763012004362,3.0,3.0,2.55,1.0588235294117647,0.31481481481481477,0.31481481481481477,0.3703703703703704,2.55,0.3635600978483551,-0.07292175048669458,0.0,1,0,-1.0,16.75
2025,12,2025-11-07,elche,sociedad,2025|2025-11-07|elche|sociedad,2025|2025-11-07|elche|sociedad,D,D,0.3437976689157482,0.3621864951237271,0.2940158359605247,0.3621864951237271,1.094819760093483,0.01838882620797888,2.7,3.25,2.6,1.0626780626780628,0.34852546916890076,0.28954423592493295,0.3619302949061662,3.25,0.3621864951237271,0.177106109152113,0.078713826289828,1,1,2.25,19.0
2025,12,2025-11-08,ath madrid,levante,2025|2025-11-08|ath madrid|levante,2025|2025-11-08|athmadrid|levante,H,H,0.8575256256764425,0.08905839784073964,0.053415976482817755,0.8575256256764425,0.5036796108287243,0.7684672278357029,1.22,5.5,13.0,1.0784133898887998,0.7600722865950887,0.1685978526629106,0.07132986074200064,1.22,0.8575256256764425,0.04618126332525985,0.20991483329663568,1,1,0.21999999999999997,19.22
2025,12,2025-11-08,espanol,villarreal,2025|2025-11-08|espanol|villarreal,2025|2025-11-08|espanol|villarreal,A,H,0.38962020136405945,0.3550539825731049,0.2553258160628356,0.38962020136405945,1.0834771439818618,0.03456621879095456,2.8,3.4,2.45,1.059423769507803,0.3371104815864023,0.2776203966005666,0.38526912181303113,2.8,0.38962020136405945,0.09093656381936643,0.050520313232981354,1,0,-1.0,18.22
2025,12,2025-11-08,girona,alaves,2025|2025-11-08|girona|alaves,2025|2025-11-08|girona|alaves,H,H,0.41653624868870026,0.22451616569842683,0.3589475856128728,0.41653624868870026,1.0679489316879596,0.05758866307582744,2.4,3.3,2.9,1.0645245559038663,0.3914110429447853,0.2846625766871166,0.3239263803680982,2.4,0.41653624868870026,-0.0003130031471193506,0.0,1,1,1.4,19.619999999999997
2025,12,2025-11-08,sevilla,osasuna,2025|2025-11-08|sevilla|osasuna,2025|2025-11-08|sevilla|osasuna,H,H,0.4644042497562085,0.3012482804515199,0.23434746979227158,0.4644042497562085,1.057668409755912,0.16315596930468856,2.1,3.4,3.4,1.0644257703081232,0.4473684210526316,0.27631578947368424,0.27631578947368424,2.1,0.4644042497562085,-0.024751075511962206,0.0,1,1,1.1,20.72
2025,12,2025-11-09,ath bilbao,real oviedo,2025|2025-11-09|ath bilbao|real oviedo,2025|2025-11-09|athbilbao|realoviedo,H,H,0.7240028809422057,0.21662729249960602,0.05936982655818824,0.7240028809422057,0.7328305751108666,0.5073755884425997,1.48,3.8,8.0,1.0638335704125177,0.6351328764833696,0.2473675413672071,0.11749958214942338,1.48,0.7240028809422057,0.07152426379446436,0.1490088829051341,1,1,0.48,21.2
2025,12,2025-11-09,celta,barcelona,2025|2025-11-09|celta|barcelona,2025|2025-11-09|celta|barcelona,A,A,0.10919049229244315,0.1732942723246176,0.7175152353829394,0.7175152353829394,0.7837510862584651,0.5442209630583218,5.25,3.9,1.65,1.052947052947053,0.18089816571790004,0.24351676154332702,0.5755850727387729,1.65,0.7175152353829394,0.18390013838184993,0.2829232898182307,1,1,0.6499999999999999,21.849999999999998
2025,12,2025-11-09,mallorca,getafe,2025|2025-11-09|mallorca|getafe,2025|2025-11-09|mallorca|getafe,H,H,0.4214885921013247,0.35170774028599217,0.2268036676126831,0.4214885921013247,1.068170952408015,0.06978085181533256,2.5,2.9,3.2,1.0573275862068967,0.3783122706889523,0.32613126783530366,0.29555646147574394,2.5,0.4214885921013247,0.053721480253311804,0.035814320168874536,1,1,1.5,23.349999999999998
2025,12,2025-11-09,valencia,betis,2025|2025-11-09|valencia|betis,2025|2025-11-09|valencia|betis,D,A,0.2976321844029791,0.30628697931738114,0.39608083627963964,0.39608083627963964,1.0899333953082317,0.0897938569622585,3.1,3.3,2.3,1.0603935568872456,0.30420841683366734,0.28577154308617236,0.41002004008016035,2.3,0.39608083627963964,-0.08901407655682891,0.0,1,0,-1.0,22.349999999999998
2025,12,2025-11-09,vallecano,real madrid,2025|2025-11-09|vallecano|real madrid,2025|2025-11-09|vallecano|realmadrid,D,A,0.1178737410747288,0.1961848013790805,0.6859414575461906,0.6859414575461906,0.8301310825493966,0.4897566561671101,6.0,4.33,1.5,1.0642802155504234,0.1566003616636528,0.21699819168173598,0.6264014466546112,1.5,0.6859414575461906,0.028912186319285937,0.057824372638571875,1,0,-1.0,21.349999999999998
2025,13,2025-11-21,valencia,levante,2025|2025-11-21|valencia|levante,2025|2025-11-21|valencia|levante,H,H,0.43953784463472473,0.3332283553075814,0.22723380005769384,0.43953784463472473,1.0642172163759662,0.10630948932714335,2.1,3.4,3.4,1.0644257703081232,0.4473684210526316,0.27631578947368424,0.27631578947368424,2.1,0.43953784463472473,-0.07697052626707807,0.0,1,1,1.1,22.45
2025,13,2025-11-22,alaves,celta,2025|2025-11-22|alaves|celta,2025|2025-11-22|alaves|celta,A,H,0.4019830781328502,0.3532264509516731,0.24479047091547665,0.4019830781328502,1.078435568566516,0.048756627181177126,2.45,3.1,3.0,1.064077243800746,0.3835842441740565,0.303155289750464,0.3132604660754795,2.45,0.4019830781328502,-0.015141458574516986,0.0,1,0,-1.0,21.45
2025,13,2025-11-22,barcelona,ath bilbao,2025|2025-11-22|barcelona|ath bilbao,2025|2025-11-22|barcelona|athbilbao,H,H,0.6438172793748744,0.20656141499317465,0.14962130563195086,0.6438172793748744,0.8935063775629095,0.4372558643816998,1.44,4.5,6.5,1.0705128205128205,0.6487025948103793,0.20758483033932135,0.14371257485029942,1.44,0.6438172793748744,-0.07290311770018088,0.0,1,1,0.43999999999999995,21.889999999999997
2025,13,2025-11-22,osasuna,sociedad,2025|2025-11-22|osasuna|sociedad,2025|2025-11-22|osasuna|sociedad,A,D,0.2912483638418141,0.412025510652128,0.2967261255060578,0.412025510652128,1.0851146294318073,0.11529938514607019,2.75,3.0,2.75,1.0606060606060606,0.34285714285714286,0.3142857142857143,0.34285714285714286,3.0,0.412025510652128,0.236076531956384,0.118038265978192,1,0,-1.0,20.889999999999997
2025,13,2025-11-22,villarreal,mallorca,2025|2025-11-22|villarreal|mallorca,2025|2025-11-22|villarreal|mallorca,H,H,0.729969415657035,0.1558109140113664,0.1142196703315986,0.729969415657035,0.767244380686611,0.5741585016456686,1.42,4.33,7.5,1.0685055676630995,0.6590750422132745,0.2161400831276789,0.12478487465904663,1.42,0.729969415657035,0.03655657023298964,0.08703945293568963,1,1,0.41999999999999993,21.31
2025,13,2025-11-23,betis,girona,2025|2025-11-23|betis|girona,2025|2025-11-23|betis|girona,D,H,0.6546558851120409,0.23912944990865403,0.10621466497930505,0.6546558851120409,0.8576409788413059,0.41552643520338683,1.53,4.33,5.5,1.066359835277102,0.6129214075959531,0.21657500083644532,0.1705035915676015,1.53,0.6546558851120409,0.0016235042214225448,0.003063215512118009,1,0,-1.0,20.31
2025,13,2025-11-23,elche,real madrid,2025|2025-11-23|elche|real madrid,2025|2025-11-23|elche|realmadrid,D,A,0.09728875986174855,0.15898140023388843,0.743729839904363,0.743729839904363,0.73925313363619,0.5847484396704746,7.5,5.0,1.36,1.0686274509803921,0.12477064220183487,0.1871559633027523,0.6880733944954128,1.36,0.743729839904363,0.011472582269933806,0.031868284083149456,1,0,-1.0,19.31
2025,13,2025-11-23,getafe,ath madrid,2025|2025-11-23|getafe|ath madrid,2025|2025-11-23|getafe|athmadrid,A,A,0.14868552332803836,0.381318322525252,0.4699961541467097,0.4699961541467097,1.0058814458913687,0.0886778316214577,5.5,3.2,1.8,1.0498737373737375,0.17318099819603125,0.2976548406494287,0.52916416115454,1.8,0.4699961541467097,-0.15400692253592252,0.0,1,1,0.8,20.11
2025,13,2025-11-23,real oviedo,vallecano,2025|2025-11-23|real oviedo|vallecano,2025|2025-11-23|realoviedo|vallecano,D,A,0.24997323001398025,0.3092051771491821,0.44082159283683764,0.44082159283683764,1.0705764872890688,0.13161641568765553,3.25,3.25,2.2,1.06993006993007,0.2875816993464052,0.2875816993464052,0.4248366013071895,2.2,0.44082159283683764,-0.030192495758957105,0.0,1,0,-1.0,19.11
2025,13,2025-11-24,espanol,sevilla,2025|2025-11-24|espanol|sevilla,2025|2025-11-24|espanol|sevilla,H,H,0.5276893230324381,0.2906897665012775,0.18162091046628448,0.5276893230324381,1.0062860046816133,0.23699955653116062,2.1,3.3,3.6,1.0569985569985572,0.4505119453924914,0.28668941979522183,0.26279863481228666,2.1,0.5276893230324381,0.10814757836812006,0.09831598033465459,1,1,1.1,20.209999999999997
2025,14,2025-11-28,getafe,elche,2025|2025-11-28|getafe|elche,2025|2025-11-28|getafe|elche,H,H,0.4357604610976691,0.3637984773279099,0.20044106157442113,0.4357604610976691,1.0519825299201049,0.07196198376975921,2.25,2.87,3.8,1.0560343949304154,0.420861713006734,0.32994385166033147,0.24919443533293456,2.25,0.4357604610976691,-0.019538962530244564,0.0,1,1,1.25,21.459999999999997
2025,14,2025-11-29,ath madrid,real oviedo,2025|2025-11-29|ath madrid|real oviedo,2025|2025-11-29|athmadrid|realoviedo,H,H,0.8804137474852459,0.08257648716468009,0.03700976535007404,0.8804137474852459,0.4400860845074858,0.7978372603205658,1.2,6.25,17.0,1.0521568627450981,0.7920238538948937,0.1520685799478196,0.05590756615728661,1.2,0.8804137474852459,0.05649649698229506,0.2824824849114754,1,1,0.19999999999999996,21.659999999999997
2025,14,2025-11-29,barcelona,alaves,2025|2025-11-29|barcelona|alaves,2025|2025-11-29|barcelona|alaves,H,H,0.828652986163199,0.10265079047967039,0.06869622335713063,0.828652986163199,0.5733977243294573,0.7260021956835286,1.2,7.0,13.0,1.0531135531135531,0.7913043478260869,0.13565217391304346,0.07304347826086957,1.2,0.828652986163199,-0.0056164166041611785,0.0,1,1,0.19999999999999996,21.86
2025,14,2025-11-29,levante,ath bilbao,2025|2025-11-29|levante|ath bilbao,2025|2025-11-29|levante|athbilbao,A,A,0.23778547819971918,0.30109320925328986,0.461121312546991,0.461121312546991,1.059915951769879,0.16002810329370115,3.4,3.3,2.2,1.0516934046345812,0.2796610169491525,0.288135593220339,0.43220338983050843,2.2,0.461121312546991,0.01446688760338033,0.012055739669483607,1,1,1.2000000000000002,23.06
2025,14,2025-11-29,mallorca,osasuna,2025|2025-11-29|mallorca|osasuna,2025|2025-11-29|mallorca|osasuna,D,H,0.389558289325913,0.32322925278352943,0.28721245789055755,0.389558289325913,1.0906129103769293,0.06632903654238359,2.35,3.0,3.4,1.0529828952857738,0.4041204437400951,0.3165610142630745,0.2793185419968304,2.35,0.389558289325913,-0.08453802008410427,0.0,1,0,-1.0,22.06
2025,14,2025-11-30,celta,espanol,2025|2025-11-30|celta|espanol,2025|2025-11-30|celta|espanol,A,H,0.4736551067876481,0.22580669001399234,0.3005382031983595,0.4736551067876481,1.05126967373864,0.1731169035892886,2.05,3.6,3.4,1.059700302885382,0.4603234298608499,0.26212861978187285,0.27754795035727714,2.05,0.4736551067876481,-0.02900703108532149,0.0,1,0,-1.0,21.06
2025,14,2025-11-30,girona,real madrid,2025|2025-11-30|girona|real madrid,2025|2025-11-30|girona|realmadrid,D,A,0.07475472281003016,0.138229045952165,0.7870162312378047,0.7870162312378047,0.6559086189998402,0.6487871852856397,6.5,5.0,1.42,1.05807150595883,0.1454024165472046,0.18902314151136598,0.6655744419414295,1.42,0.7870162312378047,0.11756304835768266,0.27991201989924447,1,0,-1.0,20.06
2025,14,2025-11-30,sevilla,betis,2025|2025-11-30|sevilla|betis,2025|2025-11-30|sevilla|betis,A,A,0.20578945258499587,0.29579529004010513,0.49841525737489906,0.49841525737489906,1.0326948461780712,0.20261996733479393,3.1,3.3,2.35,1.0511428630852104,0.3068856351404828,0.2882865057380293,0.4048278591214879,2.35,0.49841525737489906,0.17127585483101282,0.126871003578528,1,1,1.35,21.409999999999997
2025,14,2025-11-30,sociedad,villarreal,2025|2025-11-30|sociedad|villarreal,2025|2025-11-30|sociedad|villarreal,A,A,0.34009575873605474,0.3166803509305089,0.3432238903334364,0.3432238903334364,1.097975759256424,0.003128131597381678,2.9,3.4,2.35,1.0644771481593371,0.323940806811271,0.2763024528684371,0.3997567403202919,2.35,0.3432238903334364,-0.19342385771642445,0.0,1,1,1.35,22.759999999999998
2025,14,2025-12-01,vallecano,valencia,2025|2025-12-01|vallecano|valencia,2025|2025-12-01|vallecano|valencia,D,H,0.5660559662833516,0.26733401077240687,0.16661002294424143,0.5660559662833516,0.9733849563286154,0.29872195551094477,1.95,3.4,4.1,1.0508405989037266,0.4880098022054963,0.27988797479432875,0.23210222300017505,1.95,0.5660559662833516,0.10380913425253568,0.10927277289740599,1,0,-1.0,21.759999999999998
2025,15,2025-12-05,real oviedo,mallorca,2025|2025-12-05|real oviedo|mallorca,2025|2025-12-05|realoviedo|mallorca,D,D,0.35426556730541175,0.37113531916185066,0.27459911353273764,0.37113531916185066,1.0903931566941756,0.016869751856438908,2.6,3.0,3.05,1.0458175704077344,0.36776527331189707,0.31872990353697744,0.31350482315112543,3.0,0.37113531916185066,0.11340595748555204,0.05670297874277602,1,1,2.0,23.759999999999998
2025,15,2025-12-06,alaves,sociedad,2025|2025-12-06|alaves|sociedad,2025|2025-12-06|alaves|sociedad,H,D,0.3070886962701245,0.3636517803421624,0.3292595233877131,0.3636517803421624,1.0961870732169277,0.03439225695444931,2.8,2.9,2.8,1.059113300492611,0.33720930232558133,0.3255813953488372,0.33720930232558133,2.9,0.3636517803421624,0.05459016299227093,0.028731664732774175,1,0,-1.0,22.759999999999998
2025,15,2025-12-06,ath bilbao,ath madrid,2025|2025-12-06|ath bilbao|ath madrid,2025|2025-12-06|athbilbao|athmadrid,H,H,0.37025056101468956,0.32236501630873604,0.3073844226765745,0.37025056101468956,1.0954197495625115,0.04788554470595352,2.8,3.2,2.55,1.0617997198879552,0.33635614179719703,0.2943116240725474,0.3693322341302556,2.8,0.37025056101468956,0.03670157084113068,0.020389761578405937,1,1,1.7999999999999998,24.56
2025,15,2025-12-06,betis,barcelona,2025|2025-12-06|betis|barcelona,2025|2025-12-06|betis|barcelona,A,A,0.2119734415267136,0.26241074705422585,0.5256158114190606,0.5256158114190606,1.0179659658936189,0.2632050643648347,3.75,4.0,1.85,1.057207207207207,0.2522368981678739,0.23647209203238181,0.5112910097997444,1.85,0.5256158114190606,-0.02761074887473791,0.0,1,1,0.8500000000000001,25.409999999999997
2025,15,2025-12-06,villarreal,getafe,2025|2025-12-06|villarreal|getafe,2025|2025-12-06|villarreal|getafe,H,H,0.6446830305491442,0.18188654768143026,0.17343042176942552,0.6446830305491442,0.8968623859481513,0.46279648286771397,1.61,3.8,5.75,1.0581889506374633,0.5869632375656471,0.24868705591597154,0.1643497065183812,1.61,0.6446830305491442,0.03793967918412228,0.062196195383807,1,1,0.6100000000000001,26.02
2025,15,2025-12-07,elche,girona,2025|2025-12-07|elche|girona,2025|2025-12-07|elche|girona,H,H,0.487938359834093,0.3479286811453068,0.16413295902060018,0.487938359834093,1.0140576099188936,0.14000967868878622,2.15,3.3,3.5,1.0538608678143562,0.44134505158578524,0.28754298815437523,0.2711119602598395,2.15,0.487938359834093,0.049067473643299886,0.04266736838547817,1,1,1.15,27.169999999999998
2025,15,2025-12-07,espanol,vallecano,2025|2025-12-07|espanol|vallecano,2025|2025-12-07|espanol|vallecano,H,A,0.314302172692814,0.3370078469126605,0.3486899803945254,0.3486899803945254,1.0976897576964024,0.01168213348186492,2.3,3.4,3.1,1.051480900915766,0.41349548842683415,0.2797175362887407,0.3067869752844253,3.1,0.3486899803945254,0.08093893922302875,0.03854235201096607,1,0,-1.0,26.169999999999998
2025,15,2025-12-07,real madrid,celta,2025|2025-12-07|real madrid|celta,2025|2025-12-07|realmadrid|celta,A,H,0.8131081490843967,0.12041272665270444,0.06647912426289888,0.8131081490843967,0.6033342451533714,0.6926954224316922,1.3,5.5,9.5,1.056312108943688,0.7282229965156793,0.17212543554006968,0.09965156794425085,1.3,0.8131081490843967,0.057040593809715684,0.19013531269905226,1,0,-1.0,25.169999999999998
2025,15,2025-12-07,valencia,sevilla,2025|2025-12-07|valencia|sevilla,2025|2025-12-07|valencia|sevilla,D,H,0.5167710283212831,0.29876128660652185,0.184467685072195,0.5167710283212831,1.0138880146082456,0.21800974171476123,2.15,3.4,3.4,1.0533515731874146,0.44155844155844154,0.2792207792207792,0.2792207792207792,2.15,0.5167710283212831,0.11105771089075855,0.0965719225137031,1,0,-1.0,24.169999999999998
2025,15,2025-12-08,osasuna,levante,2025|2025-12-08|osasuna|levante,2025|2025-12-08|osasuna|levante,H,H,0.5908509179945622,0.2809013142138416,0.12824776779159613,0.5908509179945622,0.9309698636192143,0.3099496037807206,1.75,3.8,4.5,1.0568086883876355,0.540711462450593,0.24901185770750991,0.21027667984189727,1.75,0.5908509179945622,0.03398910649048392,0.04531880865397856,1,1,0.75,24.919999999999998
2025,16,2025-12-12,sociedad,girona,2025|2025-12-12|sociedad|girona,2025|2025-12-12|sociedad|girona,A,H,0.5312111638603866,0.2940913147864903,0.17469752135312305,0.5312111638603866,1.0007645705757664,0.23711984907389627,1.72,3.8,4.75,1.0550795593635252,0.5510440835266821,0.24941995359628769,0.19953596287703013,1.72,0.5312111638603866,-0.0863167981601351,0.0,1,0,-1.0,23.919999999999998
2025,16,2025-12-13,ath madrid,valencia,2025|2025-12-13|ath madrid|valencia,2025|2025-12-13|athmadrid|valencia,H,H,0.829342714307725,0.107870532770842,0.06278675292143301,0.829342714307725,0.5691911786402868,0.721472181536883,1.3,5.25,11.0,1.0506160506160505,0.7321711568938194,0.18129952456418386,0.08652931854199684,1.3,0.829342714307725,0.07814552860004254,0.2604850953334751,1,1,0.30000000000000004,24.22
2025,16,2025-12-13,barcelona,osasuna,2025|2025-12-13|barcelona|osasuna,2025|2025-12-13|barcelona|osasuna,H,H,0.8658993960585055,0.0665235428361073,0.06757706110538723,0.8658993960585055,0.4870554200438044,0.7983223349531183,1.2,7.0,13.0,1.0531135531135531,0.7913043478260869,0.13565217391304346,0.07304347826086957,1.2,0.8658993960585055,0.039079275270206576,0.19539637635103294,1,1,0.19999999999999996,24.419999999999998
2025,16,2025-12-13,getafe,espanol,2025|2025-12-13|getafe|espanol,2025|2025-12-13|getafe|espanol,A,H,0.37180293252661206,0.3423927977760484,0.2858042696973396,0.37180293252661206,1.0927890603045285,0.029410134750563643,2.5,2.8,3.25,1.0648351648351648,0.3756449948400413,0.33539731682146545,0.28895768833849333,2.5,0.37180293252661206,-0.07049266868346982,0.0,1,0,-1.0,23.419999999999998
2025,16,2025-12-13,mallorca,elche,2025|2025-12-13|mallorca|elche,2025|2025-12-13|mallorca|elche,H,H,0.3969003135910367,0.2764651505785109,0.32663453583045227,0.3969003135910367,1.0876825595538595,0.07026577776058446,2.45,3.1,3.1,1.053324555628703,0.3875,0.30625,0.30625,2.45,0.3969003135910367,-0.02759423170195996,0.0,1,1,1.4500000000000002,24.869999999999997
2025,16,2025-12-14,alaves,real madrid,2025|2025-12-14|alaves|real madrid,2025|2025-12-14|alaves|realmadrid,A,A,0.1481107518506068,0.2340268729676629,0.6178623751817304,0.6178623751817304,0.9202371895964312,0.3838355022140675,5.0,3.75,1.7,1.0549019607843138,0.1895910780669145,0.2527881040892193,0.5576208178438662,1.7,0.6178623751817304,0.05036603780894161,0.07195148258420231,1,1,0.7,25.57
2025,16,2025-12-14,celta,ath bilbao,2025|2025-12-14|celta|ath bilbao,2025|2025-12-14|celta|athbilbao,H,A,0.18869630762651576,0.3873437613435458,0.42395993102993845,0.42395993102993845,1.045853362369994,0.03661616968639264,2.75,3.25,2.62,1.0530080606416483,0.3453310351819934,0.2922031836155328,0.3624657812024739,2.62,0.42395993102993845,0.1107750192984388,0.06837964154224617,1,0,-1.0,24.57
2025,16,2025-12-14,sevilla,real oviedo,2025|2025-12-14|sevilla|real oviedo,2025|2025-12-14|sevilla|realoviedo,H,H,0.48390344738738,0.3246650029144782,0.1914315496981418,0.48390344738738,1.0329659496320076,0.1592384444729018,1.9,3.4,4.2,1.0585286746277458,0.4972144846796657,0.27785515320334264,0.22493036211699163,1.9,0.48390344738738,-0.08058344996397804,0.0,1,1,0.8999999999999999,25.47
2025,16,2025-12-15,vallecano,betis,2025|2025-12-15|vallecano|betis,2025|2025-12-15|vallecano|betis,D,A,0.33266829447594604,0.27187022741427486,0.39546147810977905,0.39546147810977905,1.0871002724337298,0.06279318363383302,2.6,3.4,2.7,1.0491034020445786,0.36661341853035134,0.28035143769968046,0.353035143769968,2.7,0.39546147810977905,0.06774599089640354,0.03985058288023737,1,0,-1.0,24.47
2025,16,2026-02-18,levante,villarreal,2025|2026-02-18|levante|villarreal,2025|2026-02-18|levante|villarreal,A,A,0.2219041860682646,0.24669836370721612,0.5313974502245193,0.5313974502245193,1.0153285718001408,0.28469908651730325,4.0,4.0,1.8,1.0555555555555556,0.23684210526315788,0.23684210526315788,0.5263157894736842,1.8,0.5313974502245193,-0.04348458959586515,0.0,1,1,0.8,25.27
2025,17,2025-12-19,valencia,mallorca,2025|2025-12-19|valencia|mallorca,2025|2025-12-19|valencia|mallorca,D,H,0.5431069224263213,0.2806890540295873,0.1762040235440913,0.5431069224263213,0.9940667931956599,0.262417868396734,2.0,3.25,4.2,1.0457875457875458,0.47810858143607704,0.29422066549912435,0.2276707530647986,2.0,0.5431069224263213,0.08621384485264261,0.08621384485264261,1,0,-1.0,24.27
2025,17,2025-12-20,levante,sociedad,2025|2025-12-20|levante|sociedad,2025|2025-12-20|levante|sociedad,D,A,0.18852885226679789,0.35545124750379986,0.4560199002294022,0.4560199002294022,1.0403037016064123,0.10056865272560234,3.4,3.4,2.15,1.0533515731874146,0.2792207792207792,0.2792207792207792,0.44155844155844154,2.15,0.4560199002294022,-0.01955721450678527,0.0,1,0,-1.0,23.27
2025,17,2025-12-20,osasuna,alaves,2025|2025-12-20|osasuna|alaves,2025|2025-12-20|osasuna|alaves,H,D,0.36012516117804655,0.37760388078707485,0.26227095803487865,0.37760388078707485,1.0865666185052967,0.017478719609028304,2.15,3.05,3.7,1.063255401799054,0.43744548890396356,0.30836321348967927,0.25419129760635717,3.05,0.37760388078707485,0.15169183640057826,0.07399601775637965,1,0,-1.0,22.27
2025,17,2025-12-20,real madrid,sevilla,2025|2025-12-20|real madrid|sevilla,2025|2025-12-20|realmadrid|sevilla,H,H,0.8781582806429483,0.07267104626235649,0.04917067309469519,0.8781582806429483,0.4527521459104047,0.8054872343805919,1.2,7.0,12.0,1.0595238095238095,0.7865168539325843,0.1348314606741573,0.07865168539325842,1.2,0.8781582806429483,0.053789936771537955,0.26894968385768986,1,1,0.19999999999999996,22.47
2025,17,2025-12-20,real oviedo,celta,2025|2025-12-20|real oviedo|celta,2025|2025-12-20|realoviedo|celta,D,A,0.2556733037946599,0.3347179215639688,0.4096087746413714,0.4096087746413714,1.0806364780232607,0.07489085307740262,3.6,3.5,2.05,1.051296941540844,0.2642238998342847,0.2717731541152642,0.46400294605045117,2.05,0.4096087746413714,-0.16030201198518862,0.0,1,0,-1.0,21.47
2025,17,2025-12-21,betis,getafe,2025|2025-12-21|betis|getafe,2025|2025-12-21|betis|getafe,H,H,0.6363058876258655,0.2183547089311369,0.1453394034429975,0.6363058876258655,0.9002283030614178,0.4179511786947286,1.7,3.5,5.5,1.0557677616501147,0.557163531114327,0.27062228654124454,0.17221418234442837,1.7,0.6363058876258655,0.0817200089639713,0.11674286994853043,1,1,0.7,22.169999999999998
2025,17,2025-12-21,elche,vallecano,2025|2025-12-21|elche|vallecano,2025|2025-12-21|elche|vallecano,H,H,0.39239825538754525,0.34189147430906563,0.2657102703033892,0.39239825538754525,1.0861778146299168,0.05050678107847961,2.4,3.1,3.2,1.051747311827957,0.39616613418530355,0.30670926517571884,0.2971246006389776,2.4,0.39239825538754525,-0.05824418706989143,0.0,1,1,1.4,23.569999999999997
2025,17,2025-12-21,girona,ath madrid,2025|2025-12-21|girona|ath madrid,2025|2025-12-21|girona|athmadrid,A,A,0.10174656015309207,0.25829907358924437,0.6399543662576637,0.6399543662576637,0.8678106260469187,0.3816552926684193,5.0,4.0,1.66,1.052409638554217,0.19004006868918144,0.2375500858614768,0.5724098454493417,1.66,0.6399543662576637,0.062324247987721626,0.0944306787692752,1,1,0.6599999999999999,24.229999999999997
2025,17,2025-12-21,villarreal,barcelona,2025|2025-12-21|villarreal|barcelona,2025|2025-12-21|villarreal|barcelona,A,A,0.1910263788545312,0.18570196692474142,0.6232716542207274,0.6232716542207274,0.9235303164443838,0.43224527536619617,3.25,4.75,1.85,1.0587591640223217,0.29061595700702775,0.19884249689954528,0.5105415460934271,1.85,0.6232716542207274,0.1530525603083457,0.18006183565687725,1,1,0.8500000000000001,25.08
2025,17,2025-12-22,ath bilbao,espanol,2025|2025-12-22|ath bilbao|espanol,2025|2025-12-22|athbilbao|espanol,A,H,0.721409778391969,0.16259328029670295,0.11599694131132811,0.721409778391969,0.7808057563836653,0.558816498095266,1.75,3.6,5.0,1.0492063492063493,0.5446293494704992,0.264750378214826,0.19062027231467474,1.75,0.721409778391969,0.26246711218594565,0.34995614958126087,1,0,-1.0,24.08
2025,18,2026-01-02,vallecano,getafe,2025|2026-01-02|vallecano|getafe,2025|2026-01-02|vallecano|getafe,D,H,0.5114867742943471,0.34129406724923006,0.1472191584564228,0.5114867742943471,0.9918600160076052,0.17019270704511702,2.08,3.03,4.75,1.0213285498590343,0.47072925831319157,0.3231408769938741,0.20612986469293443,2.08,0.5114867742943471,0.063892490532242,0.059159713455779625,1,0,-1.0,23.08
2025,18,2026-01-03,celta,valencia,2025|2026-01-03|celta|valencia,2025|2026-01-03|celta|valencia,H,H,0.4633351239390643,0.2676202200999985,0.26904465596093735,0.4633351239390643,1.0624419948683457,0.19429046797812694,2.0,3.3,4.0,1.053030303030303,0.47482014388489213,0.2877697841726619,0.23741007194244607,2.0,0.4633351239390643,-0.07332975212187143,0.0,1,1,1.0,24.08
2025,18,2026-01-03,elche,villarreal,2025|2026-01-03|elche|villarreal,2025|2026-01-03|elche|villarreal,A,A,0.3309780022385196,0.30361989477025203,0.3654021029912285,0.3654021029912285,1.095743020948292,0.03442410075270891,3.25,3.5,2.2,1.0479520479520479,0.2936129647283127,0.2726406101048618,0.43374642516682554,2.2,0.3654021029912285,-0.1961153734192973,0.0,1,1,1.2000000000000002,25.279999999999998
2025,18,2026-01-03,espanol,barcelona,2025|2026-01-03|espanol|barcelona,2025|2026-01-03|espanol|barcelona,A,A,0.08258702588541766,0.18953564757193536,0.727877326542647,0.727877326542647,0.7523859545753928,0.5383416789707116,5.25,4.75,1.5,1.0676691729323307,0.17840375586854462,0.1971830985915493,0.6244131455399061,1.5,0.727877326542647,0.09181598981397054,0.1836319796279411,1,1,0.5,25.779999999999998
2025,18,2026-01-03,osasuna,ath bilbao,2025|2026-01-03|osasuna|ath bilbao,2025|2026-01-03|osasuna|athbilbao,D,D,0.23863605029927928,0.4289301225901074,0.3324338271106133,0.4289301225901074,1.0711083871571636,0.09649629547949407,3.0,2.9,2.62,1.059840308853207,0.3145127907939399,0.32535805944200685,0.3601291497640533,2.9,0.4289301225901074,0.24389735551131142,0.1283670292164797,1,1,1.9,27.68
2025,18,2026-01-04,alaves,real oviedo,2025|2026-01-04|alaves|real oviedo,2025|2026-01-04|alaves|realoviedo,D,H,0.5789867189568151,0.3076397759345147,0.1133735051086703,0.5789867189568151,0.9258776613778738,0.2713469430223004,1.83,3.1,5.5,1.050846914411166,0.5200073197511285,0.30697206294985974,0.17302061729901186,1.83,0.5789867189568151,0.05954569569097162,0.0717418020373152,1,0,-1.0,26.68
2025,18,2026-01-04,mallorca,girona,2025|2026-01-04|mallorca|girona,2025|2026-01-04|mallorca|girona,A,H,0.3700878867173984,0.3653522683579096,0.2645598449246921,0.3700878867173984,1.0875255637177443,0.004735618359488769,2.25,3.2,3.4,1.051062091503268,0.42285270112708895,0.29731830547998445,0.27982899339292655,2.25,0.3700878867173984,-0.16730225488585354,0.0,1,0,-1.0,25.68
2025,18,2026-01-04,real madrid,betis,2025|2026-01-04|real madrid|betis,2025|2026-01-04|realmadrid|betis,H,H,0.7685459062809563,0.11134725103839656,0.12010684268064711,0.7685459062809563,0.7012933340707319,0.6484390636003092,1.45,4.75,6.0,1.0668481548699336,0.6464417351857102,0.1973348454777431,0.15622341933654663,1.45,0.7685459062809563,0.1143915641073866,0.25420347579419245,1,1,0.44999999999999996,26.13
2025,18,2026-01-04,sevilla,levante,2025|2026-01-04|sevilla|levante,2025|2026-01-04|sevilla|levante,A,H,0.5506829662025092,0.29255449973459446,0.15676253406289634,0.5506829662025092,0.9785998613055245,0.25812846646791476,1.75,3.6,4.75,1.0597326649958227,0.5392195506503745,0.2621206148994876,0.19865983445013796,1.75,0.5506829662025092,-0.03630480914560885,0.0,1,0,-1.0,25.13
2025,18,2026-01-04,sociedad,ath madrid,2025|2026-01-04|sociedad|ath madrid,2025|2026-01-04|sociedad|athmadrid,D,A,0.20300968670266967,0.2721061395216294,0.524884173775701,0.524884173775701,1.016191182804323,0.2527780342540716,3.9,3.6,1.9,1.0605038236617186,0.2417815482502651,0.2619300106044538,0.4962884411452809,1.9,0.524884173775701,-0.0027200698261682366,0.0,1,0,-1.0,24.13
2025,19,2025-12-02,barcelona,ath madrid,2025|2025-12-02|barcelona|ath madrid,2025|2025-12-02|barcelona|athmadrid,H,H,0.6281816288188342,0.22074535356340258,0.15107301761776323,0.6281816288188342,0.9110747734816065,0.40743627525543163,1.72,4.33,4.1,1.0562446700786896,0.5504362438997167,0.21864903914723152,0.23091471695305188,1.72,0.6281816288188342,0.08047240156839486,0.11176722440054841,1,1,0.72,24.849999999999998
2025,19,2025-12-03,ath bilbao,real madrid,2025|2025-12-03|ath bilbao|real madrid,2025|2025-12-03|athbilbao|realmadrid,A,A,0.16652836443961666,0.2331766372237122,0.6002949983366711,0.6002949983366711,0.9443636414092229,0.3671183611129589,4.1,3.9,1.8,1.0558682509902022,0.23099703849950645,0.24284304047384012,0.5261599210266535,1.8,0.6002949983366711,0.08053099700600802,0.10066374625751003,1,1,0.8,25.65
2025,19,2026-01-09,getafe,sociedad,2025|2026-01-09|getafe|sociedad,2025|2026-01-09|getafe|sociedad,A,A,0.17192286880726326,0.3658637554336441,0.46221337575909277,0.46221337575909277,1.0272834106317767,0.09634962032544869,3.56,3.0,2.46,1.020736274778478,0.2751924109540004,0.3265616609987471,0.39824592804725256,2.46,0.46221337575909277,0.13704490436736816,0.09386637285436175,1,1,1.46,27.11
2025,19,2026-01-10,girona,osasuna,2025|2026-01-10|girona|osasuna,2025|2026-01-10|girona|osasuna,H,H,0.3589709229846277,0.3026166215720071,0.3384124554433653,0.3589709229846277,1.0961513377788497,0.020558467541262393,2.42,3.25,3.25,1.0286077558804831,0.40173053152039556,0.29913473423980225,0.29913473423980225,2.42,0.3589709229846277,-0.13129036637720104,0.0,1,1,1.42,28.529999999999998
2025,19,2026-01-10,real oviedo,betis,2025|2026-01-10|real oviedo|betis,2025|2026-01-10|realoviedo|betis,D,A,0.16062550488182054,0.27119812822789396,0.5681763668902855,0.5681763668902855,0.9688239572756674,0.29697823866239154,4.4,3.5,1.94,1.0284509305127862,0.22098548460587122,0.27781032350452384,0.501204191889605,1.94,0.5681763668902855,0.10226215176715381,0.10878952315654661,1,0,-1.0,27.529999999999998
2025,19,2026-01-10,valencia,elche,2025|2026-01-10|valencia|elche,2025|2026-01-10|valencia|elche,D,H,0.4779939004859327,0.2958615127180523,0.2261445867960149,0.4779939004859327,1.0493358981077534,0.18213238776788043,2.26,3.2,3.66,1.0282019198220418,0.43034142183159657,0.30392862916856506,0.26572994899983826,2.26,0.4779939004859327,0.08026621509820786,0.063703345316038,1,0,-1.0,26.529999999999998
2025,19,2026-01-10,villarreal,alaves,2025|2026-01-10|villarreal|alaves,2025|2026-01-10|villarreal|alaves,H,H,0.734248658156956,0.16527732316469337,0.10047401867835061,0.734248658156956,0.7552105267137914,0.5689713349922626,1.48,4.54,7.5,1.0292733261896256,0.6564589390235439,0.21399983034247685,0.12954123063397932,1.48,0.734248658156956,0.08668801407229476,0.18060002931728075,1,1,0.48,27.009999999999998
2025,19,2026-01-11,levante,espanol,2025|2026-01-11|levante|espanol,2025|2026-01-11|levante|espanol,D,D,0.25292871808773115,0.42193805822101377,0.32513322369125514,0.42193805822101377,1.0770705960899924,0.09680483452975863,3.2,3.31,2.41,1.0295525629614772,0.3035299131314899,0.29344281632047364,0.4030272705480364,3.31,0.42193805822101377,0.39661497271155555,0.17169479338162577,1,1,2.31,29.32
2025,19,2026-01-11,vallecano,mallorca,2025|2026-01-11|vallecano|mallorca,2025|2026-01-11|vallecano|mallorca,H,H,0.6023501670706128,0.269220380073218,0.12842945285616916,0.6023501670706128,0.9222043097570263,0.3331297869973948,1.93,3.3,4.8,1.029498351389543,0.5032885330283101,0.2943475359832237,0.20236393098846633,1.93,0.6023501670706128,0.16253582244628273,0.17476970155514274,1,1,0.9299999999999999,30.25
2025,19,2026-01-12,sevilla,celta,2025|2026-01-12|sevilla|celta,2025|2026-01-12|sevilla|celta,A,D,0.40047811948232054,0.4028713802999897,0.19665050021768976,0.4028713802999897,1.052559698789336,0.0023932608176691628,2.65,3.39,2.88,1.0195659635257233,0.3701167987808345,0.28932434122985584,0.34055885998930946,3.39,0.4028713802999897,0.36573397921696515,0.15302676954684732,1,0,-1.0,29.25
2025,20,2026-01-16,espanol,girona,2025|2026-01-16|espanol|girona,2025|2026-01-16|espanol|girona,A,H,0.5491378880214115,0.26019208929003745,0.19067002268855107,0.5491378880214115,0.9954425847785549,0.28894579873137405,1.9,3.5,4.2,1.050125313283208,0.5011933174224343,0.2720763723150358,0.22673031026252982,1.9,0.5491378880214115,0.0433619872406818,0.04817998582297978,1,0,-1.0,28.25
2025,20,2026-01-17,betis,villarreal,2025|2026-01-17|betis|villarreal,2025|2026-01-17|betis|villarreal,H,H,0.4487593881413758,0.280961214065949,0.2702793977926753,0.4487593881413758,1.0698741239458203,0.1677981740754268,2.62,3.55,2.62,1.0450489194710246,0.36522633744855965,0.26954732510288065,0.36522633744855965,2.62,0.4487593881413758,0.1757495969304047,0.10848740551259549,1,1,1.62,29.869999999999997
2025,20,2026-01-17,mallorca,ath bilbao,2025|2026-01-17|mallorca|ath bilbao,2025|2026-01-17|mallorca|athbilbao,H,A,0.1638089118991885,0.3343604777363864,0.5018306103644251,0.5018306103644251,1.0086516019191776,0.16747013262803873,3.82,2.95,2.28,1.0393596467875696,0.2518667195913813,0.3261460572335852,0.42198722317503357,2.28,0.5018306103644251,0.14417379163088917,0.11263577471163218,1,0,-1.0,28.869999999999997
2025,20,2026-01-17,osasuna,real oviedo,2025|2026-01-17|osasuna|real oviedo,2025|2026-01-17|osasuna|realoviedo,H,H,0.5478298226833734,0.29732541310745514,0.15484476420917154,0.5478298226833734,0.9791500910167336,0.2505044095759183,1.8,3.4,5.0,1.0496732026143791,0.5292652552926526,0.28019925280199254,0.19053549190535493,1.8,0.5478298226833734,-0.013906319169927794,0.0,1,1,0.8,29.669999999999998
2025,20,2026-01-17,real madrid,levante,2025|2026-01-17|real madrid|levante,2025|2026-01-17|realmadrid|levante,H,H,0.9199017772578805,0.045561983218034605,0.03453623952408496,0.9199017772578805,0.3337677804811324,0.8743397940398459,1.14,10.03,17.0,1.0357174091759809,0.8469423944066337,0.09626264502727443,0.0567949605660919,1.14,0.9199017772578805,0.04868802607398365,0.3477716148141692,1,1,0.1399999999999999,29.81
2025,20,2026-01-18,ath madrid,alaves,2025|2026-01-18|ath madrid|alaves,2025|2026-01-18|athmadrid|alaves,H,H,0.7989595647416763,0.12522502231180646,0.07581541294651725,0.7989595647416763,0.6350576669200458,0.6737345424298699,1.36,5.0,9.0,1.04640522875817,0.7026858213616489,0.19113054341036853,0.10618363522798249,1.36,0.7989595647416763,0.0865850080486798,0.24051391124633273,1,1,0.3600000000000001,30.169999999999998
2025,20,2026-01-18,celta,vallecano,2025|2026-01-18|celta|vallecano,2025|2026-01-18|celta|vallecano,H,H,0.4475054845878047,0.20830043327092274,0.34419408214127245,0.4475054845878047,1.0537004915869963,0.10331140244653225,2.05,3.2,4.0,1.0503048780487805,0.46444121915820036,0.29753265602322204,0.23802612481857766,2.05,0.4475054845878047,-0.08261375659500042,0.0,1,1,1.0499999999999998,31.22
2025,20,2026-01-18,getafe,valencia,2025|2026-01-18|getafe|valencia,2025|2026-01-18|getafe|valencia,A,D,0.29828254184149566,0.38254043849875025,0.31917701965975404,0.38254043849875025,1.0929308669643565,0.06336341883899621,2.55,2.75,3.39,1.0507784771189248,0.3732060289437339,0.3460637722932805,0.28073019876298566,2.75,0.38254043849875025,0.05198620587156322,0.029706403355178983,1,0,-1.0,30.22
2025,20,2026-01-18,sociedad,barcelona,2025|2026-01-18|sociedad|barcelona,2025|2026-01-18|sociedad|barcelona,H,A,0.1480776646770886,0.20087847294184438,0.651043862381067,0.651043862381067,0.8846659655775675,0.4501653894392227,5.0,4.51,1.56,1.062755131047814,0.18819010528117777,0.20863648035607293,0.6031734143627492,1.56,0.651043862381067,0.015628425314464622,0.02790790234725825,1,0,-1.0,29.22
2025,20,2026-01-19,elche,sevilla,2025|2026-01-19|elche|sevilla,2025|2026-01-19|elche|sevilla,D,H,0.42047925914668083,0.27992633263682265,0.29959440821649647,0.42047925914668083,1.0818055717158752,0.12088485093018436,2.25,3.3,3.25,1.0551670551670551,0.4212076583210604,0.2871870397643594,0.2916053019145803,2.25,0.42047925914668083,-0.053921666919968136,0.0,1,0,-1.0,28.22
2025,21,2026-01-23,levante,elche,2025|2026-01-23|levante|elche,2025|2026-01-23|levante|elche,H,D,0.32965168171067033,0.3412251405553721,0.3291231777339576,0.3412251405553721,1.0984724885142474,0.01157345884470179,2.37,3.3,2.87,1.073403287049474,0.3930870469288907,0.28230797006711245,0.32460498300399687,3.3,0.3412251405553721,0.12604296383272795,0.0548012886229252,1,0,-1.0,27.22
2025,21,2026-01-24,sevilla,ath bilbao,2025|2026-01-24|sevilla|ath bilbao,2025|2026-01-24|sevilla|athbilbao,H,D,0.27283236306151754,0.3718348335145338,0.3553328034239487,0.3718348335145338,1.089902602410757,0.016502030090585096,2.87,3.0,2.62,1.0634447783954393,0.3276447097468048,0.3134467723244433,0.3589085179287519,3.0,0.3718348335145338,0.1155045005436014,0.0577522502718007,1,0,-1.0,26.22
2025,21,2026-01-24,valencia,espanol,2025|2026-01-24|valencia|espanol,2025|2026-01-24|valencia|espanol,H,H,0.39308093616372464,0.3587722651136967,0.24814679872257867,0.39308093616372464,1.0806518872063058,0.03430867105002794,2.45,3.1,3.1,1.053324555628703,0.3875,0.30625,0.30625,2.45,0.39308093616372464,-0.03695170639887457,0.0,1,1,1.4500000000000002,27.669999999999998
2025,21,2026-01-24,vallecano,osasuna,2025|2026-01-24|vallecano|osasuna,2025|2026-01-24|vallecano|osasuna,A,H,0.4690566090402913,0.3106555289643702,0.22028786199533856,0.4690566090402913,1.0515249344914883,0.15840108007592107,2.15,3.25,3.6,1.050586364539853,0.4427206508371961,0.29287673824614513,0.2644026109166588,2.15,0.4690566090402913,0.008471709436626118,0.007366703857935755,1,0,-1.0,26.669999999999998
2025,21,2026-01-24,villarreal,real madrid,2025|2026-01-24|villarreal|real madrid,2025|2026-01-24|villarreal|realmadrid,A,A,0.22519443376261694,0.20119791570086312,0.5736076505365199,0.5736076505365199,0.9771485836103202,0.3484132167739029,3.4,3.9,2.0,1.05052790346908,0.2799712849964106,0.24407753050969133,0.47595118449389806,2.0,0.5736076505365199,0.1472153010730397,0.1472153010730397,1,1,1.0,27.669999999999998
2025,21,2026-01-25,alaves,betis,2025|2026-01-25|alaves|betis,2025|2026-01-25|alaves|betis,H,H,0.37612087953085177,0.28398113624195964,0.33989798422718864,0.37612087953085177,1.0920639714022056,0.03622289530366313,2.6,3.0,2.9,1.0627763041556144,0.36189683860232946,0.3136439267886855,0.32445923460898507,2.6,0.37612087953085177,-0.022085713219785363,0.0,1,1,1.6,29.27
2025,21,2026-01-25,ath madrid,mallorca,2025|2026-01-25|ath madrid|mallorca,2025|2026-01-25|athmadrid|mallorca,H,H,0.8199277139600623,0.10734935742206629,0.07272292861787144,0.8199277139600623,0.5929696612375558,0.712578356537996,1.3,5.25,10.0,1.0597069597069597,0.7258900795022467,0.1797442101624611,0.09436571033529209,1.3,0.8199277139600623,0.06590602814808097,0.2196867604936032,1,1,0.30000000000000004,29.57
2025,21,2026-01-25,barcelona,real oviedo,2025|2026-01-25|barcelona|real oviedo,2025|2026-01-25|barcelona|realoviedo,H,H,0.8842701423825974,0.07649749114902771,0.03923236646837488,0.8842701423825974,0.4324396809011276,0.8077726512335697,1.11,10.0,19.0,1.0535324798482693,0.8551239929789819,0.094918763220667,0.049957243800351055,1.11,0.8842701423825974,-0.018460141955316825,0.0,1,1,0.1100000000000001,29.68
2025,21,2026-01-25,sociedad,celta,2025|2026-01-25|sociedad|celta,2025|2026-01-25|sociedad|celta,H,H,0.4466576186686237,0.40649343265066945,0.1468489486807069,0.4466576186686237,1.0076175884202083,0.04016418601795424,2.0,3.4,3.8,1.0572755417956656,0.47291361639824303,0.2781844802342606,0.24890190336749632,2.0,0.4466576186686237,-0.10668476266275256,0.0,1,1,1.0,30.68
2025,21,2026-01-26,girona,getafe,2025|2026-01-26|girona|getafe,2025|2026-01-26|girona|getafe,D,H,0.3728257738445472,0.36080985641704755,0.26636436973840527,0.3728257738445472,1.0880281962425864,0.012015917427499634,2.1,3.0,4.0,1.0595238095238095,0.449438202247191,0.3146067415730337,0.23595505617977527,2.1,0.3728257738445472,-0.2170658749264509,0.0,1,0,-1.0,29.68
2025,22,2026-01-30,espanol,alaves,2025|2026-01-30|espanol|alaves,2025|2026-01-30|espanol|alaves,A,H,0.5055086449871493,0.32053613809889975,0.17395521691395088,0.5055086449871493,1.0137865520869394,0.18497250688824957,1.91,3.0,4.5,1.0791157649796395,0.4851752021563342,0.3088948787061994,0.20592991913746628,1.91,0.5055086449871493,-0.034478488074544844,0.0,1,0,-1.0,28.68
2025,22,2026-01-31,elche,barcelona,2025|2026-01-31|elche|barcelona,2025|2026-01-31|elche|barcelona,A,A,0.10970315810968918,0.12805798680753694,0.7622388550827737,0.7622388550827737,0.7125797542499985,0.6341808682752368,7.5,5.75,1.33,1.0591260760597145,0.12588995431910777,0.16420428824231448,0.7099057574385776,1.33,0.7622388550827737,0.01377767726008905,0.04175053715178499,1,1,0.33000000000000007,29.009999999999998
2025,22,2026-01-31,levante,ath madrid,2025|2026-01-31|levante|ath madrid,2025|2026-01-31|levante|athmadrid,D,A,0.15270378590800554,0.28935002257033715,0.5579461915216573,0.5579461915216573,0.971355175234929,0.2685961689513201,5.25,4.0,1.61,1.0615942028985508,0.17942467089224767,0.23549488054607506,0.5850804485616772,1.61,0.5579461915216573,-0.10170663165013177,0.0,1,0,-1.0,28.009999999999998
2025,22,2026-01-31,osasuna,villarreal,2025|2026-01-31|osasuna|villarreal,2025|2026-01-31|osasuna|villarreal,D,A,0.3502628519680525,0.2220398493144502,0.42769729871749723,0.42769729871749723,1.0648584012215547,0.07743444674944472,2.75,3.3,2.55,1.058823529411765,0.34343434343434337,0.2861952861952861,0.37037037037037035,2.55,0.42769729871749723,0.09062811172961782,0.05846974950297925,1,0,-1.0,27.009999999999998
2025,22,2026-01-31,real oviedo,girona,2025|2026-01-31|real oviedo|girona,2025|2026-01-31|realoviedo|girona,H,D,0.3187669859106562,0.460873064897482,0.22035994919186186,0.460873064897482,1.054744844659787,0.14210607898682576,2.75,3.0,2.75,1.0606060606060606,0.34285714285714286,0.3142857142857143,0.34285714285714286,3.0,0.460873064897482,0.3826191946924459,0.19130959734622294,1,0,-1.0,26.009999999999998
2025,22,2026-02-01,ath bilbao,sociedad,2025|2026-02-01|ath bilbao|sociedad,2025|2026-02-01|athbilbao|sociedad,D,H,0.45598842447962606,0.31709454677954524,0.22691702874082856,0.45598842447962606,1.058839512503523,0.13889387770008083,2.3,3.1,3.4,1.0514809009157662,0.41349548842683403,0.3067869752844252,0.27971753628874063,2.3,0.45598842447962606,0.048773376303139826,0.037517981771646024,1,0,-1.0,25.009999999999998
2025,22,2026-02-01,betis,valencia,2025|2026-02-01|betis|valencia,2025|2026-02-01|betis|valencia,H,H,0.554510581551394,0.2508464402175448,0.19464297823106116,0.554510581551394,0.9924274668918494,0.30366414133384917,1.83,3.5,4.5,1.0543845953682018,0.5182625863770978,0.27097729516288255,0.21076011846001974,1.83,0.554510581551394,0.014754364239051021,0.017776342456687976,1,1,0.8300000000000001,25.84
2025,22,2026-02-01,getafe,celta,2025|2026-02-01|getafe|celta,2025|2026-02-01|getafe|celta,D,D,0.3361080159245559,0.45530736888204887,0.20858461519339516,0.45530736888204887,1.0516318055994647,0.11919935295749295,2.8,2.9,2.8,1.059113300492611,0.33720930232558133,0.3255813953488372,0.33720930232558133,2.9,0.45530736888204887,0.3203913697579416,0.1686270367147061,1,1,1.9,27.74
2025,22,2026-02-01,real madrid,vallecano,2025|2026-02-01|real madrid|vallecano,2025|2026-02-01|realmadrid|vallecano,H,H,0.8430528741495659,0.09238027133140349,0.06456685451903063,0.8430528741495659,0.5408825778854645,0.7506726028181624,1.25,6.0,12.0,1.05,0.7619047619047619,0.15873015873015872,0.07936507936507936,1.25,0.8430528741495659,0.053816092686957334,0.21526437074782934,1,1,0.25,27.99
2025,22,2026-02-02,mallorca,sevilla,2025|2026-02-02|mallorca|sevilla,2025|2026-02-02|mallorca|sevilla,H,A,0.3150156823615879,0.29560818333512817,0.389376134303284,0.389376134303284,1.091411949964031,0.0743604519416961,2.6,3.1,2.85,1.058073222759131,0.36350545155317837,0.3048755400123432,0.3316190084344785,2.85,0.389376134303284,0.1097219827643594,0.059309179872626704,1,0,-1.0,26.99
2025,23,2026-02-06,celta,osasuna,2025|2026-02-06|celta|osasuna,2025|2026-02-06|celta|osasuna,A,H,0.5385422585536841,0.26075665549761723,0.20070108594869868,0.5385422585536841,1.006112334466723,0.27778560305606687,1.95,3.25,4.0,1.0705128205128207,0.47904191616766467,0.2874251497005988,0.23353293413173648,1.95,0.5385422585536841,0.05015740417968395,0.052797267557562054,1,0,-1.0,25.99
2025,23,2026-02-07,barcelona,mallorca,2025|2026-02-07|barcelona|mallorca,2025|2026-02-07|barcelona|mallorca,H,H,0.8947859975375669,0.06579819976589418,0.03941580269653876,0.8947859975375669,0.40597608232318516,0.8289877977716728,1.12,8.0,17.0,1.0766806722689075,0.8292682926829268,0.11609756097560976,0.054634146341463415,1.12,0.8947859975375669,0.0021603172420750633,0.018002643683958843,1,1,0.1200000000000001,26.11
2025,23,2026-02-07,sociedad,elche,2025|2026-02-07|sociedad|elche,2025|2026-02-07|sociedad|elche,H,H,0.5931587641133383,0.1795742004912444,0.2272670353954173,0.5931587641133383,0.9548871960451741,0.3658917287179211,1.65,4.0,5.0,1.0560606060606061,0.5738880918220947,0.23672883787661403,0.18938307030129126,1.65,0.5931587641133383,-0.02128803921299177,0.0,1,1,0.6499999999999999,26.759999999999998
2025,23,2026-02-08,alaves,getafe,2025|2026-02-08|alaves|getafe,2025|2026-02-08|alaves|getafe,A,D,0.36308624157138203,0.42031335427435146,0.2166004041542665,0.42031335427435146,1.0634905528736853,0.05722711270296943,2.25,2.7,4.0,1.0648148148148149,0.41739130434782606,0.3478260869565217,0.23478260869565215,2.7,0.42031335427435146,0.134846056540749,0.07932120972985233,1,0,-1.0,25.759999999999998
2025,23,2026-02-08,ath bilbao,levante,2025|2026-02-08|ath bilbao|levante,2025|2026-02-08|athbilbao|levante,H,H,0.6687239623191771,0.22064655226637162,0.11062948541445133,0.6687239623191771,0.8460817341067486,0.44807741005280544,1.61,3.6,5.75,1.072808833678399,0.5789642972016725,0.2589256995818591,0.1621100032164683,1.61,0.6687239623191771,0.07664557933387517,0.12564849071127074,1,1,0.6100000000000001,26.369999999999997
2025,23,2026-02-08,ath madrid,betis,2025|2026-02-08|ath madrid|betis,2025|2026-02-08|athmadrid|betis,A,H,0.6572295004427368,0.13906371836031894,0.20370678119694433,0.6572295004427368,0.8743142877136152,0.45352271924579246,1.55,4.2,5.5,1.0650747102360005,0.6057427559984266,0.2235479218565622,0.17070932214501117,1.55,0.6572295004427368,0.018705725686242014,0.034010410338621844,1,0,-1.0,25.369999999999997
2025,23,2026-02-08,sevilla,girona,2025|2026-02-08|sevilla|girona,2025|2026-02-08|sevilla|girona,D,H,0.4285770832918932,0.3571605195465555,0.21426239716155118,0.4285770832918932,1.060931297086119,0.07141656374533772,2.15,3.3,3.5,1.0538608678143562,0.44134505158578524,0.28754298815437523,0.2711119602598395,2.15,0.4285770832918932,-0.0785592709224297,0.0,1,0,-1.0,24.369999999999997
2025,23,2026-02-08,valencia,real madrid,2025|2026-02-08|valencia|real madrid,2025|2026-02-08|valencia|realmadrid,A,A,0.13084983049664203,0.21650592144939135,0.6526442480539667,0.6526442480539667,0.8758921241018846,0.43613832660457535,5.75,4.33,1.53,1.058454696937181,0.1643084432253056,0.21819250543776147,0.6174990513369328,1.53,0.6526442480539667,-0.0014543004774309476,0.0,1,1,0.53,24.9
2025,23,2026-02-09,villarreal,espanol,2025|2026-02-09|villarreal|espanol,2025|2026-02-09|villarreal|espanol,H,H,0.5627965178661996,0.25407341239850245,0.18313006973529797,0.5627965178661996,0.9825044887270689,0.3087231054676971,1.7,3.8,4.5,1.0736154110767115,0.5479013136815123,0.24511374559436072,0.20698494072412685,1.7,0.5627965178661996,-0.04324591962746077,0.0,1,1,0.7,25.599999999999998
2025,23,2026-03-04,vallecano,real oviedo,2025|2026-03-04|vallecano|real oviedo,2025|2026-03-04|vallecano|realoviedo,H,H,0.6012597709501436,0.2712565341149698,0.12748369493488665,0.6012597709501436,0.9223702529983826,0.3300032368351738,1.67,3.75,5.25,1.055945252352438,0.5670771224886585,0.2525383452149492,0.1803845322963923,1.67,0.6012597709501436,0.004103817486739769,0.006125100726477268,1,1,0.6699999999999999,26.27
2025,24,2026-02-13,elche,osasuna,2025|2026-02-13|elche|osasuna,2025|2026-02-13|elche|osasuna,D,H,0.39184160598450113,0.2961069018820839,0.31205149213341504,0.39184160598450113,1.0908989716706663,0.07979011385108609,2.7,3.3,2.55,1.0655575361457714,0.3475836431226766,0.2843866171003718,0.36802973977695175,2.7,0.39184160598450113,0.057972336158153115,0.0341013742106783,1,0,-1.0,25.27
2025,24,2026-02-14,espanol,celta,2025|2026-02-14|espanol|celta,2025|2026-02-14|espanol|celta,D,H,0.3848023891775563,0.3455564529898979,0.2696411578325458,0.3848023891775563,1.0880928220952077,0.039245936187658426,2.35,3.2,3.0,1.0713652482269502,0.3971865949524204,0.29168390566818375,0.311129499379396,2.35,0.3848023891775563,-0.09571438543274269,0.0,1,0,-1.0,24.27
2025,24,2026-02-14,getafe,villarreal,2025|2026-02-14|getafe|villarreal,2025|2026-02-14|getafe|villarreal,H,A,0.2930165029828183,0.27365292400467006,0.4333305730125116,0.4333305730125116,1.0766854408053879,0.14031407002969332,3.25,3.1,2.25,1.0747173972980424,0.2863006670087225,0.30015392508978966,0.41354540790148797,2.25,0.4333305730125116,-0.02500621072184883,0.0,1,0,-1.0,23.27
2025,24,2026-02-14,real madrid,sociedad,2025|2026-02-14|real madrid|sociedad,2025|2026-02-14|realmadrid|sociedad,H,H,0.8097112835172362,0.10897037102678388,0.08131834545597985,0.8097112835172362,0.6165231485048488,0.7007409124904523,1.33,5.25,8.0,1.0673558897243107,0.7044320516583504,0.17845611975344877,0.11711182858820077,1.33,0.8097112835172362,0.07691600707792423,0.23307880932704308,1,1,0.33000000000000007,23.599999999999998
2025,24,2026-02-14,sevilla,alaves,2025|2026-02-14|sevilla|alaves,2025|2026-02-14|sevilla|alaves,D,H,0.429586105850366,0.3113548361822844,0.25905905796734974,0.429586105850366,1.0761780712856188,0.11823126966808162,2.1,3.1,3.6,1.0765488991295444,0.4423305588585017,0.29964328180737215,0.25802615933412604,2.1,0.429586105850366,-0.09786917771423131,0.0,1,0,-1.0,22.599999999999998
2025,24,2026-02-15,levante,valencia,2025|2026-02-15|levante|valencia,2025|2026-02-15|levante|valencia,A,D,0.2805867038133547,0.3646010509439778,0.35481224524266747,0.3646010509439778,1.0920992827374338,0.009788805701310355,2.63,3.25,2.6,1.0725358291898215,0.3545132260703573,0.28688301063539684,0.358603763294246,3.25,0.3646010509439778,0.184953415567928,0.08220151803019021,1,0,-1.0,21.599999999999998
2025,24,2026-02-15,mallorca,betis,2025|2026-02-15|mallorca|betis,2025|2026-02-15|mallorca|betis,A,A,0.30627604809132286,0.2305670370422214,0.46315691486645577,0.46315691486645577,1.0571848434495879,0.1568808667751329,2.88,3.2,2.45,1.0678854875283446,0.32514930325149305,0.29263437292634376,0.38221632382216325,2.45,0.46315691486645577,0.13473444142281676,0.0929203044295288,1,1,1.4500000000000002,23.05
2025,24,2026-02-15,real oviedo,ath bilbao,2025|2026-02-15|real oviedo|ath bilbao,2025|2026-02-15|realoviedo|athbilbao,A,A,0.2010721553950553,0.26088726734140855,0.5380405772635362,0.5380405772635362,1.006572718979231,0.2771533099221276,3.6,3.1,2.15,1.0654747020088355,0.26070799921768045,0.30275767651085467,0.4365343242714649,2.15,0.5380405772635362,0.1567872411166027,0.13633673140574148,1,1,1.15,24.2
2025,24,2026-02-15,vallecano,ath madrid,2025|2026-02-15|vallecano|ath madrid,2025|2026-02-15|vallecano|athmadrid,H,A,0.2359790507099359,0.3278960743063404,0.4361248749837236,0.4361248749837236,1.0682880169477926,0.10822880067738322,4.2,3.3,1.83,1.087573628557235,0.21892332789559543,0.27862969004893967,0.5024469820554649,1.83,0.4361248749837236,-0.20189147877978575,0.0,1,0,-1.0,23.2
2025,24,2026-02-16,girona,barcelona,2025|2026-02-16|girona|barcelona,2025|2026-02-16|girona|barcelona,H,A,0.06641190464892129,0.07021170605083868,0.8633763893002401,0.8633763893002401,0.49343411792701575,0.7931646832494014,7.0,5.0,1.36,1.0781512605042016,0.13250194855806702,0.18550272798129386,0.6819953234606391,1.36,0.8633763893002401,0.1741918894483266,0.48386635957868485,1,0,-1.0,22.2
2025,25,2026-02-20,ath bilbao,elche,2025|2026-02-20|ath bilbao|elche,2025|2026-02-20|athbilbao|elche,H,H,0.6635243632064665,0.21125260140084834,0.1252230353926852,0.6635243632064665,0.8607761783785253,0.4522717618056181,1.67,3.8,5.25,1.0524364804226134,0.5689677299756157,0.2500463444892837,0.1809859255351006,1.67,0.6635243632064665,0.10808568655479894,0.16132192023104322,1,1,0.6699999999999999,22.869999999999997
2025,25,2026-02-21,ath madrid,espanol,2025|2026-02-21|ath madrid|espanol,2025|2026-02-21|athmadrid|espanol,H,H,0.7439950979201163,0.1469517433104337,0.10905315876944999,0.7439950979201163,0.7434700669775515,0.5970433546096826,1.5,4.1,7.0,1.0534262485481998,0.6328555678059536,0.23153252480705624,0.13561190738699008,1.5,0.7439950979201163,0.11599264688017447,0.23198529376034893,1,1,0.5,23.369999999999997
2025,25,2026-02-21,betis,vallecano,2025|2026-02-21|betis|vallecano,2025|2026-02-21|betis|vallecano,D,H,0.5142663049534888,0.2050638070032002,0.280669888043311,0.5142663049534888,1.0235168478497179,0.2335964169101778,1.9,3.4,4.33,1.0513803187495978,0.5005950559352579,0.2797442959638206,0.21966064810092148,1.9,0.5142663049534888,-0.02289402058837131,0.0,1,0,-1.0,22.369999999999997
2025,25,2026-02-21,osasuna,real madrid,2025|2026-02-21|osasuna|real madrid,2025|2026-02-21|osasuna|realmadrid,H,A,0.19439400393663048,0.17725019437427467,0.6283558016890949,0.6283558016890949,0.9170335244988943,0.4339617977524644,4.75,4.0,1.7,1.0487616099071206,0.2007380073800738,0.23837638376383766,0.5608856088560886,1.7,0.6283558016890949,0.06820486287146127,0.09743551838780182,1,0,-1.0,21.369999999999997
2025,25,2026-02-21,sociedad,real oviedo,2025|2026-02-21|sociedad|real oviedo,2025|2026-02-21|sociedad|realoviedo,D,H,0.781627215275923,0.09983216018239716,0.11854062454167982,0.781627215275923,0.6754028206422513,0.6630865907342433,1.48,3.9,7.5,1.0654192654192653,0.6341875894367114,0.240666059581111,0.12514635098217772,1.48,0.781627215275923,0.1568082786083661,0.3266839137674294,1,0,-1.0,20.369999999999997
2025,25,2026-02-22,barcelona,levante,2025|2026-02-22|barcelona|levante,2025|2026-02-22|barcelona|levante,H,H,0.917409875750934,0.056859506331537774,0.02573061791752823,0.917409875750934,0.3362835188215652,0.8605503694193962,1.11,11.0,15.0,1.0584766584766585,0.8511296812132465,0.08588672237697308,0.06298359640978025,1.11,0.917409875750934,0.018324962083536858,0.16659056439578948,1,1,0.1100000000000001,20.48
2025,25,2026-02-22,celta,mallorca,2025|2026-02-22|celta|mallorca,2025|2026-02-22|celta|mallorca,H,H,0.5627841110844726,0.2405607010015675,0.1966551879139599,0.5627841110844726,0.9860893720122714,0.32222341008290506,1.83,3.5,4.5,1.0543845953682018,0.5182625863770978,0.27097729516288255,0.21076011846001974,1.83,0.5627841110844726,0.029894923284584873,0.036017979860945626,1,1,0.8300000000000001,21.31
2025,25,2026-02-22,getafe,sevilla,2025|2026-02-22|getafe|sevilla,2025|2026-02-22|getafe|sevilla,A,H,0.34702407476069946,0.3153084058896653,0.33766751934963535,0.34702407476069946,1.0978104728066527,0.009356555411064116,2.35,2.9,3.5,1.0560737868147991,0.4029376736800318,0.3265184597062327,0.27054386661373564,2.35,0.34702407476069946,-0.18449342431235627,0.0,1,0,-1.0,20.31
2025,25,2026-02-22,villarreal,valencia,2025|2026-02-22|villarreal|valencia,2025|2026-02-22|villarreal|valencia,H,H,0.5748870496933095,0.2418942217641023,0.18321872854258817,0.5748870496933095,0.9724923198245466,0.3329928279292072,1.7,4.0,4.5,1.0604575163398693,0.5546995377503853,0.2357473035439137,0.20955315870570107,1.7,0.5748870496933095,-0.022692015521373843,0.0,1,1,0.7,21.009999999999998
2025,25,2026-02-23,alaves,girona,2025|2026-02-23|alaves|girona,2025|2026-02-23|alaves|girona,D,D,0.3418794823717405,0.42604132946505113,0.23207918816320833,0.42604132946505113,1.0694373920984965,0.08416184709331065,2.3,3.0,3.5,1.0538302277432714,0.41257367387033395,0.3163064833005893,0.2711198428290766,3.0,0.42604132946505113,0.2781239883951534,0.1390619941975767,1,1,2.0,23.009999999999998
2025,26,2026-02-27,levante,alaves,2025|2026-02-27|levante|alaves,2025|2026-02-27|levante|alaves,H,D,0.3407522466333837,0.3458411249622521,0.3134066284043642,0.3458411249622521,1.0976907011599326,0.005088878328868396,2.63,3.1,2.8,1.0599516391862769,0.3587221556391288,0.30433524817126084,0.33694259618961026,3.1,0.3458411249622521,0.07210748738298167,0.0343368987538008,1,0,-1.0,22.009999999999998
2025,26,2026-02-28,barcelona,villarreal,2025|2026-02-28|barcelona|villarreal,2025|2026-02-28|barcelona|villarreal,H,H,0.8933132662889228,0.060902808727162,0.045783924983915175,0.8933132662889228,0.4124063115094737,0.8324104575617608,1.3,6.5,7.0,1.065934065934066,0.7216494845360825,0.1443298969072165,0.13402061855670103,1.3,0.8933132662889228,0.16130724617559972,0.5376908205853324,1,1,0.30000000000000004,22.31
2025,26,2026-02-28,mallorca,sociedad,2025|2026-02-28|mallorca|sociedad,2025|2026-02-28|mallorca|sociedad,A,A,0.2656123246242079,0.3128137243357825,0.42157395104000955,0.42157395104000955,1.0798012965345287,0.10876022670422708,3.0,3.3,2.4,1.053030303030303,0.31654676258992803,0.2877697841726619,0.3956834532374101,2.4,0.42157395104000955,0.01177748249602295,0.008412487497159251,1,1,1.4,23.709999999999997
2025,26,2026-02-28,real oviedo,ath madrid,2025|2026-02-28|real oviedo|ath madrid,2025|2026-02-28|realoviedo|athmadrid,A,A,0.16926857775973425,0.20725826193396865,0.6234731603062972,0.6234731603062972,0.9214069837969312,0.4162148983723285,5.75,3.6,1.67,1.0504932164656196,0.16555370444312875,0.2644260557077751,0.5700202398490961,1.67,0.6234731603062972,0.04120017771151624,0.06149280255450185,1,1,0.6699999999999999,24.38
2025,26,2026-02-28,vallecano,ath bilbao,2025|2026-02-28|vallecano|ath bilbao,2025|2026-02-28|vallecano|athbilbao,D,H,0.38070353911912663,0.29028928970577705,0.32900717117509626,0.38070353911912663,1.092459994510643,0.051696367944030375,2.4,3.1,3.2,1.051747311827957,0.39616613418530355,0.30670926517571884,0.2971246006389776,2.4,0.38070353911912663,-0.0863115061140961,0.0,1,0,-1.0,23.38
2025,26,2026-03-01,betis,sevilla,2025|2026-03-01|betis|sevilla,2025|2026-03-01|betis|sevilla,D,H,0.6200753039193615,0.19615728984847172,0.18376740623216675,0.6200753039193615,0.9271689198724147,0.4239180140708898,1.75,3.8,4.5,1.0568086883876355,0.540711462450593,0.24901185770750991,0.21027667984189727,1.75,0.6200753039193615,0.0851317818588826,0.11350904247851012,1,0,-1.0,22.38
2025,26,2026-03-01,elche,espanol,2025|2026-03-01|elche|espanol,2025|2026-03-01|elche|espanol,D,H,0.36108376470462356,0.3288584199765142,0.31005781531886223,0.36108376470462356,1.096625542340639,0.03222534472810934,2.38,3.3,3.0,1.056531703590527,0.39768618944323936,0.28681610026512416,0.31549771029163654,2.38,0.36108376470462356,-0.14062064000299596,0.0,1,0,-1.0,21.38
2025,26,2026-03-01,girona,celta,2025|2026-03-01|girona|celta,2025|2026-03-01|girona|celta,A,A,0.34891038352350146,0.2220260206758141,0.4290635958006844,0.4290635958006844,1.0645744097849699,0.08015321227718297,2.38,3.3,3.0,1.056531703590527,0.39768618944323936,0.28681610026512416,0.31549771029163654,3.0,0.4290635958006844,0.2871907874020533,0.14359539370102664,1,1,2.0,23.38
2025,26,2026-03-01,valencia,osasuna,2025|2026-03-01|valencia|osasuna,2025|2026-03-01|valencia|osasuna,H,H,0.4566530199139814,0.3245071672436817,0.21883981284233686,0.4566530199139814,1.0556633738035868,0.13214585267029966,2.35,3.2,3.25,1.0457242225859247,0.40692556001173824,0.2988359581336203,0.2942384818546415,2.35,0.4566530199139814,0.07313459679785628,0.05417377540581946,1,1,1.35,24.73
2025,26,2026-03-02,real madrid,getafe,2025|2026-03-02|real madrid|getafe,2025|2026-03-02|realmadrid|getafe,A,H,0.8031263667962483,0.11790898286722035,0.07896465033653141,0.8031263667962483,0.6286227112769097,0.6852173839290279,1.3,5.5,10.0,1.0510489510489511,0.7318695941450432,0.17298735861610112,0.09514304723885562,1.3,0.8031263667962483,0.04406427683512279,0.14688092278374262,1,0,-1.0,23.73
2025,27,2026-03-06,celta,real madrid,2025|2026-03-06|celta|real madrid,2025|2026-03-06|celta|realmadrid,A,A,0.3531335417058416,0.19034084574028054,0.4565256125538779,0.4565256125538779,1.0413102233887073,0.10339207084803631,3.1,3.3,2.3,1.0603935568872456,0.30420841683366734,0.28577154308617236,0.41002004008016035,2.3,0.4565256125538779,0.05000890887391907,0.03846839144147621,1,1,1.2999999999999998,25.029999999999998
2025,27,2026-03-07,ath bilbao,barcelona,2025|2026-03-07|ath bilbao|barcelona,2025|2026-03-07|athbilbao|barcelona,A,A,0.1502215644599525,0.10051380657682715,0.7492646289632203,0.7492646289632203,0.7319780841184678,0.5990430645032678,4.75,4.5,1.62,1.0500324886289798,0.2004950495049505,0.21163366336633663,0.5878712871287128,1.62,0.7492646289632203,0.21380869892041698,0.3448527401942209,1,1,0.6200000000000001,25.65
2025,27,2026-03-07,ath madrid,sociedad,2025|2026-03-07|ath madrid|sociedad,2025|2026-03-07|athmadrid|sociedad,H,H,0.6160504064967941,0.21940143421540173,0.1645481592878041,0.6160504064967941,0.9281663913113405,0.3966489722813924,1.62,3.9,5.25,1.0641703975037309,0.5800611932687404,0.24094849566547683,0.17899031106578275,1.62,0.6160504064967941,-0.0019983414751935102,0.0,1,1,0.6200000000000001,26.27
2025,27,2026-03-07,levante,girona,2025|2026-03-07|levante|girona,2025|2026-03-07|levante|girona,D,D,0.2854839605685337,0.3648739257342788,0.3496421136971876,0.3648739257342788,1.0931608263771708,0.015231812037091175,2.8,3.4,2.45,1.059423769507803,0.3371104815864023,0.2776203966005666,0.38526912181303113,3.4,0.3648739257342788,0.24057134749654785,0.10023806145689494,1,1,2.4,28.669999999999998
2025,27,2026-03-07,osasuna,mallorca,2025|2026-03-07|osasuna|mallorca,2025|2026-03-07|osasuna|mallorca,D,H,0.5953657441582686,0.2508717289164715,0.15376252692525988,0.5953657441582686,0.9435498432732119,0.34449401524179707,1.73,3.6,5.0,1.0558124598587026,0.5474785570898474,0.26309386215706554,0.1894275807530872,1.73,0.5953657441582686,0.029982737393804637,0.04107224300521183,1,0,-1.0,27.669999999999998
2025,27,2026-03-08,getafe,betis,2025|2026-03-08|getafe|betis,2025|2026-03-08|getafe|betis,H,A,0.2409526879060932,0.29384099725698165,0.46520631483692515,0.46520631483692515,1.058795287958806,0.1713653175799435,2.8,2.9,2.8,1.059113300492611,0.33720930232558133,0.3255813953488372,0.33720930232558133,2.8,0.46520631483692515,0.3025776815433904,0.16809871196855022,1,0,-1.0,26.669999999999998
2025,27,2026-03-08,sevilla,vallecano,2025|2026-03-08|sevilla|vallecano,2025|2026-03-08|sevilla|vallecano,D,A,0.25585297906009624,0.3278086870635847,0.4163383338763191,0.4163383338763191,1.0791992363233338,0.0885296468127344,2.55,3.1,3.0,1.0480708412397217,0.3741701870850936,0.30778515389257693,0.3180446590223295,3.0,0.4163383338763191,0.2490150016289573,0.12450750081447864,1,0,-1.0,25.669999999999998
2025,27,2026-03-08,valencia,alaves,2025|2026-03-08|valencia|alaves,2025|2026-03-08|valencia|alaves,H,H,0.4404631886784455,0.2747091306573468,0.2848276806642076,0.4404631886784455,1.0737909357613633,0.15563550801423792,2.05,3.1,4.1,1.0542879622344612,0.4626865671641791,0.3059701492537313,0.23134328358208955,2.05,0.4404631886784455,-0.0970504632091867,0.0,1,1,1.0499999999999998,26.72
2025,27,2026-03-08,villarreal,elche,2025|2026-03-08|villarreal|elche,2025|2026-03-08|villarreal|elche,H,H,0.6973421186532548,0.1538109365646663,0.14884694478207897,0.6973421186532548,0.8228452748817523,0.5435311820885885,1.5,4.5,6.0,1.0555555555555556,0.631578947368421,0.21052631578947367,0.15789473684210525,1.5,0.6973421186532548,0.04601317797988219,0.09202635595976438,1,1,0.5,27.22
2025,27,2026-03-09,espanol,real oviedo,2025|2026-03-09|espanol|real oviedo,2025|2026-03-09|espanol|realoviedo,D,D,0.4072799220431895,0.4273037715523623,0.16541630640444807,0.4273037715523623,1.0267922909073461,0.020023849509172797,1.85,3.4,4.33,1.065605069816454,0.5072616073735894,0.2760099922473943,0.21672840037901628,3.4,0.4273037715523623,0.45283282327803176,0.18868034303251324,1,1,2.4,29.619999999999997
2025,28,2026-03-13,alaves,villarreal,2025|2026-03-13|alaves|villarreal,2025|2026-03-13|alaves|villarreal,D,A,0.2846540315473446,0.2798908247624256,0.43545514369022975,0.43545514369022975,1.0760843878225546,0.15080111214288516,3.25,3.4,2.2,1.056355409296586,0.29127725856697817,0.27842679127725856,0.43029595015576316,2.2,0.43545514369022975,-0.041998683881494525,0.0,1,0,-1.0,28.619999999999997
2025,28,2026-03-14,ath madrid,getafe,2025|2026-03-14|ath madrid|getafe,2025|2026-03-14|athmadrid|getafe,H,H,0.6631573900752659,0.2539850576348371,0.08285755228989702,0.6631573900752659,0.826836311484371,0.4091723324404288,1.57,3.8,6.5,1.0539467237422318,0.6043404859191113,0.24968804286658017,0.14597147121430842,1.57,0.6631573900752659,0.041157102418167446,0.07220544283889024,1,1,0.5700000000000001,29.189999999999998
2025,28,2026-03-14,girona,ath bilbao,2025|2026-03-14|girona|ath bilbao,2025|2026-03-14|girona|athbilbao,H,A,0.2955086674194206,0.2940991917101184,0.410392140870461,0.410392140870461,1.085684295111007,0.11488347345104039,2.75,3.4,2.5,1.057754010695187,0.3437815975733064,0.27805864509605666,0.37815975733063706,2.5,0.410392140870461,0.025980352176152466,0.017320234784101645,1,0,-1.0,28.189999999999998
2025,28,2026-03-14,real madrid,elche,2025|2026-03-14|real madrid|elche,2025|2026-03-14|realmadrid|elche,H,H,0.7609769475631057,0.12995951636613354,0.10906353607076069,0.7609769475631057,0.7147148008981543,0.6310174311969722,1.33,5.5,7.5,1.0670312143996354,0.7046463956269218,0.17039631021523746,0.12495729415784079,1.33,0.7609769475631057,0.012099340258930669,0.03666466745130505,1,1,0.33000000000000007,28.52
2025,28,2026-03-14,real oviedo,valencia,2025|2026-03-14|real oviedo|valencia,2025|2026-03-14|realoviedo|valencia,H,D,0.18750647104411505,0.46073754231047975,0.3517559866454053,0.46073754231047975,1.0384336081800551,0.10898155566507445,2.88,3.2,2.55,1.0518790849673203,0.33009708737864074,0.29708737864077667,0.37281553398058254,3.2,0.46073754231047975,0.4743601353935354,0.21561824336069788,1,0,-1.0,27.52
2025,28,2026-03-15,barcelona,sevilla,2025|2026-03-15|barcelona|sevilla,2025|2026-03-15|barcelona|sevilla,H,H,0.8583507630268443,0.08209180383795775,0.059557433135197825,0.8583507630268443,0.5043297524305965,0.7762589591888865,1.25,6.5,10.0,1.0538461538461539,0.759124087591241,0.14598540145985403,0.09489051094890512,1.25,0.8583507630268443,0.0729384537835554,0.2917538151342216,1,1,0.25,27.77
2025,28,2026-03-15,betis,celta,2025|2026-03-15|betis|celta,2025|2026-03-15|betis|celta,D,H,0.45673182744671154,0.24219675578319286,0.3010714167700955,0.45673182744671154,1.0627665911503896,0.155660410676616,2.2,3.3,3.4,1.0516934046345812,0.43220338983050843,0.288135593220339,0.2796610169491525,2.2,0.45673182744671154,0.004810020382765567,0.004008350318971306,1,0,-1.0,26.77
2025,28,2026-03-15,mallorca,espanol,2025|2026-03-15|mallorca|espanol,2025|2026-03-15|mallorca|espanol,H,H,0.41715536456856234,0.28558137818024254,0.2972632572511952,0.41715536456856234,1.0832372467484528,0.11989210731736716,2.3,3.2,3.3,1.0503129117259553,0.41395531164249316,0.2975303802430419,0.2885143081144649,2.3,0.41715536456856234,-0.040542661492306675,0.0,1,1,1.2999999999999998,28.07
2025,28,2026-03-15,sociedad,osasuna,2025|2026-03-15|sociedad|osasuna,2025|2026-03-15|sociedad|osasuna,H,H,0.5749987621952221,0.2071543590623025,0.21784687874247538,0.5749987621952221,0.9763088729544083,0.3571518834527467,1.83,3.5,4.33,1.0631092553630697,0.5140093406910212,0.2687534552755911,0.21723720403338773,1.83,0.5749987621952221,0.05224773481725642,0.06294907809308002,1,1,0.8300000000000001,28.9
2025,28,2026-03-16,vallecano,levante,2025|2026-03-16|vallecano|levante,2025|2026-03-16|vallecano|levante,D,H,0.6026835038769522,0.24848126065578066,0.1488352354672672,0.6026835038769522,0.9346774983709235,0.35420224322117155,1.7,3.75,5.0,1.0549019607843138,0.5576208178438662,0.2527881040892193,0.1895910780669145,1.7,0.6026835038769522,0.02456195659081878,0.0350885094154554,1,0,-1.0,27.9
2025,29,2026-03-20,villarreal,sociedad,2025|2026-03-20|villarreal|sociedad,2025|2026-03-20|villarreal|sociedad,H,H,0.5385578289735568,0.21901659017958675,0.2424255808468565,0.5385578289735568,1.0094241292186157,0.29613224812670025,1.9,3.7,3.89,1.0536554684843145,0.49951412507808696,0.2565072534184771,0.2439786215034358,1.9,0.5385578289735568,0.023259875049757794,0.025844305610841996,1,1,0.8999999999999999,28.799999999999997
2025,29,2026-03-21,elche,mallorca,2025|2026-03-21|elche|mallorca,2025|2026-03-21|elche|mallorca,H,H,0.451769002254859,0.378445838628003,0.16978515911713812,0.451769002254859,1.02776435696694,0.07332316362685598,2.1,3.3,3.6,1.0569985569985572,0.4505119453924914,0.28668941979522183,0.26279863481228666,2.1,0.451769002254859,-0.05128509526479602,0.0,1,1,1.1,29.9
2025,29,2026-03-21,espanol,getafe,2025|2026-03-21|espanol|getafe,2025|2026-03-21|espanol|getafe,A,D,0.4143776851072778,0.41908007403326886,0.1665422408594533,0.41908007403326886,1.0280565278067944,0.004702388925991063,2.35,3.0,3.4,1.0529828952857738,0.4041204437400951,0.3165610142630745,0.2793185419968304,3.0,0.41908007403326886,0.25724022209980657,0.12862011104990329,1,0,-1.0,28.9
2025,29,2026-03-21,levante,real oviedo,2025|2026-03-21|levante|real oviedo,2025|2026-03-21|levante|realoviedo,H,D,0.2834959648454897,0.4765788343939645,0.23992520076054566,0.4765788343939645,1.0530420174513484,0.19308286954847476,2.25,3.3,3.3,1.0505050505050504,0.42307692307692313,0.2884615384615385,0.2884615384615385,3.3,0.4765788343939645,0.5727101535000827,0.24900441456525338,1,0,-1.0,27.9
2025,29,2026-03-21,osasuna,girona,2025|2026-03-21|osasuna|girona,2025|2026-03-21|osasuna|girona,H,H,0.43142576991165044,0.3028113102998766,0.265762919788473,0.43142576991165044,1.0766103519716816,0.1286144596117738,2.15,3.5,3.3,1.0538608678143562,0.44134505158578524,0.2711119602598395,0.28754298815437523,2.15,0.43142576991165044,-0.07243459468995167,0.0,1,1,1.15,29.049999999999997
2025,29,2026-03-21,sevilla,valencia,2025|2026-03-21|sevilla|valencia,2025|2026-03-21|sevilla|valencia,A,H,0.39165481760718096,0.3562735214015097,0.2520716609913094,0.39165481760718096,1.0821869110812248,0.035381296205671264,2.25,3.2,3.4,1.051062091503268,0.42285270112708895,0.29731830547998445,0.27982899339292655,2.25,0.39165481760718096,-0.11877666038384277,0.0,1,0,-1.0,28.049999999999997
2025,29,2026-03-22,ath bilbao,betis,2025|2026-03-22|ath bilbao|betis,2025|2026-03-22|athbilbao|betis,H,H,0.438365451403266,0.24335747719435602,0.31827707140237793,0.438365451403266,1.06981369059422,0.12008838000088806,2.2,3.4,3.3,1.0516934046345812,0.43220338983050843,0.2796610169491525,0.288135593220339,2.2,0.438365451403266,-0.035596006912814726,0.0,1,1,1.2000000000000002,29.25
2025,29,2026-03-22,barcelona,vallecano,2025|2026-03-22|barcelona|vallecano,2025|2026-03-22|barcelona|vallecano,H,H,0.8796092327356021,0.07013502749493432,0.05025573976946364,0.8796092327356021,0.44950256135930455,0.8094742052406678,1.22,7.0,10.5,1.0577673692427791,0.7749077490774907,0.1350553505535055,0.09003690036900368,1.22,0.8796092327356021,0.07312326393743454,0.3323784724428843,1,1,0.21999999999999997,29.47
2025,29,2026-03-22,celta,alaves,2025|2026-03-22|celta|alaves,2025|2026-03-22|celta|alaves,A,H,0.5040043231593762,0.2933823443217344,0.20261333251888952,0.5040043231593762,1.028560594860921,0.21062197883764178,1.83,3.3,5.0,1.0494783904619969,0.520685411341475,0.28874372810754523,0.19057086055097988,1.83,0.5040043231593762,-0.07767208861834157,0.0,1,0,-1.0,28.47
2025,29,2026-03-22,real madrid,ath madrid,2025|2026-03-22|real madrid|ath madrid,2025|2026-03-22|realmadrid|athmadrid,H,H,0.5529952316039489,0.1468787329989831,0.300126035397068,0.5529952316039489,0.9705503053948807,0.2528691962068809,1.95,3.9,3.5,1.0549450549450552,0.48611111111111105,0.24305555555555552,0.27083333333333326,1.95,0.5529952316039489,0.07834070162770035,0.08246389645021089,1,1,0.95,29.419999999999998
2025,30,2026-04-03,vallecano,elche,2025|2026-04-03|vallecano|elche,2025|2026-04-03|vallecano|elche,H,H,0.6049164841784694,0.20512622885249004,0.1899572869690404,0.6049164841784694,0.9445275297957298,0.3997902553259794,1.75,3.9,4.75,1.0383651436283015,0.5503156331229112,0.24693650204233203,0.2027478648347568,1.75,0.6049164841784694,0.05860384731232149,0.07813846308309531,1,1,0.75,30.169999999999998
2025,30,2026-04-04,ath madrid,barcelona,2025|2026-04-04|ath madrid|barcelona,2025|2026-04-04|athmadrid|barcelona,A,A,0.33575291750078057,0.12557013621649124,0.5386769462827282,0.5386769462827282,0.9602249592342165,0.20292402878194765,3.1,3.8,2.15,1.0508548189679,0.3069697538981777,0.250422693969566,0.4426075521322562,2.15,0.5386769462827282,0.15815543450786562,0.13752646478944838,1,1,1.15,31.32
2025,30,2026-04-04,betis,espanol,2025|2026-04-04|betis|espanol,2025|2026-04-04|betis|espanol,D,H,0.596269046084598,0.1911901619022898,0.2125407920131122,0.596269046084598,0.9537756312928791,0.38372825407148575,1.73,4.0,4.75,1.0385609978703987,0.5565726839985353,0.2407176858293665,0.2027096301720981,1.73,0.596269046084598,0.03154544972635448,0.043212944830622574,1,0,-1.0,30.32
2025,30,2026-04-04,mallorca,real madrid,2025|2026-04-04|mallorca|real madrid,2025|2026-04-04|mallorca|realmadrid,H,A,0.17864773549569796,0.15335309757310717,0.6679991669311947,0.6679991669311947,0.864747478848457,0.4893514314354967,5.5,4.33,1.57,1.0497077391945075,0.17320838460970087,0.2200106501970796,0.6067809651932196,1.57,0.6679991669311947,0.04875869208197564,0.08554156505609761,1,0,-1.0,29.32
2025,30,2026-04-04,sociedad,levante,2025|2026-04-04|sociedad|levante,2025|2026-04-04|sociedad|levante,H,H,0.6980101467761435,0.15436726096330808,0.14762259226054844,0.6980101467761435,0.821788975910331,0.5436428858128354,1.57,4.2,5.5,1.0568560950726555,0.6026768243366641,0.22528633671632445,0.1720368389470114,1.57,0.6980101467761435,0.09587593043854531,0.16820338673429,1,1,0.5700000000000001,29.89
2025,30,2026-04-05,alaves,osasuna,2025|2026-04-05|alaves|osasuna,2025|2026-04-05|alaves|osasuna,D,H,0.3913487346488619,0.3164263691963208,0.2922248961548174,0.3913487346488619,1.0907511972817376,0.0749223654525411,2.5,3.2,2.9,1.0573275862068967,0.3783122706889523,0.29555646147574394,0.32613126783530366,2.5,0.3913487346488619,-0.021628163377845344,0.0,1,0,-1.0,28.89
2025,30,2026-04-05,getafe,ath bilbao,2025|2026-04-05|getafe|ath bilbao,2025|2026-04-05|getafe|athbilbao,H,A,0.20256515033361536,0.2697368456347469,0.5276980040316378,0.5276980040316378,1.0141939545909184,0.2579611583968909,3.0,2.88,2.7,1.050925925925926,0.3171806167400881,0.33039647577092507,0.35242290748898675,2.7,0.5276980040316378,0.4247846108854222,0.24987330052083656,1,0,-1.0,27.89
2025,30,2026-04-05,real oviedo,sevilla,2025|2026-04-05|real oviedo|sevilla,2025|2026-04-05|realoviedo|sevilla,H,H,0.3626502393452801,0.3140748417935581,0.3232749188611617,0.3626502393452801,1.096638607443462,0.0393753204841184,2.8,3.1,2.7,1.050093872674518,0.34010564811052413,0.30719219829337663,0.3527021535960991,2.8,0.3626502393452801,0.01542067016678439,0.008567038981546884,1,1,1.7999999999999998,29.689999999999998
2025,30,2026-04-05,valencia,celta,2025|2026-04-05|valencia|celta,2025|2026-04-05|valencia|celta,A,A,0.38028228256076513,0.22739791676209464,0.39231980067714023,0.39231980067714023,1.0715462251116403,0.012037518116375101,2.3,3.3,3.2,1.0503129117259553,0.41395531164249316,0.2885143081144649,0.2975303802430419,3.2,0.39231980067714023,0.2554233621668488,0.11610152825765854,1,1,2.2,31.89
2025,30,2026-04-06,girona,villarreal,2025|2026-04-06|girona|villarreal,2025|2026-04-06|girona|villarreal,H,A,0.34278213827563264,0.20813837336800534,0.44907948835636213,0.44907948835636213,1.0532002238630052,0.10629735008072949,3.2,3.6,2.2,1.0448232323232323,0.2990936555891239,0.26586102719033233,0.4350453172205438,2.2,0.44907948835636213,-0.012025125616003218,0.0,1,0,-1.0,30.89
2025,31,2026-04-10,real madrid,girona,2025|2026-04-10|real madrid|girona,2025|2026-04-10|realmadrid|girona,D,H,0.8441032984185713,0.09203095650172431,0.06386574507970436,0.8441032984185713,0.5383036859410012,0.752072341916847,1.3,6.0,8.5,1.0535444947209651,0.730136005726557,0.15819613457408735,0.11166785969935578,1.3,0.8441032984185713,0.09733428794414278,0.32444762648047587,1,0,-1.0,29.89
2025,31,2026-04-11,barcelona,espanol,2025|2026-04-11|barcelona|espanol,2025|2026-04-11|barcelona|espanol,H,H,0.784237946850807,0.0890558666853033,0.12670618646388965,0.784237946850807,0.6677445637382456,0.6575317603869174,1.28,6.0,9.0,1.0590277777777777,0.7377049180327869,0.15737704918032788,0.10491803278688525,1.28,0.784237946850807,0.003824571969033047,0.013659185603689453,1,1,0.28,30.169999999999998
2025,31,2026-04-11,elche,valencia,2025|2026-04-11|elche|valencia,2025|2026-04-11|elche|valencia,H,H,0.40157230452092596,0.3531948823431356,0.24523281313593842,0.40157230452092596,1.078650280945154,0.04837742217779034,2.4,3.3,3.0,1.053030303030303,0.3956834532374101,0.2877697841726619,0.31654676258992803,2.4,0.40157230452092596,-0.036226469149777785,0.0,1,1,1.4,31.57
2025,31,2026-04-11,sevilla,ath madrid,2025|2026-04-11|sevilla|ath madrid,2025|2026-04-11|sevilla|athmadrid,H,A,0.3277341286104462,0.23873355363819654,0.4335323177513573,0.4335323177513573,1.0699098257694992,0.1057981891409111,3.2,3.1,2.35,1.0606125600549072,0.2946410515672397,0.3041456016177958,0.4012133468149647,2.35,0.4335323177513573,0.01880094671568966,0.013926627196807154,1,0,-1.0,30.57
2025,31,2026-04-11,sociedad,alaves,2025|2026-04-11|sociedad|alaves,2025|2026-04-11|sociedad|alaves,D,H,0.6004786595854518,0.19136116799676628,0.20816017241778195,0.6004786595854518,0.9493909155782654,0.3923184871676698,1.72,3.7,4.75,1.0621919348969533,0.5473543243327416,0.2544457940141393,0.19819988165311905,1.72,0.6004786595854518,0.03282329448697702,0.0455879090096903,1,0,-1.0,29.57
2025,31,2026-04-12,ath bilbao,villarreal,2025|2026-04-12|ath bilbao|villarreal,2025|2026-04-12|athbilbao|villarreal,A,H,0.5065207990947677,0.19290696920633757,0.3005722316988948,0.5065207990947677,1.023275872165096,0.20594856739587286,2.25,3.5,3.1,1.0527393753200205,0.42217898832684825,0.2714007782101167,0.306420233463035,2.25,0.5065207990947677,0.13967179796322726,0.11173743837058181,1,0,-1.0,28.57
2025,31,2026-04-12,celta,real oviedo,2025|2026-04-12|celta|real oviedo,2025|2026-04-12|celta|realoviedo,A,H,0.5786570207170232,0.27025536959499075,0.15108760968798607,0.5786570207170232,0.9556902783290718,0.30840165112203244,1.66,3.75,5.25,1.059552495697074,0.5685510071474984,0.25167857916395925,0.17977041368854232,1.66,0.5786570207170232,-0.03942934560974154,0.0,1,0,-1.0,27.57
2025,31,2026-04-12,mallorca,vallecano,2025|2026-04-12|mallorca|vallecano,2025|2026-04-12|mallorca|vallecano,H,A,0.29094975197117173,0.33698048262740593,0.37206976540142245,0.37206976540142245,1.0936074675040857,0.03508928277401652,2.37,3.25,3.0,1.0629665692956831,0.3969465648854962,0.2894656488549619,0.313587786259542,3.0,0.37206976540142245,0.11620929620426734,0.05810464810213367,1,0,-1.0,26.57
2025,31,2026-04-12,osasuna,betis,2025|2026-04-12|osasuna|betis,2025|2026-04-12|osasuna|betis,D,H,0.48239090107451804,0.1759514957868794,0.34165760313860244,0.48239090107451804,1.0243090703501778,0.1407332979359156,2.2,3.4,3.3,1.0516934046345812,0.43220338983050843,0.2796610169491525,0.288135593220339,2.2,0.48239090107451804,0.0612599823639397,0.05104998530328308,1,0,-1.0,25.57
2025,31,2026-04-13,levante,getafe,2025|2026-04-13|levante|getafe,2025|2026-04-13|levante|getafe,H,D,0.3215923910066988,0.4479365206331671,0.23047108836013402,0.4479365206331671,1.0628227991192243,0.1263441296264683,2.8,3.0,2.8,1.0476190476190477,0.3409090909090909,0.3181818181818181,0.3409090909090909,3.0,0.4479365206331671,0.3438095618995013,0.17190478094975065,1,0,-1.0,24.57
2025,32,2026-04-24,betis,real madrid,2025|2026-04-24|betis|real madrid,2025|2026-04-24|betis|realmadrid,D,A,0.2780759957341001,0.13979489766587502,0.582129106600025,0.582129106600025,0.9459246084570528,0.30405311086592496,3.7,4.2,1.85,1.0489060489060487,0.25766871165644173,0.2269938650306749,0.5153374233128835,1.85,0.582129106600025,0.07693884721004635,0.09051629083534864,1,0,-1.0,23.57
2025,32,2026-04-25,alaves,mallorca,2025|2026-04-25|alaves|mallorca,2025|2026-04-25|alaves|mallorca,H,H,0.5110413724700538,0.3181427865147262,0.17081584101521996,0.5110413724700538,1.009279603866409,0.19289858595532755,2.2,3.0,3.8,1.0510366826156299,0.4324734446130501,0.31714719271623676,0.2503793626707132,2.2,0.5110413724700538,0.12429101943411835,0.10357584952843195,1,1,1.2000000000000002,24.77
2025,32,2026-04-25,ath madrid,ath bilbao,2025|2026-04-25|ath madrid|ath bilbao,2025|2026-04-25|athmadrid|athbilbao,H,H,0.4760925721504593,0.30134132862057367,0.22256609922896708,0.4760925721504593,1.0492036907182403,0.17475124352988564,2.05,3.7,3.4,1.0521927953778742,0.4636078864934587,0.2568638290031325,0.2795282845034089,2.05,0.4760925721504593,-0.024010227091558534,0.0,1,1,1.0499999999999998,25.82
2025,32,2026-04-25,getafe,barcelona,2025|2026-04-25|getafe|barcelona,2025|2026-04-25|getafe|barcelona,A,A,0.17879050960525508,0.10409186428693991,0.717117626107805,0.717117626107805,0.7817536689348852,0.5383271165025499,5.25,3.8,1.66,1.0560437237672495,0.1803677122351528,0.24919223400909268,0.5704400537557545,1.66,0.717117626107805,0.1904152593389563,0.28850796869538836,1,1,0.6599999999999999,26.479999999999997
2025,32,2026-04-25,valencia,girona,2025|2026-04-25|valencia|girona,2025|2026-04-25|valencia|girona,H,H,0.47761040622237244,0.30276975830344305,0.21961983547418462,0.47761040622237244,1.0475913209623362,0.1748406479189294,2.1,3.4,3.5,1.0560224089635852,0.4509283819628648,0.2785145888594165,0.27055702917771884,2.1,0.47761040622237244,0.0029818530669821763,0.002710775515438342,1,1,1.1,27.58
2025,32,2026-04-26,osasuna,sevilla,2025|2026-04-26|osasuna|sevilla,2025|2026-04-26|osasuna|sevilla,H,H,0.5054736214912217,0.30234011751842327,0.1921862609903551,0.5054736214912217,1.0234951305192852,0.2031335039727984,2.1,3.2,3.75,1.0553571428571429,0.45121263395375066,0.2961082910321489,0.25267907501410036,2.1,0.5054736214912217,0.06149460513156557,0.05590418648324143,1,1,1.1,28.68
2025,32,2026-04-26,real oviedo,elche,2025|2026-04-26|real oviedo|elche,2025|2026-04-26|realoviedo|elche,A,H,0.4824770412374933,0.23108292681507253,0.2864400319474342,0.4824770412374933,1.0482862042118795,0.19603700929005907,2.3,3.5,3.0,1.0538302277432712,0.41257367387033406,0.27111984282907664,0.3163064833005894,2.3,0.4824770412374933,0.10969719484623441,0.08438245757402649,1,0,-1.0,27.68
2025,32,2026-04-26,vallecano,sociedad,2025|2026-04-26|vallecano|sociedad,2025|2026-04-26|vallecano|sociedad,D,A,0.3310284167264604,0.30458099902296065,0.3643905842505789,0.3643905842505789,1.0959231019979359,0.033362167524118524,2.7,3.1,2.7,1.063321385902031,0.34831460674157305,0.30337078651685395,0.34831460674157305,2.7,0.3643905842505789,-0.01614542252343687,0.0,1,0,-1.0,26.68
2025,32,2026-04-26,villarreal,celta,2025|2026-04-26|villarreal|celta,2025|2026-04-26|villarreal|celta,H,H,0.5251901942889351,0.2256643259726443,0.24914547973842066,0.5251901942889351,1.020409776350319,0.27604471455051444,2.0,3.4,3.75,1.0607843137254902,0.47134935304990755,0.27726432532347506,0.2513863216266174,2.0,0.5251901942889351,0.050380388577870194,0.050380388577870194,1,1,1.0,27.68
2025,32,2026-04-27,espanol,levante,2025|2026-04-27|espanol|levante,2025|2026-04-27|espanol|levante,D,H,0.5346932491960232,0.30971240027151586,0.15559435053246087,0.5346932491960232,0.9872522691806507,0.22498084892450737,2.0,3.4,3.8,1.0572755417956656,0.47291361639824303,0.2781844802342606,0.24890190336749632,2.0,0.5346932491960232,0.06938649839204647,0.06938649839204647,1,0,-1.0,26.68
2025,33,2026-04-21,ath bilbao,osasuna,2025|2026-04-21|ath bilbao|osasuna,2025|2026-04-21|athbilbao|osasuna,H,H,0.6013002065324321,0.21288808911698956,0.1858117043505783,0.6013002065324321,0.9479184833137916,0.38841211741544257,1.8,3.4,4.5,1.0718954248366015,0.5182926829268292,0.274390243902439,0.20731707317073167,1.8,0.6013002065324321,0.08234037175837783,0.10292546469797229,1,1,0.8,27.48
2025,33,2026-04-21,girona,betis,2025|2026-04-21|girona|betis,2025|2026-04-21|girona|betis,A,H,0.4056115605484453,0.19926572990019295,0.3951227095513617,0.4056115605484453,1.0543408254263018,0.010488850997083632,2.38,3.3,3.0,1.056531703590527,0.39768618944323936,0.28681610026512416,0.31549771029163654,2.38,0.4056115605484453,-0.03464448589470015,0.0,1,0,-1.0,26.48
2025,33,2026-04-21,mallorca,valencia,2025|2026-04-21|mallorca|valencia,2025|2026-04-21|mallorca|valencia,D,A,0.29167215631717397,0.29269073971356757,0.4156371039692585,0.4156371039692585,1.0838932717207799,0.12294636425569094,2.6,3.1,2.88,1.054418251998897,0.3647654845563001,0.3059323418859291,0.3293021735577709,2.88,0.4156371039692585,0.19703485943146448,0.10480577629333218,1,0,-1.0,25.48
2025,33,2026-04-21,real madrid,alaves,2025|2026-04-21|real madrid|alaves,2025|2026-04-21|realmadrid|alaves,H,H,0.8328718532330998,0.09490972284316533,0.072218423923735,0.8328718532330998,0.5656023822250175,0.7379621303899344,1.22,6.5,12.0,1.0568516183270282,0.7755791985681615,0.14557024957740877,0.07885055185442974,1.22,0.8328718532330998,0.016103660944381676,0.07319845883809853,1,1,0.21999999999999997,25.7
2025,33,2026-04-22,barcelona,celta,2025|2026-04-22|barcelona|celta,2025|2026-04-22|barcelona|celta,H,H,0.8542306659713322,0.06578621970714861,0.0799831143215192,0.8542306659713322,0.5156469958816674,0.7742475516498131,1.22,6.5,11.0,1.0644273759027858,0.7700592353257942,0.14453419493807215,0.08540656973613354,1.22,0.8542306659713322,0.04216141248502531,0.19164278402284232,1,1,0.21999999999999997,25.919999999999998
2025,33,2026-04-22,elche,ath madrid,2025|2026-04-22|elche|ath madrid,2025|2026-04-22|elche|athmadrid,H,A,0.4140645288769061,0.15796591494231707,0.42796955618077687,0.42796955618077687,1.0198201924341723,0.013905027303870776,2.55,3.8,2.45,1.0634780227880627,0.36874938112684424,0.24745024259827703,0.3838003762748786,2.45,0.42796955618077687,0.04852541264290333,0.033465801822691946,1,0,-1.0,24.919999999999998
2025,33,2026-04-22,sociedad,getafe,2025|2026-04-22|sociedad|getafe,2025|2026-04-22|sociedad|getafe,A,H,0.44223136086690806,0.3486215754368451,0.20914706369624694,0.44223136086690806,1.0554487829629768,0.09360978543006299,2.3,3.0,3.5,1.0538302277432714,0.41257367387033395,0.3163064833005893,0.2711198428290766,2.3,0.44223136086690806,0.017132129993888467,0.01317856153376036,1,0,-1.0,23.919999999999998
2025,33,2026-04-23,levante,sevilla,2025|2026-04-23|levante|sevilla,2025|2026-04-23|levante|sevilla,H,H,0.3948559490326879,0.3360730480429453,0.26907100292436686,0.3948559490326879,1.0866077422291345,0.05878290098974259,2.4,3.25,3.0,1.0576923076923077,0.393939393939394,0.2909090909090909,0.3151515151515151,2.4,0.3948559490326879,-0.05234572232154899,0.0,1,1,1.4,25.32
2025,33,2026-04-23,real oviedo,villarreal,2025|2026-04-23|real oviedo|villarreal,2025|2026-04-23|realoviedo|villarreal,D,A,0.2227376423513337,0.20207432634381986,0.5751880313048464,0.5751880313048464,0.9757521750599438,0.3524503889535127,3.6,3.4,2.05,1.0597003028853818,0.2621286197818729,0.2775479503572772,0.46032342986085,2.05,0.5751880313048464,0.1791354641749351,0.1706052039761287,1,0,-1.0,24.32
2025,33,2026-04-23,vallecano,espanol,2025|2026-04-23|vallecano|espanol,2025|2026-04-23|vallecano|espanol,H,H,0.4885435170191959,0.2938952815649328,0.21756120141587137,0.4885435170191959,1.0416815651253883,0.19464823545426313,2.1,3.25,3.75,1.0505494505494506,0.4532775453277545,0.2928870292887029,0.25383542538354253,2.1,0.4885435170191959,0.02594138574031135,0.02358307794573759,1,1,1.1,25.419999999999998
2025,34,2026-05-01,girona,mallorca,2025|2026-05-01|girona|mallorca,2025|2026-05-01|girona|mallorca,0,H,0.4940644523145603,0.28677470457630344,0.21916084310913625,0.4940644523145603,1.0392329696528062,0.20728974773825687,2.0,3.5,3.4,1.0798319327731092,0.46303501945525294,0.26459143968871596,0.27237354085603116,2.0,0.4940644523145603,-0.011871095370879381,0.0,0,0,,25.419999999999998
2025,34,2026-05-02,alaves,ath bilbao,2025|2026-05-02|alaves|ath bilbao,2025|2026-05-02|alaves|athbilbao,0,D,0.32746288808333546,0.35040037025538023,0.32184580090607046,0.35040037025538023,1.0979016861355655,0.022937482172044776,2.62,3.2,2.6,1.0787947739283616,0.3538016669501616,0.28967511481544483,0.3565232182343936,3.2,0.35040037025538023,0.12128118481721673,0.05512781128055305,0,0,,25.419999999999998
2025,34,2026-05-02,osasuna,barcelona,2025|2026-05-02|osasuna|barcelona,2025|2026-05-02|osasuna|barcelona,0,A,0.3488252189092645,0.14021732474669493,0.5109286359910409,0.5109286359910409,0.9859443644380623,0.1621034170817764,3.9,3.9,1.75,1.0842490842490844,0.23648648648648649,0.23648648648648649,0.527027027027027,1.75,0.5109286359910409,-0.10587488701567849,0.0,0,0,,25.419999999999998
2025,34,2026-05-02,valencia,ath madrid,2025|2026-05-02|valencia|ath madrid,2025|2026-05-02|valencia|athmadrid,0,H,0.6496210941497088,0.146672934849437,0.20289676673869003,0.6496210941497088,0.885402616405078,0.44672432741101875,1.9,3.6,3.7,1.0743638375217321,0.48988598749540274,0.25855093784479594,0.2515630746598014,1.9,0.6496210941497088,0.23428007888444669,0.26031119876049635,0,0,,25.419999999999998
2025,34,2026-05-02,villarreal,levante,2025|2026-05-02|villarreal|levante,2025|2026-05-02|villarreal|levante,0,H,0.6106884892228479,0.20602271086160623,0.1820377600984062,0.6106884892228479,0.9367492748099215,0.4046657783612417,1.66,4.0,4.33,1.083356520771307,0.5560585338290345,0.23076429153904932,0.2131771746319162,1.66,0.6106884892228479,0.013742892109927463,0.0208225638029204,0,0,,25.419999999999998
2025,34,2026-05-03,betis,real oviedo,2025|2026-05-03|betis|real oviedo,2025|2026-05-03|betis|realoviedo,0,H,0.6263408415460467,0.2667402423616773,0.0907921025086279,0.6263408415460467,0.8633589436301405,0.35960059918436943,1.6,3.8,5.5,1.069976076555024,0.5841252096143097,0.24594745667970933,0.169927333705981,1.6,0.6263408415460467,0.0021453464736748695,0.003575577456124782,0,0,,25.419999999999998
2025,34,2026-05-03,celta,elche,2025|2026-05-03|celta|elche,2025|2026-05-03|celta|elche,0,H,0.6496691756686359,0.2066967933264008,0.12016354201668814,0.6496691756686359,0.8606698207009786,0.4429723823422351,1.75,3.7,4.33,1.0726457239159317,0.5327281493673832,0.25196601659268125,0.2153058340399355,1.75,0.6496691756686359,0.13692105742011285,0.1825614098934838,0,0,,25.419999999999998
2025,34,2026-05-03,espanol,real madrid,2025|2026-05-03|espanol|real madrid,2025|2026-05-03|espanol|realmadrid,0,A,0.25063729558628123,0.15718505036472746,0.5474112869770001,0.5474112869770001,0.9675087460697933,0.2967739913907189,4.1,3.9,1.72,1.081708044271856,0.22547899159663864,0.23704201680672268,0.5374789915966386,1.72,0.5474112869770001,-0.05845258639955975,0.0,0,0,,25.419999999999998
2025,34,2026-05-03,getafe,vallecano,2025|2026-05-03|getafe|vallecano,2025|2026-05-03|getafe|vallecano,0,H,0.4532383686776193,0.21051303655348705,0.3256878068136503,0.4532383686776193,1.0520491603552107,0.12755056186396901,2.0,3.0,3.9,1.0897435897435896,0.45882352941176474,0.3058823529411765,0.23529411764705888,2.0,0.4532383686776193,-0.09352326264476135,0.0,0,0,,25.419999999999998
2025,34,2026-05-04,sevilla,sociedad,2025|2026-05-04|sevilla|sociedad,2025|2026-05-04|sevilla|sociedad,0,H,0.36596310868716836,0.2603245009389134,0.29176465600113777,0.36596310868716836,1.0776239845697282,0.07419845268603059,2.45,3.4,2.7,1.0726512827353163,0.3805181347150259,0.27419689119170987,0.34528497409326425,2.45,0.36596310868716836,-0.10339038371643738,0.0,0,0,,25.419999999999998
