Season,Matchday,Date,HomeTeam_norm,AwayTeam_norm,pred_key,pred_key_match,y_true,y_pred,proba_H,proba_D,proba_A,conf_maxprob,entropy,margin_top12,B365H,B365D,B365A,overround,pH_mkt,pD_mkt,pA_mkt,odds_pick,p_pick,ev_pick,kelly_pick,bet_placed,correct,profit,cum_profit_season
2013,1,2013-08-17,sociedad,getafe,2013|2013-08-17|sociedad|getafe,2013|2013-08-17|sociedad|getafe,H,H,0.6168311286619039,0.19879975193565175,0.1843691194024443,0.6168311286619039,0.9309147741233602,0.4180313767262522,1.73,3.6,4.75,1.0663387756481764,0.5420741468672235,0.26049674280008245,0.19742911033269403,1.73,0.6168311286619039,0.06711785258509378,0.09194226381519696,1,1,0.73,0.73
2013,1,2013-08-17,valencia,malaga,2013|2013-08-17|valencia|malaga,2013|2013-08-17|valencia|malaga,H,H,0.6927777436125883,0.17631774261716185,0.13090451377024986,0.6927777436125883,0.8264415167703891,0.5164600009954264,1.53,4.0,6.0,1.0702614379084967,0.6106870229007634,0.233587786259542,0.15572519083969466,1.53,0.6927777436125883,0.05994994772726003,0.11311310891935855,1,1,0.53,1.26
2013,1,2013-08-17,valladolid,ath bilbao,2013|2013-08-17|valladolid|ath bilbao,2013|2013-08-17|valladolid|athbilbao,A,H,0.4340781314248072,0.24481101029212343,0.3211108582830694,0.4340781314248072,1.0715383634967626,0.11296727314173782,2.5,3.3,2.8,1.0601731601731603,0.3772968558595345,0.2858309514087382,0.3368721927317272,2.5,0.4340781314248072,0.08519532856201806,0.056796885708012036,1,0,-1.0,0.26
2013,1,2013-08-18,barcelona,levante,2013|2013-08-18|barcelona|levante,2013|2013-08-18|barcelona|levante,H,H,0.9010453691735931,0.06496403674816359,0.0339905940782433,0.9010453691735931,0.3864402229034758,0.8360813324254295,1.08,10.0,26.0,1.0643874643874645,0.8699143468950747,0.0939507494646681,0.03613490364025696,1.08,0.9010453691735931,-0.02687100129251936,0.0,1,1,0.08000000000000007,0.3400000000000001
2013,1,2013-08-18,osasuna,granada,2013|2013-08-18|osasuna|granada,2013|2013-08-18|osasuna|granada,A,H,0.5336193038796999,0.23780260837381087,0.22857808774648922,0.5336193038796999,1.0140641919425606,0.29581669550588907,2.0,3.3,3.75,1.0696969696969696,0.4674220963172805,0.28328611898017003,0.2492917847025496,2.0,0.5336193038796999,0.06723860775939983,0.06723860775939983,1,0,-1.0,-0.6599999999999999
2013,1,2013-08-18,real madrid,betis,2013|2013-08-18|real madrid|betis,2013|2013-08-18|realmadrid|betis,H,H,0.8688497809160616,0.08780404129446977,0.04334617778946865,0.8688497809160616,0.47178715066678933,0.7810457396215919,1.17,7.0,17.0,1.0563815269697623,0.8090834919771553,0.13523252651618167,0.05568398150666304,1.17,0.8688497809160616,0.01655424367179198,0.09737790395171757,1,1,0.16999999999999993,-0.49
2013,1,2013-08-18,sevilla,ath madrid,2013|2013-08-18|sevilla|ath madrid,2013|2013-08-18|sevilla|athmadrid,A,H,0.392473600029422,0.25485155526326336,0.3526748447073146,0.392473600029422,1.0830368254412845,0.039798755322107415,2.8,3.3,2.5,1.0601731601731603,0.3368721927317272,0.2858309514087382,0.3772968558595345,2.8,0.392473600029422,0.09892608008238157,0.05495893337910088,1,0,-1.0,-1.49
2013,1,2013-08-19,almeria,villarreal,2013|2013-08-19|almeria|villarreal,2013|2013-08-19|almeria|villarreal,A,A,0.35190873706386877,0.2522149945780165,0.3958762683581148,0.3958762683581148,1.081787249737574,0.04396753129424602,2.6,3.2,2.75,1.0607517482517483,0.36258755665430564,0.2946023897816234,0.34281005356407085,2.75,0.3958762683581148,0.08865973798481563,0.05066270741989465,1,1,1.75,0.26
2013,1,2013-08-19,celta,espanol,2013|2013-08-19|celta|espanol,2013|2013-08-19|celta|espanol,D,H,0.4560573338000918,0.23996484299885637,0.30397782320105177,0.4560573338000918,1.0625372304497436,0.15207951059904,2.2,3.2,3.4,1.0611631016042782,0.4283464566929133,0.2944881889763779,0.27716535433070866,2.2,0.4560573338000918,0.0033261343602019044,0.0027717786335015866,1,0,-1.0,-0.74
2013,1,2013-08-19,vallecano,elche,2013|2013-08-19|vallecano|elche,2013|2013-08-19|vallecano|elche,H,H,0.4750916036296213,0.2027766061730779,0.3221317901973008,0.4750916036296213,1.0420555030157947,0.15295981343232046,2.25,3.25,3.25,1.0598290598290598,0.4193548387096774,0.2903225806451613,0.2903225806451613,2.25,0.4750916036296213,0.06895610816664788,0.0551648865333183,1,1,1.25,0.51
2013,2,2013-08-23,ath bilbao,osasuna,2013|2013-08-23|ath bilbao|osasuna,2013|2013-08-23|athbilbao|osasuna,H,H,0.5971427557613543,0.20372656691102556,0.19913067732762016,0.5971427557613543,0.9533663321827194,0.3934161888503288,1.62,3.75,5.5,1.0657687991021325,0.5791912384161751,0.2502106149957877,0.17059814658803707,1.62,0.5971427557613543,-0.0326287356666059,0.0,1,1,0.6200000000000001,1.1300000000000001
2013,2,2013-08-23,getafe,almeria,2013|2013-08-23|getafe|almeria,2013|2013-08-23|getafe|almeria,D,H,0.521908860346419,0.22726229958537122,0.2508288400682097,0.521908860346419,1.0229933342671769,0.2710800202782093,1.85,3.5,4.2,1.0643500643500643,0.5078597339782346,0.26844014510278114,0.22370012091898428,1.85,0.521908860346419,-0.03446860835912474,0.0,1,0,-1.0,0.13000000000000012
2013,2,2013-08-24,elche,sociedad,2013|2013-08-24|elche|sociedad,2013|2013-08-24|elche|sociedad,D,A,0.27604809253024654,0.27694862506978374,0.4470032823999696,0.4470032823999696,1.070826693241829,0.17005465733018588,3.2,3.4,2.2,1.0611631016042782,0.2944881889763779,0.27716535433070866,0.4283464566929133,2.2,0.4470032823999696,-0.016592778720066703,0.0,1,0,-1.0,-0.8699999999999999
2013,2,2013-08-24,espanol,valencia,2013|2013-08-24|espanol|valencia,2013|2013-08-24|espanol|valencia,H,A,0.30283520532421176,0.26444341223916945,0.4327213824366188,0.4327213824366188,1.0759742956304281,0.12988617711240702,3.0,3.25,2.38,1.0611937082525318,0.3141116751269035,0.2899492385786802,0.39593908629441626,2.38,0.4327213824366188,0.029876890199152628,0.021649920434168572,1,0,-1.0,-1.8699999999999999
2013,2,2013-08-24,villarreal,valladolid,2013|2013-08-24|villarreal|valladolid,2013|2013-08-24|villarreal|valladolid,H,H,0.5776332230500424,0.20919014017231916,0.2131766367776385,0.5776332230500424,0.9737879682305418,0.36445658627240385,1.85,3.6,4.0,1.0683183183183182,0.5059732958538299,0.26001405481377377,0.23401264933239635,1.85,0.5776332230500424,0.06862146264257846,0.08073113252068052,1,1,0.8500000000000001,-1.0199999999999998
2013,2,2013-08-25,ath madrid,vallecano,2013|2013-08-25|ath madrid|vallecano,2013|2013-08-25|athmadrid|vallecano,H,H,0.7871968066941222,0.13163874778149665,0.08116444552438115,0.7871968066941222,0.6591076495392553,0.6555580589126255,1.29,5.25,10.0,1.0656699889258028,0.7274238802868128,0.1787384391561883,0.09383768055699887,1.29,0.7871968066941222,0.01548388063541764,0.05339269184626772,1,1,0.29000000000000004,-0.7299999999999998
2013,2,2013-08-25,betis,celta,2013|2013-08-25|betis|celta,2013|2013-08-25|betis|celta,A,H,0.5954795696617773,0.21410025897774315,0.19042017136047948,0.5954795696617773,0.9545007240682513,0.38137931068403413,1.8,3.5,4.5,1.0634920634920635,0.5223880597014926,0.26865671641791045,0.208955223880597,1.8,0.5954795696617773,0.07186322539119916,0.08982903173899895,1,0,-1.0,-1.7299999999999998
2013,2,2013-08-25,levante,sevilla,2013|2013-08-25|levante|sevilla,2013|2013-08-25|levante|sevilla,D,A,0.2621611993507438,0.26735473191516496,0.4704840687340912,0.4704840687340912,1.0584107919153811,0.20312933681892625,3.5,3.3,2.1,1.064935064935065,0.26829268292682923,0.2845528455284553,0.4471544715447154,2.1,0.4704840687340912,-0.011983455658408415,0.0,1,0,-1.0,-2.7299999999999995
2013,2,2013-08-25,malaga,barcelona,2013|2013-08-25|malaga|barcelona,2013|2013-08-25|malaga|barcelona,A,A,0.1403355521511579,0.14985318343593695,0.7098112644129051,0.7098112644129051,0.8033079828620252,0.5599580809769682,13.0,6.0,1.22,1.0632618747372846,0.07234631350069183,0.15675034591816564,0.7709033405811425,1.22,0.7098112644129051,-0.1340302574162558,0.0,1,1,0.21999999999999997,-2.51
2013,2,2013-08-26,granada,real madrid,2013|2013-08-26|granada|real madrid,2013|2013-08-26|granada|realmadrid,A,A,0.15773544993331975,0.15852456438510315,0.6837399856815772,0.6837399856815772,0.843231907373748,0.5252154212964741,7.5,5.5,1.33,1.0670312143996354,0.12495729415784079,0.17039631021523746,0.7046463956269218,1.33,0.6837399856815772,-0.09062581904350223,0.0,1,1,0.33000000000000007,-2.1799999999999997
2013,3,2013-08-30,almeria,elche,2013|2013-08-30|almeria|elche,2013|2013-08-30|almeria|elche,D,H,0.4781718469493254,0.23029181046715375,0.2915363425835209,0.4781718469493254,1.0502953650590923,0.1866355043658045,2.0,3.3,3.8,1.066188197767145,0.4689603590127151,0.2842183994016455,0.2468212415856395,2.0,0.4781718469493254,-0.04365630610134913,0.0,1,0,-1.0,-3.1799999999999997
2013,3,2013-08-30,vallecano,levante,2013|2013-08-30|vallecano|levante,2013|2013-08-30|vallecano|levante,A,H,0.6290938899136764,0.1830029123908335,0.18790319769549016,0.6290938899136764,0.9164963202413061,0.4411906922181863,1.73,3.6,4.75,1.0663387756481764,0.5420741468672235,0.26049674280008245,0.19742911033269403,1.73,0.6290938899136764,0.08833242955066023,0.12100332815158936,1,0,-1.0,-4.18
2013,3,2013-08-31,celta,granada,2013|2013-08-31|celta|granada,2013|2013-08-31|celta|granada,D,H,0.4598915765182625,0.28588413469588786,0.25422428878584974,0.4598915765182625,1.0633725370083489,0.17400744182237465,2.2,3.3,3.3,1.0606060606060606,0.4285714285714286,0.28571428571428575,0.28571428571428575,2.2,0.4598915765182625,0.011761468340177661,0.009801223616814715,1,0,-1.0,-5.18
2013,3,2013-08-31,osasuna,villarreal,2013|2013-08-31|osasuna|villarreal,2013|2013-08-31|osasuna|villarreal,A,H,0.41933915576742925,0.255197703300192,0.3254631409323788,0.41933915576742925,1.078299400549469,0.09387601483505043,2.5,3.2,2.88,1.0597222222222222,0.3774574049803408,0.2948885976408912,0.327653997378768,2.5,0.41933915576742925,0.04834788941857315,0.03223192627904877,1,0,-1.0,-6.18
2013,3,2013-08-31,valladolid,getafe,2013|2013-08-31|valladolid|getafe,2013|2013-08-31|valladolid|getafe,H,H,0.4352754870659648,0.262561249162622,0.3021632637714133,0.4352754870659648,1.0747925903765123,0.13311222329455152,2.1,3.3,3.5,1.064935064935065,0.4471544715447154,0.2845528455284553,0.26829268292682923,2.1,0.4352754870659648,-0.08592147716147391,0.0,1,1,1.1,-5.08
2013,3,2013-09-01,espanol,betis,2013|2013-09-01|espanol|betis,2013|2013-09-01|espanol|betis,D,H,0.4658572452118236,0.24950712142722295,0.2846356333609533,0.4658572452118236,1.0598974867547057,0.18122161185087027,2.05,3.4,3.6,1.059700302885382,0.4603234298608499,0.27754795035727714,0.26212861978187285,2.05,0.4658572452118236,-0.04499264731576175,0.0,1,0,-1.0,-6.08
2013,3,2013-09-01,real madrid,ath bilbao,2013|2013-09-01|real madrid|ath bilbao,2013|2013-09-01|realmadrid|athbilbao,H,H,0.8877227434583554,0.06815507045429631,0.04412218608734824,0.8877227434583554,0.4264827044210674,0.8195676730040591,1.17,7.0,16.0,1.0600579975579976,0.8062774458282341,0.13476351594557626,0.05895903822618962,1.17,0.8877227434583554,0.038635609846275815,0.22726829321338723,1,1,0.16999999999999993,-5.91
2013,3,2013-09-01,sevilla,malaga,2013|2013-09-01|sevilla|malaga,2013|2013-09-01|sevilla|malaga,D,H,0.6505927491331399,0.19609918452623792,0.15330806634062216,0.6505927491331399,0.8866427270454822,0.454493564606902,1.62,3.8,5.5,1.062260027172308,0.5811043763554468,0.24773397097258518,0.17116165267196795,1.62,0.6505927491331399,0.053960253595686736,0.0870326670898173,1,0,-1.0,-6.91
2013,3,2013-09-01,sociedad,ath madrid,2013|2013-09-01|sociedad|ath madrid,2013|2013-09-01|sociedad|athmadrid,A,A,0.33472634202524315,0.25147834386951534,0.4137953141052415,0.4137953141052415,1.0786051584245155,0.07906897207999836,2.9,3.3,2.38,1.0680259564640904,0.3228644248951739,0.28372934308969827,0.39340623201512787,2.38,0.4137953141052415,-0.015167152429525266,0.0,1,1,1.38,-5.529999999999999
2013,3,2013-09-01,valencia,barcelona,2013|2013-09-01|valencia|barcelona,2013|2013-09-01|valencia|barcelona,A,A,0.1893520110878464,0.20042042723929696,0.6102275616728566,0.6102275616728566,0.9386586768578461,0.40980713443355965,5.5,4.33,1.53,1.066359835277102,0.1705035915676015,0.21657500083644532,0.6129214075959531,1.53,0.6102275616728566,-0.06635183064052935,0.0,1,1,0.53,-5.0
2013,4,2013-09-14,ath madrid,almeria,2013|2013-09-14|ath madrid|almeria,2013|2013-09-14|athmadrid|almeria,H,H,0.8268360516966069,0.09789713342400727,0.07526681487938579,0.8268360516966069,0.5794128729924723,0.7289389182725996,1.25,6.0,11.0,1.0575757575757576,0.7564469914040115,0.15759312320916904,0.08595988538681948,1.25,0.8268360516966069,0.033545064620758624,0.1341802584830345,1,1,0.25,-4.75
2013,4,2013-09-14,barcelona,sevilla,2013|2013-09-14|barcelona|sevilla,2013|2013-09-14|barcelona|sevilla,H,H,0.8796077336876837,0.0717725928554152,0.048619673456900964,0.8796077336876837,0.44891516040417945,0.8078351408322686,1.18,7.0,15.0,1.0569814366424537,0.8017715332926084,0.13515577275503968,0.06307269395235185,1.18,0.8796077336876837,0.037937125751466766,0.210761809730371,1,1,0.17999999999999994,-4.57
2013,4,2013-09-14,levante,sociedad,2013|2013-09-14|levante|sociedad,2013|2013-09-14|levante|sociedad,D,A,0.21679320309346192,0.3463462654037155,0.43686053150282256,0.43686053150282256,1.0604547225963605,0.09051426609910707,3.1,3.25,2.3,1.0650555615492503,0.3028768233387358,0.28889789303079416,0.40822528363047,2.3,0.43686053150282256,0.004779222456491761,0.003676324966532124,1,0,-1.0,-5.57
2013,4,2013-09-14,villarreal,real madrid,2013|2013-09-14|villarreal|real madrid,2013|2013-09-14|villarreal|realmadrid,D,A,0.17965368398395035,0.20635099316234135,0.6139953228537083,0.6139953228537083,0.9335614202133694,0.40764432969136694,5.5,4.2,1.57,1.0568560950726555,0.1720368389470114,0.22528633671632445,0.6026768243366641,1.57,0.6139953228537083,-0.03602734311967798,0.0,1,0,-1.0,-6.57
2013,4,2013-09-15,betis,valencia,2013|2013-09-15|betis|valencia,2013|2013-09-15|betis|valencia,H,H,0.3701124855599282,0.29228801695591183,0.33759949748416,0.3701124855599282,1.093989106975462,0.03251298807576819,2.63,3.3,2.63,1.0634865767945616,0.35752979414951247,0.28494041170097506,0.35752979414951247,2.63,0.3701124855599282,-0.026604162977388768,0.0,1,1,1.63,-4.9399999999999995
2013,4,2013-09-15,getafe,osasuna,2013|2013-09-15|getafe|osasuna,2013|2013-09-15|getafe|osasuna,H,H,0.45173500234273806,0.2973318134830036,0.2509331841742584,0.45173500234273806,1.0665435709397253,0.15440318885973447,1.95,3.3,4.0,1.065850815850816,0.4811372334609076,0.2843083652268999,0.23455440131219243,1.95,0.45173500234273806,-0.11911674543166084,0.0,1,1,0.95,-3.99
2013,4,2013-09-15,granada,espanol,2013|2013-09-15|granada|espanol,2013|2013-09-15|granada|espanol,A,H,0.3843437060913612,0.26371456587470515,0.35194172803393364,0.3843437060913612,1.0865474681685339,0.03240197805742756,2.4,3.2,3.0,1.0625,0.39215686274509803,0.29411764705882354,0.3137254901960784,2.4,0.3843437060913612,-0.07757510538073309,0.0,1,0,-1.0,-4.99
2013,4,2013-09-15,malaga,vallecano,2013|2013-09-15|malaga|vallecano,2013|2013-09-15|malaga|vallecano,H,H,0.5531019072886927,0.23387178746548434,0.21302630524582294,0.5531019072886927,0.9967767151330793,0.31923011982320837,1.91,3.5,4.0,1.0592744951383695,0.4942630185348632,0.26972639011473964,0.23601059135039718,1.91,0.5531019072886927,0.056424642921403034,0.06200510211143191,1,1,0.9099999999999999,-4.08
2013,4,2013-09-16,ath bilbao,celta,2013|2013-09-16|ath bilbao|celta,2013|2013-09-16|athbilbao|celta,H,H,0.605914322266254,0.20803185143055739,0.18605382630318862,0.605914322266254,0.9430868253616838,0.3978824708356966,1.67,3.75,5.0,1.0654690618762475,0.562008242787561,0.2502810041213938,0.18771075309104535,1.67,0.605914322266254,0.011876918184644092,0.01772674355917029,1,1,0.6699999999999999,-3.41
2013,4,2013-09-16,elche,valladolid,2013|2013-09-16|elche|valladolid,2013|2013-09-16|elche|valladolid,D,H,0.4241243843545247,0.3088883285436974,0.26698728710177794,0.4241243843545247,1.0792291973852604,0.1152360558108273,2.25,3.25,3.25,1.0598290598290598,0.4193548387096774,0.2903225806451613,0.2903225806451613,2.25,0.4241243843545247,-0.045720135202319434,0.0,1,0,-1.0,-4.41
2013,5,2013-09-20,osasuna,elche,2013|2013-09-20|osasuna|elche,2013|2013-09-20|osasuna|elche,H,H,0.5190161502555628,0.1904076774809266,0.29057617226351057,0.5190161502555628,1.015309221416638,0.22843997799205223,2.0,3.4,3.75,1.0607843137254902,0.47134935304990755,0.27726432532347506,0.2513863216266174,2.0,0.5190161502555628,0.038032300511125605,0.038032300511125605,1,1,1.0,-3.41
2013,5,2013-09-21,almeria,levante,2013|2013-09-21|almeria|levante,2013|2013-09-21|almeria|levante,D,H,0.593702585383858,0.22433175335635974,0.18196566125978225,0.593702585383858,0.9548936259123157,0.36937083202749826,1.8,3.5,4.5,1.0634920634920635,0.5223880597014926,0.26865671641791045,0.208955223880597,1.8,0.593702585383858,0.06866465369094443,0.08583081711368054,1,0,-1.0,-4.41
2013,5,2013-09-21,sociedad,malaga,2013|2013-09-21|sociedad|malaga,2013|2013-09-21|sociedad|malaga,D,H,0.5665216959775542,0.2265398775271926,0.20693842649525324,0.5665216959775542,0.9842915469561666,0.3399818184503616,1.91,3.5,4.0,1.0592744951383695,0.4942630185348632,0.26972639011473964,0.23601059135039718,1.91,0.5665216959775542,0.08205643931712847,0.09017191133750382,1,0,-1.0,-5.41
2013,5,2013-09-21,valladolid,ath madrid,2013|2013-09-21|valladolid|ath madrid,2013|2013-09-21|valladolid|athmadrid,A,A,0.19047111277332182,0.25475678988750744,0.5547720973391707,0.5547720973391707,0.9910863126336731,0.3000153074516632,5.0,3.6,1.7,1.0660130718954248,0.187614960147149,0.26057633353770693,0.5518087063151441,1.7,0.5547720973391707,-0.056887434523409885,0.0,1,1,0.7,-4.71
2013,5,2013-09-21,vallecano,barcelona,2013|2013-09-21|vallecano|barcelona,2013|2013-09-21|vallecano|barcelona,A,A,0.13453526721848352,0.15702065285063876,0.7084440799308778,0.7084440799308778,0.804762199068708,0.551423427080239,13.0,6.5,1.2,1.064102564102564,0.07228915662650603,0.14457831325301207,0.783132530120482,1.2,0.7084440799308778,-0.1498671040829467,0.0,1,1,0.19999999999999996,-4.51
2013,5,2013-09-22,betis,granada,2013|2013-09-22|betis|granada,2013|2013-09-22|betis|granada,D,H,0.6074926246679189,0.22107856719812052,0.17142880813396058,0.6074926246679189,0.9387732215587445,0.38641405746979834,1.67,3.6,5.5,1.0583983548055405,0.5657627796668286,0.26245106723433437,0.17178615309883705,1.67,0.6074926246679189,0.01451268319542448,0.02166072118720072,1,0,-1.0,-5.51
2013,5,2013-09-22,celta,villarreal,2013|2013-09-22|celta|villarreal,2013|2013-09-22|celta|villarreal,D,A,0.337857940023449,0.2590955929473582,0.4030464670291928,0.4030464670291928,1.0827930891194668,0.06518852700574379,2.75,3.3,2.5,1.0666666666666669,0.34090909090909083,0.28409090909090906,0.37499999999999994,2.5,0.4030464670291928,0.007616167572981891,0.005077445048654594,1,0,-1.0,-6.51
2013,5,2013-09-22,real madrid,getafe,2013|2013-09-22|real madrid|getafe,2013|2013-09-22|realmadrid|getafe,H,H,0.8970127294083872,0.06407859076381306,0.0389086798277997,0.8970127294083872,0.3998757531817185,0.8329341386445741,1.13,8.5,19.0,1.0552343899832872,0.8386342983253279,0.11148903024795534,0.04987667142671686,1.13,0.8970127294083872,0.013624384231477396,0.10480295562674928,1,1,0.1299999999999999,-6.380000000000001
2013,5,2013-09-22,valencia,sevilla,2013|2013-09-22|valencia|sevilla,2013|2013-09-22|valencia|sevilla,H,H,0.5445691253298839,0.2222338267507361,0.23319704791937998,0.5445691253298839,1.0047177483862844,0.3113720774105039,1.91,3.4,4.0,1.0676778564829073,0.4903728275762602,0.2754741472560756,0.23415302516766426,1.91,0.5445691253298839,0.04012702938007817,0.044095636681404586,1,1,0.9099999999999999,-5.470000000000001
2013,5,2013-09-23,espanol,ath bilbao,2013|2013-09-23|espanol|ath bilbao,2013|2013-09-23|espanol|athbilbao,H,H,0.3771357482720523,0.2946517533643189,0.32821249836362887,0.3771357482720523,1.0934765228435186,0.04892324990842345,2.3,3.4,3.0,1.062233589087809,0.4093097913322633,0.27688603531300165,0.31380417335473515,2.3,0.3771357482720523,-0.13258777897427976,0.0,1,1,1.2999999999999998,-4.170000000000001
2013,6,2013-09-24,ath madrid,osasuna,2013|2013-09-24|ath madrid|osasuna,2013|2013-09-24|athmadrid|osasuna,H,H,0.8482376232490628,0.09722461609395856,0.05453776065697868,0.8482376232490628,0.5248624968423663,0.7510130071551042,1.2,6.0,15.0,1.0666666666666667,0.78125,0.15625,0.0625,1.2,0.8482376232490628,0.017885147898875353,0.08942573949437678,1,1,0.19999999999999996,-3.9700000000000006
2013,6,2013-09-24,barcelona,sociedad,2013|2013-09-24|barcelona|sociedad,2013|2013-09-24|barcelona|sociedad,H,H,0.909112770509979,0.05759990515228498,0.033287324337735985,0.909112770509979,0.36429220584633,0.851512865357694,1.13,8.0,19.0,1.0625873311597578,0.8328310777491644,0.11763738973206948,0.049531532518766096,1.13,0.909112770509979,0.02729743067627613,0.209980235971355,1,1,0.1299999999999999,-3.8400000000000007
2013,6,2013-09-24,levante,valladolid,2013|2013-09-24|levante|valladolid,2013|2013-09-24|levante|valladolid,D,H,0.4641764926342941,0.27356309069815254,0.26226041666755334,0.4641764926342941,1.0618636679122095,0.19061340193614157,2.1,3.3,3.5,1.064935064935065,0.4471544715447154,0.2845528455284553,0.26829268292682923,2.1,0.4641764926342941,-0.025229365467982268,0.0,1,0,-1.0,-4.840000000000001
2013,6,2013-09-24,malaga,almeria,2013|2013-09-24|malaga|almeria,2013|2013-09-24|malaga|almeria,H,H,0.653160835160994,0.16664128390856084,0.18019788093044514,0.653160835160994,0.8856135537607633,0.47296295423054885,1.67,3.75,5.0,1.0654690618762475,0.562008242787561,0.2502810041213938,0.18771075309104535,1.67,0.653160835160994,0.0907785947188599,0.1354904398788954,1,1,0.6699999999999999,-4.170000000000001
2013,6,2013-09-25,elche,real madrid,2013|2013-09-25|elche|real madrid,2013|2013-09-25|elche|realmadrid,A,A,0.13757237055943103,0.21892425829484793,0.6435033711457211,0.6435033711457211,0.8891159761303769,0.42457911285087313,10.0,5.5,1.29,1.0570119802677942,0.09460630708713914,0.17201146743116208,0.7333822254816987,1.29,0.6435033711457211,-0.16988065122201976,0.0,1,1,0.29000000000000004,-3.880000000000001
2013,6,2013-09-25,granada,valencia,2013|2013-09-25|granada|valencia,2013|2013-09-25|granada|valencia,A,A,0.2856402148018977,0.30583986936127333,0.4085199158368289,0.4085199158368289,1.085953083773789,0.10268004647555556,3.1,3.25,2.3,1.0650555615492503,0.3028768233387358,0.28889789303079416,0.40822528363047,2.3,0.4085199158368289,-0.060404193575293585,0.0,1,1,1.2999999999999998,-2.580000000000001
2013,6,2013-09-25,sevilla,vallecano,2013|2013-09-25|sevilla|vallecano,2013|2013-09-25|sevilla|vallecano,H,H,0.7623676146259626,0.14496984170155952,0.09266254367247784,0.7623676146259626,0.707245326444547,0.6173977729244031,1.44,4.2,7.5,1.0658730158730159,0.6515264333581534,0.22338049143708116,0.12509307520476545,1.44,0.7623676146259626,0.0978093650613861,0.22229401150315026,1,1,0.43999999999999995,-2.140000000000001
2013,6,2013-09-26,ath bilbao,betis,2013|2013-09-26|ath bilbao|betis,2013|2013-09-26|athbilbao|betis,H,H,0.47584549816258975,0.26192791169922747,0.26222659013818284,0.47584549816258975,1.0552959763766978,0.21361890802440692,1.95,3.5,3.75,1.0652014652014652,0.48143053645116923,0.2682255845942228,0.25034387895460797,1.95,0.47584549816258975,-0.07210127858295007,0.0,1,1,0.95,-1.190000000000001
2013,6,2013-09-26,getafe,celta,2013|2013-09-26|getafe|celta,2013|2013-09-26|getafe|celta,H,H,0.4420025708097713,0.2797521008914663,0.27824532829876236,0.4420025708097713,1.07317691962151,0.162250469918305,2.1,3.3,3.5,1.064935064935065,0.4471544715447154,0.2845528455284553,0.26829268292682923,2.1,0.4420025708097713,-0.07179460129948029,0.0,1,1,1.1,-0.09000000000000097
2013,6,2013-09-26,villarreal,espanol,2013|2013-09-26|villarreal|espanol,2013|2013-09-26|villarreal|espanol,H,H,0.5628973061722278,0.2574207313661838,0.17968196246158827,0.5628973061722278,0.9812407002426403,0.30547657480604395,1.73,3.5,5.0,1.0637489677952106,0.5433938829374321,0.2685918335662164,0.18801428349635152,1.73,0.5628973061722278,-0.026187660322045947,0.0,1,1,0.73,0.639999999999999
2013,7,2013-09-27,valladolid,malaga,2013|2013-09-27|valladolid|malaga,2013|2013-09-27|valladolid|malaga,D,A,0.30235881421871436,0.3257626250236509,0.37187856075763487,0.37187856075763487,1.0948924084847342,0.04611593573398398,2.9,3.2,2.45,1.065490851513019,0.3236326109391125,0.2932920536635707,0.38307533539731675,2.45,0.37187856075763487,-0.08889752614379443,0.0,1,0,-1.0,-0.360000000000001
2013,7,2013-09-28,almeria,barcelona,2013|2013-09-28|almeria|barcelona,2013|2013-09-28|almeria|barcelona,A,A,0.12644701098399874,0.15672439730162438,0.716828591714377,0.716828591714377,0.7905814013592175,0.5601041944127526,13.0,7.0,1.18,1.067237846898864,0.07207678883071553,0.1338568935427574,0.794066317626527,1.18,0.716828591714377,-0.15414226177703522,0.0,1,1,0.17999999999999994,-0.18000000000000105
2013,7,2013-09-28,real madrid,ath madrid,2013|2013-09-28|real madrid|ath madrid,2013|2013-09-28|realmadrid|athmadrid,A,H,0.6440217312686957,0.20189660854781571,0.15408166018348868,0.6440217312686957,0.8945934349795899,0.44212512272087995,1.62,3.75,5.5,1.0657687991021325,0.5791912384161751,0.2502106149957877,0.17059814658803707,1.62,0.6440217312686957,0.04331520465528704,0.0698632333149791,1,0,-1.0,-1.180000000000001
2013,7,2013-09-28,sociedad,sevilla,2013|2013-09-28|sociedad|sevilla,2013|2013-09-28|sociedad|sevilla,D,H,0.4480225352507007,0.2655242579219342,0.28645320682736525,0.4480225352507007,1.069938846667384,0.16156932842333543,2.2,3.4,3.2,1.061163101604278,0.42834645669291344,0.2771653543307087,0.29448818897637796,2.2,0.4480225352507007,-0.01435042244845841,0.0,1,0,-1.0,-2.180000000000001
2013,7,2013-09-28,valencia,vallecano,2013|2013-09-28|valencia|vallecano,2013|2013-09-28|valencia|vallecano,H,H,0.8006776661392834,0.11877387285662198,0.0805484610040947,0.8006776661392834,0.6339330764879759,0.6819037932826614,1.29,5.25,10.0,1.0656699889258028,0.7274238802868128,0.1787384391561883,0.09383768055699887,1.29,0.8006776661392834,0.03287418931967559,0.11335927351612271,1,1,0.29000000000000004,-1.890000000000001
2013,7,2013-09-29,betis,villarreal,2013|2013-09-29|betis|villarreal,2013|2013-09-29|betis|villarreal,H,H,0.3828832798799956,0.2615579371226903,0.35555878299731397,0.3828832798799956,1.0860235465715695,0.027324496882681626,2.5,3.3,2.75,1.0666666666666669,0.37499999999999994,0.28409090909090906,0.34090909090909083,2.5,0.3828832798799956,-0.04279180030001106,0.0,1,1,1.5,-0.390000000000001
2013,7,2013-09-29,celta,elche,2013|2013-09-29|celta|elche,2013|2013-09-29|celta|elche,A,H,0.49678855515627995,0.234177873665719,0.2690335711780011,0.49678855515627995,1.0407180145696606,0.22775498397827887,1.91,3.4,4.0,1.0676778564829073,0.4903728275762602,0.2754741472560756,0.23415302516766426,1.91,0.49678855515627995,-0.05113385965150535,0.0,1,0,-1.0,-1.390000000000001
2013,7,2013-09-29,espanol,getafe,2013|2013-09-29|espanol|getafe,2013|2013-09-29|espanol|getafe,A,H,0.5872770250720495,0.23039496950787589,0.18232800542007466,0.5872770250720495,0.9611066923350867,0.35688205556417363,1.7,3.6,5.0,1.0660130718954248,0.5518087063151441,0.26057633353770693,0.187614960147149,1.7,0.5872770250720495,-0.0016290573775158967,0.0,1,0,-1.0,-2.390000000000001
2013,7,2013-09-29,osasuna,levante,2013|2013-09-29|osasuna|levante,2013|2013-09-29|osasuna|levante,A,H,0.44874366130634336,0.24120352419420554,0.3100528144994511,0.44874366130634336,1.065674568794885,0.13869084680689225,2.05,3.3,3.6,1.0686129588568614,0.4564841498559078,0.28357348703170027,0.25994236311239194,2.05,0.44874366130634336,-0.08007549432199618,0.0,1,0,-1.0,-3.390000000000001
2013,7,2013-09-30,granada,ath bilbao,2013|2013-09-30|granada|ath bilbao,2013|2013-09-30|granada|athbilbao,H,A,0.2840401956811384,0.29906855653948683,0.4168912477793748,0.4168912477793748,1.0832552319964477,0.11782269123988798,2.75,3.3,2.5,1.0666666666666669,0.34090909090909083,0.28409090909090906,0.37499999999999994,2.5,0.4168912477793748,0.04222811944843696,0.02815207963229131,1,0,-1.0,-4.390000000000001
2013,8,2013-10-04,malaga,osasuna,2013|2013-10-04|malaga|osasuna,2013|2013-10-04|malaga|osasuna,A,H,0.6822971116363188,0.17879727362360023,0.13890561474008106,0.6822971116363188,0.8428296040724303,0.5034998380127186,1.53,4.0,6.0,1.0702614379084967,0.6106870229007634,0.233587786259542,0.15572519083969466,1.53,0.6822971116363188,0.04391458080356775,0.0828576996293731,1,0,-1.0,-5.390000000000001
2013,8,2013-10-04,villarreal,granada,2013|2013-10-04|villarreal|granada,2013|2013-10-04|villarreal|granada,H,H,0.7441865175903765,0.16751822731843838,0.08829525509118513,0.7441865175903765,0.7334773186783147,0.5766682902719381,1.44,4.33,7.0,1.0682484695186774,0.6500776404176282,0.2161921021250311,0.13373025745734066,1.44,0.7441865175903765,0.07162858533014205,0.1627922393866865,1,1,0.43999999999999995,-4.950000000000001
2013,8,2013-10-05,barcelona,valladolid,2013|2013-10-05|barcelona|valladolid,2013|2013-10-05|barcelona|valladolid,H,H,0.9248130415105917,0.041583157124572064,0.033603801364836094,0.9248130415105917,0.3185453263055155,0.8832298843860197,1.09,10.0,21.0,1.065050240279598,0.8613971040649739,0.09389228434308217,0.04471061159194389,1.09,0.9248130415105917,0.008046215246545071,0.0894023916282785,1,1,0.09000000000000008,-4.860000000000001
2013,8,2013-10-05,elche,espanol,2013|2013-10-05|elche|espanol,2013|2013-10-05|elche|espanol,H,H,0.36238913062693207,0.3232944759359367,0.31431639343713125,0.36238913062693207,1.0966754047195786,0.03909465469099538,2.5,3.3,2.75,1.0666666666666669,0.37499999999999994,0.28409090909090906,0.34090909090909083,2.5,0.36238913062693207,-0.09402717343266986,0.0,1,1,1.5,-3.360000000000001
2013,8,2013-10-05,levante,real madrid,2013|2013-10-05|levante|real madrid,2013|2013-10-05|levante|realmadrid,A,A,0.11935354529892096,0.18833345217135242,0.6923130025297267,0.6923130025297267,0.8227114754799454,0.5039795503583743,9.0,5.0,1.33,1.0629908103592314,0.10452687834014461,0.1881483810122603,0.7073247406475951,1.33,0.6923130025297267,-0.07922370663546341,0.0,1,1,0.33000000000000007,-3.030000000000001
2013,8,2013-10-05,vallecano,sociedad,2013|2013-10-05|vallecano|sociedad,2013|2013-10-05|vallecano|sociedad,H,A,0.2903025251352345,0.268679861494621,0.4410176133701445,0.4410176133701445,1.0732118639102244,0.15071508823490998,2.9,3.4,2.38,1.059113300492611,0.3255813953488372,0.27770177838577287,0.39671682626538984,2.38,0.4410176133701445,0.04962191982094377,0.03595791291372737,1,0,-1.0,-4.030000000000001
2013,8,2013-10-06,ath bilbao,valencia,2013|2013-10-06|ath bilbao|valencia,2013|2013-10-06|athbilbao|valencia,D,H,0.4675596967444624,0.27327703839088324,0.25916326486465435,0.4675596967444624,1.0599133660569617,0.19428265835357916,2.1,3.5,3.3,1.0649350649350648,0.44715447154471544,0.2682926829268293,0.28455284552845533,2.1,0.4675596967444624,-0.018124636836628905,0.0,1,0,-1.0,-5.030000000000001
2013,8,2013-10-06,ath madrid,celta,2013|2013-10-06|ath madrid|celta,2013|2013-10-06|athmadrid|celta,H,H,0.8330440762894374,0.10683151221464408,0.06012441149591845,0.8330440762894374,0.5601301497702904,0.7262125640747934,1.22,6.0,13.0,1.0632618747372846,0.7709033405811425,0.15675034591816564,0.07234631350069183,1.22,0.8330440762894374,0.016313773073113658,0.07415351396869846,1,1,0.21999999999999997,-4.8100000000000005
2013,8,2013-10-06,getafe,betis,2013|2013-10-06|getafe|betis,2013|2013-10-06|getafe|betis,H,D,0.3196868288357634,0.3562772924391844,0.3240358787250523,0.3562772924391844,1.097426050004834,0.03224141371413208,2.4,3.3,2.88,1.066919191919192,0.3905325443786982,0.2840236686390532,0.32544378698224846,3.3,0.3562772924391844,0.17571506504930834,0.0763978543692645,1,0,-1.0,-5.8100000000000005
2013,8,2013-10-06,sevilla,almeria,2013|2013-10-06|sevilla|almeria,2013|2013-10-06|sevilla|almeria,H,H,0.728263874643616,0.14632400061487086,0.12541212474151311,0.728263874643616,0.772525673760422,0.5819398740287451,1.44,4.33,7.0,1.0682484695186774,0.6500776404176282,0.2161921021250311,0.13373025745734066,1.44,0.728263874643616,0.04869997948680699,0.11068177156092499,1,1,0.43999999999999995,-5.370000000000001
2013,9,2013-10-19,espanol,ath madrid,2013|2013-10-19|espanol|ath madrid,2013|2013-10-19|espanol|athmadrid,H,A,0.1625225013309521,0.24893815050152815,0.5885393481675196,0.5885393481675196,0.953446059255104,0.3396011976659915,5.25,3.6,1.67,1.067056363463549,0.17850621297822117,0.26032156059323924,0.5611722264285397,1.67,0.5885393481675196,-0.017139288560242272,0.0,1,0,-1.0,-6.370000000000001
2013,9,2013-10-19,osasuna,barcelona,2013|2013-10-19|osasuna|barcelona,2013|2013-10-19|osasuna|barcelona,D,A,0.11860712413728766,0.1682624453189634,0.7131304305437489,0.7131304305437489,0.7938484968117103,0.5448679852247855,12.0,6.0,1.22,1.069672131147541,0.07790549169859515,0.1558109833971903,0.7662835249042146,1.22,0.7131304305437489,-0.12998087473662634,0.0,1,0,-1.0,-7.370000000000001
2013,9,2013-10-19,real madrid,malaga,2013|2013-10-19|real madrid|malaga,2013|2013-10-19|realmadrid|malaga,H,H,0.8714366394329536,0.06848964304828283,0.06007371751876366,0.8714366394329536,0.47248423593901157,0.8029469963846707,1.2,7.0,11.0,1.067099567099567,0.7809330628803246,0.13387423935091278,0.08519269776876268,1.2,0.8714366394329536,0.045723967319544256,0.22861983659772134,1,1,0.19999999999999996,-7.170000000000001
2013,9,2013-10-19,valencia,sociedad,2013|2013-10-19|valencia|sociedad,2013|2013-10-19|valencia|sociedad,A,H,0.5390202325589126,0.24436465172297972,0.2166151157181076,0.5390202325589126,1.0087900283418785,0.2946555808359329,1.73,3.5,5.0,1.0637489677952106,0.5433938829374321,0.2685918335662164,0.18801428349635152,1.73,0.5390202325589126,-0.06749499767308115,0.0,1,0,-1.0,-8.170000000000002
2013,9,2013-10-20,almeria,vallecano,2013|2013-10-20|almeria|vallecano,2013|2013-10-20|almeria|vallecano,A,H,0.5125779509244097,0.27244289491207657,0.21497915416351376,0.5125779509244097,1.0272907741554291,0.24013505601233315,1.91,3.6,3.75,1.0680046538685282,0.49022277901846506,0.2600904188681301,0.24968680211340488,1.91,0.5125779509244097,-0.020976113734377466,0.0,1,0,-1.0,-9.170000000000002
2013,9,2013-10-20,betis,elche,2013|2013-10-20|betis|elche,2013|2013-10-20|betis|elche,A,H,0.607618518295934,0.20442295119665516,0.18795853050741085,0.607618518295934,0.941434032379061,0.4031955670992789,1.73,3.5,5.0,1.0637489677952106,0.5433938829374321,0.2685918335662164,0.18801428349635152,1.73,0.607618518295934,0.05118003665196591,0.07010963924926837,1,0,-1.0,-10.170000000000002
2013,9,2013-10-20,granada,getafe,2013|2013-10-20|granada|getafe,2013|2013-10-20|granada|getafe,A,H,0.47723641419895235,0.2609548486346507,0.26180873716639697,0.47723641419895235,1.0544618687915983,0.2154276770325554,2.1,3.4,3.4,1.0644257703081232,0.4473684210526316,0.27631578947368424,0.27631578947368424,2.1,0.47723641419895235,0.002196469817799973,0.0019967907434545206,1,0,-1.0,-11.170000000000002
2013,9,2013-10-20,valladolid,sevilla,2013|2013-10-20|valladolid|sevilla,2013|2013-10-20|valladolid|sevilla,D,A,0.29836513499920675,0.3153006008871762,0.38633426411361704,0.38633426411361704,1.0922070431166289,0.07103366322644084,2.8,3.4,2.4,1.0679271708683473,0.3344262295081967,0.2754098360655738,0.39016393442622954,2.4,0.38633426411361704,-0.07279776612731914,0.0,1,0,-1.0,-12.170000000000002
2013,9,2013-10-21,ath bilbao,villarreal,2013|2013-10-21|ath bilbao|villarreal,2013|2013-10-21|athbilbao|villarreal,H,H,0.45175757386193877,0.2385538249600392,0.309688601178022,0.45175757386193877,1.0638700339218226,0.14206897268391677,2.2,3.4,3.2,1.061163101604278,0.42834645669291344,0.2771653543307087,0.29448818897637796,2.2,0.45175757386193877,-0.0061333375037345705,0.0,1,1,1.2000000000000002,-10.97
2013,9,2013-10-21,celta,levante,2013|2013-10-21|celta|levante,2013|2013-10-21|celta|levante,A,H,0.46772528143205455,0.25813406996481525,0.2741406486031302,0.46772528143205455,1.059766425546738,0.19358463282892435,2.05,3.4,3.5,1.0676368108218899,0.4569015166058744,0.2754847379535419,0.26761374544058353,2.05,0.46772528143205455,-0.041163173064288294,0.0,1,0,-1.0,-11.97
2013,10,2013-10-25,vallecano,valladolid,2013|2013-10-25|vallecano|valladolid,2013|2013-10-25|vallecano|valladolid,A,H,0.5512869473190055,0.17389830101466697,0.2748147516663275,0.5512869473190055,0.9874555911719428,0.276472195652678,1.91,3.6,3.8,1.0644958819387036,0.491838642410297,0.26094772416768536,0.2472136334220177,1.91,0.5512869473190055,0.052958069379300476,0.05819568063659394,1,0,-1.0,-12.97
2013,10,2013-10-26,barcelona,real madrid,2013|2013-10-26|barcelona|real madrid,2013|2013-10-26|barcelona|realmadrid,H,H,0.5918928897622654,0.17836154313128533,0.22974556710644928,0.5918928897622654,0.9557970476461517,0.3621473226558161,1.75,4.0,4.33,1.0523754536456615,0.5429892624813857,0.23755780233560622,0.21945293518300807,1.75,0.5918928897622654,0.03581255708396447,0.04775007611195262,1,1,0.75,-12.22
2013,10,2013-10-26,elche,granada,2013|2013-10-26|elche|granada,2013|2013-10-26|elche|granada,A,H,0.4584855541215904,0.3448757940237253,0.1966386518546843,0.4584855541215904,1.0444945753858195,0.11360976009786511,1.91,3.4,4.0,1.0676778564829073,0.4903728275762602,0.2754741472560756,0.23415302516766426,1.91,0.4584855541215904,-0.12429259162776235,0.0,1,0,-1.0,-13.22
2013,10,2013-10-26,levante,espanol,2013|2013-10-26|levante|espanol,2013|2013-10-26|levante|espanol,H,H,0.37427600119667714,0.29407998154698706,0.3316440172563358,0.37427600119667714,1.093782890542133,0.042631983940341345,2.4,3.3,2.9,1.0645245559038663,0.3914110429447853,0.2846625766871166,0.3239263803680982,2.4,0.37427600119667714,-0.10173759712797492,0.0,1,1,1.4,-11.82
2013,10,2013-10-26,malaga,celta,2013|2013-10-26|malaga|celta,2013|2013-10-26|malaga|celta,A,H,0.5988445335906178,0.21257295676164858,0.1885825096477336,0.5988445335906178,0.9508193853038094,0.3862715768289693,1.7,3.6,5.0,1.0660130718954248,0.5518087063151441,0.26057633353770693,0.187614960147149,1.7,0.5988445335906178,0.018035707104050336,0.02576529586292905,1,0,-1.0,-12.82
2013,10,2013-10-27,ath madrid,betis,2013|2013-10-27|ath madrid|betis,2013|2013-10-27|athmadrid|betis,H,H,0.8418309899342379,0.08384427283180705,0.07432473723395505,0.8418309899342379,0.5459689290806327,0.7579867171024308,1.25,5.5,12.0,1.0651515151515152,0.7510668563300142,0.17069701280227595,0.07823613086770981,1.25,0.8418309899342379,0.052288737417797354,0.20915494967118942,1,1,0.25,-12.57
2013,10,2013-10-27,sevilla,osasuna,2013|2013-10-27|sevilla|osasuna,2013|2013-10-27|sevilla|osasuna,H,H,0.7182892308253186,0.16494535607351318,0.1167654131011682,0.7182892308253186,0.7856885070142793,0.5533438747518054,1.5,4.2,6.5,1.0586080586080584,0.6297577854671281,0.2249134948096886,0.14532871972318342,1.5,0.7182892308253186,0.07743384623797789,0.15486769247595578,1,1,0.5,-12.07
2013,10,2013-10-27,sociedad,almeria,2013|2013-10-27|sociedad|almeria,2013|2013-10-27|sociedad|almeria,H,H,0.5977785759999462,0.22568386119509545,0.17653756280495833,0.5977785759999462,0.9496907088439228,0.3720947148048508,1.57,4.0,5.5,1.0687608569774174,0.5959637003927942,0.23391575240417176,0.17012054720303402,1.57,0.5977785759999462,-0.06148763568008442,0.0,1,1,0.5700000000000001,-11.5
2013,10,2013-10-27,villarreal,valencia,2013|2013-10-27|villarreal|valencia,2013|2013-10-27|villarreal|valencia,H,H,0.5083086591649665,0.23521059185443693,0.25648074898059664,0.5083086591649665,1.0333633649535803,0.25182791018436984,1.95,3.5,3.8,1.0616926932716406,0.4830216088614491,0.26911203922280735,0.24786635191574358,1.95,0.5083086591649665,-0.008798114628315368,0.0,1,1,0.95,-10.55
2013,10,2013-10-28,getafe,ath bilbao,2013|2013-10-28|getafe|ath bilbao,2013|2013-10-28|getafe|athbilbao,A,A,0.29906908434953905,0.3105590109230264,0.3903719047274345,0.3903719047274345,1.0913678649061058,0.07981289380440809,2.63,3.2,2.7,1.0630985072524997,0.35766030550151096,0.2939520635840543,0.3483876309144347,2.7,0.3903719047274345,0.05400414276407328,0.031767142802396044,1,1,1.7000000000000002,-8.850000000000001
2013,11,2013-10-29,celta,barcelona,2013|2013-10-29|celta|barcelona,2013|2013-10-29|celta|barcelona,A,A,0.14034005351391268,0.24315952780240965,0.6165004186836777,0.6165004186836777,0.9176195796539632,0.373340890881268,10.0,5.5,1.29,1.0570119802677942,0.09460630708713914,0.17201146743116208,0.7333822254816987,1.29,0.6165004186836777,-0.20471445989805578,0.0,1,1,0.29000000000000004,-8.56
2013,11,2013-10-29,espanol,malaga,2013|2013-10-29|espanol|malaga,2013|2013-10-29|espanol|malaga,D,H,0.47144621885675003,0.23666223033207542,0.2918915508111745,0.47144621885675003,1.0549904511971708,0.17955466804557552,1.91,3.3,4.2,1.064685750549625,0.4917509313464608,0.2846194784459819,0.22362959020755718,1.91,0.47144621885675003,-0.09953772198360744,0.0,1,0,-1.0,-9.56
2013,11,2013-10-30,osasuna,vallecano,2013|2013-10-30|osasuna|vallecano,2013|2013-10-30|osasuna|vallecano,H,H,0.4224527607949041,0.2841465317478445,0.2934007074572515,0.4224527607949041,1.081322440906404,0.12905205333765263,2.1,3.3,3.5,1.064935064935065,0.4471544715447154,0.2845528455284553,0.26829268292682923,2.1,0.4224527607949041,-0.11284920233070128,0.0,1,1,1.1,-8.46
2013,11,2013-10-30,real madrid,sevilla,2013|2013-10-30|real madrid|sevilla,2013|2013-10-30|realmadrid|sevilla,H,H,0.9054693210438185,0.049472621152685116,0.04505805780349639,0.9054693210438185,0.37831724698704455,0.8559966998911334,1.18,7.0,13.0,1.067237846898864,0.794066317626527,0.1338568935427574,0.07207678883071553,1.18,0.9054693210438185,0.06845379883170577,0.3802988823983655,1,1,0.17999999999999994,-8.280000000000001
2013,11,2013-10-30,valencia,almeria,2013|2013-10-30|valencia|almeria,2013|2013-10-30|valencia|almeria,A,H,0.7128169218357867,0.151583206637471,0.13559987152674227,0.7128169218357867,0.7982252796930549,0.5612337151983158,1.4,4.5,8.0,1.0615079365079365,0.6728971962616822,0.20934579439252335,0.11775700934579439,1.4,0.7128169218357867,-0.0020563094298986506,0.0,1,0,-1.0,-9.280000000000001
2013,11,2013-10-30,valladolid,sociedad,2013|2013-10-30|valladolid|sociedad,2013|2013-10-30|valladolid|sociedad,D,A,0.306128720561916,0.3178814692091203,0.3759898102289637,0.3759898102289637,1.094486989417704,0.05810834101984341,2.8,3.3,2.5,1.0601731601731603,0.3368721927317272,0.2858309514087382,0.3772968558595345,2.5,0.3759898102289637,-0.06002547442759065,0.0,1,0,-1.0,-10.280000000000001
2013,11,2013-10-31,ath bilbao,elche,2013|2013-10-31|ath bilbao|elche,2013|2013-10-31|athbilbao|elche,D,H,0.657609686227711,0.1714180802875135,0.1709722334847755,0.657609686227711,0.8799348330934356,0.4861916059401975,1.62,3.75,5.5,1.0657687991021325,0.5791912384161751,0.2502106149957877,0.17059814658803707,1.62,0.657609686227711,0.06532769168889185,0.10536724465950296,1,0,-1.0,-11.280000000000001
2013,11,2013-10-31,betis,levante,2013|2013-10-31|betis|levante,2013|2013-10-31|betis|levante,D,H,0.6023047675492075,0.2220645857020104,0.17563064674878223,0.6023047675492075,0.9450104692305714,0.3802401818471971,1.8,3.5,4.5,1.0634920634920635,0.5223880597014926,0.26865671641791045,0.208955223880597,1.8,0.6023047675492075,0.08414858158857347,0.10518572698571683,1,0,-1.0,-12.280000000000001
2013,11,2013-10-31,granada,ath madrid,2013|2013-10-31|granada|ath madrid,2013|2013-10-31|granada|athmadrid,A,A,0.13953867914753448,0.22235476805663806,0.6381065527958274,0.6381065527958274,0.8957849144939529,0.41575178473918933,6.0,4.0,1.53,1.0702614379084967,0.15572519083969466,0.233587786259542,0.6106870229007634,1.53,0.6381065527958274,-0.023696974222384037,0.0,1,1,0.53,-11.75
2013,11,2013-10-31,villarreal,getafe,2013|2013-10-31|villarreal|getafe,2013|2013-10-31|villarreal|getafe,A,H,0.7514558278081153,0.1423889810722556,0.10615519111962908,0.7514558278081153,0.7303571961306341,0.6090668467358596,1.44,4.2,7.5,1.0658730158730159,0.6515264333581534,0.22338049143708116,0.12509307520476545,1.44,0.7514558278081153,0.08209639204368596,0.1865827091901954,1,0,-1.0,-12.75
2013,12,2013-11-01,barcelona,espanol,2013|2013-11-01|barcelona|espanol,2013|2013-11-01|barcelona|espanol,H,H,0.9097238694362934,0.05178990248112828,0.03848622808257835,0.9097238694362934,0.3647670317673606,0.8579339669551651,1.09,10.0,26.0,1.055892731122089,0.8688677984226707,0.09470659002807112,0.03642561154925812,1.09,0.9097238694362934,-0.00840098231444017,0.0,1,1,0.09000000000000008,-12.66
2013,12,2013-11-02,almeria,valladolid,2013|2013-11-02|almeria|valladolid,2013|2013-11-02|almeria|valladolid,H,H,0.3894455998950426,0.3667620765625592,0.24379232354239824,0.3894455998950426,1.079234934527397,0.022683523332483413,2.15,3.3,3.4,1.062264229158894,0.43785365853658537,0.28526829268292686,0.27687804878048783,2.15,0.3894455998950426,-0.16269196022565846,0.0,1,1,1.15,-11.510000000000002
2013,12,2013-11-02,sevilla,celta,2013|2013-11-02|sevilla|celta,2013|2013-11-02|sevilla|celta,A,H,0.7084817082882693,0.17644051690542617,0.11507777480630456,0.7084817082882693,0.7990638362986888,0.5320411913828431,1.5,4.33,6.0,1.0642802155504234,0.6264014466546112,0.21699819168173598,0.1566003616636528,1.5,0.7084817082882693,0.06272256243240393,0.12544512486480786,1,0,-1.0,-12.510000000000002
2013,12,2013-11-02,sociedad,osasuna,2013|2013-11-02|sociedad|osasuna,2013|2013-11-02|sociedad|osasuna,H,H,0.6954154069309613,0.17892989626970363,0.12565469679933516,0.6954154069309613,0.8211376077386427,0.5164855106612576,1.57,4.0,5.75,1.0608557186374965,0.600404620505123,0.2356588135482608,0.1639365659466162,1.57,0.6954154069309613,0.09180218888160924,0.16105647172212145,1,1,0.5700000000000001,-11.940000000000001
2013,12,2013-11-02,vallecano,real madrid,2013|2013-11-02|vallecano|real madrid,2013|2013-11-02|vallecano|realmadrid,A,A,0.13583578454912695,0.15576510216189604,0.708399113288977,0.708399113288977,0.8050196459126369,0.5526340111270809,11.0,6.0,1.25,1.0575757575757576,0.08595988538681948,0.15759312320916904,0.7564469914040115,1.25,0.708399113288977,-0.11450110838877878,0.0,1,1,0.25,-11.690000000000001
2013,12,2013-11-03,ath madrid,ath bilbao,2013|2013-11-03|ath madrid|ath bilbao,2013|2013-11-03|athmadrid|athbilbao,H,H,0.8248493420678752,0.09278737107572033,0.08236328685640444,0.8248493420678752,0.5850547778966968,0.7320619709921549,1.3,5.0,11.0,1.06013986013986,0.7255936675461742,0.18865435356200533,0.0857519788918206,1.3,0.8248493420678752,0.07230414468823779,0.24101381562745924,1,1,0.30000000000000004,-11.39
2013,12,2013-11-03,getafe,valencia,2013|2013-11-03|getafe|valencia,2013|2013-11-03|getafe|valencia,A,D,0.3193992125131482,0.3459578632681471,0.33464292421870473,0.3459578632681471,1.0980782288288868,0.011314939049442363,2.6,3.2,2.75,1.0607517482517483,0.36258755665430564,0.2946023897816234,0.34281005356407085,3.2,0.3459578632681471,0.10706516245807074,0.0486659829354867,1,0,-1.0,-12.39
2013,12,2013-11-03,levante,granada,2013|2013-11-03|levante|granada,2013|2013-11-03|levante|granada,A,H,0.4598487917564856,0.28218406124286305,0.2579671470006513,0.4598487917564856,1.063780706841774,0.17766473051362253,2.05,3.3,3.6,1.0686129588568614,0.4564841498559078,0.28357348703170027,0.25994236311239194,2.05,0.4598487917564856,-0.057309976899204695,0.0,1,0,-1.0,-13.39
2013,12,2013-11-03,malaga,betis,2013|2013-11-03|malaga|betis,2013|2013-11-03|malaga|betis,H,H,0.42530379754888903,0.2732090459321905,0.3014871565189206,0.42530379754888903,1.0795993067491163,0.12381664102996842,2.05,3.4,3.6,1.059700302885382,0.4603234298608499,0.27754795035727714,0.26212861978187285,2.05,0.42530379754888903,-0.12812721502477759,0.0,1,1,1.0499999999999998,-12.34
2013,12,2013-11-04,elche,villarreal,2013|2013-11-04|elche|villarreal,2013|2013-11-04|elche|villarreal,A,A,0.2402393202590589,0.33106312774075924,0.4286975520001819,0.4286975520001819,1.0716908779396035,0.09763442425942265,3.3,3.3,2.2,1.0606060606060606,0.28571428571428575,0.28571428571428575,0.4285714285714286,2.2,0.4286975520001819,-0.05686538559959975,0.0,1,1,1.2000000000000002,-11.14
2013,13,2013-11-08,granada,malaga,2013|2013-11-08|granada|malaga,2013|2013-11-08|granada|malaga,H,A,0.35743578539997745,0.2637652455285636,0.3787989690714589,0.3787989690714589,1.0869675722910046,0.021363183671481434,2.3,3.2,3.2,1.0597826086956523,0.41025641025641024,0.2948717948717948,0.2948717948717948,3.2,0.3787989690714589,0.21215670102866846,0.0964348641039402,1,0,-1.0,-12.14
2013,13,2013-11-08,osasuna,almeria,2013|2013-11-08|osasuna|almeria,2013|2013-11-08|osasuna|almeria,A,H,0.4513517818058543,0.25114203031425514,0.29750618787989064,0.4513517818058543,1.0667389844362938,0.15384559392596364,2.05,3.4,3.5,1.0676368108218899,0.4569015166058744,0.2754847379535419,0.26761374544058353,2.05,0.4513517818058543,-0.07472884729799872,0.0,1,0,-1.0,-13.14
2013,13,2013-11-09,ath bilbao,levante,2013|2013-11-09|ath bilbao|levante,2013|2013-11-09|athbilbao|levante,H,H,0.7204659201469846,0.14936319943142243,0.13017088042159286,0.7204659201469846,0.7856116204236419,0.5711027207155622,1.5,4.1,6.5,1.0644152595372107,0.6263219741480611,0.22914218566392483,0.1445358401880141,1.5,0.7204659201469846,0.08069888022047694,0.16139776044095389,1,1,0.5,-12.64
2013,13,2013-11-09,celta,vallecano,2013|2013-11-09|celta|vallecano,2013|2013-11-09|celta|vallecano,A,H,0.5485243825946627,0.24606068633373562,0.2054149310716016,0.5485243825946627,0.999537458617791,0.3024636962609271,1.91,3.5,4.0,1.0592744951383695,0.4942630185348632,0.26972639011473964,0.23601059135039718,1.91,0.5485243825946627,0.04768157075580581,0.05239733050088551,1,0,-1.0,-13.64
2013,13,2013-11-09,getafe,elche,2013|2013-11-09|getafe|elche,2013|2013-11-09|getafe|elche,D,H,0.45029270293209533,0.24092547107897072,0.308781825988934,0.45029270293209533,1.0650266148462444,0.14151087694316133,2.05,3.25,3.75,1.0621638524077548,0.45925577013659924,0.2896844088553933,0.25105982100800756,2.05,0.45029270293209533,-0.07689995898920465,0.0,1,0,-1.0,-14.64
2013,13,2013-11-09,real madrid,sociedad,2013|2013-11-09|real madrid|sociedad,2013|2013-11-09|realmadrid|sociedad,H,H,0.9070827720486155,0.04574225844053323,0.04717496951085128,0.9070827720486155,0.37363003484541923,0.8599078025377642,1.14,8.0,17.0,1.0610165118679051,0.8267477203647416,0.11781155015197567,0.05544072948328267,1.14,0.9070827720486155,0.034074360135421616,0.24338828668158313,1,1,0.1399999999999999,-14.5
2013,13,2013-11-10,betis,barcelona,2013|2013-11-10|betis|barcelona,2013|2013-11-10|betis|barcelona,A,A,0.1300585131384624,0.18017651310038216,0.6897649737611554,0.6897649737611554,0.8302610796175366,0.5095884606607732,11.0,6.0,1.25,1.0575757575757576,0.08595988538681948,0.15759312320916904,0.7564469914040115,1.25,0.6897649737611554,-0.13779378279855573,0.0,1,1,0.25,-14.25
2013,13,2013-11-10,espanol,sevilla,2013|2013-11-10|espanol|sevilla,2013|2013-11-10|espanol|sevilla,A,H,0.38581976418593966,0.27738587479454346,0.3367943610195169,0.38581976418593966,1.0896810086573,0.04902540316642279,2.38,3.25,3.0,1.0611937082525318,0.39593908629441626,0.2899492385786802,0.3141116751269035,2.38,0.38581976418593966,-0.08174896123746367,0.0,1,0,-1.0,-15.25
2013,13,2013-11-10,valencia,valladolid,2013|2013-11-10|valencia|valladolid,2013|2013-11-10|valencia|valladolid,D,H,0.6697953856769453,0.17408335270777187,0.1561212616152828,0.6697953856769453,0.8627150614630189,0.49571203296917343,1.53,4.0,6.0,1.0702614379084967,0.6106870229007634,0.233587786259542,0.15572519083969466,1.53,0.6697953856769453,0.02478694008572635,0.046767811482502544,1,0,-1.0,-16.25
2013,13,2013-11-10,villarreal,ath madrid,2013|2013-11-10|villarreal|ath madrid,2013|2013-11-10|villarreal|athmadrid,D,A,0.24107022781388307,0.28414204975255175,0.47478772243356515,0.47478772243356515,1.0541566220427678,0.1906456726810134,3.4,3.4,2.1,1.0644257703081232,0.27631578947368424,0.27631578947368424,0.4473684210526316,2.1,0.47478772243356515,-0.0029457828895131932,0.0,1,0,-1.0,-17.25
2013,14,2013-11-22,valladolid,osasuna,2013|2013-11-22|valladolid|osasuna,2013|2013-11-22|valladolid|osasuna,A,H,0.504007017858523,0.2667901561021713,0.22920282603930572,0.504007017858523,1.0354856175040883,0.23721686175635165,2.0,3.4,3.75,1.0607843137254902,0.47134935304990755,0.27726432532347506,0.2513863216266174,2.0,0.504007017858523,0.008014035717045953,0.008014035717045953,1,0,-1.0,-18.25
2013,14,2013-11-23,almeria,real madrid,2013|2013-11-23|almeria|real madrid,2013|2013-11-23|almeria|realmadrid,A,A,0.11191819867204586,0.15736165649285458,0.7307201448350996,0.7307201448350996,0.7653389112123212,0.573358488342245,9.5,5.5,1.29,1.062275138162531,0.09909217877094971,0.17115921787709498,0.7297486033519552,1.29,0.7307201448350996,-0.057371013162721474,0.0,1,1,0.29000000000000004,-17.96
2013,14,2013-11-23,ath madrid,getafe,2013|2013-11-23|ath madrid|getafe,2013|2013-11-23|athmadrid|getafe,H,H,0.8641147127401444,0.07466720304029995,0.061218084219555685,0.8641147127401444,0.49094504771859565,0.7894475096998445,1.22,5.75,13.0,1.0705082515488789,0.765685019206146,0.16245838668373877,0.07185659411011523,1.22,0.8641147127401444,0.054219949542976154,0.2464543161044371,1,1,0.21999999999999997,-17.740000000000002
2013,14,2013-11-23,barcelona,granada,2013|2013-11-23|barcelona|granada,2013|2013-11-23|barcelona|granada,H,H,0.8963533490788079,0.06534592113651116,0.03830072978468102,0.8963533490788079,0.4012950617089138,0.8310074279422968,1.13,8.5,17.0,1.0614263404476836,0.8337420304070623,0.1108386463952918,0.0554193231976459,1.13,0.8963533490788079,0.012879284459052856,0.09907141891579128,1,1,0.1299999999999999,-17.61
2013,14,2013-11-23,sociedad,celta,2013|2013-11-23|sociedad|celta,2013|2013-11-23|sociedad|celta,H,H,0.6151727310599878,0.20248942020946842,0.18233784873054376,0.6151727310599878,0.932592008135444,0.4126833108505194,1.67,3.6,5.25,1.067056363463549,0.5611722264285397,0.26032156059323924,0.17850621297822117,1.67,0.6151727310599878,0.027338460870179604,0.040803672940566575,1,1,0.6699999999999999,-16.94
2013,14,2013-11-24,elche,valencia,2013|2013-11-24|elche|valencia,2013|2013-11-24|elche|valencia,H,A,0.30128973440788304,0.32991744035915543,0.36879282523296153,0.36879282523296153,1.095180136482306,0.038875384873806096,2.75,3.3,2.5,1.0666666666666669,0.34090909090909083,0.28409090909090906,0.37499999999999994,2.5,0.36879282523296153,-0.07801793691759618,0.0,1,0,-1.0,-17.94
2013,14,2013-11-24,levante,villarreal,2013|2013-11-24|levante|villarreal,2013|2013-11-24|levante|villarreal,A,A,0.23158403174458564,0.31993563987579826,0.44848032837961604,0.44848032837961604,1.0630060992291654,0.12854468850381778,3.5,3.3,2.1,1.064935064935065,0.26829268292682923,0.2845528455284553,0.4471544715447154,2.1,0.44848032837961604,-0.058191310402806284,0.0,1,1,1.1,-16.84
2013,14,2013-11-24,sevilla,betis,2013|2013-11-24|sevilla|betis,2013|2013-11-24|sevilla|betis,H,H,0.5665149067023242,0.2169868516538689,0.2164982416438069,0.5665149067023242,0.9847411248302468,0.3495280550484553,1.67,3.75,5.0,1.0654690618762475,0.562008242787561,0.2502810041213938,0.18771075309104535,1.67,0.5665149067023242,-0.053920105807118646,0.0,1,1,0.6699999999999999,-16.17
2013,14,2013-11-24,vallecano,espanol,2013|2013-11-24|vallecano|espanol,2013|2013-11-24|vallecano|espanol,A,A,0.3468999755612018,0.24465354923467436,0.40844647520412386,0.40844647520412386,1.0774409167183894,0.06154649964292208,2.4,3.3,2.88,1.066919191919192,0.3905325443786982,0.2840236686390532,0.32544378698224846,2.88,0.40844647520412386,0.1763258485878767,0.09379034499355145,1,1,1.88,-14.290000000000001
2013,14,2013-11-25,malaga,ath bilbao,2013|2013-11-25|malaga|ath bilbao,2013|2013-11-25|malaga|athbilbao,A,H,0.3466460719478863,0.3351000289826873,0.3182538990694263,0.3466460719478863,1.0979988947104096,0.01154604296519901,2.6,3.25,2.7,1.0626780626780628,0.3619302949061662,0.28954423592493295,0.34852546916890076,2.6,0.3466460719478863,-0.09872021293549549,0.0,1,0,-1.0,-15.290000000000001
2013,15,2013-11-29,getafe,levante,2013|2013-11-29|getafe|levante,2013|2013-11-29|getafe|levante,H,H,0.5381076133995614,0.23294871310224297,0.22894367349819567,0.5381076133995614,1.0103820233541216,0.3051589002973184,1.83,3.4,4.5,1.0627879567127398,0.5141647343482205,0.27674160701683637,0.209093658634943,1.83,0.5381076133995614,-0.015263067478802683,0.0,1,1,0.8300000000000001,-14.46
2013,15,2013-11-29,villarreal,malaga,2013|2013-11-29|villarreal|malaga,2013|2013-11-29|villarreal|malaga,D,H,0.7140876095650606,0.14192559987356587,0.1439867905613735,0.7140876095650606,0.7966229514835983,0.570100819003687,1.44,4.33,7.0,1.0682484695186774,0.6500776404176282,0.2161921021250311,0.13373025745734066,1.44,0.7140876095650606,0.028286157773687204,0.06428672221292547,1,0,-1.0,-15.46
2013,15,2013-11-30,celta,almeria,2013|2013-11-30|celta|almeria,2013|2013-11-30|celta|almeria,H,H,0.5237288958404555,0.24593875029090806,0.23033235386863654,0.5237288958404555,1.0218908694237057,0.2777901455495474,1.91,3.4,4.0,1.0676778564829073,0.4903728275762602,0.2754741472560756,0.23415302516766426,1.91,0.5237288958404555,0.00032219105526987146,0.00035405610469216645,1,1,0.9099999999999999,-14.55
2013,15,2013-11-30,elche,ath madrid,2013|2013-11-30|elche|ath madrid,2013|2013-11-30|elche|athmadrid,A,A,0.12057914746507688,0.257201679227589,0.622219173307334,0.622219173307334,0.899551739475712,0.365017494079745,7.0,4.0,1.5,1.0595238095238095,0.1348314606741573,0.23595505617977527,0.6292134831460674,1.5,0.622219173307334,-0.06667124003899899,0.0,1,1,0.5,-14.05
2013,15,2013-11-30,espanol,sociedad,2013|2013-11-30|espanol|sociedad,2013|2013-11-30|espanol|sociedad,A,H,0.39708986168973387,0.28784595268663055,0.31506418562363564,0.39708986168973387,1.0891049228854166,0.08202567606609823,2.2,3.4,3.2,1.061163101604278,0.42834645669291344,0.2771653543307087,0.29448818897637796,2.2,0.39708986168973387,-0.12640230428258548,0.0,1,0,-1.0,-15.05
2013,15,2013-11-30,real madrid,valladolid,2013|2013-11-30|real madrid|valladolid,2013|2013-11-30|realmadrid|valladolid,H,H,0.9169000803396226,0.044027031787112765,0.039072887873264704,0.9169000803396226,0.3437286371336711,0.8728730485525098,1.13,8.5,17.0,1.0614263404476836,0.8337420304070623,0.1108386463952918,0.0554193231976459,1.13,0.9169000803396226,0.03609709078377339,0.2776699291059494,1,1,0.1299999999999999,-14.920000000000002
2013,15,2013-12-01,ath bilbao,barcelona,2013|2013-12-01|ath bilbao|barcelona,2013|2013-12-01|athbilbao|barcelona,H,A,0.16129771340553672,0.2104569052886945,0.6282453813057688,0.6282453813057688,0.9143037476843372,0.41778847601707425,5.0,4.2,1.6,1.063095238095238,0.18812989921612544,0.22396416573348263,0.5879059350503919,1.6,0.6282453813057688,0.00519261008923011,0.008654350148716848,1,0,-1.0,-15.920000000000002
2013,15,2013-12-01,betis,vallecano,2013|2013-12-01|betis|vallecano,2013|2013-12-01|betis|vallecano,D,H,0.5720796691481179,0.19617259900526962,0.2317477318466125,0.5720796691481179,0.9778512242963902,0.34033193730150546,1.91,3.4,4.0,1.0676778564829073,0.4903728275762602,0.2754741472560756,0.23415302516766426,1.91,0.5720796691481179,0.09267216807290513,0.10183754733286278,1,0,-1.0,-16.92
2013,15,2013-12-01,granada,sevilla,2013|2013-12-01|granada|sevilla,2013|2013-12-01|granada|sevilla,A,A,0.2751587889856928,0.2820030477422872,0.44283816327201997,0.44283816327201997,1.0727510365024906,0.1608351155297328,2.8,3.25,2.5,1.064835164835165,0.33539731682146534,0.2889576883384932,0.3756449948400412,2.5,0.44283816327201997,0.10709540818004992,0.07139693878669995,1,1,1.5,-15.420000000000002
2013,15,2013-12-01,valencia,osasuna,2013|2013-12-01|valencia|osasuna,2013|2013-12-01|valencia|osasuna,H,H,0.7922099987631088,0.12876307930025382,0.07902692193663734,0.7922099987631088,0.649032332556406,0.663446919462855,1.4,4.5,8.0,1.0615079365079365,0.6728971962616822,0.20934579439252335,0.11775700934579439,1.4,0.7922099987631088,0.10909399826835231,0.27273499567088083,1,1,0.3999999999999999,-15.020000000000001
2013,16,2013-12-13,levante,elche,2013|2013-12-13|levante|elche,2013|2013-12-13|levante|elche,H,H,0.3795987804617377,0.32010618024420107,0.30029503929406126,0.3795987804617377,1.0935803584445432,0.059492600217536606,2.3,3.1,3.25,1.0650555615492503,0.40822528363047,0.3028768233387358,0.28889789303079416,2.3,0.3795987804617377,-0.1269228049380034,0.0,1,1,1.2999999999999998,-13.72
2013,16,2013-12-14,barcelona,villarreal,2013|2013-12-14|barcelona|villarreal,2013|2013-12-14|barcelona|villarreal,H,H,0.8151844342583645,0.10470784610080937,0.08010771964082619,0.8151844342583645,0.605079843768586,0.7104765881575551,1.29,5.5,11.0,1.047921071176885,0.7397444519166108,0.17350369872225962,0.08675184936112981,1.29,0.8151844342583645,0.051587920193290254,0.1778893799768629,1,1,0.29000000000000004,-13.430000000000001
2013,16,2013-12-14,malaga,getafe,2013|2013-12-14|malaga|getafe,2013|2013-12-14|malaga|getafe,H,H,0.46477058684298517,0.30209374905553843,0.23313566410147643,0.46477058684298517,1.0572010626359323,0.16267683778744674,2.0,3.4,3.75,1.0607843137254902,0.47134935304990755,0.27726432532347506,0.2513863216266174,2.0,0.46477058684298517,-0.07045882631402961,0.0,1,1,1.0,-12.430000000000001
2013,16,2013-12-14,osasuna,real madrid,2013|2013-12-14|osasuna|real madrid,2013|2013-12-14|osasuna|realmadrid,D,A,0.10144983972069589,0.1435852502983913,0.7549649099809129,0.7549649099809129,0.7230191877209149,0.6113796596825216,11.0,6.5,1.22,1.0644273759027858,0.08540656973613354,0.14453419493807215,0.7700592353257942,1.22,0.7549649099809129,-0.07894280982328625,0.0,1,0,-1.0,-13.430000000000001
2013,16,2013-12-14,vallecano,granada,2013|2013-12-14|vallecano|granada,2013|2013-12-14|vallecano|granada,A,H,0.48490427903157635,0.2746972714702816,0.24039844949814196,0.48490427903157635,1.048585718460008,0.21020700756129473,2.05,3.3,3.6,1.0686129588568614,0.4564841498559078,0.28357348703170027,0.25994236311239194,2.05,0.48490427903157635,-0.005946227985268671,0.0,1,0,-1.0,-14.430000000000001
2013,16,2013-12-15,almeria,espanol,2013|2013-12-15|almeria|espanol,2013|2013-12-15|almeria|espanol,D,A,0.2878609337437995,0.3201383509228157,0.3920007153333848,0.3920007153333848,1.0902104401033763,0.07186236441056915,2.7,3.2,2.63,1.0630985072524997,0.3483876309144347,0.2939520635840543,0.35766030550151096,2.63,0.3920007153333848,0.03096188132680211,0.018995019218897,1,0,-1.0,-15.430000000000001
2013,16,2013-12-15,ath madrid,valencia,2013|2013-12-15|ath madrid|valencia,2013|2013-12-15|athmadrid|valencia,H,H,0.8147835654044182,0.09669589293315713,0.08852054166242482,0.8147835654044182,0.6074136830128019,0.718087672471261,1.33,4.75,10.0,1.062406015037594,0.7077140835102618,0.1981599433828733,0.09412597310686482,1.33,0.8147835654044182,0.08366214198787625,0.25352164238750374,1,1,0.33000000000000007,-15.100000000000001
2013,16,2013-12-15,sevilla,ath bilbao,2013|2013-12-15|sevilla|ath bilbao,2013|2013-12-15|sevilla|athbilbao,D,H,0.531417224556222,0.25804862282548613,0.210534152618292,0.531417224556222,1.0135554872618857,0.27336860173073585,1.95,3.5,3.75,1.0652014652014652,0.48143053645116923,0.2682255845942228,0.25034387895460797,1.95,0.531417224556222,0.0362635878846328,0.03817219777329768,1,0,-1.0,-16.1
2013,16,2013-12-15,sociedad,betis,2013|2013-12-15|sociedad|betis,2013|2013-12-15|sociedad|betis,H,H,0.5482747008165841,0.19855094426956973,0.2531743549138461,0.5482747008165841,0.9982804612659792,0.29510034590273804,1.73,3.6,4.75,1.0663387756481764,0.5420741468672235,0.26049674280008245,0.19742911033269403,1.73,0.5482747008165841,-0.051484767587309466,0.0,1,1,0.73,-15.370000000000001
2013,16,2013-12-16,valladolid,celta,2013|2013-12-16|valladolid|celta,2013|2013-12-16|valladolid|celta,H,H,0.4529620294513073,0.25625258696974473,0.29078538357894795,0.4529620294513073,1.066802616831207,0.16217664587235936,2.38,3.25,3.0,1.0611937082525318,0.39593908629441626,0.2899492385786802,0.3141116751269035,2.38,0.4529620294513073,0.07804963009411126,0.05655770296674729,1,1,1.38,-13.990000000000002
2013,17,2013-12-20,elche,malaga,2013|2013-12-20|elche|malaga,2013|2013-12-20|elche|malaga,A,H,0.3895698124772998,0.30446188978779243,0.3059682977349077,0.3895698124772998,1.0916713743833257,0.08360151474239214,2.3,3.2,3.2,1.0597826086956523,0.41025641025641024,0.2948717948717948,0.2948717948717948,2.3,0.3895698124772998,-0.1039894313022105,0.0,1,0,-1.0,-14.990000000000002
2013,17,2013-12-21,ath madrid,levante,2013|2013-12-21|ath madrid|levante,2013|2013-12-21|athmadrid|levante,H,H,0.9002040189065597,0.0617169155506797,0.03807906554276053,0.9002040189065597,0.39098153617617515,0.83848710335588,1.14,7.5,17.0,1.0693498452012384,0.820304960432349,0.12468635398571704,0.05500868558193399,1.14,0.9002040189065597,0.026232581553477907,0.18737558252484232,1,1,0.1399999999999999,-14.850000000000001
2013,17,2013-12-21,betis,almeria,2013|2013-12-21|betis|almeria,2013|2013-12-21|betis|almeria,A,H,0.609750043305194,0.23125114104421204,0.158998815650594,0.609750043305194,0.9326331440237068,0.37849890226098193,1.73,3.75,4.5,1.0669235709698137,0.5417770286539851,0.24993980255237178,0.20828316879364314,1.73,0.609750043305194,0.054867574917985606,0.07516106153148713,1,0,-1.0,-15.850000000000001
2013,17,2013-12-21,granada,sociedad,2013|2013-12-21|granada|sociedad,2013|2013-12-21|granada|sociedad,A,A,0.3722818681566327,0.22370314607688094,0.4040149857664863,0.4040149857664863,1.0689943199132088,0.03173311760985359,2.4,3.3,2.88,1.066919191919192,0.3905325443786982,0.2840236686390532,0.32544378698224846,2.88,0.4040149857664863,0.16356315900748053,0.08700168032312795,1,1,1.88,-13.970000000000002
2013,17,2013-12-21,villarreal,sevilla,2013|2013-12-21|villarreal|sevilla,2013|2013-12-21|villarreal|sevilla,A,H,0.574077168779971,0.21345244394912646,0.2124703872709026,0.574077168779971,0.977357898268484,0.3606247248308445,1.85,3.6,4.0,1.0683183183183182,0.5059732958538299,0.26001405481377377,0.23401264933239635,1.85,0.574077168779971,0.0620427622429463,0.07299148499170152,1,0,-1.0,-14.970000000000002
2013,17,2013-12-22,ath bilbao,vallecano,2013|2013-12-22|ath bilbao|vallecano,2013|2013-12-22|athbilbao|vallecano,H,H,0.7314628614719002,0.12104996199186092,0.14748717653623888,0.7314628614719002,0.7666307015869698,0.5839756849356613,1.44,4.33,7.0,1.0682484695186774,0.6500776404176282,0.2161921021250311,0.13373025745734066,1.44,0.7314628614719002,0.05330652051953627,0.12115118299894609,1,1,0.43999999999999995,-14.530000000000001
2013,17,2013-12-22,celta,osasuna,2013|2013-12-22|celta|osasuna,2013|2013-12-22|celta|osasuna,D,H,0.5876819228003265,0.2040014348367555,0.2083166423629181,0.5876819228003265,0.9634656774973035,0.37936528043740836,1.8,3.5,4.5,1.0634920634920635,0.5223880597014926,0.26865671641791045,0.208955223880597,1.8,0.5876819228003265,0.057827461040587724,0.07228432630073466,1,0,-1.0,-15.530000000000001
2013,17,2013-12-22,espanol,valladolid,2013|2013-12-22|espanol|valladolid,2013|2013-12-22|espanol|valladolid,H,H,0.5687525730427696,0.23158451216175704,0.19966291479547335,0.5687525730427696,0.981398742690238,0.3371680608810126,1.8,3.4,4.75,1.0601995184038528,0.5240103828682673,0.2774172615184945,0.19857235561323813,1.8,0.5687525730427696,0.02375463147698531,0.02969328934623164,1,1,0.8,-14.730000000000002
2013,17,2013-12-22,getafe,barcelona,2013|2013-12-22|getafe|barcelona,2013|2013-12-22|getafe|barcelona,A,A,0.12039760633354525,0.1974951832427744,0.6821072104236804,0.6821072104236804,0.8361743782079467,0.484612027180906,7.0,4.75,1.4,1.0676691729323309,0.13380281690140844,0.19718309859154928,0.6690140845070423,1.4,0.6821072104236804,-0.0450499054068475,0.0,1,1,0.3999999999999999,-14.330000000000002
2013,17,2013-12-22,valencia,real madrid,2013|2013-12-22|valencia|real madrid,2013|2013-12-22|valencia|realmadrid,A,A,0.17598033040316508,0.1969314197926655,0.6270882498041693,0.6270882498041693,0.9183810733410708,0.43015683001150384,5.5,4.0,1.57,1.0687608569774174,0.17012054720303402,0.23391575240417176,0.5959637003927942,1.57,0.6270882498041693,-0.01547144780745413,0.0,1,1,0.5700000000000001,-13.760000000000002
2013,18,2014-01-04,almeria,granada,2013|2014-01-04|almeria|granada,2013|2014-01-04|almeria|granada,H,H,0.3655904274006234,0.3425377238210421,0.29187184877833455,0.3655904274006234,1.0942809398222157,0.023052703579581335,2.4,3.2,3.0,1.0625,0.39215686274509803,0.29411764705882354,0.3137254901960784,2.4,0.3655904274006234,-0.12258297423850384,0.0,1,1,1.4,-12.360000000000001
2013,18,2014-01-04,malaga,ath madrid,2013|2014-01-04|malaga|ath madrid,2013|2014-01-04|malaga|athmadrid,A,A,0.1365192531308776,0.25955010887552404,0.6039306379935983,0.6039306379935983,0.9264917460943055,0.3443805291180742,6.0,4.1,1.53,1.064163876932887,0.15661748183656654,0.22919631488278033,0.6141862032806532,1.53,0.6039306379935983,-0.07598612386979464,0.0,1,1,0.53,-11.830000000000002
2013,18,2014-01-04,valencia,levante,2013|2014-01-04|valencia|levante,2013|2014-01-04|valencia|levante,H,H,0.7427575447185192,0.15937984390747809,0.09786261137400268,0.7427575447185192,0.741032275601021,0.5833777008110411,1.44,4.2,7.5,1.0658730158730159,0.6515264333581534,0.22338049143708116,0.12509307520476545,1.44,0.7427575447185192,0.06957086439466759,0.1581156008969718,1,1,0.43999999999999995,-11.390000000000002
2013,18,2014-01-04,valladolid,betis,2013|2014-01-04|valladolid|betis,2013|2014-01-04|valladolid|betis,D,A,0.36862424096726104,0.25400780444351845,0.3773679545892205,0.3773679545892205,1.0837266294060999,0.00874371362195947,2.38,3.25,3.0,1.0611937082525318,0.39593908629441626,0.2899492385786802,0.3141116751269035,3.0,0.3773679545892205,0.1321038637676616,0.0660519318838308,1,0,-1.0,-12.390000000000002
2013,18,2014-01-05,barcelona,elche,2013|2014-01-05|barcelona|elche,2013|2014-01-05|barcelona|elche,H,H,0.9382156875389239,0.03774031612559812,0.024043996335477925,0.9382156875389239,0.2731439945394407,0.9004753714133258,1.07,11.0,26.0,1.063950068622966,0.8784053564298657,0.08544488467090512,0.03614975889922909,1.07,0.9382156875389239,0.0038907856666486607,0.055582652380695104,1,1,0.07000000000000006,-12.320000000000002
2013,18,2014-01-05,osasuna,espanol,2013|2014-01-05|osasuna|espanol,2013|2014-01-05|osasuna|espanol,H,H,0.36006260129078477,0.30278000867727545,0.3371573900319398,0.36006260129078477,1.0961011888801315,0.022905211258844982,2.4,3.2,3.0,1.0625,0.39215686274509803,0.29411764705882354,0.3137254901960784,2.4,0.36006260129078477,-0.13584975690211654,0.0,1,1,1.4,-10.920000000000002
2013,18,2014-01-05,sevilla,getafe,2013|2014-01-05|sevilla|getafe,2013|2014-01-05|sevilla|getafe,H,H,0.6806584253006096,0.1926470832867356,0.12669449141265476,0.6806584253006096,0.8408631216662267,0.48801134201387397,1.53,4.2,5.75,1.0656030528153289,0.6133566993028307,0.22343708331745973,0.16320621737970972,1.53,0.6806584253006096,0.04140739070993271,0.07812715228289191,1,1,0.53,-10.390000000000002
2013,18,2014-01-05,sociedad,ath bilbao,2013|2014-01-05|sociedad|ath bilbao,2013|2014-01-05|sociedad|athbilbao,H,H,0.511116353659488,0.21583709309531163,0.2730465532452004,0.511116353659488,1.0284133100080526,0.23806980041428766,2.15,3.4,3.3,1.062264229158894,0.43785365853658537,0.27687804878048783,0.28526829268292686,2.15,0.511116353659488,0.09890016036789928,0.08600013945034721,1,1,1.15,-9.240000000000002
2013,18,2014-01-06,real madrid,celta,2013|2014-01-06|real madrid|celta,2013|2014-01-06|realmadrid|celta,H,H,0.944203606728391,0.03152377415705553,0.02427261911455349,0.944203606728391,0.2534435545204117,0.9126798325713354,1.1,9.0,21.0,1.0678210678210678,0.8513513513513513,0.10405405405405405,0.0445945945945946,1.1,0.944203606728391,0.03862396740123017,0.38623967401230136,1,1,0.10000000000000009,-9.140000000000002
2013,18,2014-01-06,vallecano,villarreal,2013|2014-01-06|vallecano|villarreal,2013|2014-01-06|vallecano|villarreal,A,A,0.29168799312276694,0.26300849848795355,0.44530350838927957,0.44530350838927957,1.0708963469646329,0.15361551526651263,3.3,3.4,2.15,1.062264229158894,0.28526829268292686,0.27687804878048783,0.43785365853658537,2.15,0.44530350838927957,-0.04259745696304895,0.0,1,1,1.15,-7.990000000000002
2013,19,2014-01-10,granada,valladolid,2013|2014-01-10|granada|valladolid,2013|2014-01-10|granada|valladolid,H,H,0.5108165139862397,0.20290097546873748,0.2862825105450228,0.5108165139862397,1.0248482971584547,0.22453400344121693,2.0,3.3,3.8,1.066188197767145,0.4689603590127151,0.2842183994016455,0.2468212415856395,2.0,0.5108165139862397,0.021633027972479457,0.021633027972479457,1,1,1.0,-6.990000000000002
2013,19,2014-01-11,ath bilbao,almeria,2013|2014-01-11|ath bilbao|almeria,2013|2014-01-11|athbilbao|almeria,H,H,0.7881822835393871,0.12947428803209846,0.0823434284285144,0.7881822835393871,0.6578883124161939,0.6587079955072886,1.4,4.5,7.5,1.0698412698412698,0.6676557863501484,0.20771513353115725,0.12462908011869436,1.4,0.7881822835393871,0.10345519695514194,0.2586379923878549,1,1,0.3999999999999999,-6.590000000000002
2013,19,2014-01-11,ath madrid,barcelona,2013|2014-01-11|ath madrid|barcelona,2013|2014-01-11|athmadrid|barcelona,D,A,0.26146591001885183,0.26858937436485186,0.46994471561629625,0.46994471561629625,1.0586979087692523,0.2013553412514444,3.1,3.5,2.2,1.0628403854210307,0.303508080409933,0.26882144264879776,0.4276704769412692,2.2,0.46994471561629625,0.03387837435585184,0.028231978629876527,1,0,-1.0,-7.590000000000002
2013,19,2014-01-11,celta,valencia,2013|2014-01-11|celta|valencia,2013|2014-01-11|celta|valencia,H,A,0.30893255822852683,0.2808609931776101,0.410206448593863,0.410206448593863,1.0850790424172354,0.10127389036533618,3.1,3.3,2.3,1.0603935568872456,0.30420841683366734,0.28577154308617236,0.41002004008016035,2.3,0.410206448593863,-0.05652516823411513,0.0,1,0,-1.0,-8.590000000000002
2013,19,2014-01-11,elche,sevilla,2013|2014-01-11|elche|sevilla,2013|2014-01-11|elche|sevilla,D,A,0.22331140377267955,0.3124660013884255,0.46422259483889494,0.46422259483889494,1.0545051608107203,0.15175659345046943,3.3,3.4,2.15,1.062264229158894,0.28526829268292686,0.27687804878048783,0.43785365853658537,2.15,0.46422259483889494,-0.0019214210963759415,0.0,1,0,-1.0,-9.590000000000002
2013,19,2014-01-12,betis,osasuna,2013|2014-01-12|betis|osasuna,2013|2014-01-12|betis|osasuna,A,H,0.6016457816472047,0.24911077849418406,0.14924343985861124,0.6016457816472047,0.9358039120141659,0.35253500315302067,1.8,3.5,4.5,1.0634920634920635,0.5223880597014926,0.26865671641791045,0.208955223880597,1.8,0.6016457816472047,0.08296240696496854,0.10370300870621067,1,0,-1.0,-10.590000000000002
2013,19,2014-01-12,espanol,real madrid,2013|2014-01-12|espanol|real madrid,2013|2014-01-12|espanol|realmadrid,A,A,0.13040359755258768,0.187846893248133,0.6817495091992793,0.6817495091992793,0.8409254200691897,0.4939026159511464,7.5,5.5,1.33,1.0670312143996354,0.12495729415784079,0.17039631021523746,0.7046463956269218,1.33,0.6817495091992793,-0.09327315276495843,0.0,1,1,0.33000000000000007,-10.260000000000002
2013,19,2014-01-12,getafe,vallecano,2013|2014-01-12|getafe|vallecano,2013|2014-01-12|getafe|vallecano,A,H,0.45592550654610114,0.2306915969490408,0.3133828965048582,0.45592550654610114,1.0600723646652455,0.14254261004124297,2.0,3.4,3.75,1.0607843137254902,0.47134935304990755,0.27726432532347506,0.2513863216266174,2.0,0.45592550654610114,-0.08814898690779766,0.0,1,0,-1.0,-11.260000000000002
2013,19,2014-01-12,levante,malaga,2013|2014-01-12|levante|malaga,2013|2014-01-12|levante|malaga,H,A,0.35790931721164493,0.2836679606808263,0.35842272210752885,0.35842272210752885,1.0929076353337983,0.0005134048958839177,2.5,3.2,2.88,1.0597222222222222,0.3774574049803408,0.2948885976408912,0.327653997378768,2.88,0.35842272210752885,0.032257439669683086,0.01715821259025696,1,0,-1.0,-12.260000000000002
2013,19,2014-01-13,villarreal,sociedad,2013|2014-01-13|villarreal|sociedad,2013|2014-01-13|villarreal|sociedad,H,H,0.5032465592828131,0.26952461472938954,0.22722882598779728,0.5032465592828131,1.0356465396029768,0.2337219445534236,1.91,3.5,4.0,1.0592744951383695,0.4942630185348632,0.26972639011473964,0.23601059135039718,1.91,0.5032465592828131,-0.03879907176982694,0.0,1,1,0.9099999999999999,-11.350000000000001
2013,20,2014-01-17,malaga,valencia,2013|2014-01-17|malaga|valencia,2013|2014-01-17|malaga|valencia,D,A,0.33040971815278397,0.30640523983514273,0.3631850420120732,0.3631850420120732,1.0961827329899736,0.03277532385928922,2.7,3.2,2.63,1.0630985072524997,0.3483876309144347,0.2939520635840543,0.35766030550151096,2.63,0.3631850420120732,-0.04482333950824746,0.0,1,0,-1.0,-12.350000000000001
2013,20,2014-01-18,betis,real madrid,2013|2014-01-18|betis|real madrid,2013|2014-01-18|betis|realmadrid,A,A,0.15094632548913542,0.16796716768299044,0.681086506827874,0.681086506827874,0.8466473253214559,0.5131193391448835,8.5,6.0,1.29,1.0595075239398084,0.11103938024531956,0.1573057886808694,0.731654831073811,1.29,0.681086506827874,-0.12139840619204256,0.0,1,1,0.29000000000000004,-12.060000000000002
2013,20,2014-01-18,elche,vallecano,2013|2014-01-18|elche|vallecano,2013|2014-01-18|elche|vallecano,H,H,0.3878143589071673,0.3077314838719106,0.30445415722092195,0.3878143589071673,1.0920863545938273,0.08008287503525668,2.38,3.2,3.0,1.066001400560224,0.39415339136147154,0.29315158482509446,0.31269502381343406,2.38,0.3878143589071673,-0.07700182580094184,0.0,1,1,1.38,-10.680000000000001
2013,20,2014-01-18,espanol,celta,2013|2014-01-18|espanol|celta,2013|2014-01-18|espanol|celta,H,H,0.5064235559898284,0.26759136768699376,0.2259850763231778,0.5064235559898284,1.0334300796577338,0.2388321883028346,2.0,3.25,3.9,1.064102564102564,0.46987951807228917,0.28915662650602414,0.24096385542168677,2.0,0.5064235559898284,0.012847111979656711,0.012847111979656711,1,1,1.0,-9.680000000000001
2013,20,2014-01-18,granada,osasuna,2013|2014-01-18|granada|osasuna,2013|2014-01-18|granada|osasuna,D,H,0.550626204105293,0.2218587198646393,0.2275150760300678,0.550626204105293,0.9994589405174813,0.32311112807522513,2.0,3.2,4.0,1.0625,0.47058823529411764,0.29411764705882354,0.23529411764705882,2.0,0.550626204105293,0.1012524082105859,0.1012524082105859,1,0,-1.0,-10.680000000000001
2013,20,2014-01-19,ath madrid,sevilla,2013|2014-01-19|ath madrid|sevilla,2013|2014-01-19|athmadrid|sevilla,D,H,0.786740473095498,0.11835652245399501,0.09490300445050696,0.786740473095498,0.6647713609438065,0.668383950641503,1.36,4.75,8.5,1.0634674922600618,0.6914119359534208,0.19796215429403205,0.11062590975254732,1.36,0.786740473095498,0.06996704340987736,0.19435289836077038,1,0,-1.0,-11.680000000000001
2013,20,2014-01-19,getafe,sociedad,2013|2014-01-19|getafe|sociedad,2013|2014-01-19|getafe|sociedad,D,A,0.24973240484035733,0.31781333510844817,0.4324542600511946,0.4324542600511946,1.0732938644530006,0.11464092494274641,3.0,3.4,2.3,1.0622335890878092,0.3138041733547351,0.2768860353130016,0.40930979133226325,2.3,0.4324542600511946,-0.00535520188225258,0.0,1,0,-1.0,-12.680000000000001
2013,20,2014-01-19,levante,barcelona,2013|2014-01-19|levante|barcelona,2013|2014-01-19|levante|barcelona,D,A,0.06801055245092541,0.15937575876101728,0.7726136887880574,0.7726136887880574,0.674826607342937,0.6132379300270401,15.0,7.0,1.17,1.0642246642246642,0.06264341441027994,0.13423588802202846,0.8031206975676917,1.17,0.7726136887880574,-0.09604198411797293,0.0,1,0,-1.0,-13.680000000000001
2013,20,2014-01-19,villarreal,almeria,2013|2014-01-19|villarreal|almeria,2013|2014-01-19|villarreal|almeria,H,H,0.8232542088442256,0.10618302914350007,0.07056276201227435,0.8232542088442256,0.5853197317785696,0.7170711797007255,1.33,5.0,9.0,1.0629908103592314,0.7073247406475951,0.1881483810122603,0.10452687834014461,1.33,0.8232542088442256,0.09492809776282013,0.2876609023115761,1,1,0.33000000000000007,-13.350000000000001
2013,20,2014-01-20,ath bilbao,valladolid,2013|2014-01-20|ath bilbao|valladolid,2013|2014-01-20|athbilbao|valladolid,H,H,0.7636280279032528,0.12467114957204736,0.11170082252469994,0.7636280279032528,0.7103462974507101,0.6389568783312054,1.36,4.75,8.5,1.0634674922600618,0.6914119359534208,0.19796215429403205,0.11062590975254732,1.36,0.7636280279032528,0.038534117948423874,0.10703921652339962,1,1,0.3600000000000001,-12.990000000000002
2013,21,2014-01-24,celta,betis,2013|2014-01-24|celta|betis,2013|2014-01-24|celta|betis,H,H,0.42287660731213944,0.24911819993428275,0.3280051927535778,0.42287660731213944,1.0758265236311733,0.09487141455856163,2.1,3.4,3.4,1.0644257703081232,0.4473684210526316,0.27631578947368424,0.27631578947368424,2.1,0.42287660731213944,-0.11195912464450708,0.0,1,1,1.1,-11.890000000000002
2013,21,2014-01-25,real madrid,granada,2013|2014-01-25|real madrid|granada,2013|2014-01-25|realmadrid|granada,H,H,0.9582104030996779,0.026491899162054168,0.015297697738267915,0.9582104030996779,0.2010390420705585,0.9317185039376237,1.05,15.0,26.0,1.0575091575091575,0.9005888465535157,0.0630412192587461,0.03636993418773814,1.05,0.9582104030996779,0.006120923254661799,0.12241846509323587,1,1,0.050000000000000044,-11.840000000000002
2013,21,2014-01-25,sevilla,levante,2013|2014-01-25|sevilla|levante,2013|2014-01-25|sevilla|levante,A,H,0.772407951233422,0.15354452609976965,0.0740475226668084,0.772407951233422,0.6799240897918192,0.6188634251336523,1.36,4.75,8.5,1.0634674922600618,0.6914119359534208,0.19796215429403205,0.11062590975254732,1.36,0.772407951233422,0.05047481367745399,0.14020781577070549,1,0,-1.0,-12.840000000000002
2013,21,2014-01-25,valencia,espanol,2013|2014-01-25|valencia|espanol,2013|2014-01-25|valencia|espanol,D,H,0.7041742859172636,0.17371636745583002,0.1221093466269063,0.7041742859172636,0.8078120432227764,0.5304579184614335,1.53,4.0,6.0,1.0702614379084967,0.6106870229007634,0.233587786259542,0.15572519083969466,1.53,0.7041742859172636,0.07738665745341333,0.14601256123285533,1,0,-1.0,-13.840000000000002
2013,21,2014-01-25,valladolid,villarreal,2013|2014-01-25|valladolid|villarreal,2013|2014-01-25|valladolid|villarreal,H,A,0.17501446461225864,0.3539579184325286,0.47102761695521295,0.47102761695521295,1.0272507642529367,0.11706969852268434,4.0,3.3,1.95,1.065850815850816,0.23455440131219243,0.2843083652268999,0.4811372334609076,1.95,0.47102761695521295,-0.0814961469373347,0.0,1,0,-1.0,-14.840000000000002
2013,21,2014-01-26,almeria,getafe,2013|2014-01-26|almeria|getafe,2013|2014-01-26|almeria|getafe,H,A,0.3712972308902081,0.24784908554563437,0.3808536835641575,0.3808536835641575,1.0812503370323543,0.00955645267394939,2.4,3.2,3.0,1.0625,0.39215686274509803,0.29411764705882354,0.3137254901960784,3.0,0.3808536835641575,0.1425610506924725,0.07128052534623625,1,0,-1.0,-15.840000000000002
2013,21,2014-01-26,barcelona,malaga,2013|2014-01-26|barcelona|malaga,2013|2014-01-26|barcelona|malaga,H,H,0.9141178032222819,0.052863139031744326,0.03301905774597377,0.9141178032222819,0.3501213058063133,0.8612546641905375,1.08,10.0,23.0,1.069404186795491,0.8658334588164432,0.09351001355217589,0.040656527631380814,1.08,0.9141178032222819,-0.01275277251993552,0.0,1,1,0.08000000000000007,-15.760000000000002
2013,21,2014-01-26,osasuna,ath bilbao,2013|2014-01-26|osasuna|ath bilbao,2013|2014-01-26|osasuna|athbilbao,A,A,0.20456921794833707,0.2895831456061945,0.5058476364454684,0.5058476364454684,1.028249704509744,0.21626449083927385,3.5,3.2,2.15,1.0633305647840532,0.2686975200156219,0.2938879125170865,0.4374145674672915,2.15,0.5058476364454684,0.08757241835775698,0.0761499290067452,1,1,1.15,-14.610000000000001
2013,21,2014-01-26,vallecano,ath madrid,2013|2014-01-26|vallecano|ath madrid,2013|2014-01-26|vallecano|athmadrid,A,A,0.11417098886883835,0.19581492070656514,0.6900140904245965,0.6900140904245965,0.8230756923502711,0.49419916971803135,8.0,4.5,1.4,1.0615079365079365,0.11775700934579439,0.20934579439252335,0.6728971962616822,1.4,0.6900140904245965,-0.033980273405564976,0.0,1,1,0.3999999999999999,-14.21
2013,21,2014-01-27,sociedad,elche,2013|2014-01-27|sociedad|elche,2013|2014-01-27|sociedad|elche,H,H,0.7379389711764504,0.13466124915355637,0.12739977966999344,0.7379389711764504,0.7567479142927954,0.603277722022894,1.5,4.0,7.0,1.0595238095238095,0.6292134831460674,0.23595505617977527,0.1348314606741573,1.5,0.7379389711764504,0.10690845676467553,0.21381691352935106,1,1,0.5,-13.71
2013,22,2014-01-31,granada,celta,2013|2014-01-31|granada|celta,2013|2014-01-31|granada|celta,A,H,0.4850106989748644,0.2537349900727456,0.2612543109523901,0.4850106989748644,1.0496062404857847,0.22375638802247427,2.1,3.5,3.25,1.0695970695970696,0.4452054794520548,0.2671232876712329,0.28767123287671237,2.1,0.4850106989748644,0.01852246784721523,0.016838607133832024,1,0,-1.0,-14.71
2013,22,2014-02-01,barcelona,valencia,2013|2014-02-01|barcelona|valencia,2013|2014-02-01|barcelona|valencia,A,H,0.8996614811195501,0.06396206317383983,0.03637645570660995,0.8996614811195501,0.39153423419029587,0.8356994179457103,1.13,8.0,19.0,1.0625873311597578,0.8328310777491644,0.11763738973206948,0.049531532518766096,1.13,0.8996614811195501,0.01661747366509156,0.1278267205007044,1,0,-1.0,-15.71
2013,22,2014-02-01,getafe,valladolid,2013|2014-02-01|getafe|valladolid,2013|2014-02-01|getafe|valladolid,D,H,0.4811265514977871,0.2778128573013319,0.241060591200881,0.4811265514977871,1.0507875767337196,0.20331369419645523,2.0,3.4,3.75,1.0607843137254902,0.47134935304990755,0.27726432532347506,0.2513863216266174,2.0,0.4811265514977871,-0.03774689700442574,0.0,1,0,-1.0,-16.71
2013,22,2014-02-01,levante,vallecano,2013|2014-02-01|levante|vallecano,2013|2014-02-01|levante|vallecano,D,H,0.4376564661690074,0.2599212265702337,0.30242230726075886,0.4376564661690074,1.0735326982381321,0.13523415890824853,2.15,3.3,3.4,1.062264229158894,0.43785365853658537,0.28526829268292686,0.27687804878048783,2.15,0.4376564661690074,-0.05903859773663411,0.0,1,0,-1.0,-17.71
2013,22,2014-02-01,malaga,sevilla,2013|2014-02-01|malaga|sevilla,2013|2014-02-01|malaga|sevilla,H,A,0.31382778068756084,0.3060521002240468,0.3801201190883924,0.3801201190883924,1.0937421220055774,0.06629233840083154,2.8,3.4,2.4,1.0679271708683473,0.3344262295081967,0.2754098360655738,0.39016393442622954,2.4,0.3801201190883924,-0.08771171418785828,0.0,1,0,-1.0,-18.71
2013,22,2014-02-02,ath bilbao,real madrid,2013|2014-02-02|ath bilbao|real madrid,2013|2014-02-02|athbilbao|realmadrid,D,A,0.18394490594326035,0.17948054778505876,0.6365745462716809,0.6365745462716809,0.9072435568370828,0.4526296403284205,5.25,4.0,1.62,1.0577601410934743,0.18007503126302626,0.236348478532722,0.5835764902042518,1.62,0.6365745462716809,0.03125076496012308,0.05040445961310173,1,0,-1.0,-19.71
2013,22,2014-02-02,ath madrid,sociedad,2013|2014-02-02|ath madrid|sociedad,2013|2014-02-02|athmadrid|sociedad,H,H,0.7630562217602196,0.1474709840189491,0.08947279422083136,0.7630562217602196,0.704597390918832,0.6155852377412705,1.3,5.0,10.0,1.0692307692307692,0.7194244604316546,0.18705035971223022,0.09352517985611511,1.3,0.7630562217602196,-0.00802691171171449,0.0,1,1,0.30000000000000004,-19.41
2013,22,2014-02-02,betis,espanol,2013|2014-02-02|betis|espanol,2013|2014-02-02|betis|espanol,H,H,0.44707836039180093,0.29134178122689286,0.2615798583813062,0.44707836039180093,1.0699899709115392,0.15573657916490807,2.3,3.2,3.2,1.0597826086956523,0.41025641025641024,0.2948717948717948,0.2948717948717948,2.3,0.44707836039180093,0.028280228901142013,0.021754022231647706,1,1,1.2999999999999998,-18.110000000000003
2013,22,2014-02-02,elche,almeria,2013|2014-02-02|elche|almeria,2013|2014-02-02|elche|almeria,H,H,0.5209754665315022,0.27203144664024775,0.20699308682825004,0.5209754665315022,1.0198726100859778,0.24894401989125442,2.0,3.4,3.75,1.0607843137254902,0.47134935304990755,0.27726432532347506,0.2513863216266174,2.0,0.5209754665315022,0.04195093306300435,0.04195093306300435,1,1,1.0,-17.110000000000003
2013,22,2014-02-03,villarreal,osasuna,2013|2014-02-03|villarreal|osasuna,2013|2014-02-03|villarreal|osasuna,H,H,0.8066731827424626,0.11377036037502843,0.07955645688250901,0.8066731827424626,0.6219715255958114,0.6929028223674342,1.33,5.0,9.0,1.0629908103592314,0.7073247406475951,0.1881483810122603,0.10452687834014461,1.33,0.8066731827424626,0.07287533304747529,0.22083434256810688,1,1,0.33000000000000007,-16.78
2013,23,2014-02-07,espanol,granada,2013|2014-02-07|espanol|granada,2013|2014-02-07|espanol|granada,H,H,0.5313118309237165,0.2633301870006133,0.20535798207567021,0.5313118309237165,1.0124604185833077,0.2679816439231032,1.8,3.5,4.5,1.0634920634920635,0.5223880597014926,0.26865671641791045,0.208955223880597,1.8,0.5313118309237165,-0.04363870433731032,0.0,1,1,0.8,-15.980000000000002
2013,23,2014-02-08,almeria,ath madrid,2013|2014-02-08|almeria|ath madrid,2013|2014-02-08|almeria|athmadrid,H,A,0.07584914565654172,0.19236409105263924,0.731786763290819,0.731786763290819,0.7412141370386615,0.5394226722381799,10.0,5.25,1.29,1.0656699889258028,0.09383768055699887,0.1787384391561883,0.7274238802868128,1.29,0.731786763290819,-0.05599507535484341,0.0,1,0,-1.0,-16.98
2013,23,2014-02-08,real madrid,villarreal,2013|2014-02-08|real madrid|villarreal,2013|2014-02-08|realmadrid|villarreal,H,H,0.7647419276687164,0.14143686370390401,0.09382120862737948,0.7647419276687164,0.7037684588472114,0.6233050639648123,1.33,5.0,8.5,1.0695267580716497,0.7030022330659168,0.1869985939955339,0.10999917293854934,1.33,0.7647419276687164,0.017106763799392855,0.05183867817997834,1,1,0.33000000000000007,-16.650000000000002
2013,23,2014-02-08,valencia,betis,2013|2014-02-08|valencia|betis,2013|2014-02-08|valencia|betis,H,H,0.7039867278280141,0.1715429248364073,0.12447034733557862,0.7039867278280141,0.8088704611791495,0.5324438029916068,1.44,4.33,7.0,1.0682484695186774,0.6500776404176282,0.2161921021250311,0.13373025745734066,1.44,0.7039867278280141,0.013740888072340252,0.031229291073500576,1,1,0.43999999999999995,-16.21
2013,23,2014-02-08,vallecano,malaga,2013|2014-02-08|vallecano|malaga,2013|2014-02-08|vallecano|malaga,H,H,0.443169687774364,0.25540637402009086,0.30142393820554525,0.443169687774364,1.070735530696876,0.14174574956881875,2.4,3.2,3.0,1.0625,0.39215686274509803,0.29411764705882354,0.3137254901960784,2.4,0.443169687774364,0.06360725065847361,0.0454337504703383,1,1,1.4,-14.810000000000002
2013,23,2014-02-09,osasuna,getafe,2013|2014-02-09|osasuna|getafe,2013|2014-02-09|osasuna|getafe,H,H,0.392716728347385,0.28156155555140683,0.32572171610120815,0.392716728347385,1.0892774733677049,0.06699501224617688,2.1,3.2,3.6,1.066468253968254,0.44651162790697674,0.2930232558139535,0.26046511627906976,2.1,0.392716728347385,-0.17529487047049142,0.0,1,1,1.1,-13.71
2013,23,2014-02-09,sevilla,barcelona,2013|2014-02-09|sevilla|barcelona,2013|2014-02-09|sevilla|barcelona,A,A,0.1291194873360864,0.2778040420161999,0.5930764706477136,0.5930764706477136,0.9299742125737349,0.3152724286315137,6.0,4.0,1.53,1.0702614379084967,0.15572519083969466,0.233587786259542,0.6106870229007634,1.53,0.5930764706477136,-0.09259299990899811,0.0,1,1,0.53,-13.180000000000001
2013,23,2014-02-09,sociedad,levante,2013|2014-02-09|sociedad|levante,2013|2014-02-09|sociedad|levante,D,H,0.7668244746612581,0.12799149862360254,0.10518402671513932,0.7668244746612581,0.7035927308912565,0.6388329760376557,1.44,4.33,7.0,1.0682484695186774,0.6500776404176282,0.2161921021250311,0.13373025745734066,1.44,0.7668244746612581,0.10422724351221169,0.23688009889139022,1,0,-1.0,-14.180000000000001
2013,23,2014-02-09,valladolid,elche,2013|2014-02-09|valladolid|elche,2013|2014-02-09|valladolid|elche,D,H,0.4383880543361019,0.3018656517081802,0.2597462939557179,0.4383880543361019,1.073234620598746,0.1365224026279217,2.05,3.2,3.8,1.0634627727856225,0.4586948321388156,0.2938513768389287,0.24745379102225576,2.05,0.4383880543361019,-0.10130448861099123,0.0,1,0,-1.0,-15.180000000000001
2013,23,2014-02-10,celta,ath bilbao,2013|2014-02-10|celta|ath bilbao,2013|2014-02-10|celta|athbilbao,D,A,0.24936027810906455,0.30624578366137517,0.44439393822956036,0.44439393822956036,1.0691498674017899,0.1381481545681852,3.1,3.3,2.3,1.0603935568872456,0.30420841683366734,0.28577154308617236,0.41002004008016035,2.3,0.44439393822956036,0.022106057927988698,0.017004659944606693,1,0,-1.0,-16.180000000000003
2013,24,2014-02-14,elche,osasuna,2013|2014-02-14|elche|osasuna,2013|2014-02-14|elche|osasuna,D,H,0.5226319176855075,0.26941456729833924,0.20795351501615322,0.5226319176855075,1.0190412097670933,0.2532173503871683,2.1,3.2,3.6,1.066468253968254,0.44651162790697674,0.2930232558139535,0.26046511627906976,2.1,0.5226319176855075,0.09752702713956585,0.08866093376324168,1,0,-1.0,-17.180000000000003
2013,24,2014-02-15,ath madrid,valladolid,2013|2014-02-15|ath madrid|valladolid,2013|2014-02-15|athmadrid|valladolid,H,H,0.8237839273388985,0.10224816503566522,0.07396790762543635,0.8237839273388985,0.5854715013648815,0.7215357623032332,1.18,7.0,13.0,1.067237846898864,0.794066317626527,0.1338568935427574,0.07207678883071553,1.18,0.8237839273388985,-0.02793496574009982,0.0,1,1,0.17999999999999994,-17.0
2013,24,2014-02-15,barcelona,vallecano,2013|2014-02-15|barcelona|vallecano,2013|2014-02-15|barcelona|vallecano,H,H,0.9271011846968159,0.04456652966827861,0.028332285634905464,0.9271011846968159,0.3097802638710124,0.8825346550285373,1.07,11.0,29.0,1.059971288782117,0.8817025981205084,0.08576561636263129,0.03253178551686014,1.07,0.9271011846968159,-0.00800173237440692,0.0,1,1,0.07000000000000006,-16.930000000000003
2013,24,2014-02-15,levante,almeria,2013|2014-02-15|levante|almeria,2013|2014-02-15|levante|almeria,H,H,0.4802740817071405,0.31451023945195944,0.20521567884090006,0.4802740817071405,1.0410371502373792,0.16576384225518104,2.05,3.1,4.0,1.060385523210071,0.46002596920793914,0.30421072157299195,0.2357633092190688,2.05,0.4802740817071405,-0.015438132500362078,0.0,1,1,1.0499999999999998,-15.880000000000003
2013,24,2014-02-15,villarreal,celta,2013|2014-02-15|villarreal|celta,2013|2014-02-15|villarreal|celta,A,H,0.7175691123010052,0.16378757973119146,0.11864330796780329,0.7175691123010052,0.7873772466130058,0.5537815325698137,1.53,4.0,6.0,1.0702614379084967,0.6106870229007634,0.233587786259542,0.15572519083969466,1.53,0.7175691123010052,0.09788074182053791,0.18468064494441114,1,0,-1.0,-16.880000000000003
2013,24,2014-02-16,ath bilbao,espanol,2013|2014-02-16|ath bilbao|espanol,2013|2014-02-16|athbilbao|espanol,A,H,0.698389801488743,0.16572457018409195,0.1358856283271651,0.698389801488743,0.8198042792314598,0.532665231304651,1.57,3.8,6.0,1.0667672365627445,0.5970774629445346,0.24668726758497875,0.15623526947048655,1.57,0.698389801488743,0.09647198833732651,0.16924910234618684,1,0,-1.0,-17.880000000000003
2013,24,2014-02-16,getafe,real madrid,2013|2014-02-16|getafe|real madrid,2013|2014-02-16|getafe|realmadrid,A,A,0.09742981233831656,0.23698733923661763,0.6655828484250658,0.6655828484250658,0.8390330439910187,0.42859550918844813,10.0,5.25,1.29,1.0656699889258028,0.09383768055699887,0.1787384391561883,0.7274238802868128,1.29,0.6655828484250658,-0.14139812553166514,0.0,1,1,0.29000000000000004,-17.590000000000003
2013,24,2014-02-16,granada,betis,2013|2014-02-16|granada|betis,2013|2014-02-16|granada|betis,H,H,0.46456956750997674,0.25644666454696,0.27898376794306323,0.46456956750997674,1.0612920877115593,0.1855857995669135,2.1,3.2,3.6,1.066468253968254,0.44651162790697674,0.2930232558139535,0.26046511627906976,2.1,0.46456956750997674,-0.0244039082290487,0.0,1,1,1.1,-16.490000000000002
2013,24,2014-02-16,sevilla,valencia,2013|2014-02-16|sevilla|valencia,2013|2014-02-16|sevilla|valencia,D,H,0.49002168624776987,0.25971817280182885,0.2502601409504013,0.49002168624776987,1.0463503550561521,0.23030351344594102,2.0,3.6,3.5,1.0634920634920635,0.4701492537313433,0.2611940298507463,0.26865671641791045,2.0,0.49002168624776987,-0.019956627504460256,0.0,1,0,-1.0,-17.490000000000002
2013,24,2014-02-17,malaga,sociedad,2013|2014-02-17|malaga|sociedad,2013|2014-02-17|malaga|sociedad,A,A,0.32930852678479244,0.33485607225291003,0.33583540096229747,0.33583540096229747,1.0985750517523079,0.0009793287093874392,2.7,3.25,2.6,1.0626780626780628,0.34852546916890076,0.28954423592493295,0.3619302949061662,2.6,0.33583540096229747,-0.12682795749802656,0.0,1,1,1.6,-15.890000000000002
2013,25,2014-02-21,valladolid,levante,2013|2014-02-21|valladolid|levante,2013|2014-02-21|valladolid|levante,D,H,0.40950316087218813,0.38394355098362454,0.20655328814418727,0.40950316087218813,1.0589176843477808,0.025559609888563595,2.1,3.1,3.8,1.0619290160886086,0.4484202512371526,0.30376855728968405,0.2478111914731633,2.1,0.40950316087218813,-0.14004336216840485,0.0,1,0,-1.0,-16.89
2013,25,2014-02-22,almeria,malaga,2013|2014-02-22|almeria|malaga,2013|2014-02-22|almeria|malaga,D,A,0.33386965183862255,0.2636108110980846,0.40251953706329285,0.40251953706329285,1.0840214263906673,0.0686498852246703,2.5,3.2,2.88,1.0597222222222222,0.3774574049803408,0.2948885976408912,0.327653997378768,2.88,0.40251953706329285,0.15925626674228333,0.0847107801820656,1,0,-1.0,-17.89
2013,25,2014-02-22,celta,getafe,2013|2014-02-22|celta|getafe,2013|2014-02-22|celta|getafe,D,H,0.4996243424345534,0.275196609663121,0.22517904790232565,0.4996243424345534,1.0374768164349213,0.2244277327714324,1.75,3.6,4.75,1.0597326649958227,0.5392195506503745,0.2621206148994876,0.19865983445013796,1.75,0.4996243424345534,-0.12565740073953152,0.0,1,0,-1.0,-18.89
2013,25,2014-02-22,real madrid,elche,2013|2014-02-22|real madrid|elche,2013|2014-02-22|realmadrid|elche,H,H,0.9264040853336594,0.0389698220521671,0.03462609261417352,0.9264040853336594,0.3137272207036522,0.8874342632814922,1.07,11.0,29.0,1.059971288782117,0.8817025981205084,0.08576561636263129,0.03253178551686014,1.07,0.9264040853336594,-0.008747628692984427,0.0,1,1,0.07000000000000006,-18.82
2013,25,2014-02-22,sociedad,barcelona,2013|2014-02-22|sociedad|barcelona,2013|2014-02-22|sociedad|barcelona,H,A,0.09080284745523806,0.1874027294351033,0.7217944231096586,0.7217944231096586,0.7669626441836184,0.5343916936745553,7.5,5.0,1.36,1.0686274509803921,0.12477064220183487,0.1871559633027523,0.6880733944954128,1.36,0.7217944231096586,-0.018359584570864285,0.0,1,0,-1.0,-19.82
2013,25,2014-02-23,betis,ath bilbao,2013|2014-02-23|betis|ath bilbao,2013|2014-02-23|betis|athbilbao,A,A,0.3265213532527218,0.322736796471933,0.3507418502753452,0.3507418502753452,1.0979250899866728,0.02422049702262341,2.88,3.4,2.38,1.0615079365079365,0.32710280373831774,0.27707531610775155,0.3958218801539307,2.38,0.3507418502753452,-0.16523439634467846,0.0,1,1,1.38,-18.44
2013,25,2014-02-23,osasuna,ath madrid,2013|2014-02-23|osasuna|ath madrid,2013|2014-02-23|osasuna|athmadrid,H,A,0.09898043352033575,0.27670998110575323,0.624309585373911,0.624309585373911,0.8785559477853188,0.3475996042681578,7.0,4.0,1.5,1.0595238095238095,0.1348314606741573,0.23595505617977527,0.6292134831460674,1.5,0.624309585373911,-0.06353562193913348,0.0,1,0,-1.0,-19.44
2013,25,2014-02-23,valencia,granada,2013|2014-02-23|valencia|granada,2013|2014-02-23|valencia|granada,H,H,0.6877001429012936,0.1855789817909092,0.1267208753077973,0.6877001429012936,0.8318185377236051,0.5021211611103844,1.5,4.1,6.5,1.0644152595372107,0.6263219741480611,0.22914218566392483,0.1445358401880141,1.5,0.6877001429012936,0.03155021435194033,0.06310042870388066,1,1,0.5,-18.94
2013,25,2014-02-23,vallecano,sevilla,2013|2014-02-23|vallecano|sevilla,2013|2014-02-23|vallecano|sevilla,A,A,0.30855710944882536,0.26062151098315056,0.4308213795680241,0.4308213795680241,1.0760486655250363,0.12226427011919871,3.1,3.4,2.25,1.0611427366645583,0.3039936419630439,0.27717067355454006,0.41883568448241604,2.25,0.4308213795680241,-0.03065189597194584,0.0,1,1,1.25,-17.69
2013,25,2014-02-24,espanol,villarreal,2013|2014-02-24|espanol|villarreal,2013|2014-02-24|espanol|villarreal,A,D,0.29118980445485515,0.39521083120761774,0.3135993643375271,0.39521083120761774,1.089814613817626,0.08161146687009063,2.5,3.25,2.8,1.0648351648351648,0.3756449948400413,0.28895768833849333,0.33539731682146545,3.25,0.39521083120761774,0.28443520142475764,0.12641564507767006,1,0,-1.0,-18.69
2013,26,2014-02-28,ath bilbao,granada,2013|2014-02-28|ath bilbao|granada,2013|2014-02-28|athbilbao|granada,H,H,0.795619551500267,0.10412068692750014,0.10025976157223285,0.795619551500267,0.6480446368944917,0.6914988645727669,1.4,4.5,7.5,1.0698412698412698,0.6676557863501484,0.20771513353115725,0.12462908011869436,1.4,0.795619551500267,0.11386737210037368,0.28466843025093425,1,1,0.3999999999999999,-18.290000000000003
2013,26,2014-03-01,elche,celta,2013|2014-03-01|elche|celta,2013|2014-03-01|elche|celta,H,H,0.39453719133610116,0.3150400539623247,0.2904227547015741,0.39453719133610116,1.0899086691666466,0.07949713737377645,2.5,3.1,2.9,1.067408231368187,0.3747394747811588,0.3022092538557732,0.32305127136306794,2.5,0.39453719133610116,-0.013657021659747137,0.0,1,1,1.5,-16.790000000000003
2013,26,2014-03-01,getafe,espanol,2013|2014-03-01|getafe|espanol,2013|2014-03-01|getafe|espanol,D,D,0.3567518766213044,0.3672307991987365,0.27601732417995917,0.3672307991987365,1.0909030904084474,0.010478922577432104,2.6,3.2,2.75,1.0607517482517483,0.36258755665430564,0.2946023897816234,0.34281005356407085,3.2,0.3672307991987365,0.17513855743595685,0.0796084351981622,1,1,2.2,-14.590000000000002
2013,26,2014-03-01,levante,osasuna,2013|2014-03-01|levante|osasuna,2013|2014-03-01|levante|osasuna,H,H,0.4098460509183204,0.329653273314674,0.26050067576700553,0.4098460509183204,1.0818051340916794,0.0801927776036464,2.3,3.2,3.2,1.0597826086956523,0.41025641025641024,0.2948717948717948,0.2948717948717948,2.3,0.4098460509183204,-0.057354082887863145,0.0,1,1,1.2999999999999998,-13.290000000000003
2013,26,2014-03-01,malaga,valladolid,2013|2014-03-01|malaga|valladolid,2013|2014-03-01|malaga|valladolid,D,H,0.5461933296353939,0.2547976617920266,0.19900900857257944,0.5461933296353939,0.9999903805516652,0.2913956678433673,1.85,3.4,4.33,1.065605069816454,0.5072616073735894,0.2760099922473943,0.21672840037901628,1.85,0.5461933296353939,0.010457659825478804,0.012303129206445652,1,0,-1.0,-14.290000000000003
2013,26,2014-03-02,ath madrid,real madrid,2013|2014-03-02|ath madrid|real madrid,2013|2014-03-02|athmadrid|realmadrid,D,A,0.16603045580265763,0.3636613872751398,0.4703081569222026,0.4703081569222026,1.0207618249221664,0.10664676964706282,3.5,3.4,2.05,1.0676368108218897,0.2676137454405836,0.27548473795354195,0.4569015166058745,2.05,0.4703081569222026,-0.03586827830948469,0.0,1,0,-1.0,-15.290000000000003
2013,26,2014-03-02,barcelona,almeria,2013|2014-03-02|barcelona|almeria,2013|2014-03-02|barcelona|almeria,H,H,0.9297719385384529,0.04610979171896489,0.024118269742582143,0.9297719385384529,0.29940498933695964,0.883662146819488,1.05,13.0,34.0,1.0587157940099114,0.8995624300396867,0.07265696550320547,0.027780604457107973,1.05,0.9297719385384529,-0.023739464534624458,0.0,1,1,0.050000000000000044,-15.240000000000002
2013,26,2014-03-02,sevilla,sociedad,2013|2014-03-02|sevilla|sociedad,2013|2014-03-02|sevilla|sociedad,H,H,0.4890896613253668,0.31283627984247514,0.19807405883215798,0.4890896613253668,1.0340453970016068,0.17625338148289166,1.91,3.75,3.6,1.0680046538685284,0.49022277901846495,0.24968680211340483,0.26009041886813006,1.91,0.4890896613253668,-0.06583874686854946,0.0,1,1,0.9099999999999999,-14.330000000000002
2013,26,2014-03-02,vallecano,valencia,2013|2014-03-02|vallecano|valencia,2013|2014-03-02|vallecano|valencia,H,A,0.2796471357105859,0.2958117420145587,0.4245411222748555,0.4245411222748555,1.0803661052337779,0.12872938026029684,3.3,3.3,2.2,1.0606060606060606,0.28571428571428575,0.28571428571428575,0.4285714285714286,2.2,0.4245411222748555,-0.06600953099531781,0.0,1,0,-1.0,-15.330000000000002
2013,26,2014-03-02,villarreal,betis,2013|2014-03-02|villarreal|betis,2013|2014-03-02|villarreal|betis,D,H,0.7785358546042683,0.11745550603698074,0.10400863935875089,0.7785358546042683,0.6818536077997298,0.6610803485672876,1.36,4.75,8.5,1.0634674922600618,0.6914119359534208,0.19796215429403205,0.11062590975254732,1.36,0.7785358546042683,0.05880876226180498,0.16335767294945824,1,0,-1.0,-16.330000000000002
2013,27,2014-03-08,betis,getafe,2013|2014-03-08|betis|getafe,2013|2014-03-08|betis|getafe,H,H,0.5423929157524428,0.23772152790233858,0.2198855563452187,0.5423929157524428,1.006389922501295,0.30467138785010417,1.91,3.4,4.0,1.0676778564829073,0.4903728275762602,0.2754741472560756,0.23415302516766426,1.91,0.5423929157524428,0.03597046908716561,0.039527988007874305,1,1,0.9099999999999999,-15.420000000000002
2013,27,2014-03-08,celta,ath madrid,2013|2014-03-08|celta|ath madrid,2013|2014-03-08|celta|athmadrid,A,A,0.17685481867755887,0.30988370293789913,0.5132614783845421,0.5132614783845421,1.011764637044518,0.20337777544664293,4.0,3.4,1.91,1.0676778564829075,0.2341530251676642,0.27547414725607555,0.4903728275762601,1.91,0.5132614783845421,-0.01967057628552471,0.0,1,1,0.9099999999999999,-14.510000000000002
2013,27,2014-03-08,granada,villarreal,2013|2014-03-08|granada|villarreal,2013|2014-03-08|granada|villarreal,H,D,0.20304752309540014,0.4011432077863382,0.39580926911826153,0.4011432077863382,1.0569857866240902,0.005333938668076688,3.4,3.2,2.2,1.0611631016042782,0.27716535433070866,0.2944881889763779,0.4283464566929133,3.2,0.4011432077863382,0.2836582649162823,0.1289355749619465,1,0,-1.0,-15.510000000000002
2013,27,2014-03-08,valladolid,barcelona,2013|2014-03-08|valladolid|barcelona,2013|2014-03-08|valladolid|barcelona,H,A,0.10430627143611398,0.16387291842539492,0.731820810138491,0.731820810138491,0.7606562251568905,0.567947891713096,12.0,7.0,1.2,1.0595238095238095,0.07865168539325842,0.1348314606741573,0.7865168539325843,1.2,0.731820810138491,-0.12181502783381085,0.0,1,0,-1.0,-16.51
2013,27,2014-03-09,almeria,sevilla,2013|2014-03-09|almeria|sevilla,2013|2014-03-09|almeria|sevilla,A,A,0.28344926461473524,0.26489927827684456,0.45165145710842025,0.45165145710842025,1.0682371287430255,0.168202192493685,3.4,3.4,2.1,1.0644257703081232,0.27631578947368424,0.27631578947368424,0.4473684210526316,2.1,0.45165145710842025,-0.05153194007231743,0.0,1,1,1.1,-15.410000000000002
2013,27,2014-03-09,espanol,elche,2013|2014-03-09|espanol|elche,2013|2014-03-09|espanol|elche,H,H,0.5612006060204099,0.2518724472114899,0.18692694676810023,0.5612006060204099,0.9849659905272543,0.30932815880892,1.75,3.5,4.75,1.0676691729323307,0.5352112676056339,0.26760563380281693,0.1971830985915493,1.75,0.5612006060204099,-0.01789893946428267,0.0,1,1,0.75,-14.660000000000002
2013,27,2014-03-09,real madrid,levante,2013|2014-03-09|real madrid|levante,2013|2014-03-09|realmadrid|levante,H,H,0.9334509101948167,0.04197218674904949,0.024576903056133713,0.9334509101948167,0.28844783490356896,0.8914787234457673,1.05,15.0,29.0,1.0535303776683087,0.9039900249376558,0.06327930174563591,0.03273067331670823,1.05,0.9334509101948167,-0.019876544295442382,0.0,1,1,0.050000000000000044,-14.610000000000001
2013,27,2014-03-09,valencia,ath bilbao,2013|2014-03-09|valencia|ath bilbao,2013|2014-03-09|valencia|athbilbao,D,H,0.3991782842006125,0.3104313760705986,0.2903903397287888,0.3991782842006125,1.088800654358969,0.0887469081300139,2.25,3.3,3.2,1.0599747474747474,0.41929720071471116,0.2858844550327576,0.2948183442525313,2.25,0.3991782842006125,-0.10184886054862186,0.0,1,0,-1.0,-15.610000000000001
2013,27,2014-03-10,osasuna,malaga,2013|2014-03-10|osasuna|malaga,2013|2014-03-10|osasuna|malaga,A,H,0.3356392055428356,0.332899643455397,0.3314611510017673,0.3356392055428356,1.0985987817016902,0.002739562087438585,2.3,3.1,3.25,1.0650555615492503,0.40822528363047,0.3028768233387358,0.28889789303079416,2.3,0.3356392055428356,-0.22802982725147813,0.0,1,0,-1.0,-16.610000000000003
2013,27,2014-03-10,sociedad,vallecano,2013|2014-03-10|sociedad|vallecano,2013|2014-03-10|sociedad|vallecano,A,H,0.7268007972378904,0.16071043180362155,0.11248877095848799,0.7268007972378904,0.7715040808927248,0.5660903654342688,1.44,4.5,6.5,1.0705128205128205,0.6487025948103793,0.20758483033932135,0.14371257485029942,1.44,0.7268007972378904,0.04659314802256209,0.10589351823309567,1,0,-1.0,-17.610000000000003
2013,28,2014-03-14,getafe,granada,2013|2014-03-14|getafe|granada,2013|2014-03-14|getafe|granada,D,H,0.5074378022462943,0.29886339388874383,0.19369880386496183,0.5074378022462943,1.023141152583158,0.20857440835755048,2.1,3.25,3.5,1.0695970695970696,0.4452054794520548,0.28767123287671237,0.2671232876712329,2.1,0.5074378022462943,0.06561938471721807,0.05965398610656187,1,0,-1.0,-18.610000000000003
2013,28,2014-03-15,ath madrid,espanol,2013|2014-03-15|ath madrid|espanol,2013|2014-03-15|athmadrid|espanol,H,H,0.7877787974255255,0.13394728182905302,0.07827392074542149,0.7877787974255255,0.6565965630355473,0.6538315155964725,1.29,5.0,12.0,1.0585271317829457,0.7323324789454412,0.18894177956792385,0.07872574148663493,1.29,0.7877787974255255,0.016234648678927904,0.0559815471687169,1,1,0.29000000000000004,-18.32
2013,28,2014-03-15,levante,celta,2013|2014-03-15|levante|celta,2013|2014-03-15|levante|celta,A,A,0.31899003441409973,0.32950246468597066,0.35150750089992966,0.35150750089992966,1.0977903872738066,0.022005036213958995,2.5,3.1,2.9,1.067408231368187,0.3747394747811588,0.3022092538557732,0.32305127136306794,2.9,0.35150750089992966,0.019371752609795956,0.010195659268313662,1,1,1.9,-16.42
2013,28,2014-03-15,malaga,real madrid,2013|2014-03-15|malaga|real madrid,2013|2014-03-15|malaga|realmadrid,A,A,0.13162795059818969,0.1749297593467301,0.6934422900550801,0.6934422900550801,0.8257397992591808,0.51851253070835,12.0,6.0,1.25,1.05,0.07936507936507936,0.15873015873015872,0.7619047619047619,1.25,0.6934422900550801,-0.13319713743114991,0.0,1,1,0.25,-16.17
2013,28,2014-03-15,vallecano,almeria,2013|2014-03-15|vallecano|almeria,2013|2014-03-15|vallecano|almeria,H,H,0.5013425309427445,0.3085140749126982,0.19014339414455733,0.5013425309427445,1.024602242510469,0.19282845603004628,1.83,3.5,4.2,1.0702576112412177,0.5105762217359592,0.26695842450765866,0.2224653537563822,1.83,0.5013425309427445,-0.08254316837477754,0.0,1,1,0.8300000000000001,-15.340000000000002
2013,28,2014-03-16,barcelona,osasuna,2013|2014-03-16|barcelona|osasuna,2013|2014-03-16|barcelona|osasuna,H,H,0.9426753913617987,0.035159457055993555,0.022165151582207797,0.9426753913617987,0.2577904716204472,0.9075159343058051,1.05,15.0,29.0,1.0535303776683087,0.9039900249376558,0.06327930174563591,0.03273067331670823,1.05,0.9426753913617987,-0.010190839070111347,0.0,1,1,0.050000000000000044,-15.290000000000003
2013,28,2014-03-16,elche,betis,2013|2014-03-16|elche|betis,2013|2014-03-16|elche|betis,D,H,0.38273995375244924,0.3138225451264032,0.30343750112114765,0.38273995375244924,1.0931542438011066,0.06891740862604606,2.38,3.2,3.0,1.066001400560224,0.39415339136147154,0.29315158482509446,0.31269502381343406,2.38,0.38273995375244924,-0.0890789100691709,0.0,1,0,-1.0,-16.290000000000003
2013,28,2014-03-16,sevilla,valladolid,2013|2014-03-16|sevilla|valladolid,2013|2014-03-16|sevilla|valladolid,H,H,0.7322274215323603,0.14930294602500324,0.11846963244263652,0.7322274215323603,0.7648574646557058,0.582924475507357,1.44,4.33,7.0,1.0682484695186774,0.6500776404176282,0.2161921021250311,0.13373025745734066,1.44,0.7322274215323603,0.05440748700659881,0.12365337956045186,1,1,0.43999999999999995,-15.850000000000001
2013,28,2014-03-16,sociedad,valencia,2013|2014-03-16|sociedad|valencia,2013|2014-03-16|sociedad|valencia,H,H,0.3892735881118857,0.32334248937232857,0.28738392251578565,0.3892735881118857,1.0906861320365273,0.06593109873955716,2.05,3.5,3.4,1.0676368108218899,0.4569015166058744,0.26761374544058353,0.2754847379535419,2.05,0.3892735881118857,-0.2019891443706343,0.0,1,1,1.0499999999999998,-14.800000000000002
2013,28,2014-03-17,villarreal,ath bilbao,2013|2014-03-17|villarreal|ath bilbao,2013|2014-03-17|villarreal|athbilbao,D,D,0.36124520558332834,0.3657207292342908,0.27303406518238094,0.3657207292342908,1.0901339034527238,0.004475523650962432,2.25,3.4,3.1,1.0611427366645583,0.41883568448241604,0.27717067355454006,0.3039936419630439,3.4,0.3657207292342908,0.2434504793965886,0.10143769974857858,1,1,2.4,-12.400000000000002
2013,29,2014-03-21,celta,malaga,2013|2014-03-21|celta|malaga,2013|2014-03-21|celta|malaga,A,H,0.49576673180169617,0.2669201956785599,0.237313072519744,0.49576673180169617,1.0417494846105737,0.22884653612313627,1.91,3.4,4.0,1.0676778564829073,0.4903728275762602,0.2754741472560756,0.23415302516766426,1.91,0.49576673180169617,-0.05308554225876033,0.0,1,0,-1.0,-13.400000000000002
2013,29,2014-03-22,ath bilbao,getafe,2013|2014-03-22|ath bilbao|getafe,2013|2014-03-22|athbilbao|getafe,H,H,0.7433494691161985,0.13738836007865224,0.11926217080514928,0.7433494691161985,0.7467802096111762,0.6059611090375463,1.36,5.0,7.5,1.0686274509803921,0.6880733944954128,0.1871559633027523,0.12477064220183487,1.36,0.7433494691161985,0.010955277998030033,0.03043132777230564,1,1,0.3600000000000001,-13.040000000000003
2013,29,2014-03-22,espanol,levante,2013|2014-03-22|espanol|levante,2013|2014-03-22|espanol|levante,D,H,0.6415927098993947,0.20037965515059886,0.15802763495000657,0.6415927098993947,0.8984171325122181,0.4412130547487958,1.67,3.6,5.5,1.0583983548055405,0.5657627796668286,0.26245106723433437,0.17178615309883705,1.67,0.6415927098993947,0.07145982553198904,0.1066564560178941,1,0,-1.0,-14.040000000000003
2013,29,2014-03-22,granada,elche,2013|2014-03-22|granada|elche,2013|2014-03-22|granada|elche,H,H,0.41994302129477934,0.3329598925361568,0.24709708616906387,0.41994302129477934,1.0759601369266196,0.08698312875862252,2.05,3.2,3.8,1.0634627727856225,0.4586948321388156,0.2938513768389287,0.24745379102225576,2.05,0.41994302129477934,-0.13911680634570245,0.0,1,1,1.0499999999999998,-12.990000000000002
2013,29,2014-03-22,valladolid,vallecano,2013|2014-03-22|valladolid|vallecano,2013|2014-03-22|valladolid|vallecano,D,H,0.3923955457795162,0.3788066348366457,0.22879781938383817,0.3923955457795162,1.0722565376381668,0.013588910942870513,2.4,3.3,2.9,1.0645245559038663,0.3914110429447853,0.2846625766871166,0.3239263803680982,2.4,0.3923955457795162,-0.058250690129161176,0.0,1,0,-1.0,-13.990000000000002
2013,29,2014-03-23,betis,ath madrid,2013|2014-03-23|betis|ath madrid,2013|2014-03-23|betis|athmadrid,A,A,0.19209667904430425,0.2381019651782338,0.5698013557774619,0.5698013557774619,0.9790971940721286,0.33169939059922815,6.0,3.8,1.57,1.0667672365627445,0.15623526947048655,0.24668726758497875,0.5970774629445346,1.57,0.5698013557774619,-0.10541187142938474,0.0,1,1,0.5700000000000001,-13.420000000000002
2013,29,2014-03-23,osasuna,sevilla,2013|2014-03-23|osasuna|sevilla,2013|2014-03-23|osasuna|sevilla,A,A,0.33187794400443194,0.27949039897019856,0.38863165702536956,0.38863165702536956,1.0896530435093208,0.056753713020937624,2.9,3.3,2.38,1.0680259564640904,0.3228644248951739,0.28372934308969827,0.39340623201512787,2.38,0.38863165702536956,-0.07505665627962044,0.0,1,1,1.38,-12.040000000000003
2013,29,2014-03-23,real madrid,barcelona,2013|2014-03-23|real madrid|barcelona,2013|2014-03-23|realmadrid|barcelona,A,A,0.3372637740213893,0.3167993664260061,0.3459368595526046,0.3459368595526046,1.0979368696206613,0.008673085531215319,2.25,3.5,3.0,1.0634920634920635,0.417910447761194,0.26865671641791045,0.3134328358208955,3.0,0.3459368595526046,0.0378105786578139,0.01890528932890695,1,1,2.0,-10.040000000000003
2013,29,2014-03-23,valencia,villarreal,2013|2014-03-23|valencia|villarreal,2013|2014-03-23|valencia|villarreal,H,H,0.4395154471438559,0.3025692699036792,0.25791528295246496,0.4395154471438559,1.072530070148467,0.13694617724017666,2.05,3.4,3.5,1.0676368108218899,0.4569015166058744,0.2754847379535419,0.26761374544058353,2.05,0.4395154471438559,-0.09899333335509558,0.0,1,1,1.0499999999999998,-8.990000000000002
2013,29,2014-03-24,almeria,sociedad,2013|2014-03-24|almeria|sociedad,2013|2014-03-24|almeria|sociedad,H,A,0.27632352968063173,0.2891214416519789,0.4345550286673894,0.4345550286673894,1.0763482090371923,0.14543358701541048,3.4,3.4,2.1,1.0644257703081232,0.27631578947368424,0.27631578947368424,0.4473684210526316,2.1,0.4345550286673894,-0.08743443979848226,0.0,1,0,-1.0,-9.990000000000002
2013,30,2014-03-25,elche,ath bilbao,2013|2014-03-25|elche|ath bilbao,2013|2014-03-25|elche|athbilbao,D,A,0.20511848163399043,0.3616467515862231,0.43323476677978645,0.43323476677978645,1.0551586495830456,0.07158801519356334,4.0,3.3,1.95,1.065850815850816,0.23455440131219243,0.2843083652268999,0.4811372334609076,1.95,0.43323476677978645,-0.15519220477941642,0.0,1,0,-1.0,-10.990000000000002
2013,30,2014-03-25,malaga,espanol,2013|2014-03-25|malaga|espanol,2013|2014-03-25|malaga|espanol,A,H,0.3655250725528262,0.30502633266059254,0.32944859478658123,0.3655250725528262,1.0958453822529683,0.03607647776624495,2.45,3.1,3.0,1.064077243800746,0.3835842441740565,0.303155289750464,0.3132604660754795,2.45,0.3655250725528262,-0.10446357224557579,0.0,1,0,-1.0,-11.990000000000002
2013,30,2014-03-26,ath madrid,granada,2013|2014-03-26|ath madrid|granada,2013|2014-03-26|athmadrid|granada,H,H,0.8521846058214518,0.09810841719441218,0.049706976984135995,0.8521846058214518,0.5132862344034779,0.7540761886270396,1.18,6.5,15.0,1.0679704476314646,0.7935216082037927,0.14405469195084236,0.06242369984536501,1.18,0.8521846058214518,0.005577834869313125,0.03098797149618404,1,1,0.17999999999999994,-11.810000000000002
2013,30,2014-03-26,barcelona,celta,2013|2014-03-26|barcelona|celta,2013|2014-03-26|barcelona|celta,H,H,0.9402052389129046,0.035605030747329895,0.024189730339765493,0.9402052389129046,0.26675264311180485,0.9046002081655747,1.05,15.0,34.0,1.0484593837535012,0.9083622762489982,0.06358535933742988,0.028052364413572006,1.05,0.9402052389129046,-0.012784499141450086,0.0,1,1,0.050000000000000044,-11.760000000000002
2013,30,2014-03-26,sevilla,real madrid,2013|2014-03-26|sevilla|real madrid,2013|2014-03-26|sevilla|realmadrid,H,A,0.1489883976217384,0.2082320382793645,0.642779564098897,0.642779564098897,0.8944730484776919,0.4345475258195325,5.5,4.5,1.53,1.0576351752822342,0.17191011235955056,0.21011235955056176,0.6179775280898876,1.53,0.642779564098897,-0.01654726692868752,0.0,1,0,-1.0,-12.760000000000002
2013,30,2014-03-26,vallecano,osasuna,2013|2014-03-26|vallecano|osasuna,2013|2014-03-26|vallecano|osasuna,H,H,0.5676671858638992,0.22328483933309257,0.2090479748030082,0.5676671858638992,0.9833971396130703,0.3443823465308066,1.83,3.4,4.5,1.0627879567127398,0.5141647343482205,0.27674160701683637,0.209093658634943,1.83,0.5676671858638992,0.03883095013093557,0.04678427726618743,1,1,0.8300000000000001,-11.930000000000003
2013,30,2014-03-27,almeria,valencia,2013|2014-03-27|almeria|valencia,2013|2014-03-27|almeria|valencia,D,A,0.24791952465085162,0.22714377456121168,0.5249367007879367,0.5249367007879367,1.020737339178117,0.2770171761370851,3.8,3.5,1.95,1.0616926932716408,0.24786635191574355,0.2691120392228073,0.483021608861449,1.95,0.5249367007879367,0.023626566536476656,0.02487007003839648,1,0,-1.0,-12.930000000000003
2013,30,2014-03-27,getafe,villarreal,2013|2014-03-27|getafe|villarreal,2013|2014-03-27|getafe|villarreal,A,A,0.3000455363472969,0.3145862856732878,0.3853681779794154,0.3853681779794154,1.0924893596030958,0.07078189230612764,3.3,3.3,2.2,1.0606060606060606,0.28571428571428575,0.28571428571428575,0.4285714285714286,2.2,0.3853681779794154,-0.15219000844528607,0.0,1,1,1.2000000000000002,-11.730000000000002
2013,30,2014-03-27,levante,betis,2013|2014-03-27|levante|betis,2013|2014-03-27|levante|betis,A,H,0.39210574308787444,0.3106042700553661,0.29728998685675934,0.39210574308787444,1.0908950699884374,0.08150147303250832,2.3,3.2,3.1,1.0698632538569426,0.40639082343301924,0.29209340434248254,0.3015157722244981,2.3,0.39210574308787444,-0.09815679089788876,0.0,1,0,-1.0,-12.730000000000002
2013,30,2014-03-27,sociedad,valladolid,2013|2014-03-27|sociedad|valladolid,2013|2014-03-27|sociedad|valladolid,H,H,0.7072280805087775,0.17681327967038718,0.1159586398208354,0.7072280805087775,0.8011781491910237,0.5304148008383903,1.44,4.2,7.5,1.0658730158730159,0.6515264333581534,0.22338049143708116,0.12509307520476545,1.44,0.7072280805087775,0.018408435932639577,0.041837354392362684,1,1,0.43999999999999995,-12.290000000000003
2013,31,2014-03-29,ath bilbao,ath madrid,2013|2014-03-29|ath bilbao|ath madrid,2013|2014-03-29|athbilbao|athmadrid,A,A,0.2829420716884952,0.30003229430926825,0.4170256340022364,0.4170256340022364,1.0831502809524707,0.11699333969296816,2.9,3.3,2.4,1.0645245559038663,0.3239263803680982,0.2846625766871166,0.3914110429447853,2.4,0.4170256340022364,0.0008615216053674546,0.0006153725752624676,1,1,1.4,-10.890000000000002
2013,31,2014-03-29,celta,sevilla,2013|2014-03-29|celta|sevilla,2013|2014-03-29|celta|sevilla,H,D,0.2736298315192968,0.4038937237669477,0.32247644471375536,0.4038937237669477,1.0857447093337942,0.08141727905319235,3.0,3.25,2.38,1.0611937082525318,0.3141116751269035,0.2899492385786802,0.39593908629441626,3.25,0.4038937237669477,0.3126546022425801,0.1389576009967023,1,0,-1.0,-11.890000000000002
2013,31,2014-03-29,espanol,barcelona,2013|2014-03-29|espanol|barcelona,2013|2014-03-29|espanol|barcelona,A,A,0.12963542294089142,0.15175496166647295,0.7186096153926357,0.7186096153926357,0.7884363602679046,0.5668546537261627,9.0,5.0,1.33,1.0629908103592314,0.10452687834014461,0.1881483810122603,0.7073247406475951,1.33,0.7186096153926357,-0.044249211527794485,0.0,1,1,0.33000000000000007,-11.560000000000002
2013,31,2014-03-29,real madrid,vallecano,2013|2014-03-29|real madrid|vallecano,2013|2014-03-29|realmadrid|vallecano,H,H,0.9390085565839889,0.04131457653130492,0.01967686688470611,0.9390085565839889,0.26803986492148313,0.897693980052684,1.04,13.0,34.0,1.0678733031674206,0.9004237288135595,0.07203389830508476,0.02754237288135594,1.04,0.9390085565839889,-0.02343110115265156,0.0,1,1,0.040000000000000036,-11.520000000000003
2013,31,2014-03-30,osasuna,sociedad,2013|2014-03-30|osasuna|sociedad,2013|2014-03-30|osasuna|sociedad,D,A,0.32391156116225617,0.30934938962616637,0.3667390492115774,0.3667390492115774,1.0959729058495693,0.04282748804932124,3.0,3.25,2.38,1.0611937082525318,0.3141116751269035,0.2899492385786802,0.39593908629441626,2.38,0.3667390492115774,-0.1271610628764458,0.0,1,0,-1.0,-12.520000000000003
2013,31,2014-03-30,valencia,getafe,2013|2014-03-30|valencia|getafe,2013|2014-03-30|valencia|getafe,A,H,0.7460204504204352,0.1448212637901999,0.10915828578936487,0.7460204504204352,0.7401981189609563,0.6011991866302353,1.4,4.33,8.5,1.0628796553263338,0.6720287764529735,0.21728413095477203,0.11068709259225445,1.4,0.7460204504204352,0.044428630588609186,0.11107157647152299,1,0,-1.0,-13.520000000000003
2013,31,2014-03-30,valladolid,almeria,2013|2014-03-30|valladolid|almeria,2013|2014-03-30|valladolid|almeria,H,H,0.534408659390231,0.29835869415203364,0.16723264645773545,0.534408659390231,0.9947838012510947,0.23604996523819732,1.91,3.4,4.0,1.0676778564829073,0.4903728275762602,0.2754741472560756,0.23415302516766426,1.91,0.534408659390231,0.02072053943534108,0.022769823555319868,1,1,0.9099999999999999,-12.610000000000003
2013,31,2014-03-30,villarreal,elche,2013|2014-03-30|villarreal|elche,2013|2014-03-30|villarreal|elche,D,H,0.6792123898511451,0.21473419337590047,0.1060534167729544,0.6792123898511451,0.8310351338435636,0.4644781964752446,1.44,4.33,7.0,1.0682484695186774,0.6500776404176282,0.2161921021250311,0.13373025745734066,1.44,0.6792123898511451,-0.021934158614351107,0.0,1,0,-1.0,-13.610000000000003
2013,31,2014-03-31,betis,malaga,2013|2014-03-31|betis|malaga,2013|2014-03-31|betis|malaga,A,H,0.5057352497828648,0.22754209557105967,0.2667226546460755,0.5057352497828648,1.0341250514355216,0.2390125951367893,2.2,3.3,3.3,1.0606060606060606,0.4285714285714286,0.28571428571428575,0.28571428571428575,2.2,0.5057352497828648,0.11261754952230263,0.09384795793525218,1,0,-1.0,-14.610000000000003
2013,31,2014-03-31,granada,levante,2013|2014-03-31|granada|levante,2013|2014-03-31|granada|levante,A,H,0.5101440611199443,0.2702410827879384,0.2196148560921173,0.5101440611199443,1.0298628578964402,0.23990297833200586,1.85,3.5,4.2,1.0643500643500643,0.5078597339782346,0.26844014510278114,0.22370012091898428,1.85,0.5101440611199443,-0.056233486928103094,0.0,1,0,-1.0,-15.610000000000003
2013,32,2014-04-04,almeria,osasuna,2013|2014-04-04|almeria|osasuna,2013|2014-04-04|almeria|osasuna,A,H,0.4369919456445622,0.29947780171600663,0.2635302526394311,0.4369919456445622,1.0742850568423827,0.13751414392855554,2.2,3.2,3.4,1.0611631016042782,0.4283464566929133,0.2944881889763779,0.27716535433070866,2.2,0.4369919456445622,-0.03861771958196325,0.0,1,0,-1.0,-16.610000000000003
2013,32,2014-04-05,ath madrid,villarreal,2013|2014-04-05|ath madrid|villarreal,2013|2014-04-05|athmadrid|villarreal,H,H,0.6024849932876314,0.22350934175812015,0.17400566495424857,0.6024849932876314,0.9444371870773929,0.37897565152951124,1.5,4.0,7.0,1.0595238095238095,0.6292134831460674,0.23595505617977527,0.1348314606741573,1.5,0.6024849932876314,-0.09627251006855292,0.0,1,1,0.5,-16.110000000000003
2013,32,2014-04-05,barcelona,betis,2013|2014-04-05|barcelona|betis,2013|2014-04-05|barcelona|betis,H,H,0.9296441058702748,0.04234629324325452,0.028009600886470722,0.9296441058702748,0.301854550379193,0.8872978126270202,1.05,15.0,29.0,1.0535303776683087,0.9039900249376558,0.06327930174563591,0.03273067331670823,1.05,0.9296441058702748,-0.023873688836211424,0.0,1,1,0.050000000000000044,-16.060000000000002
2013,32,2014-04-05,sociedad,real madrid,2013|2014-04-05|sociedad|real madrid,2013|2014-04-05|sociedad|realmadrid,A,A,0.17106985340954062,0.21372518589339035,0.6152049606970691,0.6152049606970691,0.9307133269566208,0.40147977480367875,5.25,4.2,1.57,1.0655141037306641,0.17876458867065187,0.22345573583831485,0.5977796754910334,1.57,0.6152049606970691,-0.034128211705601486,0.0,1,1,0.5700000000000001,-15.490000000000002
2013,32,2014-04-05,vallecano,celta,2013|2014-04-05|vallecano|celta,2013|2014-04-05|vallecano|celta,H,H,0.4265380082672588,0.2813615790317689,0.2921004127009723,0.4265380082672588,1.079707688314093,0.13443759556628648,2.2,3.3,3.3,1.0606060606060606,0.4285714285714286,0.28571428571428575,0.28571428571428575,2.2,0.4265380082672588,-0.06161638181203066,0.0,1,1,1.2000000000000002,-14.290000000000003
2013,32,2014-04-06,elche,getafe,2013|2014-04-06|elche|getafe,2013|2014-04-06|elche|getafe,H,H,0.43038470526066747,0.3113079167225745,0.25830737801675807,0.43038470526066747,1.0757809572016814,0.11907678853809295,2.15,3.2,3.5,1.063330564784053,0.4374145674672916,0.29388791251708657,0.26869752001562197,2.15,0.43038470526066747,-0.07467288368956493,0.0,1,1,1.15,-13.140000000000002
2013,32,2014-04-06,malaga,granada,2013|2014-04-06|malaga|granada,2013|2014-04-06|malaga|granada,H,H,0.4541871117803838,0.28230950086693185,0.26350338735268436,0.4541871117803838,1.0669482617758181,0.17187761091345194,2.05,3.3,3.6,1.0686129588568614,0.4564841498559078,0.28357348703170027,0.25994236311239194,2.05,0.4541871117803838,-0.06891642085021338,0.0,1,1,1.0499999999999998,-12.090000000000002
2013,32,2014-04-06,sevilla,espanol,2013|2014-04-06|sevilla|espanol,2013|2014-04-06|sevilla|espanol,H,H,0.5919173683872789,0.2087999876807276,0.1992826439319934,0.5919173683872789,0.9589034218423154,0.3831173807065513,1.67,3.75,5.0,1.0654690618762475,0.562008242787561,0.2502810041213938,0.18771075309104535,1.67,0.5919173683872789,-0.011497994793244204,0.0,1,1,0.6699999999999999,-11.420000000000002
2013,32,2014-04-06,valladolid,valencia,2013|2014-04-06|valladolid|valencia,2013|2014-04-06|valladolid|valencia,D,A,0.3254225994630226,0.24782517745282767,0.4267522230841497,0.4267522230841497,1.0744549453592684,0.10132962362112707,2.8,3.25,2.5,1.064835164835165,0.33539731682146534,0.2889576883384932,0.3756449948400412,2.5,0.4267522230841497,0.06688055771037416,0.04458703847358277,1,0,-1.0,-12.420000000000002
2013,32,2014-04-07,levante,ath bilbao,2013|2014-04-07|levante|ath bilbao,2013|2014-04-07|levante|athbilbao,A,A,0.20360381503264322,0.3090345765660271,0.4873616084013297,0.4873616084013297,1.0372421882679064,0.17832703183530257,3.9,3.4,1.95,1.063348416289593,0.24113475177304963,0.276595744680851,0.48226950354609927,1.95,0.4873616084013297,-0.04964486361740711,0.0,1,1,0.95,-11.470000000000002
2013,33,2014-04-11,osasuna,valladolid,2013|2014-04-11|osasuna|valladolid,2013|2014-04-11|osasuna|valladolid,D,H,0.5004383346674218,0.2536896561303117,0.24587200920226648,0.5004383346674218,1.0393553844008807,0.24674867853711013,2.0,3.4,3.75,1.0607843137254902,0.47134935304990755,0.27726432532347506,0.2513863216266174,2.0,0.5004383346674218,0.0008766693348436494,0.0008766693348436494,1,0,-1.0,-12.470000000000002
2013,33,2014-04-12,celta,sociedad,2013|2014-04-12|celta|sociedad,2013|2014-04-12|celta|sociedad,D,H,0.42360749749801496,0.25747205547542706,0.318920447026558,0.42360749749801496,1.0776728553026331,0.10468705047145699,2.3,3.3,3.1,1.0603935568872456,0.41002004008016035,0.28577154308617236,0.30420841683366734,2.3,0.42360749749801496,-0.02570275575456571,0.0,1,0,-1.0,-13.470000000000002
2013,33,2014-04-12,granada,barcelona,2013|2014-04-12|granada|barcelona,2013|2014-04-12|granada|barcelona,H,A,0.146455778443838,0.1359695423612459,0.7175746791949159,0.7175746791949159,0.7907969738170981,0.571118900751078,9.5,6.5,1.25,1.0591093117408907,0.09938837920489296,0.1452599388379205,0.7553516819571866,1.25,0.7175746791949159,-0.10303165100635511,0.0,1,0,-1.0,-14.470000000000002
2013,33,2014-04-12,real madrid,almeria,2013|2014-04-12|real madrid|almeria,2013|2014-04-12|realmadrid|almeria,H,H,0.9310140870833028,0.0437157484041929,0.025270164512504325,0.9310140870833028,0.2963290104859902,0.8872983386791099,1.05,15.0,29.0,1.0535303776683087,0.9039900249376558,0.06327930174563591,0.03273067331670823,1.05,0.9310140870833028,-0.02243520856253202,0.0,1,1,0.050000000000000044,-14.420000000000002
2013,33,2014-04-12,villarreal,levante,2013|2014-04-12|villarreal|levante,2013|2014-04-12|villarreal|levante,H,H,0.7033946357833457,0.21296300516299196,0.08364235905366235,0.7033946357833457,0.7843906684882306,0.4904316306203538,1.4,4.2,9.0,1.0634920634920635,0.6716417910447762,0.22388059701492535,0.1044776119402985,1.4,0.7033946357833457,-0.015247509903316081,0.0,1,1,0.3999999999999999,-14.020000000000003
2013,33,2014-04-13,betis,sevilla,2013|2014-04-13|betis|sevilla,2013|2014-04-13|betis|sevilla,A,H,0.35665919651344713,0.29791009910803323,0.3454307043785196,0.35665919651344713,1.0956449634768313,0.011228492134927548,3.2,3.4,2.2,1.0611631016042782,0.2944881889763779,0.27716535433070866,0.4283464566929133,3.2,0.35665919651344713,0.14130942884303088,0.06423155856501403,1,0,-1.0,-15.020000000000003
2013,33,2014-04-13,espanol,vallecano,2013|2014-04-13|espanol|vallecano,2013|2014-04-13|espanol|vallecano,D,H,0.529555286070203,0.3207729183984827,0.14967179553131435,0.529555286070203,0.9856466813552134,0.20878236767172026,1.83,3.5,4.33,1.0631092553630697,0.5140093406910212,0.2687534552755911,0.21723720403338773,1.83,0.529555286070203,-0.030913826491528518,0.0,1,0,-1.0,-16.020000000000003
2013,33,2014-04-13,getafe,ath madrid,2013|2014-04-13|getafe|ath madrid,2013|2014-04-13|getafe|athmadrid,A,A,0.17006892400455223,0.26824280565317676,0.561688270342271,0.561688270342271,0.9782429977325715,0.2934454646890942,8.5,4.0,1.44,1.0620915032679739,0.11076923076923077,0.2353846153846154,0.6538461538461539,1.44,0.561688270342271,-0.1911688907071298,0.0,1,1,0.43999999999999995,-15.580000000000002
2013,33,2014-04-13,valencia,elche,2013|2014-04-13|valencia|elche,2013|2014-04-13|valencia|elche,H,H,0.6987912064948978,0.16854919641800892,0.13265959708709318,0.6987912064948978,0.8185238146598741,0.5302420100768889,1.62,4.0,5.25,1.0577601410934743,0.5835764902042518,0.236348478532722,0.18007503126302626,1.62,0.6987912064948978,0.1320417545217345,0.21297057180924917,1,1,0.6200000000000001,-14.960000000000003
2013,33,2014-04-14,ath bilbao,malaga,2013|2014-04-14|ath bilbao|malaga,2013|2014-04-14|athbilbao|malaga,H,H,0.7407664903544453,0.17249100194615777,0.08674250769939697,0.7407664903544453,0.7374881799593734,0.5682754884082876,1.4,4.5,8.0,1.0615079365079365,0.6728971962616822,0.20934579439252335,0.11775700934579439,1.4,0.7407664903544453,0.03707308649622337,0.09268271624055845,1,1,0.3999999999999999,-14.560000000000002
2013,34,2014-04-18,ath madrid,elche,2013|2014-04-18|ath madrid|elche,2013|2014-04-18|athmadrid|elche,H,H,0.8287198959458256,0.113336544656668,0.05794355939750628,0.8287198959458256,0.5675122344380087,0.7153833512891576,1.2,6.0,15.0,1.0666666666666667,0.78125,0.15625,0.0625,1.2,0.8287198959458256,-0.00553612486500929,0.0,1,1,0.19999999999999996,-14.360000000000003
2013,34,2014-04-19,levante,getafe,2013|2014-04-19|levante|getafe,2013|2014-04-19|levante|getafe,D,H,0.3564487275305156,0.3155897291804628,0.32796154328902166,0.3564487275305156,1.0973043345340268,0.028487184241493935,2.4,3.1,3.1,1.0618279569892473,0.3924050632911393,0.3037974683544304,0.3037974683544304,2.4,0.3564487275305156,-0.14452305392676262,0.0,1,0,-1.0,-15.360000000000003
2013,34,2014-04-19,osasuna,valencia,2013|2014-04-19|osasuna|valencia,2013|2014-04-19|osasuna|valencia,D,A,0.348455133181677,0.27009289792658453,0.38145196889173855,0.38145196889173855,1.0885381699472725,0.03299683571006157,2.7,3.1,2.7,1.063321385902031,0.34831460674157305,0.30337078651685395,0.34831460674157305,2.7,0.38145196889173855,0.02992031600769418,0.01760018588687893,1,0,-1.0,-16.360000000000003
2013,34,2014-04-19,sociedad,espanol,2013|2014-04-19|sociedad|espanol,2013|2014-04-19|sociedad|espanol,H,H,0.6105421902685941,0.19571548977455494,0.1937423199568509,0.6105421902685941,0.9384515248271053,0.4148267004940392,1.75,3.6,4.75,1.0597326649958227,0.5392195506503745,0.2621206148994876,0.19865983445013796,1.75,0.6105421902685941,0.06844883297003973,0.09126511062671964,1,1,0.75,-15.610000000000003
2013,34,2014-04-20,almeria,celta,2013|2014-04-20|almeria|celta,2013|2014-04-20|almeria|celta,A,H,0.426494380783341,0.24890004730123963,0.3246055719154194,0.426494380783341,1.0748142046604865,0.10188880886792162,2.5,3.25,2.8,1.0648351648351648,0.3756449948400413,0.28895768833849333,0.33539731682146545,2.5,0.426494380783341,0.06623595195835252,0.04415730130556835,1,0,-1.0,-16.610000000000003
2013,34,2014-04-20,barcelona,ath bilbao,2013|2014-04-20|barcelona|ath bilbao,2013|2014-04-20|barcelona|athbilbao,H,H,0.8633739946434328,0.0832091035072335,0.053416901849333794,0.8633739946434328,0.4902186031072518,0.7801648911361992,1.2,7.0,12.0,1.0595238095238095,0.7865168539325843,0.1348314606741573,0.07865168539325842,1.2,0.8633739946434328,0.03604879357211929,0.1802439678605965,1,1,0.19999999999999996,-16.410000000000004
2013,34,2014-04-20,sevilla,granada,2013|2014-04-20|sevilla|granada,2013|2014-04-20|sevilla|granada,H,H,0.7788317792868863,0.12148485559644824,0.09968336511666552,0.7788317792868863,0.6806084165248928,0.657346923690438,1.4,4.5,8.0,1.0615079365079365,0.6728971962616822,0.20934579439252335,0.11775700934579439,1.4,0.7788317792868863,0.09036449100164073,0.2259112275041019,1,1,0.3999999999999999,-16.01
2013,34,2014-04-20,vallecano,betis,2013|2014-04-20|vallecano|betis,2013|2014-04-20|vallecano|betis,H,H,0.4911584607390167,0.24998104717878547,0.25886049208219775,0.4911584607390167,1.0456154265827946,0.23229796865681895,2.0,3.4,3.75,1.0607843137254902,0.47134935304990755,0.27726432532347506,0.2513863216266174,2.0,0.4911584607390167,-0.0176830785219666,0.0,1,1,1.0,-15.010000000000003
2013,34,2014-04-21,malaga,villarreal,2013|2014-04-21|malaga|villarreal,2013|2014-04-21|malaga|villarreal,H,A,0.3099466971354479,0.2683452176985193,0.42170808516603275,0.42170808516603275,1.0801810804469665,0.11176138803058483,2.8,3.25,2.5,1.064835164835165,0.33539731682146534,0.2889576883384932,0.3756449948400412,2.5,0.42170808516603275,0.05427021291508194,0.03618014194338796,1,0,-1.0,-16.01
2013,34,2014-05-07,valladolid,real madrid,2013|2014-05-07|valladolid|real madrid,2013|2014-05-07|valladolid|realmadrid,D,A,0.17658073047626108,0.06851508843247016,0.7549041810912688,0.7549041810912688,0.7021076497755279,0.5783234506150077,11.0,7.0,1.2,1.067099567099567,0.08519269776876268,0.13387423935091278,0.7809330628803246,1.2,0.7549041810912688,-0.0941149826904775,0.0,1,0,-1.0,-17.01
2013,35,2014-04-25,elche,levante,2013|2014-04-25|elche|levante,2013|2014-04-25|elche|levante,D,H,0.6722032034682695,0.16570276233045056,0.16209403420127996,0.6722032034682695,0.8597989309006155,0.5065004411378189,1.65,3.6,5.5,1.0656565656565657,0.5687203791469194,0.2606635071090047,0.17061611374407581,1.65,0.6722032034682695,0.10913528572264453,0.16790043957329928,1,0,-1.0,-18.01
2013,35,2014-04-26,betis,sociedad,2013|2014-04-26|betis|sociedad,2013|2014-04-26|betis|sociedad,A,A,0.36723428647089684,0.23464225455475318,0.39812345897435003,0.39812345897435003,1.074707134705614,0.03088917250345319,3.1,3.5,2.2,1.0628403854210307,0.303508080409933,0.26882144264879776,0.4276704769412692,2.2,0.39812345897435003,-0.1241283902564298,0.0,1,1,1.2000000000000002,-16.810000000000002
2013,35,2014-04-26,getafe,malaga,2013|2014-04-26|getafe|malaga,2013|2014-04-26|getafe|malaga,H,H,0.4958061846531069,0.3040674540017598,0.20012636134513337,0.4958061846531069,1.03180143028482,0.1917387306513471,2.1,3.3,3.5,1.064935064935065,0.4471544715447154,0.2845528455284553,0.26829268292682923,2.1,0.4958061846531069,0.04119298777152447,0.037448170701385876,1,1,1.1,-15.710000000000003
2013,35,2014-04-26,granada,vallecano,2013|2014-04-26|granada|vallecano,2013|2014-04-26|granada|vallecano,A,H,0.44895968650649487,0.31800064591163785,0.2330396675818673,0.44895968650649487,1.0633039419313772,0.13095904059485702,2.2,3.3,3.3,1.0606060606060606,0.4285714285714286,0.28571428571428575,0.28571428571428575,2.2,0.44895968650649487,-0.012288689685711174,0.0,1,0,-1.0,-16.71
2013,35,2014-04-26,real madrid,osasuna,2013|2014-04-26|real madrid|osasuna,2013|2014-04-26|realmadrid|osasuna,H,H,0.9370530921984457,0.03969053272674189,0.023256375074812378,0.9370530921984457,0.2764613048748954,0.8973625594717038,1.05,13.0,34.0,1.0587157940099114,0.8995624300396867,0.07265696550320547,0.027780604457107973,1.05,0.9370530921984457,-0.01609425319163199,0.0,1,1,0.050000000000000044,-16.660000000000004
2013,35,2014-04-27,ath bilbao,sevilla,2013|2014-04-27|ath bilbao|sevilla,2013|2014-04-27|athbilbao|sevilla,H,H,0.462818341094836,0.3409569610763857,0.19622469782877838,0.462818341094836,1.0429850776871827,0.12186138001845032,1.95,3.5,3.75,1.0652014652014652,0.48143053645116923,0.2682255845942228,0.25034387895460797,1.95,0.462818341094836,-0.09750423486506982,0.0,1,1,0.95,-15.710000000000003
2013,35,2014-04-27,espanol,almeria,2013|2014-04-27|espanol|almeria,2013|2014-04-27|espanol|almeria,A,H,0.627632507336758,0.22740778014526714,0.1449597125179749,0.627632507336758,0.9091054280401433,0.4002247271914909,1.62,3.75,5.5,1.0657687991021325,0.5791912384161751,0.2502106149957877,0.17059814658803707,1.62,0.627632507336758,0.016764661885548038,0.027039777234754894,1,0,-1.0,-16.71
2013,35,2014-04-27,valencia,ath madrid,2013|2014-04-27|valencia|ath madrid,2013|2014-04-27|valencia|athmadrid,A,A,0.24046771052291901,0.30326504940050775,0.4562672400765732,0.4562672400765732,1.0625695771480963,0.15300219067606546,4.33,3.75,1.75,1.0690421203123281,0.21603160233725618,0.24944449016541848,0.5345239074973253,1.75,0.4562672400765732,-0.20153232986599684,0.0,1,1,0.75,-15.960000000000003
2013,35,2014-04-27,villarreal,barcelona,2013|2014-04-27|villarreal|barcelona,2013|2014-04-27|villarreal|barcelona,A,A,0.1682714628938527,0.23425523562418632,0.5974733014819609,0.5974733014819609,0.9476004646116905,0.36321806585777455,6.5,4.5,1.44,1.0705128205128205,0.14371257485029942,0.20758483033932135,0.6487025948103793,1.44,0.5974733014819609,-0.1396384458659764,0.0,1,1,0.43999999999999995,-15.520000000000003
2013,35,2014-04-28,celta,valladolid,2013|2014-04-28|celta|valladolid,2013|2014-04-28|celta|valladolid,H,H,0.5794179740377479,0.19842183894024223,0.22216018702200993,0.5794179740377479,0.9713341409187269,0.35725778701573796,1.8,3.75,4.2,1.0603174603174603,0.5239520958083832,0.25149700598802394,0.2245508982035928,1.8,0.5794179740377479,0.042952353267946164,0.053690441584932705,1,1,0.8,-14.720000000000002
2013,36,2014-05-02,vallecano,ath bilbao,2013|2014-05-02|vallecano|ath bilbao,2013|2014-05-02|vallecano|athbilbao,A,A,0.2819542938148304,0.15550327570284506,0.5625424304823247,0.5625424304823247,0.969986707780049,0.28058813666749427,3.75,3.6,1.91,1.0680046538685284,0.24968680211340483,0.26009041886813006,0.49022277901846495,1.91,0.5625424304823247,0.07445604222124003,0.08181982661674729,1,1,0.9099999999999999,-13.810000000000002
2013,36,2014-05-03,barcelona,getafe,2013|2014-05-03|barcelona|getafe,2013|2014-05-03|barcelona|getafe,D,H,0.918198147351804,0.05622389450077585,0.025577958147420164,0.918198147351804,0.3339659559443877,0.8619742528510282,1.07,11.0,26.0,1.063950068622966,0.8784053564298657,0.08544488467090512,0.03614975889922909,1.07,0.918198147351804,-0.017527982333569614,0.0,1,0,-1.0,-14.810000000000002
2013,36,2014-05-03,malaga,elche,2013|2014-05-03|malaga|elche,2013|2014-05-03|malaga|elche,A,H,0.3909209311072353,0.3186264287140032,0.2904526401787615,0.3909209311072353,1.0906878467300054,0.0722945023932321,2.25,3.25,3.25,1.0598290598290598,0.4193548387096774,0.2903225806451613,0.2903225806451613,2.25,0.3909209311072353,-0.12042790500872064,0.0,1,0,-1.0,-15.810000000000002
2013,36,2014-05-03,osasuna,celta,2013|2014-05-03|osasuna|celta,2013|2014-05-03|osasuna|celta,A,H,0.5583010735233681,0.24646657565745575,0.19523235081917617,0.5583010735233681,0.9895179079629647,0.31183449786591233,1.91,3.5,4.0,1.0592744951383695,0.4942630185348632,0.26972639011473964,0.23601059135039718,1.91,0.5583010735233681,0.06635505042963308,0.07291763783476163,1,0,-1.0,-16.810000000000002
2013,36,2014-05-03,valladolid,espanol,2013|2014-05-03|valladolid|espanol,2013|2014-05-03|valladolid|espanol,H,H,0.5152913436490749,0.24655184408519917,0.2381568122657259,0.5152913436490749,1.0285811922419286,0.26873949956387577,2.0,3.4,3.75,1.0607843137254902,0.47134935304990755,0.27726432532347506,0.2513863216266174,2.0,0.5152913436490749,0.030582687298149835,0.030582687298149835,1,1,1.0,-15.810000000000002
2013,36,2014-05-04,almeria,betis,2013|2014-05-04|almeria|betis,2013|2014-05-04|almeria|betis,H,H,0.6470796033646218,0.17029690457457922,0.18262349206079892,0.6470796033646218,0.8936462248741306,0.46445611130382286,1.57,4.0,5.5,1.0687608569774174,0.5959637003927942,0.23391575240417176,0.17012054720303402,1.57,0.6470796033646218,0.015914977282456222,0.02792101277623898,1,1,0.5700000000000001,-15.240000000000002
2013,36,2014-05-04,levante,ath madrid,2013|2014-05-04|levante|ath madrid,2013|2014-05-04|levante|athmadrid,H,A,0.14305846575744777,0.17064011025830103,0.6863014239842513,0.6863014239842513,0.8382532312729976,0.5156613137259503,15.0,5.5,1.22,1.0681569796323895,0.06241279880941307,0.17021672402567203,0.7673704771649149,1.22,0.6863014239842513,-0.1627122627392134,0.0,1,0,-1.0,-16.240000000000002
2013,36,2014-05-04,real madrid,valencia,2013|2014-05-04|real madrid|valencia,2013|2014-05-04|realmadrid|valencia,D,H,0.8726182478787377,0.08130863552948805,0.046073116591774335,0.8726182478787377,0.4647359045668371,0.7913096123492496,1.14,7.5,17.0,1.0693498452012384,0.820304960432349,0.12468635398571704,0.05500868558193399,1.14,0.8726182478787377,-0.005215197418239156,0.0,1,0,-1.0,-17.240000000000002
2013,36,2014-05-04,sevilla,villarreal,2013|2014-05-04|sevilla|villarreal,2013|2014-05-04|sevilla|villarreal,D,H,0.5514145469489994,0.23204752895776085,0.2165379240932398,0.5514145469489994,0.9985184828936899,0.31936701799123857,1.75,3.6,4.75,1.0597326649958227,0.5392195506503745,0.2621206148994876,0.19865983445013796,1.75,0.5514145469489994,-0.03502454283925105,0.0,1,0,-1.0,-18.240000000000002
2013,36,2014-05-05,sociedad,granada,2013|2014-05-05|sociedad|granada,2013|2014-05-05|sociedad|granada,D,H,0.748075597464655,0.14947275165980695,0.10245165087553802,0.748075597464655,0.7346461176069714,0.598602845804848,1.44,4.5,6.5,1.0705128205128205,0.6487025948103793,0.20758483033932135,0.14371257485029942,1.44,0.748075597464655,0.0772288603491032,0.17552013715705275,1,0,-1.0,-19.240000000000002
2013,37,2014-05-10,levante,valencia,2013|2014-05-10|levante|valencia,2013|2014-05-10|levante|valencia,H,A,0.24474381898901523,0.29964268088205076,0.455613500128934,0.455613500128934,1.0637687742528028,0.15597081924688322,3.3,3.4,2.15,1.062264229158894,0.28526829268292686,0.27687804878048783,0.43785365853658537,2.15,0.455613500128934,-0.020430974722791984,0.0,1,0,-1.0,-20.240000000000002
2013,37,2014-05-10,villarreal,vallecano,2013|2014-05-10|villarreal|vallecano,2013|2014-05-10|villarreal|vallecano,H,H,0.6011461609140938,0.30844592344697225,0.090407915638934,0.6011461609140938,0.8860189033282057,0.29270023746712154,1.57,4.33,5.0,1.0678895573763256,0.5964499519258584,0.21626476316942211,0.18728528490471957,1.57,0.6011461609140938,-0.05620052736487274,0.0,1,1,0.5700000000000001,-19.67
2013,37,2014-05-11,ath bilbao,sociedad,2013|2014-05-11|ath bilbao|sociedad,2013|2014-05-11|athbilbao|sociedad,D,H,0.5298399589442333,0.28645956354684377,0.18370047750892288,0.5298399589442333,1.0059346118521268,0.24338039539738954,1.75,3.75,4.5,1.06031746031746,0.5389221556886228,0.251497005988024,0.20958083832335334,1.75,0.5298399589442333,-0.07278007184759172,0.0,1,0,-1.0,-20.67
2013,37,2014-05-11,ath madrid,malaga,2013|2014-05-11|ath madrid|malaga,2013|2014-05-11|athmadrid|malaga,D,H,0.8140502636356042,0.1391822975337166,0.046767438830679194,0.8140502636356042,0.5851690172159186,0.6748679661018876,1.2,6.5,13.0,1.064102564102564,0.783132530120482,0.14457831325301207,0.07228915662650603,1.2,0.8140502636356042,-0.023139683637275033,0.0,1,0,-1.0,-21.67
2013,37,2014-05-11,betis,valladolid,2013|2014-05-11|betis|valladolid,2013|2014-05-11|betis|valladolid,H,A,0.2905147496784077,0.3004588840724155,0.4090263662491768,0.4090263662491768,1.0860502584766034,0.10856748217676132,3.6,3.5,2.0,1.0634920634920635,0.2611940298507463,0.26865671641791045,0.4701492537313433,2.0,0.4090263662491768,-0.1819472675016463,0.0,1,0,-1.0,-22.67
2013,37,2014-05-11,celta,real madrid,2013|2014-05-11|celta|real madrid,2013|2014-05-11|celta|realmadrid,H,A,0.1782724712818897,0.09774083549701233,0.723986693221098,0.723986693221098,0.7685454704633993,0.5457142219392083,6.5,5.0,1.4,1.0681318681318681,0.1440329218106996,0.18724279835390947,0.668724279835391,1.4,0.723986693221098,0.013581370509537116,0.0339534262738428,1,0,-1.0,-23.67
2013,37,2014-05-11,elche,barcelona,2013|2014-05-11|elche|barcelona,2013|2014-05-11|elche|barcelona,D,A,0.171107562203651,0.09042047376349734,0.7384719640328518,0.7384719640328518,0.743274308014617,0.5673644018292008,11.0,7.0,1.2,1.067099567099567,0.08519269776876268,0.13387423935091278,0.7809330628803246,1.2,0.7384719640328518,-0.11383364316057792,0.0,1,0,-1.0,-24.67
2013,37,2014-05-11,espanol,osasuna,2013|2014-05-11|espanol|osasuna,2013|2014-05-11|espanol|osasuna,D,D,0.36345779911827875,0.3768334575389929,0.2597087433427284,0.3768334575389929,1.0857620057046224,0.013375658420714143,2.3,3.25,3.1,1.0650555615492503,0.40822528363047,0.28889789303079416,0.3028768233387358,3.25,0.3768334575389929,0.2247087370017269,0.09987054977854529,1,1,2.25,-22.42
2013,37,2014-05-11,getafe,sevilla,2013|2014-05-11|getafe|sevilla,2013|2014-05-11|getafe|sevilla,H,H,0.6158351166350633,0.1918332225247418,0.1923316608401949,0.6158351166350633,0.932348758817087,0.42350345579486837,1.85,3.6,4.0,1.0683183183183182,0.5059732958538299,0.26001405481377377,0.23401264933239635,1.85,0.6158351166350633,0.1392949657748671,0.16387643032337304,1,1,0.8500000000000001,-21.570000000000004
2013,37,2014-05-11,granada,almeria,2013|2014-05-11|granada|almeria,2013|2014-05-11|granada|almeria,A,H,0.5413545810862832,0.2525872097936107,0.20605820912010608,0.5413545810862832,1.0052674269373352,0.2887673712926725,1.91,3.5,4.0,1.0592744951383695,0.4942630185348632,0.26972639011473964,0.23601059135039718,1.91,0.5413545810862832,0.033987249874800896,0.03734862623604494,1,0,-1.0,-22.570000000000004
2013,38,2014-05-16,malaga,levante,2013|2014-05-16|malaga|levante,2013|2014-05-16|malaga|levante,H,H,0.5091130387353543,0.30989195202067643,0.18099500924396925,0.5091130387353543,1.0161150936621899,0.19922108671467786,1.91,3.4,4.0,1.0676778564829073,0.4903728275762602,0.2754741472560756,0.23415302516766426,1.91,0.5091130387353543,-0.027594096015473357,0.0,1,1,0.9099999999999999,-21.660000000000004
2013,38,2014-05-17,barcelona,ath madrid,2013|2014-05-17|barcelona|ath madrid,2013|2014-05-17|barcelona|athmadrid,D,H,0.4406448875576818,0.4129721853141039,0.1463829271282142,0.4406448875576818,1.007616898294817,0.027672702243577874,1.85,3.8,4.5,1.0259206574996047,0.5268833769835156,0.25650901247881686,0.21660761053766756,1.85,0.4406448875576818,-0.18480695801828861,0.0,1,0,-1.0,-22.660000000000004
2013,38,2014-05-17,real madrid,espanol,2013|2014-05-17|real madrid|espanol,2013|2014-05-17|realmadrid|espanol,H,H,0.6588069324516753,0.2677363472822882,0.07345672026603643,0.6588069324516753,0.8195465232121493,0.39107058516938714,1.33,5.0,8.5,1.0695267580716497,0.7030022330659168,0.1869985939955339,0.10999917293854934,1.33,0.6588069324516753,-0.12378677983927178,0.0,1,1,0.33000000000000007,-22.330000000000002
2013,38,2014-05-17,valencia,celta,2013|2014-05-17|valencia|celta,2013|2014-05-17|valencia|celta,H,H,0.6095196753129867,0.2732363496967838,0.11724397499022951,0.6095196753129867,0.9075775133857698,0.3362833256162029,1.75,3.75,4.5,1.06031746031746,0.5389221556886228,0.251497005988024,0.20958083832335334,1.75,0.6095196753129867,0.06665943179772671,0.08887924239696894,1,1,0.75,-21.580000000000002
2013,38,2014-05-18,almeria,ath bilbao,2013|2014-05-18|almeria|ath bilbao,2013|2014-05-18|almeria|athbilbao,D,H,0.48710602308777595,0.20483260201169032,0.3080613749005338,0.48710602308777595,1.0378660641294684,0.17904464818724214,2.25,3.4,3.1,1.0611427366645583,0.41883568448241604,0.27717067355454006,0.3039936419630439,2.25,0.48710602308777595,0.09598855194749589,0.07679084155799672,1,0,-1.0,-22.580000000000002
2013,38,2014-05-18,osasuna,betis,2013|2014-05-18|osasuna|betis,2013|2014-05-18|osasuna|betis,H,H,0.8395242204013855,0.08279871992396942,0.07767705967464512,0.8395242204013855,0.5516095792226182,0.756725500477416,1.36,5.0,7.5,1.0686274509803921,0.6880733944954128,0.1871559633027523,0.12477064220183487,1.36,0.8395242204013855,0.14175293974588438,0.39375816596078983,1,1,0.3600000000000001,-22.220000000000002
2013,38,2014-05-18,sevilla,elche,2013|2014-05-18|sevilla|elche,2013|2014-05-18|sevilla|elche,H,H,0.47977977138133204,0.3387781471182312,0.1814420815004366,0.47977977138133204,1.0287492874005197,0.14100162426310087,1.8,3.75,4.2,1.0603174603174603,0.5239520958083832,0.25149700598802394,0.2245508982035928,1.8,0.47977977138133204,-0.13639641151360227,0.0,1,1,0.8,-21.42
2013,38,2014-05-18,sociedad,villarreal,2013|2014-05-18|sociedad|villarreal,2013|2014-05-18|sociedad|villarreal,A,H,0.4870557475830838,0.2775501827157173,0.23539406970119894,0.4870557475830838,1.0466236513351004,0.2095055648673665,2.0,3.6,3.5,1.0634920634920635,0.4701492537313433,0.2611940298507463,0.26865671641791045,2.0,0.4870557475830838,-0.025888504833832426,0.0,1,0,-1.0,-22.42
2013,38,2014-05-18,valladolid,granada,2013|2014-05-18|valladolid|granada,2013|2014-05-18|valladolid|granada,A,H,0.4959159753753115,0.2697490662845009,0.23433495834018758,0.4959159753753115,1.0412732187496798,0.2261669090908106,2.1,3.3,3.5,1.064935064935065,0.4471544715447154,0.2845528455284553,0.26829268292682923,2.1,0.4959159753753115,0.0414235482881542,0.03765777117104927,1,0,-1.0,-23.42
2013,38,2014-05-18,vallecano,getafe,2013|2014-05-18|vallecano|getafe,2013|2014-05-18|vallecano|getafe,A,A,0.23671397011945922,0.3066845661780425,0.45660146370249816,0.45660146370249816,1.0615133274863344,0.14991689752445564,4.0,3.1,2.05,1.0603855232100707,0.23576330921906882,0.30421072157299206,0.46002596920793926,2.05,0.45660146370249816,-0.06396699940987882,0.0,1,1,1.0499999999999998,-22.37
