{
  "generated_at": "2025-10-21 09:43:57",
  "model": "market_argmax(pimp1,pimpx,pimp2)",
  "overall": {
    "n_scored_total": 5790,
    "n_bets_total": 5790,
    "accuracy_overall": 0.5447322970639032,
    "logloss_overall": 1.45907313081509,
    "brier_overall": 0.5660749776555022,
    "roi_overall": -0.03283246977547495,
    "hit_rate_overall": 0.5447322970639032,
    "avg_overround_overall": 1.0567148786373652,
    "avg_conf_overall": 0.5306873999594349,
    "avg_entropy_overall": 0.9728267854829783,
    "avg_margin_overall": 0.27088594786085946
  }
}