{
  "generated_at": "2025-10-29 10:54:42",
  "model": "market_argmax(pimp1,pimpx,pimp2)",
  "overall": {
    "n_scored_total": 5800,
    "n_bets_total": 5800,
    "accuracy_overall": 0.5448275862068965,
    "logloss_overall": 1.4586107647318725,
    "brier_overall": 0.5661644083309063,
    "roi_overall": -0.03233620689655173,
    "hit_rate_overall": 0.5448275862068965,
    "avg_overround_overall": 1.0567250795438679,
    "avg_conf_overall": 0.5305750530121629,
    "avg_entropy_overall": 0.9729657899745296,
    "avg_margin_overall": 0.27072332368290364
  }
}