{
  "generated_at": "2025-11-06 18:56:07",
  "model": "market_argmax(pimp1,pimpx,pimp2)",
  "overall": {
    "n_scored_total": 5810,
    "n_bets_total": 5810,
    "accuracy_overall": 0.5454388984509466,
    "logloss_overall": 1.4589204202155204,
    "brier_overall": 0.5658336909538839,
    "roi_overall": -0.031146299483648884,
    "hit_rate_overall": 0.5454388984509466,
    "avg_overround_overall": 1.0567541242749439,
    "avg_conf_overall": 0.5305843678726062,
    "avg_entropy_overall": 0.9729343059844573,
    "avg_margin_overall": 0.2707400010029597
  }
}