{
  "generated_at": "2026-02-02 11:37:32",
  "model": "market_argmax(pimp1,pimpx,pimp2)",
  "overall": {
    "n_scored_total": 5918,
    "n_bets_total": 5918,
    "accuracy_overall": 0.54579249746536,
    "logloss_overall": 1.4580005115606895,
    "brier_overall": 0.5657377246629345,
    "roi_overall": -0.029378168300101388,
    "hit_rate_overall": 0.54579249746536,
    "avg_overround_overall": 1.05665292477806,
    "avg_conf_overall": 0.5300891306188175,
    "avg_entropy_overall": 0.9733888323690634,
    "avg_margin_overall": 0.27002549014750776
  }
}