{
  "generated_at": "2025-10-19 13:01:54",
  "model": "market_argmax(pimp1,pimpx,pimp2)",
  "overall": {
    "n_scored_total": 5780,
    "n_bets_total": 5780,
    "accuracy_overall": 0.5448096885813148,
    "logloss_overall": 1.4590085994742308,
    "brier_overall": 0.5660837007269852,
    "roi_overall": -0.032716262975778544,
    "hit_rate_overall": 0.5448096885813148,
    "avg_overround_overall": 1.05673224320111,
    "avg_conf_overall": 0.5307104274643374,
    "avg_entropy_overall": 0.9728131942862404,
    "avg_margin_overall": 0.2709199590018867
  }
}