{
  "generated_at": "2026-01-30 11:52:20",
  "model": "market_argmax(pimp1,pimpx,pimp2)",
  "overall": {
    "n_scored_total": 5909,
    "n_bets_total": 5909,
    "accuracy_overall": 0.5459468607209341,
    "logloss_overall": 1.4580283247145873,
    "brier_overall": 0.5657007310454384,
    "roi_overall": -0.02911152479268912,
    "hit_rate_overall": 0.5459468607209341,
    "avg_overround_overall": 1.0566439935878766,
    "avg_conf_overall": 0.5301308536032736,
    "avg_entropy_overall": 0.9733654500865901,
    "avg_margin_overall": 0.2700888777962128
  }
}