{
  "generated_at": "2026-01-06 19:45:23",
  "model": "market_argmax(pimp1,pimpx,pimp2)",
  "overall": {
    "n_scored_total": 5881,
    "n_bets_total": 5881,
    "accuracy_overall": 0.545825539874171,
    "logloss_overall": 1.4583751520088453,
    "brier_overall": 0.5657631227993307,
    "roi_overall": -0.029775548376126507,
    "hit_rate_overall": 0.545825539874171,
    "avg_overround_overall": 1.056741318224411,
    "avg_conf_overall": 0.530305397301014,
    "avg_entropy_overall": 0.9732414758072288,
    "avg_margin_overall": 0.2703445023865527
  }
}